                  0.0000000000                   0.0000000000                   0.0000000000 
                  0.0000000000                   0.5000000000                   0.0000000000 
                  0.0000000000                   1.0000000000                   0.0000000000 
                  0.0000000000                   1.5000000000                   0.0000000000 
                  0.0000000000                   2.0000000000                   0.0000000000 
                  0.0000000000                   2.5000000000                   0.0000000000 
                  0.0000000000                   3.0000000000                   0.0000000000 
                  0.0000000000                   3.5000000000                   0.0000000000 
                  0.0000000000                   4.0000000000                   0.0000000000 
                  0.0000000000                   4.5000000000                   0.0000000000 
                  0.0000000000                   5.0000000000                   0.0000000000 
                  0.0000000000                   5.5000000000                   0.0000000000 
                  0.0000000000                   6.0000000000                   0.0000000000 
                  0.0000000000                   6.5000000000                   0.0000000000 
                  0.0000000000                   7.0000000000                   0.0000000000 
                  0.0000000000                   7.5000000000                   0.0000000000 
                  0.0000000000                   8.0000000000                   0.0000000000 
                  0.0000000000                   8.5000000000                   0.0000000000 
                  0.0000000000                   9.0000000000                   0.0000000000 
                  0.0000000000                   9.5000000000                   0.0000000000 
                  0.0000000000                  10.0000000000                   0.0000000000 
                  0.0000000000                  10.5000000000                   0.0000000000 
                  0.0000000000                  11.0000000000                   0.0000000000 
                  0.0000000000                  11.5000000000                   0.0000000000 
                  0.0000000000                  12.0000000000                   0.0000000000 
                  0.0000000000                  12.5000000000                   0.0000000000 
                  0.0000000000                  13.0000000000                   0.0000000000 
                  0.0000000000                  13.5000000000                   0.0000000000 
                  0.0000000000                  14.0000000000                   0.0000000000 
                  0.0000000000                  14.5000000000                   0.0000000000 
                  0.0000000000                  15.0000000000                   0.0000000000 
                  0.0000000000                  15.5000000000                   0.0000000000 
                  0.0000000000                  16.0000000000                   0.0000000000 
                  0.0000000000                  16.5000000000                   0.0000000000 
                  0.0000000000                  17.0000000000                   0.0000000000 
                  0.0000000000                  17.5000000000                   0.0000000000 
                  0.0000000000                  18.0000000000                   0.0000000000 
                  0.0000000000                  18.5000000000                   0.0000000000 
                  0.0000000000                  19.0000000000                   0.0000000000 
                  0.0000000000                  19.5000000000                   0.0000000000 
                  0.0000000000                  20.0000000000                   0.0000000000 
                  0.0000000000                  20.5000000000                   0.0000000000 
                  0.0000000000                  21.0000000000                   0.0000000000 
                  0.0000000000                  21.5000000000                   0.0000000000 
                  0.0000000000                  22.0000000000                   0.0000000000 
                  0.0000000000                  22.5000000000                   0.0000000000 
                  0.0000000000                  23.0000000000                   0.0000000000 
                  0.0000000000                  23.5000000000                   0.0000000000 
                  0.0000000000                  24.0000000000                   0.0000000000 
                  0.0000000000                  24.5000000000                   0.0000000000 
                  0.0000000000                  25.0000000000                   0.0000000000 
                  0.0000000000                  25.5000000000                   0.0000000000 
                  0.0000000000                  26.0000000000                   0.0000000000 
                  0.0000000000                  26.5000000000                   0.0000000000 
                  0.0000000000                  27.0000000000                   0.0000000000 
                  0.0000000000                  27.5000000000                   0.0000000000 
                  0.0000000000                  28.0000000000                   0.0000000000 
                  0.0000000000                  28.5000000000                   0.0000000000 
                  0.0000000000                  29.0000000000                   0.0000000000 
                  0.0000000000                  29.5000000000                   0.0000000000 
                  0.0000000000                  30.0000000000                   0.0000000000 
                  0.0000000000                  30.5000000000                   0.0000000000 
                  0.0000000000                  31.0000000000                   0.0000000000 
                  0.0000000000                  31.5000000000                   0.0000000000 
                  0.0000000000                  32.0000000000                   0.0000000000 
                  0.0000000000                  32.5000000000                   0.0000000000 
                  0.0000000000                  33.0000000000                   0.0000000000 
                  0.0000000000                  33.5000000000                   0.0000000000 
                  0.0000000000                  34.0000000000                   0.0000000000 
                  0.0000000000                  34.5000000000                   0.0000000000 
                  0.0000000000                  35.0000000000                   0.0000000000 
                  0.0000000000                  35.5000000000                   0.0000000000 
                  0.0000000000                  36.0000000000                   0.0000000000 
                  0.0000000000                  36.5000000000                   0.0000000000 
                  0.0000000000                  37.0000000000                   0.0000000000 
                  0.0000000000                  37.5000000000                   0.0000000000 
                  0.0000000000                  38.0000000000                   0.0000000000 
                  0.0000000000                  38.5000000000                   0.0000000000 
                  0.0000000000                  39.0000000000                   0.0000000000 
                  0.0000000000                  39.5000000000                   0.0000000000 
                  0.0000000000                  40.0000000000                   0.0000000000 
                  0.0000000000                  40.5000000000                   0.0000000000 
                  0.0000000000                  41.0000000000                   0.0000000000 
                  0.0000000000                  41.5000000000                   0.0000000000 
                  0.0000000000                  42.0000000000                   0.0000000000 
                  0.0000000000                  42.5000000000                   0.0000000000 
                  0.0000000000                  43.0000000000                   0.0000000000 
                  0.0000000000                  43.5000000000                   0.0000000000 
                  0.0000000000                  44.0000000000                   0.0000000000 
                  0.0000000000                  44.5000000000                   0.0000000000 
                  0.0000000000                  45.0000000000                   0.0000000000 
                  0.0000000000                  45.5000000000                   0.0000000000 
                  0.0000000000                  46.0000000000                   0.0000000000 
                  0.0000000000                  46.5000000000                   0.0000000000 
                  0.0000000000                  47.0000000000                   0.0000000000 
                  0.0000000000                  47.5000000000                   0.0000000000 
                  0.0000000000                  48.0000000000                   0.0000000000 
                  0.0000000000                  48.5000000000                   0.0000000000 
                  0.0000000000                  49.0000000000                   0.0000000000 
                  0.0000000000                  49.5000000000                   0.0000000000 
                  0.0000000000                  50.0000000000                   0.0000000000 
                  0.5000000000                   0.0000000000                   0.0000000000 
                  0.5000000000                   0.5000000000                 153.2521412740 
                  0.5000000000                   1.0000000000                 323.9042952322 
                  0.5000000000                   1.5000000000                 549.0052310909 
                  0.5000000000                   2.0000000000                 942.0991259246 
                  0.5000000000                   2.5000000000                1437.6590303021 
                  0.5000000000                   3.0000000000                1867.0129220097 
                  0.5000000000                   3.5000000000                2263.6047616874 
                  0.5000000000                   4.0000000000                2443.2860649608 
                  0.5000000000                   4.5000000000                2365.0162171385 
                  0.5000000000                   5.0000000000                2369.7247514369 
                  0.5000000000                   5.5000000000                2491.0897021098 
                  0.5000000000                   6.0000000000                2606.7301721571 
                  0.5000000000                   6.5000000000                2707.3242415570 
                  0.5000000000                   7.0000000000                2740.4015684591 
                  0.5000000000                   7.5000000000                2672.6354005889 
                  0.5000000000                   8.0000000000                2224.9124166818 
                  0.5000000000                   8.5000000000                1485.4232156529 
                  0.5000000000                   9.0000000000                1336.5094184915 
                  0.5000000000                   9.5000000000                1823.7127629974 
                  0.5000000000                  10.0000000000                2510.0738089977 
                  0.5000000000                  10.5000000000                3397.1933359034 
                  0.5000000000                  11.0000000000                4290.5010282945 
                  0.5000000000                  11.5000000000                5121.9635248538 
                  0.5000000000                  12.0000000000                6018.6936207347 
                  0.5000000000                  12.5000000000                7072.0604746129 
                  0.5000000000                  13.0000000000                8195.4404868605 
                  0.5000000000                  13.5000000000                9273.0802670609 
                  0.5000000000                  14.0000000000               10342.2399665478 
                  0.5000000000                  14.5000000000               11338.5253446799 
                  0.5000000000                  15.0000000000               12222.6570508763 
                  0.5000000000                  15.5000000000               13017.7558990632 
                  0.5000000000                  16.0000000000               13688.0202030064 
                  0.5000000000                  16.5000000000               14111.3588173306 
                  0.5000000000                  17.0000000000               14266.2747625824 
                  0.5000000000                  17.5000000000               14249.6517761742 
                  0.5000000000                  18.0000000000               14043.7599826108 
                  0.5000000000                  18.5000000000               13503.3835330214 
                  0.5000000000                  19.0000000000               12766.2499666599 
                  0.5000000000                  19.5000000000               12232.9764531537 
                  0.5000000000                  20.0000000000               11935.1961485608 
                  0.5000000000                  20.5000000000               11761.5564415247 
                  0.5000000000                  21.0000000000               11691.9622506305 
                  0.5000000000                  21.5000000000               11615.7197579983 
                  0.5000000000                  22.0000000000               11499.6754067141 
                  0.5000000000                  22.5000000000               11392.1964483254 
                  0.5000000000                  23.0000000000               11337.4938168629 
                  0.5000000000                  23.5000000000               11349.2795060890 
                  0.5000000000                  24.0000000000               11396.5872390643 
                  0.5000000000                  24.5000000000               11451.3259740554 
                  0.5000000000                  25.0000000000               11455.6459847071 
                  0.5000000000                  25.5000000000               11437.2600198903 
                  0.5000000000                  26.0000000000               11446.3813421980 
                  0.5000000000                  26.5000000000               11449.4494194341 
                  0.5000000000                  27.0000000000               11420.7493931730 
                  0.5000000000                  27.5000000000               11302.3166293013 
                  0.5000000000                  28.0000000000               11035.6205212141 
                  0.5000000000                  28.5000000000               10610.9318304655 
                  0.5000000000                  29.0000000000                9903.8353342802 
                  0.5000000000                  29.5000000000                9072.9983663861 
                  0.5000000000                  30.0000000000                8485.3430706746 
                  0.5000000000                  30.5000000000                8128.5346255180 
                  0.5000000000                  31.0000000000                7993.4475985358 
                  0.5000000000                  31.5000000000                8062.0696932348 
                  0.5000000000                  32.0000000000                8097.5594772382 
                  0.5000000000                  32.5000000000                8029.4868224747 
                  0.5000000000                  33.0000000000                7884.1679104176 
                  0.5000000000                  33.5000000000                7593.9858217057 
                  0.5000000000                  34.0000000000                7201.9077914666 
                  0.5000000000                  34.5000000000                6789.8646684243 
                  0.5000000000                  35.0000000000                6387.4771759187 
                  0.5000000000                  35.5000000000                6037.3547213177 
                  0.5000000000                  36.0000000000                5734.7075872744 
                  0.5000000000                  36.5000000000                5449.9155648486 
                  0.5000000000                  37.0000000000                5168.0035394525 
                  0.5000000000                  37.5000000000                4851.3233697041 
                  0.5000000000                  38.0000000000                4476.1357949692 
                  0.5000000000                  38.5000000000                4046.1325684878 
                  0.5000000000                  39.0000000000                3567.3964657302 
                  0.5000000000                  39.5000000000                3055.2201623832 
                  0.5000000000                  40.0000000000                2589.1150062705 
                  0.5000000000                  40.5000000000                2218.0196045423 
                  0.5000000000                  41.0000000000                1906.8589495587 
                  0.5000000000                  41.5000000000                1543.4501125618 
                  0.5000000000                  42.0000000000                1183.3848692299 
                  0.5000000000                  42.5000000000                1003.9008651393 
                  0.5000000000                  43.0000000000                 960.3331173610 
                  0.5000000000                  43.5000000000                1044.4366466803 
                  0.5000000000                  44.0000000000                1224.4943086962 
                  0.5000000000                  44.5000000000                1322.5659638962 
                  0.5000000000                  45.0000000000                1317.8072321064 
                  0.5000000000                  45.5000000000                1226.6600159617 
                  0.5000000000                  46.0000000000                1018.6689099221 
                  0.5000000000                  46.5000000000                 811.1703687661 
                  0.5000000000                  47.0000000000                 653.4785339827 
                  0.5000000000                  47.5000000000                 517.0456784609 
                  0.5000000000                  48.0000000000                 438.0789419094 
                  0.5000000000                  48.5000000000                 355.8532183204 
                  0.5000000000                  49.0000000000                 235.8946122595 
                  0.5000000000                  49.5000000000                 118.3070420345 
                  0.5000000000                  50.0000000000                   0.0000000000 
                  1.0000000000                   0.0000000000                   0.0000000000 
                  1.0000000000                   0.5000000000                 293.8773793544 
                  1.0000000000                   1.0000000000                 628.6112275083 
                  1.0000000000                   1.5000000000                1058.0347064720 
                  1.0000000000                   2.0000000000                1688.2075491105 
                  1.0000000000                   2.5000000000                2439.7300765385 
                  1.0000000000                   3.0000000000                3131.4913895335 
                  1.0000000000                   3.5000000000                3746.8578080268 
                  1.0000000000                   4.0000000000                4127.2729643672 
                  1.0000000000                   4.5000000000                4261.1083676865 
                  1.0000000000                   5.0000000000                4427.2348119222 
                  1.0000000000                   5.5000000000                4666.2208553067 
                  1.0000000000                   6.0000000000                4871.7286603509 
                  1.0000000000                   6.5000000000                5010.2380672814 
                  1.0000000000                   7.0000000000                5035.4474918766 
                  1.0000000000                   7.5000000000                4888.4218717210 
                  1.0000000000                   8.0000000000                4319.7440335672 
                  1.0000000000                   8.5000000000                3533.5325222230 
                  1.0000000000                   9.0000000000                3467.1067438610 
                  1.0000000000                   9.5000000000                4213.8051386166 
                  1.0000000000                  10.0000000000                5333.0738162685 
                  1.0000000000                  10.5000000000                6743.3049945633 
                  1.0000000000                  11.0000000000                8225.8358840217 
                  1.0000000000                  11.5000000000                9699.8899186855 
                  1.0000000000                  12.0000000000               11290.1157444960 
                  1.0000000000                  12.5000000000               13090.0115922636 
                  1.0000000000                  13.0000000000               15008.9165669807 
                  1.0000000000                  13.5000000000               16920.2865982057 
                  1.0000000000                  14.0000000000               18829.1196236861 
                  1.0000000000                  14.5000000000               20666.7559603715 
                  1.0000000000                  15.0000000000               22373.2540864453 
                  1.0000000000                  15.5000000000               23933.4481166798 
                  1.0000000000                  16.0000000000               25288.1303313728 
                  1.0000000000                  16.5000000000               26288.0691266723 
                  1.0000000000                  17.0000000000               26880.1026611317 
                  1.0000000000                  17.5000000000               27141.5412814085 
                  1.0000000000                  18.0000000000               27036.7582794843 
                  1.0000000000                  18.5000000000               26362.9963051045 
                  1.0000000000                  19.0000000000               25292.6846608919 
                  1.0000000000                  19.5000000000               24426.3435081004 
                  1.0000000000                  20.0000000000               23894.0557547441 
                  1.0000000000                  20.5000000000               23555.0555166083 
                  1.0000000000                  21.0000000000               23366.6938627948 
                  1.0000000000                  21.5000000000               23181.5155542671 
                  1.0000000000                  22.0000000000               22946.8456447290 
                  1.0000000000                  22.5000000000               22716.8841998708 
                  1.0000000000                  23.0000000000               22547.1994369011 
                  1.0000000000                  23.5000000000               22476.0715723048 
                  1.0000000000                  24.0000000000               22477.2448447738 
                  1.0000000000                  24.5000000000               22498.4592033790 
                  1.0000000000                  25.0000000000               22473.5000045911 
                  1.0000000000                  25.5000000000               22427.2570672564 
                  1.0000000000                  26.0000000000               22407.4927588490 
                  1.0000000000                  26.5000000000               22372.8779534312 
                  1.0000000000                  27.0000000000               22280.2328208460 
                  1.0000000000                  27.5000000000               22035.8265892723 
                  1.0000000000                  28.0000000000               21541.9489238710 
                  1.0000000000                  28.5000000000               20767.1684128268 
                  1.0000000000                  29.0000000000               19590.7722099819 
                  1.0000000000                  29.5000000000               18243.7927709683 
                  1.0000000000                  30.0000000000               17195.7942119562 
                  1.0000000000                  30.5000000000               16483.3409826962 
                  1.0000000000                  31.0000000000               16078.2110110165 
                  1.0000000000                  31.5000000000               15919.9258377426 
                  1.0000000000                  32.0000000000               15738.8330658595 
                  1.0000000000                  32.5000000000               15430.5205936587 
                  1.0000000000                  33.0000000000               15026.2457356984 
                  1.0000000000                  33.5000000000               14487.3198876389 
                  1.0000000000                  34.0000000000               13818.2863679092 
                  1.0000000000                  34.5000000000               13090.6384062111 
                  1.0000000000                  35.0000000000               12369.9716625331 
                  1.0000000000                  35.5000000000               11705.9993676705 
                  1.0000000000                  36.0000000000               11119.2649673511 
                  1.0000000000                  36.5000000000               10586.7223091636 
                  1.0000000000                  37.0000000000               10069.1244089988 
                  1.0000000000                  37.5000000000                9516.8284996985 
                  1.0000000000                  38.0000000000                8864.5412037975 
                  1.0000000000                  38.5000000000                8080.1729238624 
                  1.0000000000                  39.0000000000                7176.9479442920 
                  1.0000000000                  39.5000000000                6159.1055387080 
                  1.0000000000                  40.0000000000                5198.6620799596 
                  1.0000000000                  40.5000000000                4450.9014962816 
                  1.0000000000                  41.0000000000                3849.4628174512 
                  1.0000000000                  41.5000000000                3272.3720482254 
                  1.0000000000                  42.0000000000                2758.3350258780 
                  1.0000000000                  42.5000000000                2453.0430736219 
                  1.0000000000                  43.0000000000                2333.3119190220 
                  1.0000000000                  43.5000000000                2378.9792927870 
                  1.0000000000                  44.0000000000                2529.8900083808 
                  1.0000000000                  44.5000000000                2607.2751205643 
                  1.0000000000                  45.0000000000                2566.4095712073 
                  1.0000000000                  45.5000000000                2434.2593019197 
                  1.0000000000                  46.0000000000                2201.4549902681 
                  1.0000000000                  46.5000000000                1912.6247957213 
                  1.0000000000                  47.0000000000                1607.1119867393 
                  1.0000000000                  47.5000000000                1297.5061589230 
                  1.0000000000                  48.0000000000                1010.2258465740 
                  1.0000000000                  48.5000000000                 737.3341685974 
                  1.0000000000                  49.0000000000                 469.8002026735 
                  1.0000000000                  49.5000000000                 222.4536682683 
                  1.0000000000                  50.0000000000                   0.0000000000 
                  1.5000000000                   0.0000000000                   0.0000000000 
                  1.5000000000                   0.5000000000                 419.0805401728 
                  1.5000000000                   1.0000000000                 901.9635183002 
                  1.5000000000                   1.5000000000                1494.8634951913 
                  1.5000000000                   2.0000000000                2268.3500177929 
                  1.5000000000                   2.5000000000                3154.1957040806 
                  1.5000000000                   3.0000000000                4007.2384741703 
                  1.5000000000                   3.5000000000                4791.0309999132 
                  1.5000000000                   4.0000000000                5409.8493208201 
                  1.5000000000                   4.5000000000                5851.5554618117 
                  1.5000000000                   5.0000000000                6255.5375578626 
                  1.5000000000                   5.5000000000                6645.5503238682 
                  1.5000000000                   6.0000000000                6949.5304703557 
                  1.5000000000                   6.5000000000                7133.1105247294 
                  1.5000000000                   7.0000000000                7171.5642167477 
                  1.5000000000                   7.5000000000                7018.7340152202 
                  1.5000000000                   8.0000000000                6490.2090470628 
                  1.5000000000                   8.5000000000                5833.3476155296 
                  1.5000000000                   9.0000000000                5916.7713971240 
                  1.5000000000                   9.5000000000                6850.5415524102 
                  1.5000000000                  10.0000000000                8243.3515253865 
                  1.5000000000                  10.5000000000                9987.4240156902 
                  1.5000000000                  11.0000000000               11866.8486248289 
                  1.5000000000                  11.5000000000               13801.7116882852 
                  1.5000000000                  12.0000000000               15902.0605482705 
                  1.5000000000                  12.5000000000               18254.3500242626 
                  1.5000000000                  13.0000000000               20781.1859467819 
                  1.5000000000                  13.5000000000               23364.5646644404 
                  1.5000000000                  14.0000000000               25987.3753183340 
                  1.5000000000                  14.5000000000               28569.3276558624 
                  1.5000000000                  15.0000000000               31028.4779114294 
                  1.5000000000                  15.5000000000               33316.3641922938 
                  1.5000000000                  16.0000000000               35363.4106363823 
                  1.5000000000                  16.5000000000               37016.0550318492 
                  1.5000000000                  17.0000000000               38190.8878528567 
                  1.5000000000                  17.5000000000               38922.0464844832 
                  1.5000000000                  18.0000000000               39150.1362498352 
                  1.5000000000                  18.5000000000               38620.8536770314 
                  1.5000000000                  19.0000000000               37487.9041597223 
                  1.5000000000                  19.5000000000               36472.8968078011 
                  1.5000000000                  20.0000000000               35794.9220341403 
                  1.5000000000                  20.5000000000               35318.0441564265 
                  1.5000000000                  21.0000000000               35005.4584065730 
                  1.5000000000                  21.5000000000               34696.6771683515 
                  1.5000000000                  22.0000000000               34328.1774548973 
                  1.5000000000                  22.5000000000               33949.3079117518 
                  1.5000000000                  23.0000000000               33617.1184452736 
                  1.5000000000                  23.5000000000               33400.2354469653 
                  1.5000000000                  24.0000000000               33289.4788974200 
                  1.5000000000                  24.5000000000               33221.2207645318 
                  1.5000000000                  25.0000000000               33129.8083336798 
                  1.5000000000                  25.5000000000               33033.7049533574 
                  1.5000000000                  26.0000000000               32968.6154292305 
                  1.5000000000                  26.5000000000               32883.7134456166 
                  1.5000000000                  27.0000000000               32724.1263234279 
                  1.5000000000                  27.5000000000               32370.0369420220 
                  1.5000000000                  28.0000000000               31694.2419909098 
                  1.5000000000                  28.5000000000               30658.1544769357 
                  1.5000000000                  29.0000000000               29154.8901947297 
                  1.5000000000                  29.5000000000               27442.4615705363 
                  1.5000000000                  30.0000000000               26023.4691891001 
                  1.5000000000                  30.5000000000               24959.4310173158 
                  1.5000000000                  31.0000000000               24203.5132938667 
                  1.5000000000                  31.5000000000               23673.2158370861 
                  1.5000000000                  32.0000000000               23111.9008907327 
                  1.5000000000                  32.5000000000               22420.6236207345 
                  1.5000000000                  33.0000000000               21661.6484261493 
                  1.5000000000                  33.5000000000               20836.5000863137 
                  1.5000000000                  34.0000000000               19904.7916548870 
                  1.5000000000                  34.5000000000               18904.5005429448 
                  1.5000000000                  35.0000000000               17912.3444958298 
                  1.5000000000                  35.5000000000               16976.9485128512 
                  1.5000000000                  36.0000000000               16149.3496898416 
                  1.5000000000                  36.5000000000               15419.7362696952 
                  1.5000000000                  37.0000000000               14726.1077942499 
                  1.5000000000                  37.5000000000               14005.3402223667 
                  1.5000000000                  38.0000000000               13145.2697045497 
                  1.5000000000                  38.5000000000               12068.3207816911 
                  1.5000000000                  39.0000000000               10787.0432841986 
                  1.5000000000                  39.5000000000                9282.0692435428 
                  1.5000000000                  40.0000000000                7833.7648884789 
                  1.5000000000                  40.5000000000                6731.7293352125 
                  1.5000000000                  41.0000000000                5888.4760836811 
                  1.5000000000                  41.5000000000                5177.3333571953 
                  1.5000000000                  42.0000000000                4591.7555548103 
                  1.5000000000                  42.5000000000                4204.4980006755 
                  1.5000000000                  43.0000000000                3999.6639831465 
                  1.5000000000                  43.5000000000                3950.4695578556 
                  1.5000000000                  44.0000000000                3991.4265236250 
                  1.5000000000                  44.5000000000                3979.6705921844 
                  1.5000000000                  45.0000000000                3867.1004890852 
                  1.5000000000                  45.5000000000                3695.2371014343 
                  1.5000000000                  46.0000000000                3469.4130386556 
                  1.5000000000                  46.5000000000                3139.9388031247 
                  1.5000000000                  47.0000000000                2710.6216998911 
                  1.5000000000                  47.5000000000                2219.9817097773 
                  1.5000000000                  48.0000000000                1679.4067713773 
                  1.5000000000                  48.5000000000                1167.2622083553 
                  1.5000000000                  49.0000000000                 726.4176375740 
                  1.5000000000                  49.5000000000                 334.3104309762 
                  1.5000000000                  50.0000000000                   0.0000000000 
                  2.0000000000                   0.0000000000                   0.0000000000 
                  2.0000000000                   0.5000000000                 544.0238285667 
                  2.0000000000                   1.0000000000                1180.7023945003 
                  2.0000000000                   1.5000000000                1934.1819394664 
                  2.0000000000                   2.0000000000                2821.9540264180 
                  2.0000000000                   2.5000000000                3798.8980843681 
                  2.0000000000                   3.0000000000                4783.4333290215 
                  2.0000000000                   3.5000000000                5726.5506120485 
                  2.0000000000                   4.0000000000                6587.2796357615 
                  2.0000000000                   4.5000000000                7339.0100406480 
                  2.0000000000                   5.0000000000                7991.9727292857 
                  2.0000000000                   5.5000000000                8554.6521104276 
                  2.0000000000                   6.0000000000                8985.4652678238 
                  2.0000000000                   6.5000000000                9248.3866216600 
                  2.0000000000                   7.0000000000                9333.9307713311 
                  2.0000000000                   7.5000000000                9217.1391939963 
                  2.0000000000                   8.0000000000                8767.8538914447 
                  2.0000000000                   8.5000000000                8253.8329791275 
                  2.0000000000                   9.0000000000                8471.3687911060 
                  2.0000000000                   9.5000000000                9536.2044522725 
                  2.0000000000                  10.0000000000               11104.2878941980 
                  2.0000000000                  10.5000000000               13059.3154533147 
                  2.0000000000                  11.0000000000               15196.0337178938 
                  2.0000000000                  11.5000000000               17440.6723722269 
                  2.0000000000                  12.0000000000               19894.7776168026 
                  2.0000000000                  12.5000000000               22650.4348295512 
                  2.0000000000                  13.0000000000               25666.4048120435 
                  2.0000000000                  13.5000000000               28838.7985359996 
                  2.0000000000                  14.0000000000               32124.6530864675 
                  2.0000000000                  14.5000000000               35420.2255399884 
                  2.0000000000                  15.0000000000               38593.3259053625 
                  2.0000000000                  15.5000000000               41573.9029645296 
                  2.0000000000                  16.0000000000               44317.9100797778 
                  2.0000000000                  16.5000000000               46687.2005242524 
                  2.0000000000                  17.0000000000               48547.0172142565 
                  2.0000000000                  17.5000000000               49870.5888411181 
                  2.0000000000                  18.0000000000               50595.4119765700 
                  2.0000000000                  18.5000000000               50424.5982262026 
                  2.0000000000                  19.0000000000               49439.5832195125 
                  2.0000000000                  19.5000000000               48412.1714142143 
                  2.0000000000                  20.0000000000               47650.8914165692 
                  2.0000000000                  20.5000000000               47048.2681064270 
                  2.0000000000                  21.0000000000               46600.8082254693 
                  2.0000000000                  21.5000000000               46157.0794832555 
                  2.0000000000                  22.0000000000               45637.5692349481 
                  2.0000000000                  22.5000000000               45076.6336345751 
                  2.0000000000                  23.0000000000               44533.4665531743 
                  2.0000000000                  23.5000000000               44117.8651401463 
                  2.0000000000                  24.0000000000               43843.4893011956 
                  2.0000000000                  24.5000000000               43635.8886603410 
                  2.0000000000                  25.0000000000               43439.5799536094 
                  2.0000000000                  25.5000000000               43277.5865406890 
                  2.0000000000                  26.0000000000               43168.3892618529 
                  2.0000000000                  26.5000000000               43042.7799700807 
                  2.0000000000                  27.0000000000               42834.1356654792 
                  2.0000000000                  27.5000000000               42399.7706399933 
                  2.0000000000                  28.0000000000               41590.1229310598 
                  2.0000000000                  28.5000000000               40364.0527063691 
                  2.0000000000                  29.0000000000               38627.1502642089 
                  2.0000000000                  29.5000000000               36641.9769268891 
                  2.0000000000                  30.0000000000               34913.2123334683 
                  2.0000000000                  30.5000000000               33518.9737287507 
                  2.0000000000                  31.0000000000               32396.1830066092 
                  2.0000000000                  31.5000000000               31412.7007936669 
                  2.0000000000                  32.0000000000               30327.3501346338 
                  2.0000000000                  32.5000000000               29098.3305134143 
                  2.0000000000                  33.0000000000               27844.7904951852 
                  2.0000000000                  33.5000000000               26637.3037244751 
                  2.0000000000                  34.0000000000               25416.7102284007 
                  2.0000000000                  34.5000000000               24165.1657469912 
                  2.0000000000                  35.0000000000               22935.8094932067 
                  2.0000000000                  35.5000000000               21769.5537457595 
                  2.0000000000                  36.0000000000               20762.2575614574 
                  2.0000000000                  36.5000000000               19913.7968973981 
                  2.0000000000                  37.0000000000               19122.1328140718 
                  2.0000000000                  37.5000000000               18305.7343725407 
                  2.0000000000                  38.0000000000               17297.3877047579 
                  2.0000000000                  38.5000000000               15975.6461505224 
                  2.0000000000                  39.0000000000               14362.8156369943 
                  2.0000000000                  39.5000000000               12412.0919698241 
                  2.0000000000                  40.0000000000               10511.3952847565 
                  2.0000000000                  40.5000000000                9091.7917882774 
                  2.0000000000                  41.0000000000                8045.3670374117 
                  2.0000000000                  41.5000000000                7237.4509780001 
                  2.0000000000                  42.0000000000                6616.0961140162 
                  2.0000000000                  42.5000000000                6176.9261580156 
                  2.0000000000                  43.0000000000                5902.4574084176 
                  2.0000000000                  43.5000000000                5763.2294845030 
                  2.0000000000                  44.0000000000                5682.1552099632 
                  2.0000000000                  44.5000000000                5542.8779234895 
                  2.0000000000                  45.0000000000                5307.0802507925 
                  2.0000000000                  45.5000000000                5032.0634061142 
                  2.0000000000                  46.0000000000                4747.3644549247 
                  2.0000000000                  46.5000000000                4348.9067966832 
                  2.0000000000                  47.0000000000                3806.6118061384 
                  2.0000000000                  47.5000000000                3163.5031983353 
                  2.0000000000                  48.0000000000                2403.2677359534 
                  2.0000000000                  48.5000000000                1666.5747666804 
                  2.0000000000                  49.0000000000                1043.5419061821 
                  2.0000000000                  49.5000000000                 483.4217574011 
                  2.0000000000                  50.0000000000                   0.0000000000 
                  2.5000000000                   0.0000000000                   0.0000000000 
                  2.5000000000                   0.5000000000                 675.4644449197 
                  2.5000000000                   1.0000000000                1478.0375967422 
                  2.5000000000                   1.5000000000                2406.2481216976 
                  2.5000000000                   2.0000000000                3443.0949319175 
                  2.5000000000                   2.5000000000                4550.2891725468 
                  2.5000000000                   3.0000000000                5680.1859479505 
                  2.5000000000                   3.5000000000                6789.7404363458 
                  2.5000000000                   4.0000000000                7861.0239409689 
                  2.5000000000                   4.5000000000                8859.4091761570 
                  2.5000000000                   5.0000000000                9738.4895320105 
                  2.5000000000                   5.5000000000               10489.9530958718 
                  2.5000000000                   6.0000000000               11092.0150883226 
                  2.5000000000                   6.5000000000               11504.7309315753 
                  2.5000000000                   7.0000000000               11701.9056227962 
                  2.5000000000                   7.5000000000               11673.6700225829 
                  2.5000000000                   8.0000000000               11325.4357467051 
                  2.5000000000                   8.5000000000               10924.4320678943 
                  2.5000000000                   9.0000000000               11236.1853347994 
                  2.5000000000                   9.5000000000               12390.3198036963 
                  2.5000000000                  10.0000000000               14070.7008760262 
                  2.5000000000                  10.5000000000               16162.8282953747 
                  2.5000000000                  11.0000000000               18468.5795913898 
                  2.5000000000                  11.5000000000               20920.1848701645 
                  2.5000000000                  12.0000000000               23617.3360571578 
                  2.5000000000                  12.5000000000               26663.7035259250 
                  2.5000000000                  13.0000000000               30069.4651103108 
                  2.5000000000                  13.5000000000               33739.6334851237 
                  2.5000000000                  14.0000000000               37585.4734293403 
                  2.5000000000                  14.5000000000               41475.5857930428 
                  2.5000000000                  15.0000000000               45233.4540059796 
                  2.5000000000                  15.5000000000               48778.0222667959 
                  2.5000000000                  16.0000000000               52098.6638837290 
                  2.5000000000                  16.5000000000               55091.6518844867 
                  2.5000000000                  17.0000000000               57600.3022853983 
                  2.5000000000                  17.5000000000               59543.7238260336 
                  2.5000000000                  18.0000000000               60856.9975309168 
                  2.5000000000                  18.5000000000               61226.4795728740 
                  2.5000000000                  19.0000000000               60636.0078748886 
                  2.5000000000                  19.5000000000               59820.2401896936 
                  2.5000000000                  20.0000000000               59146.8002479392 
                  2.5000000000                  20.5000000000               58544.3583436258 
                  2.5000000000                  21.0000000000               58048.7708691850 
                  2.5000000000                  21.5000000000               57541.2988644830 
                  2.5000000000                  22.0000000000               56931.8284100905 
                  2.5000000000                  22.5000000000               56228.5024140646 
                  2.5000000000                  23.0000000000               55489.4618650209 
                  2.5000000000                  23.5000000000               54878.4638862621 
                  2.5000000000                  24.0000000000               54439.7699233018 
                  2.5000000000                  24.5000000000               54084.2664470881 
                  2.5000000000                  25.0000000000               53765.8985091387 
                  2.5000000000                  25.5000000000               53526.6182837050 
                  2.5000000000                  26.0000000000               53376.2277775871 
                  2.5000000000                  26.5000000000               53219.6965762874 
                  2.5000000000                  27.0000000000               52978.7172160788 
                  2.5000000000                  27.5000000000               52488.1849849710 
                  2.5000000000                  28.0000000000               51578.6780237621 
                  2.5000000000                  28.5000000000               50208.5289011127 
                  2.5000000000                  29.0000000000               48291.3669148016 
                  2.5000000000                  29.5000000000               46082.2231145956 
                  2.5000000000                  30.0000000000               44079.9786681123 
                  2.5000000000                  30.5000000000               42381.1219239303 
                  2.5000000000                  31.0000000000               40938.1436311145 
                  2.5000000000                  31.5000000000               39554.6079607359 
                  2.5000000000                  32.0000000000               37934.4757678415 
                  2.5000000000                  32.5000000000               36098.3264801185 
                  2.5000000000                  33.0000000000               34233.9919799800 
                  2.5000000000                  33.5000000000               32503.2057977708 
                  2.5000000000                  34.0000000000               30917.1919096768 
                  2.5000000000                  34.5000000000               29403.7107050363 
                  2.5000000000                  35.0000000000               27921.2705685429 
                  2.5000000000                  35.5000000000               26495.6227642246 
                  2.5000000000                  36.0000000000               25316.9771440491 
                  2.5000000000                  36.5000000000               24375.7673111264 
                  2.5000000000                  37.0000000000               23485.1004314676 
                  2.5000000000                  37.5000000000               22563.6823693899 
                  2.5000000000                  38.0000000000               21385.1508561683 
                  2.5000000000                  38.5000000000               19789.8514632634 
                  2.5000000000                  39.0000000000               17836.4303496559 
                  2.5000000000                  39.5000000000               15469.9566116352 
                  2.5000000000                  40.0000000000               13170.8033455014 
                  2.5000000000                  40.5000000000               11474.9357980973 
                  2.5000000000                  41.0000000000               10250.4278836611 
                  2.5000000000                  41.5000000000                9348.1912223643 
                  2.5000000000                  42.0000000000                8683.0047540719 
                  2.5000000000                  42.5000000000                8198.8368806279 
                  2.5000000000                  43.0000000000                7870.0652437725 
                  2.5000000000                  43.5000000000                7680.3981537844 
                  2.5000000000                  44.0000000000                7535.1079393144 
                  2.5000000000                  44.5000000000                7284.8212722445 
                  2.5000000000                  45.0000000000                6898.1110236747 
                  2.5000000000                  45.5000000000                6442.1293314418 
                  2.5000000000                  46.0000000000                5961.8245842483 
                  2.5000000000                  46.5000000000                5395.8338343601 
                  2.5000000000                  47.0000000000                4716.1823054967 
                  2.5000000000                  47.5000000000                3948.2296857883 
                  2.5000000000                  48.0000000000                3074.8987425409 
                  2.5000000000                  48.5000000000                2206.4428603873 
                  2.5000000000                  49.0000000000                1421.7866371250 
                  2.5000000000                  49.5000000000                 684.3098693004 
                  2.5000000000                  50.0000000000                   0.0000000000 
                  3.0000000000                   0.0000000000                   0.0000000000 
                  3.0000000000                   0.5000000000                 802.1843388566 
                  3.0000000000                   1.0000000000                1765.7926561603 
                  3.0000000000                   1.5000000000                2871.5237181921 
                  3.0000000000                   2.0000000000                4093.6006659552 
                  3.0000000000                   2.5000000000                5382.7509196512 
                  3.0000000000                   3.0000000000                6687.2249016825 
                  3.0000000000                   3.5000000000                7977.9174899456 
                  3.0000000000                   4.0000000000                9243.1828623436 
                  3.0000000000                   4.5000000000               10446.2384073228 
                  3.0000000000                   5.0000000000               11532.6679325728 
                  3.0000000000                   5.5000000000               12486.6832015440 
                  3.0000000000                   6.0000000000               13302.7454037690 
                  3.0000000000                   6.5000000000               13941.5703698742 
                  3.0000000000                   7.0000000000               14342.5540327987 
                  3.0000000000                   7.5000000000               14492.7021131242 
                  3.0000000000                   8.0000000000               14314.4052274228 
                  3.0000000000                   8.5000000000               14049.3082605427 
                  3.0000000000                   9.0000000000               14445.3340589471 
                  3.0000000000                   9.5000000000               15665.8593813757 
                  3.0000000000                  10.0000000000               17423.1601250144 
                  3.0000000000                  10.5000000000               19611.2785570436 
                  3.0000000000                  11.0000000000               22038.5999657842 
                  3.0000000000                  11.5000000000               24639.2761051390 
                  3.0000000000                  12.0000000000               27511.5622790499 
                  3.0000000000                  12.5000000000               30765.1960342995 
                  3.0000000000                  13.0000000000               34453.2804295082 
                  3.0000000000                  13.5000000000               38478.4357570169 
                  3.0000000000                  14.0000000000               42692.3142228255 
                  3.0000000000                  14.5000000000               46947.0724268244 
                  3.0000000000                  15.0000000000               51069.7002186850 
                  3.0000000000                  15.5000000000               54977.6126089613 
                  3.0000000000                  16.0000000000               58667.6634067423 
                  3.0000000000                  16.5000000000               62073.8852780743 
                  3.0000000000                  17.0000000000               65074.6720782531 
                  3.0000000000                  17.5000000000               67569.9182080707 
                  3.0000000000                  18.0000000000               69475.2749292567 
                  3.0000000000                  18.5000000000               70485.3179637659 
                  3.0000000000                  19.0000000000               70511.6362019443 
                  3.0000000000                  19.5000000000               70186.5701960044 
                  3.0000000000                  20.0000000000               69872.4599052713 
                  3.0000000000                  20.5000000000               69521.0376635020 
                  3.0000000000                  21.0000000000               69187.1164227816 
                  3.0000000000                  21.5000000000               68794.2023179104 
                  3.0000000000                  22.0000000000               68259.5371701657 
                  3.0000000000                  22.5000000000               67560.5522478093 
                  3.0000000000                  23.0000000000               66740.0773293321 
                  3.0000000000                  23.5000000000               66016.3878200836 
                  3.0000000000                  24.0000000000               65475.2262763325 
                  3.0000000000                  24.5000000000               65013.7222634199 
                  3.0000000000                  25.0000000000               64588.4077224247 
                  3.0000000000                  25.5000000000               64265.9819893091 
                  3.0000000000                  26.0000000000               64066.0029896121 
                  3.0000000000                  26.5000000000               63873.5333145735 
                  3.0000000000                  27.0000000000               63601.3343394926 
                  3.0000000000                  27.5000000000               63064.0610026967 
                  3.0000000000                  28.0000000000               62072.1646735893 
                  3.0000000000                  28.5000000000               60581.3621427713 
                  3.0000000000                  29.0000000000               58508.1775303334 
                  3.0000000000                  29.5000000000               56089.9377162443 
                  3.0000000000                  30.0000000000               53819.4304152065 
                  3.0000000000                  30.5000000000               51829.4608170138 
                  3.0000000000                  31.0000000000               50134.9289161628 
                  3.0000000000                  31.5000000000               48512.4215758725 
                  3.0000000000                  32.0000000000               46536.0726223993 
                  3.0000000000                  32.5000000000               44208.1429480349 
                  3.0000000000                  33.0000000000               41751.5058062388 
                  3.0000000000                  33.5000000000               39426.7697709407 
                  3.0000000000                  34.0000000000               37439.0850692367 
                  3.0000000000                  34.5000000000               35684.1603961179 
                  3.0000000000                  35.0000000000               33934.8724106478 
                  3.0000000000                  35.5000000000               32143.8923350010 
                  3.0000000000                  36.0000000000               30653.1230989209 
                  3.0000000000                  36.5000000000               29476.5315400080 
                  3.0000000000                  37.0000000000               28298.0607299612 
                  3.0000000000                  37.5000000000               27083.8065918993 
                  3.0000000000                  38.0000000000               25575.1958819804 
                  3.0000000000                  38.5000000000               23581.5609074918 
                  3.0000000000                  39.0000000000               21218.2830650422 
                  3.0000000000                  39.5000000000               18435.4693382251 
                  3.0000000000                  40.0000000000               15780.4804969927 
                  3.0000000000                  40.5000000000               13841.7720997022 
                  3.0000000000                  41.0000000000               12448.1094941052 
                  3.0000000000                  41.5000000000               11433.7115415863 
                  3.0000000000                  42.0000000000               10692.7594740024 
                  3.0000000000                  42.5000000000               10143.5966665525 
                  3.0000000000                  43.0000000000                9757.5505654251 
                  3.0000000000                  43.5000000000                9539.9089846325 
                  3.0000000000                  44.0000000000                9382.2921307117 
                  3.0000000000                  44.5000000000                9065.8802396562 
                  3.0000000000                  45.0000000000                8541.6644750567 
                  3.0000000000                  45.5000000000                7870.0225634412 
                  3.0000000000                  46.0000000000                7099.0133908850 
                  3.0000000000                  46.5000000000                6276.4722911798 
                  3.0000000000                  47.0000000000                5421.0258905028 
                  3.0000000000                  47.5000000000                4536.5895721603 
                  3.0000000000                  48.0000000000                3622.4098475670 
                  3.0000000000                  48.5000000000                2702.5803427038 
                  3.0000000000                  49.0000000000                1797.1498949887 
                  3.0000000000                  49.5000000000                 898.4622851809 
                  3.0000000000                  50.0000000000                   0.0000000000 
                  3.5000000000                   0.0000000000                   0.0000000000 
                  3.5000000000                   0.5000000000                 928.3870680051 
                  3.5000000000                   1.0000000000                2053.2558296107 
                  3.5000000000                   1.5000000000                3343.2565902932 
                  3.5000000000                   2.0000000000                4766.2842566942 
                  3.5000000000                   2.5000000000                6259.1132483643 
                  3.5000000000                   3.0000000000                7758.4748747931 
                  3.5000000000                   3.5000000000                9240.9385211931 
                  3.5000000000                   4.0000000000               10698.9755450049 
                  3.5000000000                   4.5000000000               12096.9009105431 
                  3.5000000000                   5.0000000000               13382.2959237761 
                  3.5000000000                   5.5000000000               14542.0144907079 
                  3.5000000000                   6.0000000000               15590.0782757569 
                  3.5000000000                   6.5000000000               16494.3125722102 
                  3.5000000000                   7.0000000000               17166.6942393281 
                  3.5000000000                   7.5000000000               17583.2650307753 
                  3.5000000000                   8.0000000000               17665.7542306281 
                  3.5000000000                   8.5000000000               17607.2127678509 
                  3.5000000000                   9.0000000000               18119.6913932764 
                  3.5000000000                   9.5000000000               19405.4147234532 
                  3.5000000000                  10.0000000000               21220.2871846229 
                  3.5000000000                  10.5000000000               23475.6745315681 
                  3.5000000000                  11.0000000000               25987.7490199393 
                  3.5000000000                  11.5000000000               28689.7674241847 
                  3.5000000000                  12.0000000000               31671.9506041572 
                  3.5000000000                  12.5000000000               35049.5365055911 
                  3.5000000000                  13.0000000000               38916.6500214148 
                  3.5000000000                  13.5000000000               43159.0329547523 
                  3.5000000000                  14.0000000000               47574.5534074892 
                  3.5000000000                  14.5000000000               52019.9852745621 
                  3.5000000000                  15.0000000000               56343.2836014179 
                  3.5000000000                  15.5000000000               60468.9815242120 
                  3.5000000000                  16.0000000000               64397.7784953433 
                  3.5000000000                  16.5000000000               68093.6272331743 
                  3.5000000000                  17.0000000000               71470.8761069128 
                  3.5000000000                  17.5000000000               74432.5483334836 
                  3.5000000000                  18.0000000000               76887.8590769078 
                  3.5000000000                  18.5000000000               78550.4486123343 
                  3.5000000000                  19.0000000000               79287.8450638386 
                  3.5000000000                  19.5000000000               79612.4338024708 
                  3.5000000000                  20.0000000000               79842.8371679109 
                  3.5000000000                  20.5000000000               79939.9912421079 
                  3.5000000000                  21.0000000000               79963.7542400725 
                  3.5000000000                  21.5000000000               79874.5521469442 
                  3.5000000000                  22.0000000000               79600.3324631080 
                  3.5000000000                  22.5000000000               79082.5255131343 
                  3.5000000000                  23.0000000000               78331.8791992253 
                  3.5000000000                  23.5000000000               77610.8806811839 
                  3.5000000000                  24.0000000000               77046.7255794651 
                  3.5000000000                  24.5000000000               76526.6220931022 
                  3.5000000000                  25.0000000000               76013.6385092823 
                  3.5000000000                  25.5000000000               75607.2322805040 
                  3.5000000000                  26.0000000000               75347.9603051083 
                  3.5000000000                  26.5000000000               75108.8763943374 
                  3.5000000000                  27.0000000000               74800.3863910910 
                  3.5000000000                  27.5000000000               74220.6908998746 
                  3.5000000000                  28.0000000000               73161.2668231176 
                  3.5000000000                  28.5000000000               71571.8892841541 
                  3.5000000000                  29.0000000000               69361.2436289485 
                  3.5000000000                  29.5000000000               66736.3160870811 
                  3.5000000000                  30.0000000000               64180.6171588126 
                  3.5000000000                  30.5000000000               61886.6886536329 
                  3.5000000000                  31.0000000000               59985.2625748879 
                  3.5000000000                  31.5000000000               58273.1088391989 
                  3.5000000000                  32.0000000000               56177.6729188739 
                  3.5000000000                  32.5000000000               53611.7848006592 
                  3.5000000000                  33.0000000000               50704.8250056721 
                  3.5000000000                  33.5000000000               47805.9862401530 
                  3.5000000000                  34.0000000000               45498.1127237184 
                  3.5000000000                  34.5000000000               43652.8404719908 
                  3.5000000000                  35.0000000000               41623.2177069988 
                  3.5000000000                  35.5000000000               39369.7107976312 
                  3.5000000000                  36.0000000000               37522.7024504209 
                  3.5000000000                  36.5000000000               35886.1235977551 
                  3.5000000000                  37.0000000000               34017.4953419590 
                  3.5000000000                  37.5000000000               32135.0922794134 
                  3.5000000000                  38.0000000000               30007.5048115339 
                  3.5000000000                  38.5000000000               27438.6753439697 
                  3.5000000000                  39.0000000000               24601.9008775987 
                  3.5000000000                  39.5000000000               21416.1225262383 
                  3.5000000000                  40.0000000000               18446.7014986739 
                  3.5000000000                  40.5000000000               16288.3043760114 
                  3.5000000000                  41.0000000000               14716.2726341347 
                  3.5000000000                  41.5000000000               13558.4622099096 
                  3.5000000000                  42.0000000000               12703.5915654416 
                  3.5000000000                  42.5000000000               12059.2054636535 
                  3.5000000000                  43.0000000000               11599.6052428777 
                  3.5000000000                  43.5000000000               11346.3747971329 
                  3.5000000000                  44.0000000000               11176.3798047623 
                  3.5000000000                  44.5000000000               10805.3322990536 
                  3.5000000000                  45.0000000000               10155.0563701132 
                  3.5000000000                  45.5000000000                9264.2980083732 
                  3.5000000000                  46.0000000000                8182.0328259717 
                  3.5000000000                  46.5000000000                7078.4977130141 
                  3.5000000000                  47.0000000000                6034.2443590018 
                  3.5000000000                  47.5000000000                5033.7419270219 
                  3.5000000000                  48.0000000000                4082.7984032371 
                  3.5000000000                  48.5000000000                3125.2454671708 
                  3.5000000000                  49.0000000000                2123.8019551727 
                  3.5000000000                  49.5000000000                1087.8123768298 
                  3.5000000000                  50.0000000000                   0.0000000000 
                  4.0000000000                   0.0000000000                   0.0000000000 
                  4.0000000000                   0.5000000000                1060.8673443072 
                  4.0000000000                   1.0000000000                2355.2083808073 
                  4.0000000000                   1.5000000000                3840.8387805142 
                  4.0000000000                   2.0000000000                5479.1800529884 
                  4.0000000000                   2.5000000000                7189.8439072462 
                  4.0000000000                   3.0000000000                8894.4648217523 
                  4.0000000000                   3.5000000000               10573.7717164351 
                  4.0000000000                   4.0000000000               12223.7247846085 
                  4.0000000000                   4.5000000000               13809.8234887026 
                  4.0000000000                   5.0000000000               15283.1694950110 
                  4.0000000000                   5.5000000000               16635.6547513042 
                  4.0000000000                   6.0000000000               17900.3256877639 
                  4.0000000000                   6.5000000000               19072.2210483286 
                  4.0000000000                   7.0000000000               20065.2741154033 
                  4.0000000000                   7.5000000000               20845.0820756353 
                  4.0000000000                   8.0000000000               21327.7518110178 
                  4.0000000000                   8.5000000000               21616.3609692341 
                  4.0000000000                   9.0000000000               22322.9587554416 
                  4.0000000000                   9.5000000000               23693.5168201258 
                  4.0000000000                  10.0000000000               25559.9827317025 
                  4.0000000000                  10.5000000000               27867.0042345203 
                  4.0000000000                  11.0000000000               30446.7124348560 
                  4.0000000000                  11.5000000000               33223.8810222458 
                  4.0000000000                  12.0000000000               36268.1575055370 
                  4.0000000000                  12.5000000000               39670.8228565280 
                  4.0000000000                  13.0000000000               43556.8171366531 
                  4.0000000000                  13.5000000000               47832.4273337277 
                  4.0000000000                  14.0000000000               52276.4308050244 
                  4.0000000000                  14.5000000000               56765.6457401549 
                  4.0000000000                  15.0000000000               61169.1857272867 
                  4.0000000000                  15.5000000000               65409.4740633529 
                  4.0000000000                  16.0000000000               69484.2275848578 
                  4.0000000000                  16.5000000000               73380.2448617905 
                  4.0000000000                  17.0000000000               77049.6839000419 
                  4.0000000000                  17.5000000000               80410.6898363258 
                  4.0000000000                  18.0000000000               83372.2208741305 
                  4.0000000000                  18.5000000000               85679.6388844445 
                  4.0000000000                  19.0000000000               87168.1495461818 
                  4.0000000000                  19.5000000000               88219.9896489305 
                  4.0000000000                  20.0000000000               89102.9064980851 
                  4.0000000000                  20.5000000000               89788.2100083339 
                  4.0000000000                  21.0000000000               90336.2188152497 
                  4.0000000000                  21.5000000000               90739.5770992826 
                  4.0000000000                  22.0000000000               90936.3565294085 
                  4.0000000000                  22.5000000000               90833.2958148989 
                  4.0000000000                  23.0000000000               90369.9455081310 
                  4.0000000000                  23.5000000000               89797.1380046132 
                  4.0000000000                  24.0000000000               89290.2459085052 
                  4.0000000000                  24.5000000000               88754.3562323029 
                  4.0000000000                  25.0000000000               88164.0393912979 
                  4.0000000000                  25.5000000000               87659.0431902262 
                  4.0000000000                  26.0000000000               87313.8818083966 
                  4.0000000000                  26.5000000000               86999.4628574127 
                  4.0000000000                  27.0000000000               86633.7664023417 
                  4.0000000000                  27.5000000000               86010.0791392407 
                  4.0000000000                  28.0000000000               84902.5741583480 
                  4.0000000000                  28.5000000000               83250.6237465440 
                  4.0000000000                  29.0000000000               80938.5017907796 
                  4.0000000000                  29.5000000000               78083.2108040650 
                  4.0000000000                  30.0000000000               75144.2285659774 
                  4.0000000000                  30.5000000000               72429.3063781056 
                  4.0000000000                  31.0000000000               70248.6979652357 
                  4.0000000000                  31.5000000000               68561.2720889202 
                  4.0000000000                  32.0000000000               66742.6466614697 
                  4.0000000000                  32.5000000000               64597.9357986264 
                  4.0000000000                  33.0000000000               62095.6490021293 
                  4.0000000000                  33.5000000000               59552.9760982401 
                  4.0000000000                  34.0000000000               57981.0226264269 
                  4.0000000000                  34.5000000000               57137.0727612231 
                  4.0000000000                  35.0000000000               55691.3181443509 
                  4.0000000000                  35.5000000000               52578.2025861393 
                  4.0000000000                  36.0000000000               48693.2676763215 
                  4.0000000000                  36.5000000000               44986.5228249183 
                  4.0000000000                  37.0000000000               41227.4352170713 
                  4.0000000000                  37.5000000000               37849.3847197248 
                  4.0000000000                  38.0000000000               34642.8102875815 
                  4.0000000000                  38.5000000000               31312.7757127328 
                  4.0000000000                  39.0000000000               27994.6987092480 
                  4.0000000000                  39.5000000000               24503.5575925288 
                  4.0000000000                  40.0000000000               21300.4294674111 
                  4.0000000000                  40.5000000000               18921.3853729528 
                  4.0000000000                  41.0000000000               17127.4921515197 
                  4.0000000000                  41.5000000000               15763.9514971039 
                  4.0000000000                  42.0000000000               14737.9090285445 
                  4.0000000000                  42.5000000000               13961.4655576655 
                  4.0000000000                  43.0000000000               13404.7723171644 
                  4.0000000000                  43.5000000000               13094.3253727646 
                  4.0000000000                  44.0000000000               12891.9384522289 
                  4.0000000000                  44.5000000000               12458.3207921661 
                  4.0000000000                  45.0000000000               11688.3771127761 
                  4.0000000000                  45.5000000000               10597.7273670007 
                  4.0000000000                  46.0000000000                9228.7773708406 
                  4.0000000000                  46.5000000000                7858.1020432694 
                  4.0000000000                  47.0000000000                6624.8275831276 
                  4.0000000000                  47.5000000000                5495.2506259716 
                  4.0000000000                  48.0000000000                4480.2545011870 
                  4.0000000000                  48.5000000000                3466.8102784184 
                  4.0000000000                  49.0000000000                2377.0966052393 
                  4.0000000000                  49.5000000000                1231.1611167782 
                  4.0000000000                  50.0000000000                   0.0000000000 
                  4.5000000000                   0.0000000000                   0.0000000000 
                  4.5000000000                   0.5000000000                1199.0005081385 
                  4.5000000000                   1.0000000000                2671.6290927773 
                  4.5000000000                   1.5000000000                4361.6469828994 
                  4.5000000000                   2.0000000000                6225.5848324019 
                  4.5000000000                   2.5000000000                8163.8678287524 
                  4.5000000000                   3.0000000000               10080.1701963699 
                  4.5000000000                   3.5000000000               11960.8293674469 
                  4.5000000000                   4.0000000000               13808.1667464380 
                  4.5000000000                   4.5000000000               15587.2796996062 
                  4.5000000000                   5.0000000000               17246.1686528624 
                  4.5000000000                   5.5000000000               18780.8403876451 
                  4.5000000000                   6.0000000000               20227.2635789041 
                  4.5000000000                   6.5000000000               21618.5932796002 
                  4.5000000000                   7.0000000000               22923.5352938496 
                  4.5000000000                   7.5000000000               24103.7123624785 
                  4.5000000000                   8.0000000000               25075.8528692382 
                  4.5000000000                   8.5000000000               25857.4610733482 
                  4.5000000000                   9.0000000000               26875.0330399980 
                  4.5000000000                   9.5000000000               28384.8135525878 
                  4.5000000000                  10.0000000000               30328.0729547155 
                  4.5000000000                  10.5000000000               32692.2388771021 
                  4.5000000000                  11.0000000000               35341.4546568209 
                  4.5000000000                  11.5000000000               38190.2064292669 
                  4.5000000000                  12.0000000000               41277.3746298404 
                  4.5000000000                  12.5000000000               44642.0375840926 
                  4.5000000000                  13.0000000000               48420.0053576314 
                  4.5000000000                  13.5000000000               52590.0165062196 
                  4.5000000000                  14.0000000000               56955.8306359478 
                  4.5000000000                  14.5000000000               61410.1350057348 
                  4.5000000000                  15.0000000000               65833.9568704278 
                  4.5000000000                  15.5000000000               70139.3940413288 
                  4.5000000000                  16.0000000000               74317.1806098341 
                  4.5000000000                  16.5000000000               78369.1071151730 
                  4.5000000000                  17.0000000000               82284.4255365331 
                  4.5000000000                  17.5000000000               86004.2612996485 
                  4.5000000000                  18.0000000000               89437.5158375511 
                  4.5000000000                  18.5000000000               92368.1865175670 
                  4.5000000000                  19.0000000000               94612.0096601051 
                  4.5000000000                  19.5000000000               96415.1071370202 
                  4.5000000000                  20.0000000000               97992.3753040205 
                  4.5000000000                  20.5000000000               99332.7151863535 
                  4.5000000000                  21.0000000000              100496.6528378139 
                  4.5000000000                  21.5000000000              101504.6213841972 
                  4.5000000000                  22.0000000000              102301.7258742703 
                  4.5000000000                  22.5000000000              102770.6619636316 
                  4.5000000000                  23.0000000000              102775.1392243108 
                  4.5000000000                  23.5000000000              102488.2268713383 
                  4.5000000000                  24.0000000000              102113.3291048356 
                  4.5000000000                  24.5000000000              101607.4731176484 
                  4.5000000000                  25.0000000000              100960.3397383218 
                  4.5000000000                  25.5000000000              100353.6384500505 
                  4.5000000000                  26.0000000000               99903.7007328007 
                  4.5000000000                  26.5000000000               99489.7225453285 
                  4.5000000000                  27.0000000000               99042.0303176973 
                  4.5000000000                  27.5000000000               98362.7344941422 
                  4.5000000000                  28.0000000000               97221.3431271720 
                  4.5000000000                  28.5000000000               95550.1117631844 
                  4.5000000000                  29.0000000000               93232.3972148944 
                  4.5000000000                  29.5000000000               90231.9791622094 
                  4.5000000000                  30.0000000000               86887.1201805454 
                  4.5000000000                  30.5000000000               83638.6647354482 
                  4.5000000000                  31.0000000000               80992.9679154381 
                  4.5000000000                  31.5000000000               79225.4948622965 
                  4.5000000000                  32.0000000000               77881.5151692076 
                  4.5000000000                  32.5000000000               76665.1032302465 
                  4.5000000000                  33.0000000000               75411.3664708890 
                  4.5000000000                  33.5000000000               74198.9350086603 
                  4.5000000000                  34.0000000000               73893.4960806422 
                  4.5000000000                  34.5000000000               74068.0135822419 
                  4.5000000000                  35.0000000000               73243.5131499978 
                  4.5000000000                  35.5000000000               69788.0538348462 
                  4.5000000000                  36.0000000000               63879.9531532178 
                  4.5000000000                  36.5000000000               57228.2958158514 
                  4.5000000000                  37.0000000000               50518.8324403980 
                  4.5000000000                  37.5000000000               44488.8980598461 
                  4.5000000000                  38.0000000000               39453.1123753920 
                  4.5000000000                  38.5000000000               35153.1410075779 
                  4.5000000000                  39.0000000000               31377.9926731671 
                  4.5000000000                  39.5000000000               27785.2716610782 
                  4.5000000000                  40.0000000000               24530.1584964163 
                  4.5000000000                  40.5000000000               21942.3391700433 
                  4.5000000000                  41.0000000000               19873.4049962147 
                  4.5000000000                  41.5000000000               18212.5913540547 
                  4.5000000000                  42.0000000000               16922.4797504774 
                  4.5000000000                  42.5000000000               15959.1690003182 
                  4.5000000000                  43.0000000000               15268.7128690998 
                  4.5000000000                  43.5000000000               14861.3507666039 
                  4.5000000000                  44.0000000000               14581.9704342294 
                  4.5000000000                  44.5000000000               14051.5032525023 
                  4.5000000000                  45.0000000000               13146.6595126571 
                  4.5000000000                  45.5000000000               11876.8600058313 
                  4.5000000000                  46.0000000000               10283.7665568767 
                  4.5000000000                  46.5000000000                8688.4177381916 
                  4.5000000000                  47.0000000000                7265.4155939128 
                  4.5000000000                  47.5000000000                5980.0405451811 
                  4.5000000000                  48.0000000000                4839.7005563841 
                  4.5000000000                  48.5000000000                3721.9569831058 
                  4.5000000000                  49.0000000000                2539.3656614495 
                  4.5000000000                  49.5000000000                1307.8656249782 
                  4.5000000000                  50.0000000000                   0.0000000000 
                  5.0000000000                   0.0000000000                   0.0000000000 
                  5.0000000000                   0.5000000000                1347.0223682832 
                  5.0000000000                   1.0000000000                3004.9968697270 
                  5.0000000000                   1.5000000000                4901.3126694212 
                  5.0000000000                   2.0000000000                6989.8927930148 
                  5.0000000000                   2.5000000000                9155.3032313496 
                  5.0000000000                   3.0000000000               11284.8146413900 
                  5.0000000000                   3.5000000000               13371.0854404498 
                  5.0000000000                   4.0000000000               15424.9773356281 
                  5.0000000000                   4.5000000000               17411.9322447857 
                  5.0000000000                   5.0000000000               19271.5749283876 
                  5.0000000000                   5.5000000000               20997.9073958153 
                  5.0000000000                   6.0000000000               22609.6968272025 
                  5.0000000000                   6.5000000000               24164.6948381271 
                  5.0000000000                   7.0000000000               25716.5389825770 
                  5.0000000000                   7.5000000000               27239.4492460740 
                  5.0000000000                   8.0000000000               28654.6462186457 
                  5.0000000000                   8.5000000000               29946.2568942595 
                  5.0000000000                   9.0000000000               31350.8175837384 
                  5.0000000000                   9.5000000000               33075.7768935045 
                  5.0000000000                  10.0000000000               35152.6169264443 
                  5.0000000000                  10.5000000000               37604.2333231771 
                  5.0000000000                  11.0000000000               40333.9079213039 
                  5.0000000000                  11.5000000000               43257.8328793265 
                  5.0000000000                  12.0000000000               46386.1278698267 
                  5.0000000000                  12.5000000000               49727.6240752211 
                  5.0000000000                  13.0000000000               53429.4639073881 
                  5.0000000000                  13.5000000000               57521.6756868221 
                  5.0000000000                  14.0000000000               61836.3386307251 
                  5.0000000000                  14.5000000000               66278.4466056285 
                  5.0000000000                  15.0000000000               70735.4009331495 
                  5.0000000000                  15.5000000000               75118.8778495502 
                  5.0000000000                  16.0000000000               79420.3460371369 
                  5.0000000000                  16.5000000000               83649.2444483481 
                  5.0000000000                  17.0000000000               87817.6122852473 
                  5.0000000000                  17.5000000000               91888.7560390910 
                  5.0000000000                  18.0000000000               95775.9005295796 
                  5.0000000000                  18.5000000000               99297.4502824453 
                  5.0000000000                  19.0000000000              102268.3156087952 
                  5.0000000000                  19.5000000000              104812.1718120172 
                  5.0000000000                  20.0000000000              107081.1999610938 
                  5.0000000000                  20.5000000000              109077.8858128146 
                  5.0000000000                  21.0000000000              110858.8966947968 
                  5.0000000000                  21.5000000000              112462.5447453559 
                  5.0000000000                  22.0000000000              113836.1401451754 
                  5.0000000000                  22.5000000000              114847.5070562956 
                  5.0000000000                  23.0000000000              115333.8192994562 
                  5.0000000000                  23.5000000000              115393.5188115074 
                  5.0000000000                  24.0000000000              115209.6737603995 
                  5.0000000000                  24.5000000000              114782.6556601182 
                  5.0000000000                  25.0000000000              114120.6097229962 
                  5.0000000000                  25.5000000000              113445.3341708884 
                  5.0000000000                  26.0000000000              112910.2988160229 
                  5.0000000000                  26.5000000000              112404.2221975881 
                  5.0000000000                  27.0000000000              111866.5493618758 
                  5.0000000000                  27.5000000000              111111.0778908524 
                  5.0000000000                  28.0000000000              109926.3810642696 
                  5.0000000000                  28.5000000000              108263.6794216196 
                  5.0000000000                  29.0000000000              106064.3905388478 
                  5.0000000000                  29.5000000000              103165.5077977841 
                  5.0000000000                  30.0000000000               99658.0380352127 
                  5.0000000000                  30.5000000000               95991.6274213320 
                  5.0000000000                  31.0000000000               92791.2416622150 
                  5.0000000000                  31.5000000000               90665.4561795455 
                  5.0000000000                  32.0000000000               89505.7480800148 
                  5.0000000000                  32.5000000000               88888.9016348354 
                  5.0000000000                  33.0000000000               88323.7234390200 
                  5.0000000000                  33.5000000000               87612.6340397037 
                  5.0000000000                  34.0000000000               87401.0323708366 
                  5.0000000000                  34.5000000000               87313.6788938597 
                  5.0000000000                  35.0000000000               86296.3755757406 
                  5.0000000000                  35.5000000000               83573.3020732001 
                  5.0000000000                  36.0000000000               78262.4765178731 
                  5.0000000000                  36.5000000000               70668.9479435765 
                  5.0000000000                  37.0000000000               61712.3583793281 
                  5.0000000000                  37.5000000000               52325.8061050105 
                  5.0000000000                  38.0000000000               44547.6424565050 
                  5.0000000000                  38.5000000000               39065.5907168304 
                  5.0000000000                  39.0000000000               34859.4254396271 
                  5.0000000000                  39.5000000000               31332.5237786134 
                  5.0000000000                  40.0000000000               28213.5732824169 
                  5.0000000000                  40.5000000000               25497.7996685636 
                  5.0000000000                  41.0000000000               23159.3179025082 
                  5.0000000000                  41.5000000000               21140.6925440796 
                  5.0000000000                  42.0000000000               19491.6348451996 
                  5.0000000000                  42.5000000000               18266.7213917762 
                  5.0000000000                  43.0000000000               17380.4986064191 
                  5.0000000000                  43.5000000000               16811.0604823187 
                  5.0000000000                  44.0000000000               16386.0352044686 
                  5.0000000000                  44.5000000000               15696.0085231044 
                  5.0000000000                  45.0000000000               14611.0796781607 
                  5.0000000000                  45.5000000000               13154.8261744712 
                  5.0000000000                  46.0000000000               11378.6995649903 
                  5.0000000000                  46.5000000000                9593.4330285125 
                  5.0000000000                  47.0000000000                7978.8682227428 
                  5.0000000000                  47.5000000000                6510.5990015392 
                  5.0000000000                  48.0000000000                5187.3785599211 
                  5.0000000000                  48.5000000000                3917.2493030440 
                  5.0000000000                  49.0000000000                2631.0277833653 
                  5.0000000000                  49.5000000000                1330.9949624602 
                  5.0000000000                  50.0000000000                   0.0000000000 
                  5.5000000000                   0.0000000000                   0.0000000000 
                  5.5000000000                   0.5000000000                1514.2551625204 
                  5.5000000000                   1.0000000000                3365.1072388810 
                  5.5000000000                   1.5000000000                5464.7889137951 
                  5.5000000000                   2.0000000000                7766.7199630614 
                  5.5000000000                   2.5000000000               10146.9744606003 
                  5.5000000000                   3.0000000000               12483.1780417496 
                  5.5000000000                   3.5000000000               14773.7427386515 
                  5.5000000000                   4.0000000000               17037.5988888841 
                  5.5000000000                   4.5000000000               19242.0219277080 
                  5.5000000000                   5.0000000000               21318.8223378836 
                  5.5000000000                   5.5000000000               23254.2570164888 
                  5.5000000000                   6.0000000000               25037.0819467377 
                  5.5000000000                   6.5000000000               26738.5985953462 
                  5.5000000000                   7.0000000000               28495.0660149106 
                  5.5000000000                   7.5000000000               30300.8299646295 
                  5.5000000000                   8.0000000000               32086.1910099074 
                  5.5000000000                   8.5000000000               33827.4897044431 
                  5.5000000000                   9.0000000000               35623.8848794197 
                  5.5000000000                   9.5000000000               37620.3410353500 
                  5.5000000000                  10.0000000000               39890.8385606462 
                  5.5000000000                  10.5000000000               42477.6340915564 
                  5.5000000000                  11.0000000000               45319.4079589082 
                  5.5000000000                  11.5000000000               48341.3323775747 
                  5.5000000000                  12.0000000000               51532.2315474578 
                  5.5000000000                  12.5000000000               54891.8222641735 
                  5.5000000000                  13.0000000000               58582.3601451869 
                  5.5000000000                  13.5000000000               62657.6130158774 
                  5.5000000000                  14.0000000000               66969.0888169165 
                  5.5000000000                  14.5000000000               71437.4703425531 
                  5.5000000000                  15.0000000000               75959.4287006241 
                  5.5000000000                  15.5000000000               80455.1888502643 
                  5.5000000000                  16.0000000000               84920.2638153517 
                  5.5000000000                  16.5000000000               89366.5590737708 
                  5.5000000000                  17.0000000000               93820.0919702390 
                  5.5000000000                  17.5000000000               98259.5643243370 
                  5.5000000000                  18.0000000000              102602.6557656839 
                  5.5000000000                  18.5000000000              106700.1971734566 
                  5.5000000000                  19.0000000000              110370.5802949781 
                  5.5000000000                  19.5000000000              113636.9104845384 
                  5.5000000000                  20.0000000000              116592.4065514847 
                  5.5000000000                  20.5000000000              119240.1637558383 
                  5.5000000000                  21.0000000000              121626.2990479906 
                  5.5000000000                  21.5000000000              123795.6756614947 
                  5.5000000000                  22.0000000000              125693.6847415142 
                  5.5000000000                  22.5000000000              127185.2375251972 
                  5.5000000000                  23.0000000000              128110.1864526522 
                  5.5000000000                  23.5000000000              128516.2546731199 
                  5.5000000000                  24.0000000000              128551.1636256425 
                  5.5000000000                  24.5000000000              128236.7298647581 
                  5.5000000000                  25.0000000000              127594.4321186538 
                  5.5000000000                  25.5000000000              126881.6825342337 
                  5.5000000000                  26.0000000000              126283.2418510982 
                  5.5000000000                  26.5000000000              125692.3319002854 
                  5.5000000000                  27.0000000000              125053.4034367939 
                  5.5000000000                  27.5000000000              124193.1858088846 
                  5.5000000000                  28.0000000000              122932.8431817088 
                  5.5000000000                  28.5000000000              121276.9766379722 
                  5.5000000000                  29.0000000000              119278.7878788183 
                  5.5000000000                  29.5000000000              116709.4641538810 
                  5.5000000000                  30.0000000000              113379.5390127839 
                  5.5000000000                  30.5000000000              109585.9327320197 
                  5.5000000000                  31.0000000000              105808.3462912205 
                  5.5000000000                  31.5000000000              103070.1070750273 
                  5.5000000000                  32.0000000000              101836.0717171166 
                  5.5000000000                  32.5000000000              101380.4549159933 
                  5.5000000000                  33.0000000000              100606.1035992413 
                  5.5000000000                  33.5000000000               99290.7657630183 
                  5.5000000000                  34.0000000000               98385.9663856670 
                  5.5000000000                  34.5000000000               97694.3197801724 
                  5.5000000000                  35.0000000000               96518.0328264694 
                  5.5000000000                  35.5000000000               94570.8948626392 
                  5.5000000000                  36.0000000000               90596.8110946109 
                  5.5000000000                  36.5000000000               83817.5173322241 
                  5.5000000000                  37.0000000000               74107.0069358666 
                  5.5000000000                  37.5000000000               61128.7830366906 
                  5.5000000000                  38.0000000000               49822.3621053648 
                  5.5000000000                  38.5000000000               43179.5542571775 
                  5.5000000000                  39.0000000000               38614.1096683659 
                  5.5000000000                  39.5000000000               35201.5742481046 
                  5.5000000000                  40.0000000000               32280.6848433528 
                  5.5000000000                  40.5000000000               29524.7124608248 
                  5.5000000000                  41.0000000000               26981.3285413126 
                  5.5000000000                  41.5000000000               24610.9522666416 
                  5.5000000000                  42.0000000000               22560.2379182762 
                  5.5000000000                  42.5000000000               21013.4213029917 
                  5.5000000000                  43.0000000000               19854.4336712862 
                  5.5000000000                  43.5000000000               19036.6610984868 
                  5.5000000000                  44.0000000000               18381.6908318663 
                  5.5000000000                  44.5000000000               17456.2541839409 
                  5.5000000000                  45.0000000000               16132.9545919392 
                  5.5000000000                  45.5000000000               14457.8196663196 
                  5.5000000000                  46.0000000000               12491.8488565001 
                  5.5000000000                  46.5000000000               10520.0092192912 
                  5.5000000000                  47.0000000000                8712.0552398294 
                  5.5000000000                  47.5000000000                7048.5733972230 
                  5.5000000000                  48.0000000000                5519.4785865285 
                  5.5000000000                  48.5000000000                4077.8233665546 
                  5.5000000000                  49.0000000000                2684.8462028259 
                  5.5000000000                  49.5000000000                1328.8853124148 
                  5.5000000000                  50.0000000000                   0.0000000000 
                  6.0000000000                   0.0000000000                   0.0000000000 
                  6.0000000000                   0.5000000000                1714.1462054237 
                  6.0000000000                   1.0000000000                3766.0612513877 
                  6.0000000000                   1.5000000000                6058.7678634500 
                  6.0000000000                   2.0000000000                8552.7700124861 
                  6.0000000000                   2.5000000000               11126.0719372547 
                  6.0000000000                   3.0000000000               13654.2443303121 
                  6.0000000000                   3.5000000000               16139.7446321825 
                  6.0000000000                   4.0000000000               18607.9480867547 
                  6.0000000000                   4.5000000000               21033.1291840307 
                  6.0000000000                   5.0000000000               23345.4536770197 
                  6.0000000000                   5.5000000000               25523.6081586662 
                  6.0000000000                   6.0000000000               27519.7463165827 
                  6.0000000000                   6.5000000000               29385.1821865487 
                  6.0000000000                   7.0000000000               31313.8526647845 
                  6.0000000000                   7.5000000000               33334.6588247426 
                  6.0000000000                   8.0000000000               35399.7561527803 
                  6.0000000000                   8.5000000000               37509.0173199606 
                  6.0000000000                   9.0000000000               39681.2996094608 
                  6.0000000000                   9.5000000000               41998.6744950338 
                  6.0000000000                  10.0000000000               44538.1438945574 
                  6.0000000000                  10.5000000000               47335.2362480083 
                  6.0000000000                  11.0000000000               50349.7656260033 
                  6.0000000000                  11.5000000000               53520.2081919430 
                  6.0000000000                  12.0000000000               56821.8542095047 
                  6.0000000000                  12.5000000000               60238.5124526420 
                  6.0000000000                  13.0000000000               63937.2373313937 
                  6.0000000000                  13.5000000000               68005.9424953307 
                  6.0000000000                  14.0000000000               72326.6943250563 
                  6.0000000000                  14.5000000000               76839.9378250938 
                  6.0000000000                  15.0000000000               81460.3327182769 
                  6.0000000000                  15.5000000000               86118.4514925795 
                  6.0000000000                  16.0000000000               90808.7519239521 
                  6.0000000000                  16.5000000000               95538.7609552197 
                  6.0000000000                  17.0000000000              100330.4577116924 
                  6.0000000000                  17.5000000000              105165.7438815823 
                  6.0000000000                  18.0000000000              109971.0266999028 
                  6.0000000000                  18.5000000000              114630.1872243042 
                  6.0000000000                  19.0000000000              118978.9224526952 
                  6.0000000000                  19.5000000000              122968.2660486525 
                  6.0000000000                  20.0000000000              126634.4543497024 
                  6.0000000000                  20.5000000000              129967.6012662292 
                  6.0000000000                  21.0000000000              132978.4867912231 
                  6.0000000000                  21.5000000000              135695.4245937989 
                  6.0000000000                  22.0000000000              138072.3191648366 
                  6.0000000000                  22.5000000000              139991.2991944453 
                  6.0000000000                  23.0000000000              141312.1908883676 
                  6.0000000000                  23.5000000000              142049.0823839010 
                  6.0000000000                  24.0000000000              142313.6832204873 
                  6.0000000000                  24.5000000000              142135.2764165706 
                  6.0000000000                  25.0000000000              141537.8899316258 
                  6.0000000000                  25.5000000000              140806.7668357170 
                  6.0000000000                  26.0000000000              140154.7733833924 
                  6.0000000000                  26.5000000000              139478.9438768551 
                  6.0000000000                  27.0000000000              138714.0074578148 
                  6.0000000000                  27.5000000000              137673.6033487942 
                  6.0000000000                  28.0000000000              136222.7659916893 
                  6.0000000000                  28.5000000000              134459.2144925793 
                  6.0000000000                  29.0000000000              132613.5136592768 
                  6.0000000000                  29.5000000000              130578.1852614986 
                  6.0000000000                  30.0000000000              128003.8727536666 
                  6.0000000000                  30.5000000000              124992.4531102754 
                  6.0000000000                  31.0000000000              121590.7565449783 
                  6.0000000000                  31.5000000000              118667.3635288587 
                  6.0000000000                  32.0000000000              117196.9915448451 
                  6.0000000000                  32.5000000000              116399.5334677839 
                  6.0000000000                  33.0000000000              114668.2947163364 
                  6.0000000000                  33.5000000000              111756.1181018362 
                  6.0000000000                  34.0000000000              109282.3623393517 
                  6.0000000000                  34.5000000000              107546.5825279460 
                  6.0000000000                  35.0000000000              105935.9951486336 
                  6.0000000000                  35.5000000000              104362.7600577807 
                  6.0000000000                  36.0000000000              101492.0299468482 
                  6.0000000000                  36.5000000000               96095.4984462794 
                  6.0000000000                  37.0000000000               87447.9121349001 
                  6.0000000000                  37.5000000000               71183.2980019563 
                  6.0000000000                  38.0000000000               55513.0307025232 
                  6.0000000000                  38.5000000000               47815.5603723984 
                  6.0000000000                  39.0000000000               42784.7722799464 
                  6.0000000000                  39.5000000000               39350.0000921633 
                  6.0000000000                  40.0000000000               36577.5960844855 
                  6.0000000000                  40.5000000000               33872.3898332524 
                  6.0000000000                  41.0000000000               31284.1566103583 
                  6.0000000000                  41.5000000000               28699.2326116640 
                  6.0000000000                  42.0000000000               26274.1877594173 
                  6.0000000000                  42.5000000000               24331.4622657364 
                  6.0000000000                  43.0000000000               22777.7147393564 
                  6.0000000000                  43.5000000000               21578.4181519042 
                  6.0000000000                  44.0000000000               20578.2354916806 
                  6.0000000000                  44.5000000000               19328.5180065422 
                  6.0000000000                  45.0000000000               17700.9110705541 
                  6.0000000000                  45.5000000000               15757.3470054752 
                  6.0000000000                  46.0000000000               13567.8493647378 
                  6.0000000000                  46.5000000000               11395.0332765137 
                  6.0000000000                  47.0000000000                9395.1349488517 
                  6.0000000000                  47.5000000000                7546.2376629866 
                  6.0000000000                  48.0000000000                5821.0496891791 
                  6.0000000000                  48.5000000000                4215.8590325152 
                  6.0000000000                  49.0000000000                2722.9250663532 
                  6.0000000000                  49.5000000000                1317.6250344977 
                  6.0000000000                  50.0000000000                   0.0000000000 
                  6.5000000000                   0.0000000000                   0.0000000000 
                  6.5000000000                   0.5000000000                1968.0562427619 
                  6.5000000000                   1.0000000000                4225.3329884437 
                  6.5000000000                   1.5000000000                6695.6991963106 
                  6.5000000000                   2.0000000000                9352.9027439339 
                  6.5000000000                   2.5000000000               12090.4192713767 
                  6.5000000000                   3.0000000000               14792.3891514555 
                  6.5000000000                   3.5000000000               17459.4238138208 
                  6.5000000000                   4.0000000000               20115.7374429242 
                  6.5000000000                   4.5000000000               22747.6990997319 
                  6.5000000000                   5.0000000000               25299.1134736035 
                  6.5000000000                   5.5000000000               27742.2080841092 
                  6.5000000000                   6.0000000000               30014.2104783342 
                  6.5000000000                   6.5000000000               32116.1646791434 
                  6.5000000000                   7.0000000000               34220.9847331342 
                  6.5000000000                   7.5000000000               36404.1856671367 
                  6.5000000000                   8.0000000000               38661.2792166097 
                  6.5000000000                   8.5000000000               41037.6171136086 
                  6.5000000000                   9.0000000000               43545.1760636813 
                  6.5000000000                   9.5000000000               46211.1951186818 
                  6.5000000000                  10.0000000000               49081.6766704633 
                  6.5000000000                  10.5000000000               52166.9961628059 
                  6.5000000000                  11.0000000000               55424.1413748853 
                  6.5000000000                  11.5000000000               58804.6397100920 
                  6.5000000000                  12.0000000000               62279.9100398588 
                  6.5000000000                  12.5000000000               65808.9544044236 
                  6.5000000000                  13.0000000000               69542.8208405141 
                  6.5000000000                  13.5000000000               73611.7274078075 
                  6.5000000000                  14.0000000000               77949.2358531771 
                  6.5000000000                  14.5000000000               82522.3175326647 
                  6.5000000000                  15.0000000000               87275.9320269024 
                  6.5000000000                  15.5000000000               92152.4921930896 
                  6.5000000000                  16.0000000000               97138.7982043620 
                  6.5000000000                  16.5000000000              102232.2821324166 
                  6.5000000000                  17.0000000000              107425.4234881709 
                  6.5000000000                  17.5000000000              112688.7657569059 
                  6.5000000000                  18.0000000000              117966.1299977964 
                  6.5000000000                  18.5000000000              123171.4733281959 
                  6.5000000000                  19.0000000000              128173.3946738540 
                  6.5000000000                  19.5000000000              132877.4380068324 
                  6.5000000000                  20.0000000000              137259.5061330624 
                  6.5000000000                  20.5000000000              141288.8560562695 
                  6.5000000000                  21.0000000000              144918.8460608443 
                  6.5000000000                  21.5000000000              148137.1378193720 
                  6.5000000000                  22.0000000000              150921.0829108348 
                  6.5000000000                  22.5000000000              153189.0023238297 
                  6.5000000000                  23.0000000000              154834.4422867080 
                  6.5000000000                  23.5000000000              155859.5092037654 
                  6.5000000000                  24.0000000000              156339.6420203360 
                  6.5000000000                  24.5000000000              156296.2342810968 
                  6.5000000000                  25.0000000000              155746.5344057322 
                  6.5000000000                  25.5000000000              154995.3355623423 
                  6.5000000000                  26.0000000000              154283.3610232987 
                  6.5000000000                  26.5000000000              153517.1362514742 
                  6.5000000000                  27.0000000000              152627.1254799273 
                  6.5000000000                  27.5000000000              151375.0615656525 
                  6.5000000000                  28.0000000000              149637.9672130167 
                  6.5000000000                  28.5000000000              147619.4183248126 
                  6.5000000000                  29.0000000000              145705.2910673190 
                  6.5000000000                  29.5000000000              144076.0157439710 
                  6.5000000000                  30.0000000000              142448.2158837816 
                  6.5000000000                  30.5000000000              140716.1606751780 
                  6.5000000000                  31.0000000000              138531.4894585036 
                  6.5000000000                  31.5000000000              135859.0817250329 
                  6.5000000000                  32.0000000000              133624.1306454222 
                  6.5000000000                  32.5000000000              131674.2382196635 
                  6.5000000000                  33.0000000000              128700.9916820406 
                  6.5000000000                  33.5000000000              124361.9308271546 
                  6.5000000000                  34.0000000000              120230.7378189973 
                  6.5000000000                  34.5000000000              117159.5503197460 
                  6.5000000000                  35.0000000000              114807.6070291388 
                  6.5000000000                  35.5000000000              113149.9015704112 
                  6.5000000000                  36.0000000000              110945.9122764178 
                  6.5000000000                  36.5000000000              106803.5464488666 
                  6.5000000000                  37.0000000000              100009.5082278042 
                  6.5000000000                  37.5000000000               82538.1360956285 
                  6.5000000000                  38.0000000000               63318.3136695234 
                  6.5000000000                  38.5000000000               53810.7898204016 
                  6.5000000000                  39.0000000000               47825.3588736065 
                  6.5000000000                  39.5000000000               43903.7049226320 
                  6.5000000000                  40.0000000000               41024.3306793524 
                  6.5000000000                  40.5000000000               38404.8550549223 
                  6.5000000000                  41.0000000000               35952.4298945031 
                  6.5000000000                  41.5000000000               33449.1531345147 
                  6.5000000000                  42.0000000000               30866.5805966672 
                  6.5000000000                  42.5000000000               28489.6429389702 
                  6.5000000000                  43.0000000000               26381.0001975819 
                  6.5000000000                  43.5000000000               24602.3906986543 
                  6.5000000000                  44.0000000000               23071.7287344983 
                  6.5000000000                  44.5000000000               21375.4515457448 
                  6.5000000000                  45.0000000000               19363.8676520543 
                  6.5000000000                  45.5000000000               17069.6744605988 
                  6.5000000000                  46.0000000000               14563.9769968749 
                  6.5000000000                  46.5000000000               12140.6205759258 
                  6.5000000000                  47.0000000000                9951.6744447388 
                  6.5000000000                  47.5000000000                7946.3637950776 
                  6.5000000000                  48.0000000000                6084.3302780275 
                  6.5000000000                  48.5000000000                4360.2287082014 
                  6.5000000000                  49.0000000000                2774.7195026596 
                  6.5000000000                  49.5000000000                1315.9760262399 
                  6.5000000000                  50.0000000000                   0.0000000000 
                  7.0000000000                   0.0000000000                   0.0000000000 
                  7.0000000000                   0.5000000000                2255.2601785954 
                  7.0000000000                   1.0000000000                4722.0794354206 
                  7.0000000000                   1.5000000000                7363.8257662302 
                  7.0000000000                   2.0000000000               10168.2988844175 
                  7.0000000000                   2.5000000000               13051.4511212302 
                  7.0000000000                   3.0000000000               15914.5030382968 
                  7.0000000000                   3.5000000000               18752.5577977619 
                  7.0000000000                   4.0000000000               21579.5260915724 
                  7.0000000000                   4.5000000000               24390.6707593075 
                  7.0000000000                   5.0000000000               27153.5869079057 
                  7.0000000000                   5.5000000000               29839.5563185673 
                  7.0000000000                   6.0000000000               32399.8111777653 
                  7.0000000000                   6.5000000000               34809.6493993266 
                  7.0000000000                   7.0000000000               37164.2755253705 
                  7.0000000000                   7.5000000000               39549.7194520566 
                  7.0000000000                   8.0000000000               42003.3728076151 
                  7.0000000000                   8.5000000000               44599.2519196074 
                  7.0000000000                   9.0000000000               47385.9643722349 
                  7.0000000000                   9.5000000000               50372.5327072605 
                  7.0000000000                  10.0000000000               53568.5834797841 
                  7.0000000000                  10.5000000000               56966.2944423602 
                  7.0000000000                  11.0000000000               60512.8969715415 
                  7.0000000000                  11.5000000000               64160.6655883960 
                  7.0000000000                  12.0000000000               67876.2531866312 
                  7.0000000000                  12.5000000000               71599.3234247844 
                  7.0000000000                  13.0000000000               75447.3198616838 
                  7.0000000000                  13.5000000000               79572.6702201818 
                  7.0000000000                  14.0000000000               83968.9105401250 
                  7.0000000000                  14.5000000000               88635.1493886167 
                  7.0000000000                  15.0000000000               93551.1720219316 
                  7.0000000000                  15.5000000000               98677.2206790570 
                  7.0000000000                  16.0000000000              103992.5630159145 
                  7.0000000000                  16.5000000000              109484.0356802012 
                  7.0000000000                  17.0000000000              115119.4615490068 
                  7.0000000000                  17.5000000000              120853.2307110368 
                  7.0000000000                  18.0000000000              126636.3371520387 
                  7.0000000000                  18.5000000000              132402.8448066337 
                  7.0000000000                  19.0000000000              138029.7853828975 
                  7.0000000000                  19.5000000000              143377.9777160163 
                  7.0000000000                  20.0000000000              148380.9987688305 
                  7.0000000000                  20.5000000000              152991.9205090702 
                  7.0000000000                  21.0000000000              157128.9395377259 
                  7.0000000000                  21.5000000000              160750.2918849853 
                  7.0000000000                  22.0000000000              163847.6692160080 
                  7.0000000000                  22.5000000000              166374.9049958309 
                  7.0000000000                  23.0000000000              168257.8138770999 
                  7.0000000000                  23.5000000000              169495.4687044033 
                  7.0000000000                  24.0000000000              170135.5564241899 
                  7.0000000000                  24.5000000000              170184.2864335934 
                  7.0000000000                  25.0000000000              169644.1527065992 
                  7.0000000000                  25.5000000000              168833.9906578355 
                  7.0000000000                  26.0000000000              168026.4496759399 
                  7.0000000000                  26.5000000000              167146.9340475969 
                  7.0000000000                  27.0000000000              166157.2391404688 
                  7.0000000000                  27.5000000000              164776.1487802317 
                  7.0000000000                  28.0000000000              162820.1853958628 
                  7.0000000000                  28.5000000000              160529.9048757569 
                  7.0000000000                  29.0000000000              158311.1158890392 
                  7.0000000000                  29.5000000000              156514.3458387232 
                  7.0000000000                  30.0000000000              155015.3861597374 
                  7.0000000000                  30.5000000000              153519.8023675630 
                  7.0000000000                  31.0000000000              151463.9265296199 
                  7.0000000000                  31.5000000000              148528.3772018418 
                  7.0000000000                  32.0000000000              145487.4705342568 
                  7.0000000000                  32.5000000000              142540.9761058973 
                  7.0000000000                  33.0000000000              139032.6586581315 
                  7.0000000000                  33.5000000000              134709.5502416611 
                  7.0000000000                  34.0000000000              130256.5449606991 
                  7.0000000000                  34.5000000000              126441.3118348324 
                  7.0000000000                  35.0000000000              123485.2225733873 
                  7.0000000000                  35.5000000000              121501.8261596324 
                  7.0000000000                  36.0000000000              119432.6446044466 
                  7.0000000000                  36.5000000000              115910.9441088777 
                  7.0000000000                  37.0000000000              110097.6180711065 
                  7.0000000000                  37.5000000000               93620.8859544802 
                  7.0000000000                  38.0000000000               73474.4273473316 
                  7.0000000000                  38.5000000000               61802.1616463786 
                  7.0000000000                  39.0000000000               54393.0830148620 
                  7.0000000000                  39.5000000000               49425.9986971612 
                  7.0000000000                  40.0000000000               46006.6897026848 
                  7.0000000000                  40.5000000000               43329.9232849899 
                  7.0000000000                  41.0000000000               41025.4811223114 
                  7.0000000000                  41.5000000000               38803.8597428041 
                  7.0000000000                  42.0000000000               36363.8293946075 
                  7.0000000000                  42.5000000000               33685.6486739746 
                  7.0000000000                  43.0000000000               30975.5533196622 
                  7.0000000000                  43.5000000000               28445.1639874510 
                  7.0000000000                  44.0000000000               26151.1828553972 
                  7.0000000000                  44.5000000000               23840.2634512380 
                  7.0000000000                  45.0000000000               21338.9080070563 
                  7.0000000000                  45.5000000000               18573.1926527253 
                  7.0000000000                  46.0000000000               15606.1047171916 
                  7.0000000000                  46.5000000000               12848.6336504353 
                  7.0000000000                  47.0000000000               10461.9800242700 
                  7.0000000000                  47.5000000000                8321.5833956928 
                  7.0000000000                  48.0000000000                6377.5524521541 
                  7.0000000000                  48.5000000000                4570.3723061301 
                  7.0000000000                  49.0000000000                2883.5784770774 
                  7.0000000000                  49.5000000000                1347.3054450539 
                  7.0000000000                  50.0000000000                   0.0000000000 
                  7.5000000000                   0.0000000000                   0.0000000000 
                  7.5000000000                   0.5000000000                2532.5188466199 
                  7.5000000000                   1.0000000000                5209.8770159866 
                  7.5000000000                   1.5000000000                8023.3010298535 
                  7.5000000000                   2.0000000000               10973.4789348987 
                  7.5000000000                   2.5000000000               13998.5109102646 
                  7.5000000000                   3.0000000000               17018.5911476379 
                  7.5000000000                   3.5000000000               20023.7995260483 
                  7.5000000000                   4.0000000000               23014.3612869916 
                  7.5000000000                   4.5000000000               25989.5522619941 
                  7.5000000000                   5.0000000000               28938.7194098234 
                  7.5000000000                   5.5000000000               31839.6590516341 
                  7.5000000000                   6.0000000000               34667.0548110206 
                  7.5000000000                   6.5000000000               37396.3171687099 
                  7.5000000000                   7.0000000000               40055.8303378505 
                  7.5000000000                   7.5000000000               42709.5442633789 
                  7.5000000000                   8.0000000000               45407.3374710675 
                  7.5000000000                   8.5000000000               48232.2253533765 
                  7.5000000000                   9.0000000000               51272.3927749479 
                  7.5000000000                   9.5000000000               54544.7738431892 
                  7.5000000000                  10.0000000000               58041.5203037883 
                  7.5000000000                  10.5000000000               61751.7753003631 
                  7.5000000000                  11.0000000000               65620.9158173417 
                  7.5000000000                  11.5000000000               69595.0271168672 
                  7.5000000000                  12.0000000000               73626.7524398274 
                  7.5000000000                  12.5000000000               77637.5808137803 
                  7.5000000000                  13.0000000000               81699.7035436896 
                  7.5000000000                  13.5000000000               85964.4633461764 
                  7.5000000000                  14.0000000000               90481.9424500110 
                  7.5000000000                  14.5000000000               95288.3046986124 
                  7.5000000000                  15.0000000000              100402.1539710624 
                  7.5000000000                  15.5000000000              105806.5031561375 
                  7.5000000000                  16.0000000000              111474.8726931815 
                  7.5000000000                  16.5000000000              117386.4662815562 
                  7.5000000000                  17.0000000000              123495.7485276047 
                  7.5000000000                  17.5000000000              129741.4873675816 
                  7.5000000000                  18.0000000000              136067.3051939851 
                  7.5000000000                  18.5000000000              142408.1652216453 
                  7.5000000000                  19.0000000000              148620.9522828903 
                  7.5000000000                  19.5000000000              154518.3605528780 
                  7.5000000000                  20.0000000000              160011.1443191400 
                  7.5000000000                  20.5000000000              165049.0946867302 
                  7.5000000000                  21.0000000000              169542.6469750219 
                  7.5000000000                  21.5000000000              173442.9566973722 
                  7.5000000000                  22.0000000000              176749.2930326103 
                  7.5000000000                  22.5000000000              179444.1798747156 
                  7.5000000000                  23.0000000000              181481.9929672349 
                  7.5000000000                  23.5000000000              182860.7297270065 
                  7.5000000000                  24.0000000000              183607.1967671766 
                  7.5000000000                  24.5000000000              183705.5842528540 
                  7.5000000000                  25.0000000000              183133.8481868354 
                  7.5000000000                  25.5000000000              182220.0503974667 
                  7.5000000000                  26.0000000000              181269.4588085149 
                  7.5000000000                  26.5000000000              180239.1575359856 
                  7.5000000000                  27.0000000000              179145.2994315338 
                  7.5000000000                  27.5000000000              177681.8445599146 
                  7.5000000000                  28.0000000000              175571.0593737835 
                  7.5000000000                  28.5000000000              173010.5001806663 
                  7.5000000000                  29.0000000000              170307.5615238963 
                  7.5000000000                  29.5000000000              167873.3387286056 
                  7.5000000000                  30.0000000000              165773.0173188070 
                  7.5000000000                  30.5000000000              163640.3392376170 
                  7.5000000000                  31.0000000000              160855.6893766437 
                  7.5000000000                  31.5000000000              157353.2849055010 
                  7.5000000000                  32.0000000000              153900.8638793781 
                  7.5000000000                  32.5000000000              150598.1996086260 
                  7.5000000000                  33.0000000000              147079.7745200342 
                  7.5000000000                  33.5000000000              143181.3451256167 
                  7.5000000000                  34.0000000000              138991.5194261956 
                  7.5000000000                  34.5000000000              134968.1515605607 
                  7.5000000000                  35.0000000000              131612.6140006317 
                  7.5000000000                  35.5000000000              129219.5578510221 
                  7.5000000000                  36.0000000000              126954.6984131157 
                  7.5000000000                  36.5000000000              123601.5487987107 
                  7.5000000000                  37.0000000000              118298.0737195610 
                  7.5000000000                  37.5000000000              103794.7320952782 
                  7.5000000000                  38.0000000000               84706.2401403839 
                  7.5000000000                  38.5000000000               71663.9705470358 
                  7.5000000000                  39.0000000000               62693.2494098852 
                  7.5000000000                  39.5000000000               56255.7420872654 
                  7.5000000000                  40.0000000000               51930.9089209067 
                  7.5000000000                  40.5000000000               49027.4428184738 
                  7.5000000000                  41.0000000000               46774.4466954094 
                  7.5000000000                  41.5000000000               44837.7298832907 
                  7.5000000000                  42.0000000000               42688.6480168775 
                  7.5000000000                  42.5000000000               39907.6458516683 
                  7.5000000000                  43.0000000000               36689.2673559309 
                  7.5000000000                  43.5000000000               33300.1434844262 
                  7.5000000000                  44.0000000000               30017.0441894706 
                  7.5000000000                  44.5000000000               26934.8306945027 
                  7.5000000000                  45.0000000000               23854.2468162126 
                  7.5000000000                  45.5000000000               20504.4527295639 
                  7.5000000000                  46.0000000000               16955.0143982281 
                  7.5000000000                  46.5000000000               13805.8442933416 
                  7.5000000000                  47.0000000000               11205.7552303212 
                  7.5000000000                  47.5000000000                8913.2123232556 
                  7.5000000000                  48.0000000000                6867.6100568093 
                  7.5000000000                  48.5000000000                4944.9427660279 
                  7.5000000000                  49.0000000000                3109.6295402171 
                  7.5000000000                  49.5000000000                1439.9662425115 
                  7.5000000000                  50.0000000000                   0.0000000000 
                  8.0000000000                   0.0000000000                   0.0000000000 
                  8.0000000000                   0.5000000000                2781.1057686801 
                  8.0000000000                   1.0000000000                5658.0116183863 
                  8.0000000000                   1.5000000000                8639.7652636775 
                  8.0000000000                   2.0000000000               11735.7590777068 
                  8.0000000000                   2.5000000000               14904.6571939225 
                  8.0000000000                   3.0000000000               18085.5941666071 
                  8.0000000000                   3.5000000000               21264.9792006248 
                  8.0000000000                   4.0000000000               24427.3695964492 
                  8.0000000000                   4.5000000000               27565.8101707177 
                  8.0000000000                   5.0000000000               30683.6169463359 
                  8.0000000000                   5.5000000000               33770.0128763933 
                  8.0000000000                   6.0000000000               36828.0187391454 
                  8.0000000000                   6.5000000000               39851.2644203852 
                  8.0000000000                   7.0000000000               42829.8344330397 
                  8.0000000000                   7.5000000000               45800.4551467566 
                  8.0000000000                   8.0000000000               48798.9985754729 
                  8.0000000000                   8.5000000000               51888.3627298870 
                  8.0000000000                   9.0000000000               55179.1627235438 
                  8.0000000000                   9.5000000000               58711.4031224924 
                  8.0000000000                  10.0000000000               62485.4832886506 
                  8.0000000000                  10.5000000000               66512.8819210086 
                  8.0000000000                  11.0000000000               70753.6280385242 
                  8.0000000000                  11.5000000000               75141.3230019170 
                  8.0000000000                  12.0000000000               79601.1775725865 
                  8.0000000000                  12.5000000000               84021.3074045553 
                  8.0000000000                  13.0000000000               88407.7436496363 
                  8.0000000000                  13.5000000000               92903.4844064183 
                  8.0000000000                  14.0000000000               97617.3828459187 
                  8.0000000000                  14.5000000000              102624.5230939286 
                  8.0000000000                  15.0000000000              107988.2842645799 
                  8.0000000000                  15.5000000000              113716.3501419696 
                  8.0000000000                  16.0000000000              119776.8783965870 
                  8.0000000000                  16.5000000000              126146.2095674337 
                  8.0000000000                  17.0000000000              132771.6941561447 
                  8.0000000000                  17.5000000000              139576.0597874984 
                  8.0000000000                  18.0000000000              146483.3214766698 
                  8.0000000000                  18.5000000000              153406.7861600397 
                  8.0000000000                  19.0000000000              160154.1568306914 
                  8.0000000000                  19.5000000000              166495.1533815158 
                  8.0000000000                  20.0000000000              172346.1814919230 
                  8.0000000000                  20.5000000000              177668.0554939662 
                  8.0000000000                  21.0000000000              182369.8070682032 
                  8.0000000000                  21.5000000000              186404.3842309139 
                  8.0000000000                  22.0000000000              189787.3974676899 
                  8.0000000000                  22.5000000000              192531.0354430013 
                  8.0000000000                  23.0000000000              194633.7064549729 
                  8.0000000000                  23.5000000000              196107.8626329852 
                  8.0000000000                  24.0000000000              196947.3601103327 
                  8.0000000000                  24.5000000000              197096.1360882935 
                  8.0000000000                  25.0000000000              196477.3090837239 
                  8.0000000000                  25.5000000000              195400.1529201196 
                  8.0000000000                  26.0000000000              194219.3595429138 
                  8.0000000000                  26.5000000000              192951.9763790176 
                  8.0000000000                  27.0000000000              191687.5154373076 
                  8.0000000000                  27.5000000000              190116.2919152423 
                  8.0000000000                  28.0000000000              187858.2372887110 
                  8.0000000000                  28.5000000000              185024.7410633773 
                  8.0000000000                  29.0000000000              181744.2026209482 
                  8.0000000000                  29.5000000000              178468.4299621453 
                  8.0000000000                  30.0000000000              175547.7140703726 
                  8.0000000000                  30.5000000000              172666.5141002201 
                  8.0000000000                  31.0000000000              169242.4358290145 
                  8.0000000000                  31.5000000000              165279.8940415694 
                  8.0000000000                  32.0000000000              161464.2046375245 
                  8.0000000000                  32.5000000000              157890.5193761429 
                  8.0000000000                  33.0000000000              154348.4102255062 
                  8.0000000000                  33.5000000000              150695.9147811081 
                  8.0000000000                  34.0000000000              146671.6725323304 
                  8.0000000000                  34.5000000000              142497.0411095263 
                  8.0000000000                  35.0000000000              138743.4367931617 
                  8.0000000000                  35.5000000000              135818.2947115345 
                  8.0000000000                  36.0000000000              133134.7077408506 
                  8.0000000000                  36.5000000000              129710.5049554145 
                  8.0000000000                  37.0000000000              124913.2768840905 
                  8.0000000000                  37.5000000000              113384.6947123653 
                  8.0000000000                  38.0000000000               97296.9678480992 
                  8.0000000000                  38.5000000000               84291.5676242966 
                  8.0000000000                  39.0000000000               74069.4149266321 
                  8.0000000000                  39.5000000000               65602.9790210914 
                  8.0000000000                  40.0000000000               59637.6435482680 
                  8.0000000000                  40.5000000000               56071.9974677755 
                  8.0000000000                  41.0000000000               53508.8106409317 
                  8.0000000000                  41.5000000000               51632.9373090192 
                  8.0000000000                  42.0000000000               49786.2102459649 
                  8.0000000000                  42.5000000000               47160.1838166003 
                  8.0000000000                  43.0000000000               43809.3132299476 
                  8.0000000000                  43.5000000000               39753.9072070019 
                  8.0000000000                  44.0000000000               35336.3280944554 
                  8.0000000000                  44.5000000000               31324.5773435217 
                  8.0000000000                  45.0000000000               27602.0850093002 
                  8.0000000000                  45.5000000000               23534.9880227231 
                  8.0000000000                  46.0000000000               19217.5527886536 
                  8.0000000000                  46.5000000000               15534.1830888237 
                  8.0000000000                  47.0000000000               12599.1709344644 
                  8.0000000000                  47.5000000000               10017.1459991953 
                  8.0000000000                  48.0000000000                7745.1618061896 
                  8.0000000000                  48.5000000000                5596.5845480735 
                  8.0000000000                  49.0000000000                3516.9370794433 
                  8.0000000000                  49.5000000000                1623.9794744233 
                  8.0000000000                  50.0000000000                   0.0000000000 
                  8.5000000000                   0.0000000000                   0.0000000000 
                  8.5000000000                   0.5000000000                2991.9544108942 
                  8.5000000000                   1.0000000000                6052.5867390519 
                  8.5000000000                   1.5000000000                9197.3769582498 
                  8.5000000000                   2.0000000000               12439.1330183690 
                  8.5000000000                   2.5000000000               15755.2831476548 
                  8.5000000000                   3.0000000000               19105.0254163552 
                  8.5000000000                   3.5000000000               22472.7172505997 
                  8.5000000000                   4.0000000000               25833.3104954544 
                  8.5000000000                   4.5000000000               29156.2405176890 
                  8.5000000000                   5.0000000000               32434.6995996468 
                  8.5000000000                   5.5000000000               35676.5104247191 
                  8.5000000000                   6.0000000000               38912.1076944650 
                  8.5000000000                   6.5000000000               42178.3055121744 
                  8.5000000000                   7.0000000000               45474.0611487589 
                  8.5000000000                   7.5000000000               48804.6122610864 
                  8.5000000000                   8.0000000000               52175.6647896273 
                  8.5000000000                   8.5000000000               55593.7976403999 
                  8.5000000000                   9.0000000000               59144.2053642913 
                  8.5000000000                   9.5000000000               62906.1677421241 
                  8.5000000000                  10.0000000000               66921.7737355953 
                  8.5000000000                  10.5000000000               71260.6114257155 
                  8.5000000000                  11.0000000000               75925.6643019780 
                  8.5000000000                  11.5000000000               80816.2210189609 
                  8.5000000000                  12.0000000000               85807.6992613452 
                  8.5000000000                  12.5000000000               90745.9035701071 
                  8.5000000000                  13.0000000000               95565.0301066655 
                  8.5000000000                  13.5000000000              100399.7807648282 
                  8.5000000000                  14.0000000000              105411.5771533643 
                  8.5000000000                  14.5000000000              110705.2902324413 
                  8.5000000000                  15.0000000000              116381.8162671816 
                  8.5000000000                  15.5000000000              122476.0153665853 
                  8.5000000000                  16.0000000000              128955.5972042617 
                  8.5000000000                  16.5000000000              135799.7117087136 
                  8.5000000000                  17.0000000000              142961.5618147169 
                  8.5000000000                  17.5000000000              150341.0862977001 
                  8.5000000000                  18.0000000000              157823.3662500023 
                  8.5000000000                  18.5000000000              165281.5819613097 
                  8.5000000000                  19.0000000000              172455.3899357906 
                  8.5000000000                  19.5000000000              179099.9050046109 
                  8.5000000000                  20.0000000000              185171.3662121293 
                  8.5000000000                  20.5000000000              190646.0647401362 
                  8.5000000000                  21.0000000000              195437.2256791298 
                  8.5000000000                  21.5000000000              199501.9463917485 
                  8.5000000000                  22.0000000000              202870.7922649510 
                  8.5000000000                  22.5000000000              205577.3390606663 
                  8.5000000000                  23.0000000000              207674.9835666582 
                  8.5000000000                  23.5000000000              209218.4106775846 
                  8.5000000000                  24.0000000000              210159.8370021010 
                  8.5000000000                  24.5000000000              210388.5031909932 
                  8.5000000000                  25.0000000000              209761.3339151670 
                  8.5000000000                  25.5000000000              208506.6369109451 
                  8.5000000000                  26.0000000000              207022.3470638889 
                  8.5000000000                  26.5000000000              205425.5096686547 
                  8.5000000000                  27.0000000000              203883.7424380087 
                  8.5000000000                  27.5000000000              202131.2425851692 
                  8.5000000000                  28.0000000000              199707.1115864121 
                  8.5000000000                  28.5000000000              196607.6928288140 
                  8.5000000000                  29.0000000000              192774.8985661233 
                  8.5000000000                  29.5000000000              188647.3192772209 
                  8.5000000000                  30.0000000000              184870.0713540577 
                  8.5000000000                  30.5000000000              181272.6070097586 
                  8.5000000000                  31.0000000000              177321.2463915965 
                  8.5000000000                  31.5000000000              172995.1239677898 
                  8.5000000000                  32.0000000000              168843.1780529952 
                  8.5000000000                  32.5000000000              164983.4286692289 
                  8.5000000000                  33.0000000000              161310.3243000456 
                  8.5000000000                  33.5000000000              157690.1306328101 
                  8.5000000000                  34.0000000000              153650.6893195595 
                  8.5000000000                  34.5000000000              149208.1113954471 
                  8.5000000000                  35.0000000000              144894.6659150029 
                  8.5000000000                  35.5000000000              141175.4096863826 
                  8.5000000000                  36.0000000000              137741.3903717805 
                  8.5000000000                  36.5000000000              133890.2262700096 
                  8.5000000000                  37.0000000000              129081.3901694729 
                  8.5000000000                  37.5000000000              120489.7200288915 
                  8.5000000000                  38.0000000000              108858.8994609697 
                  8.5000000000                  38.5000000000               97864.3430131482 
                  8.5000000000                  39.0000000000               87761.0923297457 
                  8.5000000000                  39.5000000000               77876.7937717666 
                  8.5000000000                  40.0000000000               69823.5703647670 
                  8.5000000000                  40.5000000000               64730.8559706632 
                  8.5000000000                  41.0000000000               61224.2728410692 
                  8.5000000000                  41.5000000000               58912.8485838255 
                  8.5000000000                  42.0000000000               57116.0562398364 
                  8.5000000000                  42.5000000000               54775.4667916797 
                  8.5000000000                  43.0000000000               51720.2143902066 
                  8.5000000000                  43.5000000000               47649.4759011027 
                  8.5000000000                  44.0000000000               42570.0538720800 
                  8.5000000000                  44.5000000000               37677.8477982737 
                  8.5000000000                  45.0000000000               33225.6994569400 
                  8.5000000000                  45.5000000000               28454.3924821623 
                  8.5000000000                  46.0000000000               23368.0348889334 
                  8.5000000000                  46.5000000000               18877.4149690819 
                  8.5000000000                  47.0000000000               15219.6490941039 
                  8.5000000000                  47.5000000000               12019.2319690614 
                  8.5000000000                  48.0000000000                9237.0280910135 
                  8.5000000000                  48.5000000000                6657.3284225794 
                  8.5000000000                  49.0000000000                4192.7778775176 
                  8.5000000000                  49.5000000000                1949.4471567384 
                  8.5000000000                  50.0000000000                   0.0000000000 
                  9.0000000000                   0.0000000000                   0.0000000000 
                  9.0000000000                   0.5000000000                3180.7416598879 
                  9.0000000000                   1.0000000000                6417.6484446224 
                  9.0000000000                   1.5000000000                9723.5518081860 
                  9.0000000000                   2.0000000000               13110.6161739654 
                  9.0000000000                   2.5000000000               16574.4235821366 
                  9.0000000000                   3.0000000000               20095.9962847165 
                  9.0000000000                   3.5000000000               23658.8299328841 
                  9.0000000000                   4.0000000000               27240.0897022433 
                  9.0000000000                   4.5000000000               30786.3260388635 
                  9.0000000000                   5.0000000000               34258.9243397032 
                  9.0000000000                   5.5000000000               37676.9318285345 
                  9.0000000000                   6.0000000000               41087.0836650693 
                  9.0000000000                   6.5000000000               44568.2946065735 
                  9.0000000000                   7.0000000000               48165.2418212491 
                  9.0000000000                   7.5000000000               51862.1071706843 
                  9.0000000000                   8.0000000000               55628.6308381628 
                  9.0000000000                   8.5000000000               59421.3440589230 
                  9.0000000000                   9.0000000000               63272.5805087218 
                  9.0000000000                   9.5000000000               67282.4736626570 
                  9.0000000000                  10.0000000000               71546.0365982379 
                  9.0000000000                  10.5000000000               76199.3298621430 
                  9.0000000000                  11.0000000000               81285.6450224096 
                  9.0000000000                  11.5000000000               86656.5017141480 
                  9.0000000000                  12.0000000000               92134.9244740425 
                  9.0000000000                  12.5000000000               97546.3646929654 
                  9.0000000000                  13.0000000000              102800.5062851303 
                  9.0000000000                  13.5000000000              108027.0233094300 
                  9.0000000000                  14.0000000000              113405.4832277796 
                  9.0000000000                  14.5000000000              119053.2986390130 
                  9.0000000000                  15.0000000000              125094.8373423371 
                  9.0000000000                  15.5000000000              131585.8527366921 
                  9.0000000000                  16.0000000000              138493.0114201405 
                  9.0000000000                  16.5000000000              145797.4538258460 
                  9.0000000000                  17.0000000000              153447.1261496030 
                  9.0000000000                  17.5000000000              161306.2784372226 
                  9.0000000000                  18.0000000000              169221.7818723302 
                  9.0000000000                  18.5000000000              177030.6690622053 
                  9.0000000000                  19.0000000000              184456.5741976300 
                  9.0000000000                  19.5000000000              191289.0670646708 
                  9.0000000000                  20.0000000000              197510.2667721766 
                  9.0000000000                  20.5000000000              203101.6841271081 
                  9.0000000000                  21.0000000000              207989.2548731456 
                  9.0000000000                  21.5000000000              212132.8028962985 
                  9.0000000000                  22.0000000000              215559.0991683262 
                  9.0000000000                  22.5000000000              218301.6218152881 
                  9.0000000000                  23.0000000000              220429.5870487163 
                  9.0000000000                  23.5000000000              222036.1700088658 
                  9.0000000000                  24.0000000000              223071.1027359820 
                  9.0000000000                  24.5000000000              223391.5643059236 
                  9.0000000000                  25.0000000000              222839.1457266532 
                  9.0000000000                  25.5000000000              221541.1157478345 
                  9.0000000000                  26.0000000000              219854.7595767255 
                  9.0000000000                  26.5000000000              217974.9089163812 
                  9.0000000000                  27.0000000000              216117.1198239778 
                  9.0000000000                  27.5000000000              214070.3626093020 
                  9.0000000000                  28.0000000000              211357.7317534317 
                  9.0000000000                  28.5000000000              207887.6967488681 
                  9.0000000000                  29.0000000000              203495.4880013310 
                  9.0000000000                  29.5000000000              198642.0721493168 
                  9.0000000000                  30.0000000000              194182.3256880622 
                  9.0000000000                  30.5000000000              190068.2163856336 
                  9.0000000000                  31.0000000000              185841.1895611981 
                  9.0000000000                  31.5000000000              181387.4169761568 
                  9.0000000000                  32.0000000000              177033.3500097822 
                  9.0000000000                  32.5000000000              172930.0530304814 
                  9.0000000000                  33.0000000000              169076.5825672990 
                  9.0000000000                  33.5000000000              165326.7143720476 
                  9.0000000000                  34.0000000000              161056.1345322419 
                  9.0000000000                  34.5000000000              156095.0803272940 
                  9.0000000000                  35.0000000000              150844.1631661702 
                  9.0000000000                  35.5000000000              145753.4396051712 
                  9.0000000000                  36.0000000000              141000.5219691957 
                  9.0000000000                  36.5000000000              136279.9918695589 
                  9.0000000000                  37.0000000000              131028.1578972024 
                  9.0000000000                  37.5000000000              124219.3661364126 
                  9.0000000000                  38.0000000000              115995.1972944986 
                  9.0000000000                  38.5000000000              107303.9303608678 
                  9.0000000000                  39.0000000000               98312.4382729261 
                  9.0000000000                  39.5000000000               88636.8695804395 
                  9.0000000000                  40.0000000000               79778.6500717481 
                  9.0000000000                  40.5000000000               73424.4371209737 
                  9.0000000000                  41.0000000000               68934.5003251717 
                  9.0000000000                  41.5000000000               65931.0831731652 
                  9.0000000000                  42.0000000000               63760.3195605410 
                  9.0000000000                  42.5000000000               61332.5161263332 
                  9.0000000000                  43.0000000000               58304.7867706315 
                  9.0000000000                  43.5000000000               54285.1798641571 
                  9.0000000000                  44.0000000000               49111.1801120373 
                  9.0000000000                  44.5000000000               43836.2112311806 
                  9.0000000000                  45.0000000000               38905.6023891614 
                  9.0000000000                  45.5000000000               33856.3184078400 
                  9.0000000000                  46.0000000000               28589.6317492968 
                  9.0000000000                  46.5000000000               23564.3342798541 
                  9.0000000000                  47.0000000000               19092.3388337863 
                  9.0000000000                  47.5000000000               15077.3536786410 
                  9.0000000000                  48.0000000000               11511.9306144694 
                  9.0000000000                  48.5000000000                8265.8283889300 
                  9.0000000000                  49.0000000000                5246.3850631930 
                  9.0000000000                  49.5000000000                2482.7034055966 
                  9.0000000000                  50.0000000000                   0.0000000000 
                  9.5000000000                   0.0000000000                   0.0000000000 
                  9.5000000000                   0.5000000000                3369.0505657694 
                  9.5000000000                   1.0000000000                6783.9347343280 
                  9.5000000000                   1.5000000000               10252.5389548451 
                  9.5000000000                   2.0000000000               13784.8800926423 
                  9.5000000000                   2.5000000000               17395.2388358402 
                  9.5000000000                   3.0000000000               21087.0620472997 
                  9.5000000000                   3.5000000000               24844.8016867165 
                  9.5000000000                   4.0000000000               28652.4548283771 
                  9.5000000000                   4.5000000000               32446.3070030019 
                  9.5000000000                   5.0000000000               36158.7730091819 
                  9.5000000000                   5.5000000000               39805.0687778489 
                  9.5000000000                   6.0000000000               43431.4160761467 
                  9.5000000000                   6.5000000000               47147.1289907435 
                  9.5000000000                   7.0000000000               51049.5166975963 
                  9.5000000000                   7.5000000000               55112.1436363791 
                  9.5000000000                   8.0000000000               59273.1202086151 
                  9.5000000000                   8.5000000000               63460.4655354572 
                  9.5000000000                   9.0000000000               67662.1433172808 
                  9.5000000000                   9.5000000000               71972.6517392741 
                  9.5000000000                  10.0000000000               76516.6023546273 
                  9.5000000000                  10.5000000000               81489.0327686600 
                  9.5000000000                  11.0000000000               86947.5479743216 
                  9.5000000000                  11.5000000000               92685.1045776955 
                  9.5000000000                  12.0000000000               98504.8764753029 
                  9.5000000000                  12.5000000000              104255.1698230407 
                  9.5000000000                  13.0000000000              109875.6434300481 
                  9.5000000000                  13.5000000000              115496.2197247476 
                  9.5000000000                  14.0000000000              121276.1467048959 
                  9.5000000000                  14.5000000000              127325.1497801540 
                  9.5000000000                  15.0000000000              133775.8852442105 
                  9.5000000000                  15.5000000000              140689.8963854703 
                  9.5000000000                  16.0000000000              148025.1784262610 
                  9.5000000000                  16.5000000000              155758.0394920899 
                  9.5000000000                  17.0000000000              163813.0282692382 
                  9.5000000000                  17.5000000000              172014.3722915370 
                  9.5000000000                  18.0000000000              180189.1489834617 
                  9.5000000000                  18.5000000000              188165.3653746651 
                  9.5000000000                  19.0000000000              195704.3004674179 
                  9.5000000000                  19.5000000000              202654.9015084063 
                  9.5000000000                  20.0000000000              209005.1908011133 
                  9.5000000000                  20.5000000000              214731.6860817827 
                  9.5000000000                  21.0000000000              219773.2573559850 
                  9.5000000000                  21.5000000000              224090.5661111611 
                  9.5000000000                  22.0000000000              227693.0339725615 
                  9.5000000000                  22.5000000000              230594.1755036870 
                  9.5000000000                  23.0000000000              232839.0500982612 
                  9.5000000000                  23.5000000000              234536.6057415903 
                  9.5000000000                  24.0000000000              235667.4302992568 
                  9.5000000000                  24.5000000000              236094.0727265633 
                  9.5000000000                  25.0000000000              235684.8057918443 
                  9.5000000000                  25.5000000000              234486.8160228931 
                  9.5000000000                  26.0000000000              232757.5476617305 
                  9.5000000000                  26.5000000000              230706.9493678521 
                  9.5000000000                  27.0000000000              228559.9861671337 
                  9.5000000000                  27.5000000000              226145.7536542703 
                  9.5000000000                  28.0000000000              223016.6561483694 
                  9.5000000000                  28.5000000000              219047.8755586928 
                  9.5000000000                  29.0000000000              214040.8113562873 
                  9.5000000000                  29.5000000000              208549.9352880603 
                  9.5000000000                  30.0000000000              203594.3574827938 
                  9.5000000000                  30.5000000000              199179.7388835885 
                  9.5000000000                  31.0000000000              194909.7606451318 
                  9.5000000000                  31.5000000000              190575.7731983082 
                  9.5000000000                  32.0000000000              186244.4761967321 
                  9.5000000000                  32.5000000000              182051.5741585208 
                  9.5000000000                  33.0000000000              178092.8216107029 
                  9.5000000000                  33.5000000000              174208.0100013488 
                  9.5000000000                  34.0000000000              169621.3466090909 
                  9.5000000000                  34.5000000000              163945.0106303095 
                  9.5000000000                  35.0000000000              157310.3182443801 
                  9.5000000000                  35.5000000000              150059.1673832820 
                  9.5000000000                  36.0000000000              143396.9687430741 
                  9.5000000000                  36.5000000000              137722.5363170486 
                  9.5000000000                  37.0000000000              132293.1529382851 
                  9.5000000000                  37.5000000000              126612.1578799316 
                  9.5000000000                  38.0000000000              120199.9105862651 
                  9.5000000000                  38.5000000000              112898.9528269151 
                  9.5000000000                  39.0000000000              104880.0246898761 
                  9.5000000000                  39.5000000000               96032.8036364508 
                  9.5000000000                  40.0000000000               87553.1820955665 
                  9.5000000000                  40.5000000000               80864.0076562902 
                  9.5000000000                  41.0000000000               75797.2101636744 
                  9.5000000000                  41.5000000000               72168.5556454676 
                  9.5000000000                  42.0000000000               69404.6793050567 
                  9.5000000000                  42.5000000000               66516.4673748956 
                  9.5000000000                  43.0000000000               63116.3790130057 
                  9.5000000000                  43.5000000000               58851.8269297311 
                  9.5000000000                  44.0000000000               53675.3702141600 
                  9.5000000000                  44.5000000000               48406.4014575786 
                  9.5000000000                  45.0000000000               43387.3447049240 
                  9.5000000000                  45.5000000000               38442.2114639229 
                  9.5000000000                  46.0000000000               33494.7648221701 
                  9.5000000000                  46.5000000000               28499.4246432039 
                  9.5000000000                  47.0000000000               23591.3977879019 
                  9.5000000000                  47.5000000000               18894.3685676397 
                  9.5000000000                  48.0000000000               14477.0687038791 
                  9.5000000000                  48.5000000000               10419.7462167586 
                  9.5000000000                  49.0000000000                6704.9614419301 
                  9.5000000000                  49.5000000000                3248.5847352225 
                  9.5000000000                  50.0000000000                   0.0000000000 
                 10.0000000000                   0.0000000000                   0.0000000000 
                 10.0000000000                   0.5000000000                3569.7996599531 
                 10.0000000000                   1.0000000000                7171.0372750022 
                 10.0000000000                   1.5000000000               10805.3853104152 
                 10.0000000000                   2.0000000000               14481.6829254065 
                 10.0000000000                   2.5000000000               18234.5627879712 
                 10.0000000000                   3.0000000000               22090.2112249854 
                 10.0000000000                   3.5000000000               26035.2916671590 
                 10.0000000000                   4.0000000000               30062.0455608241 
                 10.0000000000                   4.5000000000               34108.3848134320 
                 10.0000000000                   5.0000000000               38093.8268640799 
                 10.0000000000                   5.5000000000               42026.7272988018 
                 10.0000000000                   6.0000000000               45936.9006433087 
                 10.0000000000                   6.5000000000               49945.9723027497 
                 10.0000000000                   7.0000000000               54188.6220176849 
                 10.0000000000                   7.5000000000               58630.2021765179 
                 10.0000000000                   8.0000000000               63194.4405975870 
                 10.0000000000                   8.5000000000               67803.6198014767 
                 10.0000000000                   9.0000000000               72423.9562329015 
                 10.0000000000                   9.5000000000               77129.7192581404 
                 10.0000000000                  10.0000000000               82023.4804051923 
                 10.0000000000                  10.5000000000               87305.2912994186 
                 10.0000000000                  11.0000000000               93008.6990199251 
                 10.0000000000                  11.5000000000               98912.2761024738 
                 10.0000000000                  12.0000000000              104886.1826585773 
                 10.0000000000                  12.5000000000              110845.9165532278 
                 10.0000000000                  13.0000000000              116785.5020814973 
                 10.0000000000                  13.5000000000              122823.9904769926 
                 10.0000000000                  14.0000000000              129064.3778045146 
                 10.0000000000                  14.5000000000              135584.1901535816 
                 10.0000000000                  15.0000000000              142500.8063208072 
                 10.0000000000                  15.5000000000              149866.8697540279 
                 10.0000000000                  16.0000000000              157629.8087035636 
                 10.0000000000                  16.5000000000              165755.4710443278 
                 10.0000000000                  17.0000000000              174138.2555585605 
                 10.0000000000                  17.5000000000              182569.2637303312 
                 10.0000000000                  18.0000000000              190878.3085385759 
                 10.0000000000                  18.5000000000              198912.1128123119 
                 10.0000000000                  19.0000000000              206485.3946673027 
                 10.0000000000                  19.5000000000              213507.2346251342 
                 10.0000000000                  20.0000000000              219969.5120993579 
                 10.0000000000                  20.5000000000              225839.6956880176 
                 10.0000000000                  21.0000000000              231063.9180130181 
                 10.0000000000                  21.5000000000              235602.4273861259 
                 10.0000000000                  22.0000000000              239446.7866543375 
                 10.0000000000                  22.5000000000              242580.9231626023 
                 10.0000000000                  23.0000000000              245009.6629415333 
                 10.0000000000                  23.5000000000              246841.1405635453 
                 10.0000000000                  24.0000000000              248089.9319192255 
                 10.0000000000                  24.5000000000              248645.1756077929 
                 10.0000000000                  25.0000000000              248414.3712456457 
                 10.0000000000                  25.5000000000              247382.1716663348 
                 10.0000000000                  26.0000000000              245703.2956932507 
                 10.0000000000                  26.5000000000              243564.6852749070 
                 10.0000000000                  27.0000000000              241164.5924929816 
                 10.0000000000                  27.5000000000              238358.4911173770 
                 10.0000000000                  28.0000000000              234741.9984018437 
                 10.0000000000                  28.5000000000              230186.5682124530 
                 10.0000000000                  29.0000000000              224503.0988238194 
                 10.0000000000                  29.5000000000              218384.1588837629 
                 10.0000000000                  30.0000000000              213020.2026224370 
                 10.0000000000                  30.5000000000              208438.3661812481 
                 10.0000000000                  31.0000000000              204272.3122218497 
                 10.0000000000                  31.5000000000              200233.2264428158 
                 10.0000000000                  32.0000000000              196141.2941538147 
                 10.0000000000                  32.5000000000              192075.5136185064 
                 10.0000000000                  33.0000000000              188193.9072390866 
                 10.0000000000                  33.5000000000              184330.5111965368 
                 10.0000000000                  34.0000000000              179558.0808041472 
                 10.0000000000                  34.5000000000              173236.0295953674 
                 10.0000000000                  35.0000000000              164912.9302085461 
                 10.0000000000                  35.5000000000              154475.9856911813 
                 10.0000000000                  36.0000000000              145387.1588479775 
                 10.0000000000                  36.5000000000              139123.6182811909 
                 10.0000000000                  37.0000000000              133806.4894660382 
                 10.0000000000                  37.5000000000              128988.8932941182 
                 10.0000000000                  38.0000000000              123710.2855889141 
                 10.0000000000                  38.5000000000              117330.0221200195 
                 10.0000000000                  39.0000000000              110069.5967346926 
                 10.0000000000                  39.5000000000              101941.6716788101 
                 10.0000000000                  40.0000000000               93905.5847837789 
                 10.0000000000                  40.5000000000               87154.4565587296 
                 10.0000000000                  41.0000000000               81729.7030214063 
                 10.0000000000                  41.5000000000               77563.6075685980 
                 10.0000000000                  42.0000000000               74201.1444628444 
                 10.0000000000                  42.5000000000               70814.1187016671 
                 10.0000000000                  43.0000000000               67045.0048963879 
                 10.0000000000                  43.5000000000               62610.4940421871 
                 10.0000000000                  44.0000000000               57483.1804373116 
                 10.0000000000                  44.5000000000               52271.3569080663 
                 10.0000000000                  45.0000000000               47252.7013172902 
                 10.0000000000                  45.5000000000               42435.6892798698 
                 10.0000000000                  46.0000000000               37818.8671059189 
                 10.0000000000                  46.5000000000               33053.3507624399 
                 10.0000000000                  47.0000000000               28066.4306932155 
                 10.0000000000                  47.5000000000               23004.0069060218 
                 10.0000000000                  48.0000000000               17874.9422452146 
                 10.0000000000                  48.5000000000               13008.0143716159 
                 10.0000000000                  49.0000000000                8552.4311821110 
                 10.0000000000                  49.5000000000                4280.3255677986 
                 10.0000000000                  50.0000000000                   0.0000000000 
                 10.5000000000                   0.0000000000                   0.0000000000 
                 10.5000000000                   0.5000000000                3802.2982978273 
                 10.5000000000                   1.0000000000                7606.3756152445 
                 10.5000000000                   1.5000000000               11412.2699709897 
                 10.5000000000                   2.0000000000               15229.4928701805 
                 10.5000000000                   2.5000000000               19114.6222059913 
                 10.5000000000                   3.0000000000               23118.0177126238 
                 10.5000000000                   3.5000000000               27230.2509166100 
                 10.5000000000                   4.0000000000               31452.0091533609 
                 10.5000000000                   4.5000000000               35740.9326813661 
                 10.5000000000                   5.0000000000               40028.2702762679 
                 10.5000000000                   5.5000000000               44319.5663110291 
                 10.5000000000                   6.0000000000               48636.0280312826 
                 10.5000000000                   6.5000000000               53049.1763123072 
                 10.5000000000                   7.0000000000               57662.8553943552 
                 10.5000000000                   7.5000000000               62467.1029799840 
                 10.5000000000                   8.0000000000               67407.9396342558 
                 10.5000000000                   8.5000000000               72454.5996860315 
                 10.5000000000                   9.0000000000               77599.5481940480 
                 10.5000000000                   9.5000000000               82866.4333298173 
                 10.5000000000                  10.0000000000               88285.8392896295 
                 10.5000000000                  10.5000000000               93854.5032416438 
                 10.5000000000                  11.0000000000               99511.9143425597 
                 10.5000000000                  11.5000000000              105265.4560835307 
                 10.5000000000                  12.0000000000              111164.5357798895 
                 10.5000000000                  12.5000000000              117211.9632306296 
                 10.5000000000                  13.0000000000              123466.7317514514 
                 10.5000000000                  13.5000000000              129983.5306761751 
                 10.5000000000                  14.0000000000              136769.8552564266 
                 10.5000000000                  14.5000000000              143848.5704400642 
                 10.5000000000                  15.0000000000              151289.1235451295 
                 10.5000000000                  15.5000000000              159129.9572750179 
                 10.5000000000                  16.0000000000              167316.2373873631 
                 10.5000000000                  16.5000000000              175793.8871521834 
                 10.5000000000                  17.0000000000              184418.0946786776 
                 10.5000000000                  17.5000000000              192967.6657136684 
                 10.5000000000                  18.0000000000              201304.8325994226 
                 10.5000000000                  18.5000000000              209313.1311669904 
                 10.5000000000                  19.0000000000              216873.7639039357 
                 10.5000000000                  19.5000000000              223945.4844742147 
                 10.5000000000                  20.0000000000              230512.7318262639 
                 10.5000000000                  20.5000000000              236534.5190637222 
                 10.5000000000                  21.0000000000              241962.2511291336 
                 10.5000000000                  21.5000000000              246758.0261588770 
                 10.5000000000                  22.0000000000              250898.3586477535 
                 10.5000000000                  22.5000000000              254339.4249299306 
                 10.5000000000                  23.0000000000              257029.2109467833 
                 10.5000000000                  23.5000000000              259043.9393473854 
                 10.5000000000                  24.0000000000              260436.6627914387 
                 10.5000000000                  24.5000000000              261138.3640560619 
                 10.5000000000                  25.0000000000              261101.3051205313 
                 10.5000000000                  25.5000000000              260282.6203233671 
                 10.5000000000                  26.0000000000              258739.8377045579 
                 10.5000000000                  26.5000000000              256605.9909999222 
                 10.5000000000                  27.0000000000              254028.1392294945 
                 10.5000000000                  27.5000000000              250847.1714523367 
                 10.5000000000                  28.0000000000              246694.7049474674 
                 10.5000000000                  28.5000000000              241462.9131166365 
                 10.5000000000                  29.0000000000              234977.9633752521 
                 10.5000000000                  29.5000000000              228160.5222476450 
                 10.5000000000                  30.0000000000              222431.0848229680 
                 10.5000000000                  30.5000000000              217771.3648005509 
                 10.5000000000                  31.0000000000              213782.0036446344 
                 10.5000000000                  31.5000000000              210137.8650452980 
                 10.5000000000                  32.0000000000              206485.5041608911 
                 10.5000000000                  32.5000000000              202806.5658335177 
                 10.5000000000                  33.0000000000              199268.8552775771 
                 10.5000000000                  33.5000000000              195704.4064963688 
                 10.5000000000                  34.0000000000              191075.4690524816 
                 10.5000000000                  34.5000000000              184517.4436843343 
                 10.5000000000                  35.0000000000              174732.1979220354 
                 10.5000000000                  35.5000000000              160398.6853131735 
                 10.5000000000                  36.0000000000              148252.8247332098 
                 10.5000000000                  36.5000000000              141463.6355852142 
                 10.5000000000                  37.0000000000              136126.4589590007 
                 10.5000000000                  37.5000000000              131724.3801799681 
                 10.5000000000                  38.0000000000              127004.0790743345 
                 10.5000000000                  38.5000000000              121138.5210134182 
                 10.5000000000                  39.0000000000              114366.2653517402 
                 10.5000000000                  39.5000000000              106763.3268694336 
                 10.5000000000                  40.0000000000               99116.4033323310 
                 10.5000000000                  40.5000000000               92408.9730868681 
                 10.5000000000                  41.0000000000               86762.5972199515 
                 10.5000000000                  41.5000000000               82170.9799992092 
                 10.5000000000                  42.0000000000               78286.8810694140 
                 10.5000000000                  42.5000000000               74458.8812130707 
                 10.5000000000                  43.0000000000               70393.1408350574 
                 10.5000000000                  43.5000000000               65876.9316284001 
                 10.5000000000                  44.0000000000               60858.3827035370 
                 10.5000000000                  44.5000000000               55714.1719259971 
                 10.5000000000                  45.0000000000               50658.5427702289 
                 10.5000000000                  45.5000000000               45822.2696351891 
                 10.5000000000                  46.0000000000               41304.9630957748 
                 10.5000000000                  46.5000000000               36694.5221401320 
                 10.5000000000                  47.0000000000               31795.7415396070 
                 10.5000000000                  47.5000000000               26687.3342380292 
                 10.5000000000                  48.0000000000               21210.1179596176 
                 10.5000000000                  48.5000000000               15775.0514851079 
                 10.5000000000                  49.0000000000               10664.7200795971 
                 10.5000000000                  49.5000000000                5535.9209974409 
                 10.5000000000                  50.0000000000                   0.0000000000 
                 11.0000000000                   0.0000000000                   0.0000000000 
                 11.0000000000                   0.5000000000                4051.0829398445 
                 11.0000000000                   1.0000000000                8069.2397238458 
                 11.0000000000                   1.5000000000               12057.5430004777 
                 11.0000000000                   2.0000000000               16024.2549351515 
                 11.0000000000                   2.5000000000               20044.3276191981 
                 11.0000000000                   3.0000000000               24191.6986552886 
                 11.0000000000                   3.5000000000               28463.0800579891 
                 11.0000000000                   4.0000000000               32863.6948797714 
                 11.0000000000                   4.5000000000               37373.7340283734 
                 11.0000000000                   5.0000000000               41949.8962562690 
                 11.0000000000                   5.5000000000               46597.3459908612 
                 11.0000000000                   6.0000000000               51336.4523725202 
                 11.0000000000                   6.5000000000               56178.3348957874 
                 11.0000000000                   7.0000000000               61155.5334199002 
                 11.0000000000                   7.5000000000               66282.9070009217 
                 11.0000000000                   8.0000000000               71548.5758118174 
                 11.0000000000                   8.5000000000               76968.2846575013 
                 11.0000000000                   9.0000000000               82562.8180773258 
                 11.0000000000                   9.5000000000               88311.7780662147 
                 11.0000000000                  10.0000000000               94172.9053774697 
                 11.0000000000                  10.5000000000               99982.3228774189 
                 11.0000000000                  11.0000000000              105636.3596379707 
                 11.0000000000                  11.5000000000              111323.8779906404 
                 11.0000000000                  12.0000000000              117226.6991238681 
                 11.0000000000                  12.5000000000              123436.6944389381 
                 11.0000000000                  13.0000000000              130057.2272098380 
                 11.0000000000                  13.5000000000              137077.5629297038 
                 11.0000000000                  14.0000000000              144427.4678853013 
                 11.0000000000                  14.5000000000              152074.1645014212 
                 11.0000000000                  15.0000000000              160038.9103899478 
                 11.0000000000                  15.5000000000              168342.7535045955 
                 11.0000000000                  16.0000000000              176921.2757851021 
                 11.0000000000                  16.5000000000              185695.5013503829 
                 11.0000000000                  17.0000000000              194495.4680437804 
                 11.0000000000                  17.5000000000              203110.7074630650 
                 11.0000000000                  18.0000000000              211441.3287292570 
                 11.0000000000                  18.5000000000              219409.5578835020 
                 11.0000000000                  19.0000000000              226950.7443464779 
                 11.0000000000                  19.5000000000              234058.6452841143 
                 11.0000000000                  20.0000000000              240716.5832454035 
                 11.0000000000                  20.5000000000              246881.5616691491 
                 11.0000000000                  21.0000000000              252510.6991804311 
                 11.0000000000                  21.5000000000              257571.1637422166 
                 11.0000000000                  22.0000000000              262030.4978278303 
                 11.0000000000                  22.5000000000              265825.8352356285 
                 11.0000000000                  23.0000000000              268867.4808275484 
                 11.0000000000                  23.5000000000              271188.5511857013 
                 11.0000000000                  24.0000000000              272850.1353639496 
                 11.0000000000                  24.5000000000              273813.8672594775 
                 11.0000000000                  25.0000000000              274054.4193476555 
                 11.0000000000                  25.5000000000              273515.5472569703 
                 11.0000000000                  26.0000000000              272190.7142087414 
                 11.0000000000                  26.5000000000              270157.2258937149 
                 11.0000000000                  27.0000000000              267519.0103609228 
                 11.0000000000                  27.5000000000              264085.6956331554 
                 11.0000000000                  28.0000000000              259482.1467805023 
                 11.0000000000                  28.5000000000              253604.8580158959 
                 11.0000000000                  29.0000000000              246225.8959729256 
                 11.0000000000                  29.5000000000              238572.3551460172 
                 11.0000000000                  30.0000000000              232449.1243722723 
                 11.0000000000                  30.5000000000              227741.2323727179 
                 11.0000000000                  31.0000000000              223916.7743642707 
                 11.0000000000                  31.5000000000              220609.3285259887 
                 11.0000000000                  32.0000000000              217378.6924713076 
                 11.0000000000                  32.5000000000              214126.9306087525 
                 11.0000000000                  33.0000000000              210991.8149238893 
                 11.0000000000                  33.5000000000              207782.3989186152 
                 11.0000000000                  34.0000000000              203370.2153220735 
                 11.0000000000                  34.5000000000              196693.5558807197 
                 11.0000000000                  35.0000000000              185730.8135367045 
                 11.0000000000                  35.5000000000              168111.6719725484 
                 11.0000000000                  36.0000000000              153106.8081271846 
                 11.0000000000                  36.5000000000              145448.7205780612 
                 11.0000000000                  37.0000000000              139742.9122115714 
                 11.0000000000                  37.5000000000              135298.7422553405 
                 11.0000000000                  38.0000000000              130696.7061346628 
                 11.0000000000                  38.5000000000              125024.1842330651 
                 11.0000000000                  39.0000000000              118500.1087282823 
                 11.0000000000                  39.5000000000              111217.9180234707 
                 11.0000000000                  40.0000000000              103826.1526540288 
                 11.0000000000                  40.5000000000               97141.3719215341 
                 11.0000000000                  41.0000000000               91305.1055171614 
                 11.0000000000                  41.5000000000               86343.8077642390 
                 11.0000000000                  42.0000000000               82011.5211012334 
                 11.0000000000                  42.5000000000               77822.5770802584 
                 11.0000000000                  43.0000000000               73552.4303666846 
                 11.0000000000                  43.5000000000               69073.2143024500 
                 11.0000000000                  44.0000000000               64276.5840892236 
                 11.0000000000                  44.5000000000               59248.0428801960 
                 11.0000000000                  45.0000000000               54116.6128515735 
                 11.0000000000                  45.5000000000               49060.1720796625 
                 11.0000000000                  46.0000000000               44239.9574736488 
                 11.0000000000                  46.5000000000               39423.9017997963 
                 11.0000000000                  47.0000000000               34440.8147088179 
                 11.0000000000                  47.5000000000               29277.1709727404 
                 11.0000000000                  48.0000000000               23712.8789709009 
                 11.0000000000                  48.5000000000               18028.2311284234 
                 11.0000000000                  49.0000000000               12440.1377738938 
                 11.0000000000                  49.5000000000                6585.8858119380 
                 11.0000000000                  50.0000000000                   0.0000000000 
                 11.5000000000                   0.0000000000                   0.0000000000 
                 11.5000000000                   0.5000000000                4284.1711621079 
                 11.5000000000                   1.0000000000                8516.4663355616 
                 11.5000000000                   1.5000000000               12699.5589012954 
                 11.5000000000                   2.0000000000               16836.0993688077 
                 11.5000000000                   2.5000000000               21010.3831182555 
                 11.5000000000                   3.0000000000               25314.3833015772 
                 11.5000000000                   3.5000000000               29751.7196365131 
                 11.5000000000                   4.0000000000               34329.5092632297 
                 11.5000000000                   4.5000000000               39043.2216646981 
                 11.5000000000                   5.0000000000               43871.5088797376 
                 11.5000000000                   5.5000000000               48817.0176260770 
                 11.5000000000                   6.0000000000               53892.5167394504 
                 11.5000000000                   6.5000000000               59084.5751861992 
                 11.5000000000                   7.0000000000               64376.8407249973 
                 11.5000000000                   7.5000000000               69780.7473057264 
                 11.5000000000                   8.0000000000               75311.8520500856 
                 11.5000000000                   8.5000000000               80995.9510662715 
                 11.5000000000                   9.0000000000               86853.8421734997 
                 11.5000000000                   9.5000000000               92854.3433643525 
                 11.5000000000                  10.0000000000               98928.2978922913 
                 11.5000000000                  10.5000000000              104948.2529517321 
                 11.5000000000                  11.0000000000              110857.4707325175 
                 11.5000000000                  11.5000000000              116809.1399467933 
                 11.5000000000                  12.0000000000              122992.1164695789 
                 11.5000000000                  12.5000000000              129563.0021584910 
                 11.5000000000                  13.0000000000              136634.5856866046 
                 11.5000000000                  13.5000000000              144161.6646213993 
                 11.5000000000                  14.0000000000              152043.2459744262 
                 11.5000000000                  14.5000000000              160212.9855470179 
                 11.5000000000                  15.0000000000              168666.6854880665 
                 11.5000000000                  15.5000000000              177402.6608083054 
                 11.5000000000                  16.0000000000              186331.2803426060 
                 11.5000000000                  16.5000000000              195350.8652404036 
                 11.5000000000                  17.0000000000              204288.3490658200 
                 11.5000000000                  17.5000000000              212956.8012752013 
                 11.5000000000                  18.0000000000              221286.3962944835 
                 11.5000000000                  18.5000000000              229230.8102920819 
                 11.5000000000                  19.0000000000              236759.1579155975 
                 11.5000000000                  19.5000000000              243891.6879122980 
                 11.5000000000                  20.0000000000              250623.2469381173 
                 11.5000000000                  20.5000000000              256915.8526102000 
                 11.5000000000                  21.0000000000              262735.1589147457 
                 11.5000000000                  21.5000000000              268056.7206431248 
                 11.5000000000                  22.0000000000              272845.2281431861 
                 11.5000000000                  22.5000000000              277028.7259865040 
                 11.5000000000                  23.0000000000              280509.9257031542 
                 11.5000000000                  23.5000000000              283287.6390417513 
                 11.5000000000                  24.0000000000              285395.0977339885 
                 11.5000000000                  24.5000000000              286796.0733789179 
                 11.5000000000                  25.0000000000              287460.1849933238 
                 11.5000000000                  25.5000000000              287310.7310992117 
                 11.5000000000                  26.0000000000              286307.1254893169 
                 11.5000000000                  26.5000000000              284491.1638072210 
                 11.5000000000                  27.0000000000              281940.8153417587 
                 11.5000000000                  27.5000000000              278444.6231995875 
                 11.5000000000                  28.0000000000              273583.3591308822 
                 11.5000000000                  28.5000000000              267202.3244904399 
                 11.5000000000                  29.0000000000              258907.5091000786 
                 11.5000000000                  29.5000000000              250284.0739306377 
                 11.5000000000                  30.0000000000              243699.5807037862 
                 11.5000000000                  30.5000000000              238916.4613054188 
                 11.5000000000                  31.0000000000              235189.2915092771 
                 11.5000000000                  31.5000000000              232083.1548749208 
                 11.5000000000                  32.0000000000              229106.8796545559 
                 11.5000000000                  32.5000000000              226127.8755763420 
                 11.5000000000                  33.0000000000              223253.8623589652 
                 11.5000000000                  33.5000000000              220254.8519030320 
                 11.5000000000                  34.0000000000              215904.6323842698 
                 11.5000000000                  34.5000000000              208972.6169049680 
                 11.5000000000                  35.0000000000              196957.0592383377 
                 11.5000000000                  35.5000000000              176998.8916105916 
                 11.5000000000                  36.0000000000              159840.7478015637 
                 11.5000000000                  36.5000000000              151124.7599514089 
                 11.5000000000                  37.0000000000              144741.1446494902 
                 11.5000000000                  37.5000000000              139899.4598539071 
                 11.5000000000                  38.0000000000              135079.5715060921 
                 11.5000000000                  38.5000000000              129318.8168232563 
                 11.5000000000                  39.0000000000              122824.4757747852 
                 11.5000000000                  39.5000000000              115692.6689048612 
                 11.5000000000                  40.0000000000              108439.3213450311 
                 11.5000000000                  40.5000000000              101720.4407286446 
                 11.5000000000                  41.0000000000               95677.8344841188 
                 11.5000000000                  41.5000000000               90351.0661976711 
                 11.5000000000                  42.0000000000               85595.2059115692 
                 11.5000000000                  42.5000000000               81092.1805313154 
                 11.5000000000                  43.0000000000               76679.1683580484 
                 11.5000000000                  43.5000000000               72313.1966943542 
                 11.5000000000                  44.0000000000               67832.9489377680 
                 11.5000000000                  44.5000000000               63002.4846180489 
                 11.5000000000                  45.0000000000               57809.2240510210 
                 11.5000000000                  45.5000000000               52381.0224105772 
                 11.5000000000                  46.0000000000               46885.5145734276 
                 11.5000000000                  46.5000000000               41462.0007679873 
                 11.5000000000                  47.0000000000               36115.9644589271 
                 11.5000000000                  47.5000000000               30743.3645173318 
                 11.5000000000                  48.0000000000               25155.9760651944 
                 11.5000000000                  48.5000000000               19417.8757881864 
                 11.5000000000                  49.0000000000               13543.4361853642 
                 11.5000000000                  49.5000000000                7211.0881697973 
                 11.5000000000                  50.0000000000                   0.0000000000 
                 12.0000000000                   0.0000000000                   0.0000000000 
                 12.0000000000                   0.5000000000                4494.6903371749 
                 12.0000000000                   1.0000000000                8934.9739620974 
                 12.0000000000                   1.5000000000               13321.2492098801 
                 12.0000000000                   2.0000000000               17648.2759042526 
                 12.0000000000                   2.5000000000               21998.8167463837 
                 12.0000000000                   3.0000000000               26473.2423627711 
                 12.0000000000                   3.5000000000               31082.0136944596 
                 12.0000000000                   4.0000000000               35835.6216757688 
                 12.0000000000                   4.5000000000               40743.9607180465 
                 12.0000000000                   5.0000000000               45802.3640263408 
                 12.0000000000                   5.5000000000               51007.9153551230 
                 12.0000000000                   6.0000000000               56363.5610613510 
                 12.0000000000                   6.5000000000               61834.9218180857 
                 12.0000000000                   7.0000000000               67375.4093022571 
                 12.0000000000                   7.5000000000               72995.6829854292 
                 12.0000000000                   8.0000000000               78724.8880384272 
                 12.0000000000                   8.5000000000               84592.5281794834 
                 12.0000000000                   9.0000000000               90618.6911061713 
                 12.0000000000                   9.5000000000               96776.8021403219 
                 12.0000000000                  10.0000000000              103011.6602119999 
                 12.0000000000                  10.5000000000              109238.3369561173 
                 12.0000000000                  11.0000000000              115453.2128612510 
                 12.0000000000                  11.5000000000              121792.5577485313 
                 12.0000000000                  12.0000000000              128410.8956764618 
                 12.0000000000                  12.5000000000              135489.5634158980 
                 12.0000000000                  13.0000000000              143112.7899847602 
                 12.0000000000                  13.5000000000              151183.0372425705 
                 12.0000000000                  14.0000000000              159597.2954141212 
                 12.0000000000                  14.5000000000              168280.1410252779 
                 12.0000000000                  15.0000000000              177211.6632336718 
                 12.0000000000                  15.5000000000              186366.0406215230 
                 12.0000000000                  16.0000000000              195623.0278260742 
                 12.0000000000                  16.5000000000              204856.1424275315 
                 12.0000000000                  17.0000000000              213894.1679855115 
                 12.0000000000                  17.5000000000              222584.4228272962 
                 12.0000000000                  18.0000000000              230894.8106670693 
                 12.0000000000                  18.5000000000              238807.3459237441 
                 12.0000000000                  19.0000000000              246317.2786629281 
                 12.0000000000                  19.5000000000              253465.7942561870 
                 12.0000000000                  20.0000000000              260259.3085609873 
                 12.0000000000                  20.5000000000              266669.7923010986 
                 12.0000000000                  21.0000000000              272676.6558423928 
                 12.0000000000                  21.5000000000              278267.8844046131 
                 12.0000000000                  22.0000000000              283407.9831450172 
                 12.0000000000                  22.5000000000              288022.6921738946 
                 12.0000000000                  23.0000000000              292018.1926983128 
                 12.0000000000                  23.5000000000              295363.0939992184 
                 12.0000000000                  24.0000000000              298053.5662869869 
                 12.0000000000                  24.5000000000              300037.6403194058 
                 12.0000000000                  25.0000000000              301263.8533953252 
                 12.0000000000                  25.5000000000              301633.0725454671 
                 12.0000000000                  26.0000000000              301081.7465579893 
                 12.0000000000                  26.5000000000              299630.6895054187 
                 12.0000000000                  27.0000000000              297341.0393770129 
                 12.0000000000                  27.5000000000              293985.1218950022 
                 12.0000000000                  28.0000000000              289087.6535144116 
                 12.0000000000                  28.5000000000              282401.6437700876 
                 12.0000000000                  29.0000000000              273203.9457598530 
                 12.0000000000                  29.5000000000              263494.6966100461 
                 12.0000000000                  30.0000000000              256391.9178002729 
                 12.0000000000                  30.5000000000              251471.0204477150 
                 12.0000000000                  31.0000000000              247729.7802949813 
                 12.0000000000                  31.5000000000              244688.0382318148 
                 12.0000000000                  32.0000000000              241820.0555231483 
                 12.0000000000                  32.5000000000              238974.6279528564 
                 12.0000000000                  33.0000000000              236242.1130928891 
                 12.0000000000                  33.5000000000              233368.0865040439 
                 12.0000000000                  34.0000000000              229053.9670734344 
                 12.0000000000                  34.5000000000              221994.0824076683 
                 12.0000000000                  35.0000000000              209355.6281662911 
                 12.0000000000                  35.5000000000              187560.4213646187 
                 12.0000000000                  36.0000000000              168445.0478194571 
                 12.0000000000                  36.5000000000              158473.8996269619 
                 12.0000000000                  37.0000000000              151013.8812417137 
                 12.0000000000                  37.5000000000              145404.8296879214 
                 12.0000000000                  38.0000000000              140044.4404913484 
                 12.0000000000                  38.5000000000              133924.6927620001 
                 12.0000000000                  39.0000000000              127251.8379601440 
                 12.0000000000                  39.5000000000              120119.4511551074 
                 12.0000000000                  40.0000000000              112912.5696315532 
                 12.0000000000                  40.5000000000              106122.3775399057 
                 12.0000000000                  41.0000000000               99875.1048426143 
                 12.0000000000                  41.5000000000               94193.9901883493 
                 12.0000000000                  42.0000000000               89025.5495575639 
                 12.0000000000                  42.5000000000               84228.5964935726 
                 12.0000000000                  43.0000000000               79688.8363277701 
                 12.0000000000                  43.5000000000               75437.8035784770 
                 12.0000000000                  44.0000000000               71283.9787771993 
                 12.0000000000                  44.5000000000               66690.8395052834 
                 12.0000000000                  45.0000000000               61481.9638455261 
                 12.0000000000                  45.5000000000               55608.2341552202 
                 12.0000000000                  46.0000000000               49105.8781591549 
                 12.0000000000                  46.5000000000               42737.8919154909 
                 12.0000000000                  47.0000000000               36883.2224288868 
                 12.0000000000                  47.5000000000               31283.8617487983 
                 12.0000000000                  48.0000000000               25780.9233908508 
                 12.0000000000                  48.5000000000               20144.5539357725 
                 12.0000000000                  49.0000000000               14150.0622703325 
                 12.0000000000                  49.5000000000                7558.5914366311 
                 12.0000000000                  50.0000000000                   0.0000000000 
                 12.5000000000                   0.0000000000                   0.0000000000 
                 12.5000000000                   0.5000000000                4680.1073872980 
                 12.5000000000                   1.0000000000                9316.7046838819 
                 12.5000000000                   1.5000000000               13910.5923222346 
                 12.5000000000                   2.0000000000               18452.6301991190 
                 12.5000000000                   2.5000000000               23008.4281543419 
                 12.5000000000                   3.0000000000               27670.0975294448 
                 12.5000000000                   3.5000000000               32457.8964917366 
                 12.5000000000                   4.0000000000               37388.9551116470 
                 12.5000000000                   4.5000000000               42486.2086636288 
                 12.5000000000                   5.0000000000               47755.3779735176 
                 12.5000000000                   5.5000000000               53184.9890220300 
                 12.5000000000                   6.0000000000               58764.5182505131 
                 12.5000000000                   6.5000000000               64442.9064926112 
                 12.5000000000                   7.0000000000               70161.9128508957 
                 12.5000000000                   7.5000000000               75936.3984845690 
                 12.5000000000                   8.0000000000               81801.6954439967 
                 12.5000000000                   8.5000000000               87784.5434305110 
                 12.5000000000                   9.0000000000               93906.3546164195 
                 12.5000000000                   9.5000000000              100160.5158439465 
                 12.5000000000                  10.0000000000              106518.0385032528 
                 12.5000000000                  10.5000000000              112946.6592455795 
                 12.5000000000                  11.0000000000              119504.7621338958 
                 12.5000000000                  11.5000000000              126315.0382957861 
                 12.5000000000                  12.0000000000              133494.5359198744 
                 12.5000000000                  12.5000000000              141218.6335753009 
                 12.5000000000                  13.0000000000              149480.1186259720 
                 12.5000000000                  13.5000000000              158120.1072377133 
                 12.5000000000                  14.0000000000              167068.9967803154 
                 12.5000000000                  14.5000000000              176266.4349512932 
                 12.5000000000                  15.0000000000              185689.2869966828 
                 12.5000000000                  15.5000000000              195272.9759746990 
                 12.5000000000                  16.0000000000              204857.9057302629 
                 12.5000000000                  16.5000000000              214283.0527039052 
                 12.5000000000                  17.0000000000              223371.0043597998 
                 12.5000000000                  17.5000000000              232032.5990970309 
                 12.5000000000                  18.0000000000              240294.4747994247 
                 12.5000000000                  18.5000000000              248159.6603466208 
                 12.5000000000                  19.0000000000              255641.8649647990 
                 12.5000000000                  19.5000000000              262795.6800740737 
                 12.5000000000                  20.0000000000              269636.8162277360 
                 12.5000000000                  20.5000000000              276150.2743797451 
                 12.5000000000                  21.0000000000              282344.7006160078 
                 12.5000000000                  21.5000000000              288225.4939346953 
                 12.5000000000                  22.0000000000              293745.8733690282 
                 12.5000000000                  22.5000000000              298828.3206018861 
                 12.5000000000                  23.0000000000              303400.7982253415 
                 12.5000000000                  23.5000000000              307416.2697150541 
                 12.5000000000                  24.0000000000              310820.6759666372 
                 12.5000000000                  24.5000000000              313534.2535940879 
                 12.5000000000                  25.0000000000              315469.7470462208 
                 12.5000000000                  25.5000000000              316489.7122964946 
                 12.5000000000                  26.0000000000              316525.3022226334 
                 12.5000000000                  26.5000000000              315598.8298321207 
                 12.5000000000                  27.0000000000              313761.2606008800 
                 12.5000000000                  27.5000000000              310788.8768489259 
                 12.5000000000                  28.0000000000              306159.1459251192 
                 12.5000000000                  28.5000000000              299524.0377115298 
                 12.5000000000                  29.0000000000              289673.6769064823 
                 12.5000000000                  29.5000000000              278863.3685075174 
                 12.5000000000                  30.0000000000              271083.7101810880 
                 12.5000000000                  30.5000000000              265827.0182103145 
                 12.5000000000                  31.0000000000              261831.4409279164 
                 12.5000000000                  31.5000000000              258625.6268606502 
                 12.5000000000                  32.0000000000              255673.4778704139 
                 12.5000000000                  32.5000000000              252788.6173172768 
                 12.5000000000                  33.0000000000              250047.8025505607 
                 12.5000000000                  33.5000000000              247191.0659584872 
                 12.5000000000                  34.0000000000              242896.8344956056 
                 12.5000000000                  34.5000000000              235825.6604690506 
                 12.5000000000                  35.0000000000              223281.5374767887 
                 12.5000000000                  35.5000000000              200968.6446241637 
                 12.5000000000                  36.0000000000              179984.0569281864 
                 12.5000000000                  36.5000000000              167797.3127856610 
                 12.5000000000                  37.0000000000              158599.5758038573 
                 12.5000000000                  37.5000000000              151698.9970899363 
                 12.5000000000                  38.0000000000              145432.7710367470 
                 12.5000000000                  38.5000000000              138698.9794253713 
                 12.5000000000                  39.0000000000              131663.3608201050 
                 12.5000000000                  39.5000000000              124399.0153930865 
                 12.5000000000                  40.0000000000              117164.8960292588 
                 12.5000000000                  40.5000000000              110289.2509567031 
                 12.5000000000                  41.0000000000              103865.5350842920 
                 12.5000000000                  41.5000000000               97883.8396857535 
                 12.5000000000                  42.0000000000               92346.2347294535 
                 12.5000000000                  42.5000000000               87258.8918422102 
                 12.5000000000                  43.0000000000               82554.8193170309 
                 12.5000000000                  43.5000000000               78318.0189136432 
                 12.5000000000                  44.0000000000               74360.6894209174 
                 12.5000000000                  44.5000000000               69938.5503357736 
                 12.5000000000                  45.0000000000               64722.4667742617 
                 12.5000000000                  45.5000000000               58382.7524680659 
                 12.5000000000                  46.0000000000               50660.6526605700 
                 12.5000000000                  46.5000000000               43149.9167023405 
                 12.5000000000                  47.0000000000               36791.3893708582 
                 12.5000000000                  47.5000000000               31060.5356158289 
                 12.5000000000                  48.0000000000               25771.1515090344 
                 12.5000000000                  48.5000000000               20340.7415897869 
                 12.5000000000                  49.0000000000               14323.0318572674 
                 12.5000000000                  49.5000000000                7617.2899039415 
                 12.5000000000                  50.0000000000                   0.0000000000 
                 13.0000000000                   0.0000000000                   0.0000000000 
                 13.0000000000                   0.5000000000                4841.7095599254 
                 13.0000000000                   1.0000000000                9657.6267572020 
                 13.0000000000                   1.5000000000               14450.7625005243 
                 13.0000000000                   2.0000000000               19217.0681722066 
                 13.0000000000                   2.5000000000               23998.8997995865 
                 13.0000000000                   3.0000000000               28863.6621808100 
                 13.0000000000                   3.5000000000               33840.0832636761 
                 13.0000000000                   4.0000000000               38954.7812680302 
                 13.0000000000                   4.5000000000               44241.5659111732 
                 13.0000000000                   5.0000000000               49710.1719580757 
                 13.0000000000                   5.5000000000               55340.0381481130 
                 13.0000000000                   6.0000000000               61108.1470513179 
                 13.0000000000                   6.5000000000               66953.4347496289 
                 13.0000000000                   7.0000000000               72819.1625745703 
                 13.0000000000                   7.5000000000               78724.5958878736 
                 13.0000000000                   8.0000000000               84704.2684249569 
                 13.0000000000                   8.5000000000               90782.4238333743 
                 13.0000000000                   9.0000000000               96988.0883292151 
                 13.0000000000                   9.5000000000              103338.7121109867 
                 13.0000000000                  10.0000000000              109834.4816544984 
                 13.0000000000                  10.5000000000              116488.9238698080 
                 13.0000000000                  11.0000000000              123404.4071791240 
                 13.0000000000                  11.5000000000              130698.6662487663 
                 13.0000000000                  12.0000000000              138466.6455454513 
                 13.0000000000                  12.5000000000              146863.1049275861 
                 13.0000000000                  13.0000000000              155772.5099382718 
                 13.0000000000                  13.5000000000              164973.1942977028 
                 13.0000000000                  14.0000000000              174436.2210369614 
                 13.0000000000                  14.5000000000              184131.7546838099 
                 13.0000000000                  15.0000000000              194022.1774444724 
                 13.0000000000                  15.5000000000              203986.1621515850 
                 13.0000000000                  16.0000000000              213838.0604203179 
                 13.0000000000                  16.5000000000              223392.5310817169 
                 13.0000000000                  17.0000000000              232497.5958107729 
                 13.0000000000                  17.5000000000              241150.9041983361 
                 13.0000000000                  18.0000000000              249415.9249297543 
                 13.0000000000                  18.5000000000              257297.7803219651 
                 13.0000000000                  19.0000000000              264819.5688033547 
                 13.0000000000                  19.5000000000              272044.3570952517 
                 13.0000000000                  20.0000000000              278995.6559241915 
                 13.0000000000                  20.5000000000              285671.3614828736 
                 13.0000000000                  21.0000000000              292109.0070210161 
                 13.0000000000                  21.5000000000              298326.4584910968 
                 13.0000000000                  22.0000000000              304263.2339097571 
                 13.0000000000                  22.5000000000              309839.1399547870 
                 13.0000000000                  23.0000000000              315001.5459518441 
                 13.0000000000                  23.5000000000              319686.2100884298 
                 13.0000000000                  24.0000000000              323791.2174953716 
                 13.0000000000                  24.5000000000              327215.7995826342 
                 13.0000000000                  25.0000000000              329852.0160364973 
                 13.0000000000                  25.5000000000              331533.9556526452 
                 13.0000000000                  26.0000000000              332188.0082890348 
                 13.0000000000                  26.5000000000              331839.8312572750 
                 13.0000000000                  27.0000000000              330523.4855150552 
                 13.0000000000                  27.5000000000              328016.9970150697 
                 13.0000000000                  28.0000000000              323759.2096688066 
                 13.0000000000                  28.5000000000              317292.4998122403 
                 13.0000000000                  29.0000000000              306935.5948404979 
                 13.0000000000                  29.5000000000              295094.6584826001 
                 13.0000000000                  30.0000000000              286512.5995106003 
                 13.0000000000                  30.5000000000              280683.2580621567 
                 13.0000000000                  31.0000000000              276148.5872490725 
                 13.0000000000                  31.5000000000              272461.9147778047 
                 13.0000000000                  32.0000000000              269124.4379720463 
                 13.0000000000                  32.5000000000              265929.6536949708 
                 13.0000000000                  33.0000000000              262939.6719310114 
                 13.0000000000                  33.5000000000              259883.7875183747 
                 13.0000000000                  34.0000000000              255426.0528697826 
                 13.0000000000                  34.5000000000              248201.4463749755 
                 13.0000000000                  35.0000000000              236056.2620199674 
                 13.0000000000                  35.5000000000              215148.7124179982 
                 13.0000000000                  36.0000000000              193641.9640519226 
                 13.0000000000                  36.5000000000              178847.7488929235 
                 13.0000000000                  37.0000000000              167467.7426695476 
                 13.0000000000                  37.5000000000              158758.7596428008 
                 13.0000000000                  38.0000000000              151177.5860720827 
                 13.0000000000                  38.5000000000              143572.1403834068 
                 13.0000000000                  39.0000000000              135993.9365298593 
                 13.0000000000                  39.5000000000              128461.4665607467 
                 13.0000000000                  40.0000000000              121108.0682699236 
                 13.0000000000                  40.5000000000              114113.4033763192 
                 13.0000000000                  41.0000000000              107526.9539805301 
                 13.0000000000                  41.5000000000              101321.6946569831 
                 13.0000000000                  42.0000000000               95511.5352902832 
                 13.0000000000                  42.5000000000               90158.3888927972 
                 13.0000000000                  43.0000000000               85238.4957263566 
                 13.0000000000                  43.5000000000               80852.3326801067 
                 13.0000000000                  44.0000000000               76807.6084727936 
                 13.0000000000                  44.5000000000               72285.7303531184 
                 13.0000000000                  45.0000000000               66843.9606911620 
                 13.0000000000                  45.5000000000               59914.4501235320 
                 13.0000000000                  46.0000000000               51191.8304911829 
                 13.0000000000                  46.5000000000               42909.9116877359 
                 13.0000000000                  47.0000000000               36305.5416436662 
                 13.0000000000                  47.5000000000               30621.7604265845 
                 13.0000000000                  48.0000000000               25569.2826709883 
                 13.0000000000                  48.5000000000               20310.8485665421 
                 13.0000000000                  49.0000000000               14285.9690904199 
                 13.0000000000                  49.5000000000                7522.6808581981 
                 13.0000000000                  50.0000000000                   0.0000000000 
                 13.5000000000                   0.0000000000                   0.0000000000 
                 13.5000000000                   0.5000000000                4984.4618879992 
                 13.5000000000                   1.0000000000                9961.7189690074 
                 13.5000000000                   1.5000000000               14937.5550134648 
                 13.5000000000                   2.0000000000               19918.8812838488 
                 13.5000000000                   2.5000000000               24930.7018699797 
                 13.5000000000                   3.0000000000               30009.5259410062 
                 13.5000000000                   3.5000000000               35185.1164729018 
                 13.5000000000                   4.0000000000               40493.9635564199 
                 13.5000000000                   4.5000000000               45976.8541169488 
                 13.5000000000                   5.0000000000               51640.8788801437 
                 13.5000000000                   5.5000000000               57458.9611355990 
                 13.5000000000                   6.0000000000               63401.3609543221 
                 13.5000000000                   6.5000000000               69407.6077088980 
                 13.5000000000                   7.0000000000               75429.5892211634 
                 13.5000000000                   7.5000000000               81484.0058106058 
                 13.5000000000                   8.0000000000               87597.7869716421 
                 13.5000000000                   8.5000000000               93795.3534344305 
                 13.5000000000                   9.0000000000              100118.4419521337 
                 13.5000000000                   9.5000000000              106607.4888984243 
                 13.5000000000                  10.0000000000              113290.4910870847 
                 13.5000000000                  10.5000000000              120210.9901740831 
                 13.5000000000                  11.0000000000              127489.0770046427 
                 13.5000000000                  11.5000000000              135238.7742256578 
                 13.5000000000                  12.0000000000              143540.9295155205 
                 13.5000000000                  12.5000000000              152538.2046990479 
                 13.5000000000                  13.0000000000              162029.9592327871 
                 13.5000000000                  13.5000000000              171732.9571328114 
                 13.5000000000                  14.0000000000              181653.3220931400 
                 13.5000000000                  14.5000000000              191794.5198781847 
                 13.5000000000                  15.0000000000              202079.8593909374 
                 13.5000000000                  15.5000000000              212325.2773810769 
                 13.5000000000                  16.0000000000              222347.4046346123 
                 13.5000000000                  16.5000000000              231968.4423576810 
                 13.5000000000                  17.0000000000              241106.0529179201 
                 13.5000000000                  17.5000000000              249837.8916249826 
                 13.5000000000                  18.0000000000              258222.4933898759 
                 13.5000000000                  18.5000000000              266249.1715232350 
                 13.5000000000                  19.0000000000              273940.8548716420 
                 13.5000000000                  19.5000000000              281367.9992092590 
                 13.5000000000                  20.0000000000              288561.4593461866 
                 13.5000000000                  20.5000000000              295528.1780158619 
                 13.5000000000                  21.0000000000              302317.3071762320 
                 13.5000000000                  21.5000000000              308945.6745640448 
                 13.5000000000                  22.0000000000              315345.3590426294 
                 13.5000000000                  22.5000000000              321434.6357648788 
                 13.5000000000                  23.0000000000              327158.2554952870 
                 13.5000000000                  23.5000000000              332416.7245886531 
                 13.5000000000                  24.0000000000              337079.1380021030 
                 13.5000000000                  24.5000000000              341049.8070877764 
                 13.5000000000                  25.0000000000              344233.7397894706 
                 13.5000000000                  25.5000000000              346471.4884911159 
                 13.5000000000                  26.0000000000              347675.5930253947 
                 13.5000000000                  26.5000000000              347853.3083934390 
                 13.5000000000                  27.0000000000              347008.0425419587 
                 13.5000000000                  27.5000000000              344897.8037677357 
                 13.5000000000                  28.0000000000              340917.1505709939 
                 13.5000000000                  28.5000000000              334490.5432043535 
                 13.5000000000                  29.0000000000              323544.3223344386 
                 13.5000000000                  29.5000000000              310698.7988646013 
                 13.5000000000                  30.0000000000              301284.7657526368 
                 13.5000000000                  30.5000000000              294726.8402885568 
                 13.5000000000                  31.0000000000              289438.1132868229 
                 13.5000000000                  31.5000000000              284998.0207926098 
                 13.5000000000                  32.0000000000              280983.0308285189 
                 13.5000000000                  32.5000000000              277213.1627775476 
                 13.5000000000                  33.0000000000              273744.2987494773 
                 13.5000000000                  33.5000000000              270287.5215918793 
                 13.5000000000                  34.0000000000              265475.1596762069 
                 13.5000000000                  34.5000000000              257984.6188009171 
                 13.5000000000                  35.0000000000              246202.4818586947 
                 13.5000000000                  35.5000000000              227432.9199360657 
                 13.5000000000                  36.0000000000              206965.9458569461 
                 13.5000000000                  36.5000000000              190581.3515664200 
                 13.5000000000                  37.0000000000              177192.4898388473 
                 13.5000000000                  37.5000000000              166443.1765351233 
                 13.5000000000                  38.0000000000              157216.6028931941 
                 13.5000000000                  38.5000000000              148517.9075118460 
                 13.5000000000                  39.0000000000              140241.0560873853 
                 13.5000000000                  39.5000000000              132321.3562593558 
                 13.5000000000                  40.0000000000              124757.5201192195 
                 13.5000000000                  40.5000000000              117590.0042327059 
                 13.5000000000                  41.0000000000              110829.6520315822 
                 13.5000000000                  41.5000000000              104446.9862906378 
                 13.5000000000                  42.0000000000               98441.2609131066 
                 13.5000000000                  42.5000000000               92854.8742293548 
                 13.5000000000                  43.0000000000               87677.6955453715 
                 13.5000000000                  43.5000000000               83004.3898406915 
                 13.5000000000                  44.0000000000               78627.0696298043 
                 13.5000000000                  44.5000000000               73735.1067861588 
                 13.5000000000                  45.0000000000               67845.4950015861 
                 13.5000000000                  45.5000000000               60304.5675144405 
                 13.5000000000                  46.0000000000               51047.8902165198 
                 13.5000000000                  46.5000000000               42586.6033765952 
                 13.5000000000                  47.0000000000               36044.0934890780 
                 13.5000000000                  47.5000000000               30517.0989134064 
                 13.5000000000                  48.0000000000               25634.3078990633 
                 13.5000000000                  48.5000000000               20452.6071249803 
                 13.5000000000                  49.0000000000               14382.6774142436 
                 13.5000000000                  49.5000000000                7529.7882461658 
                 13.5000000000                  50.0000000000                   0.0000000000 
                 14.0000000000                   0.0000000000                   0.0000000000 
                 14.0000000000                   0.5000000000                5113.2636539229 
                 14.0000000000                   1.0000000000               10238.1230263402 
                 14.0000000000                   1.5000000000               15384.3616982152 
                 14.0000000000                   2.0000000000               20572.4767029211 
                 14.0000000000                   2.5000000000               25814.4888191045 
                 14.0000000000                   3.0000000000               31115.4655189564 
                 14.0000000000                   3.5000000000               36500.1205187592 
                 14.0000000000                   4.0000000000               42013.3771408994 
                 14.0000000000                   4.5000000000               47697.9079749157 
                 14.0000000000                   5.0000000000               53549.4229528329 
                 14.0000000000                   5.5000000000               59540.0256387887 
                 14.0000000000                   6.0000000000               65644.6026878768 
                 14.0000000000                   6.5000000000               71811.3745421224 
                 14.0000000000                   7.0000000000               78005.8211581676 
                 14.0000000000                   7.5000000000               84234.9884213107 
                 14.0000000000                   8.0000000000               90507.9442793542 
                 14.0000000000                   8.5000000000               96847.3352541608 
                 14.0000000000                   9.0000000000              103310.0557372451 
                 14.0000000000                   9.5000000000              109963.4238173047 
                 14.0000000000                  10.0000000000              116865.6297538549 
                 14.0000000000                  10.5000000000              124086.1740998387 
                 14.0000000000                  11.0000000000              131748.0524058661 
                 14.0000000000                  11.5000000000              139946.9052777545 
                 14.0000000000                  12.0000000000              148741.2449195746 
                 14.0000000000                  12.5000000000              158267.3039822991 
                 14.0000000000                  13.0000000000              168246.1556252915 
                 14.0000000000                  13.5000000000              178348.4430241445 
                 14.0000000000                  14.0000000000              188640.6085159786 
                 14.0000000000                  14.5000000000              199164.5635174017 
                 14.0000000000                  15.0000000000              209789.8475460058 
                 14.0000000000                  15.5000000000              220263.9499437496 
                 14.0000000000                  16.0000000000              230421.5482026489 
                 14.0000000000                  16.5000000000              240110.7887466609 
                 14.0000000000                  17.0000000000              249320.9770781770 
                 14.0000000000                  17.5000000000              258199.4308129257 
                 14.0000000000                  18.0000000000              266793.1354280605 
                 14.0000000000                  18.5000000000              275066.3850446652 
                 14.0000000000                  19.0000000000              283035.8022252189 
                 14.0000000000                  19.5000000000              290778.1270826143 
                 14.0000000000                  20.0000000000              298329.7231495427 
                 14.0000000000                  20.5000000000              305701.8596700397 
                 14.0000000000                  21.0000000000              312947.8008902846 
                 14.0000000000                  21.5000000000              320071.3235570549 
                 14.0000000000                  22.0000000000              326990.4346864980 
                 14.0000000000                  22.5000000000              333615.2673937825 
                 14.0000000000                  23.0000000000              339873.9375329444 
                 14.0000000000                  23.5000000000              345622.7984545820 
                 14.0000000000                  24.0000000000              350714.9965893145 
                 14.0000000000                  24.5000000000              355091.5471567029 
                 14.0000000000                  25.0000000000              358695.6544451402 
                 14.0000000000                  25.5000000000              361392.1075884792 
                 14.0000000000                  26.0000000000              363083.5971861127 
                 14.0000000000                  26.5000000000              363745.9261936650 
                 14.0000000000                  27.0000000000              363341.1854758218 
                 14.0000000000                  27.5000000000              361603.8224489796 
                 14.0000000000                  28.0000000000              357889.2845484010 
                 14.0000000000                  28.5000000000              351536.3521165273 
                 14.0000000000                  29.0000000000              340058.9550879243 
                 14.0000000000                  29.5000000000              326237.9237926075 
                 14.0000000000                  30.0000000000              315922.5893774715 
                 14.0000000000                  30.5000000000              308457.0535998570 
                 14.0000000000                  31.0000000000              302201.6800239274 
                 14.0000000000                  31.5000000000              296799.3564055969 
                 14.0000000000                  32.0000000000              291911.5276171397 
                 14.0000000000                  32.5000000000              287391.1394932196 
                 14.0000000000                  33.0000000000              283300.9765168903 
                 14.0000000000                  33.5000000000              279345.3342219605 
                 14.0000000000                  34.0000000000              274134.1460832268 
                 14.0000000000                  34.5000000000              266432.7130549232 
                 14.0000000000                  35.0000000000              255083.4254316246 
                 14.0000000000                  35.5000000000              238145.3896123673 
                 14.0000000000                  36.0000000000              219037.0672051196 
                 14.0000000000                  36.5000000000              202053.9168222008 
                 14.0000000000                  37.0000000000              187138.6133200718 
                 14.0000000000                  37.5000000000              174361.0639878839 
                 14.0000000000                  38.0000000000              163316.1689855599 
                 14.0000000000                  38.5000000000              153414.2666778987 
                 14.0000000000                  39.0000000000              144353.1596649444 
                 14.0000000000                  39.5000000000              135980.0111165016 
                 14.0000000000                  40.0000000000              128154.3373973436 
                 14.0000000000                  40.5000000000              120781.6064622959 
                 14.0000000000                  41.0000000000              113847.0724897150 
                 14.0000000000                  41.5000000000              107315.6064465399 
                 14.0000000000                  42.0000000000              101149.6943172868 
                 14.0000000000                  42.5000000000               95340.4582250939 
                 14.0000000000                  43.0000000000               89864.6370006114 
                 14.0000000000                  43.5000000000               84806.4921576205 
                 14.0000000000                  44.0000000000               79969.5862046216 
                 14.0000000000                  44.5000000000               74606.9970819127 
                 14.0000000000                  45.0000000000               68278.6864853178 
                 14.0000000000                  45.5000000000               60348.5130924235 
                 14.0000000000                  46.0000000000               50945.9187704311 
                 14.0000000000                  46.5000000000               42629.5555402872 
                 14.0000000000                  47.0000000000               36291.6766643233 
                 14.0000000000                  47.5000000000               30932.1752136796 
                 14.0000000000                  48.0000000000               26162.9394136745 
                 14.0000000000                  48.5000000000               20990.4016396395 
                 14.0000000000                  49.0000000000               14805.1075448450 
                 14.0000000000                  49.5000000000                7747.0022155688 
                 14.0000000000                  50.0000000000                   0.0000000000 
                 14.5000000000                   0.0000000000                   0.0000000000 
                 14.5000000000                   0.5000000000                5231.7524449419 
                 14.5000000000                   1.0000000000               10494.0102735300 
                 14.5000000000                   1.5000000000               15801.5284552192 
                 14.5000000000                   2.0000000000               21191.1651111374 
                 14.5000000000                   2.5000000000               26666.8398337471 
                 14.5000000000                   3.0000000000               32202.9807509247 
                 14.5000000000                   3.5000000000               37815.0423202122 
                 14.5000000000                   4.0000000000               43548.7981109090 
                 14.5000000000                   4.5000000000               49428.1238213831 
                 14.5000000000                   5.0000000000               55434.6790358658 
                 14.5000000000                   5.5000000000               61561.4948330388 
                 14.5000000000                   6.0000000000               67806.7690836549 
                 14.5000000000                   6.5000000000               74150.8922219482 
                 14.5000000000                   7.0000000000               80565.5882174501 
                 14.5000000000                   7.5000000000               87022.0668878866 
                 14.5000000000                   8.0000000000               93500.9257274008 
                 14.5000000000                   8.5000000000              100005.0531574600 
                 14.5000000000                   9.0000000000              106612.5427620825 
                 14.5000000000                   9.5000000000              113440.3576450447 
                 14.5000000000                  10.0000000000              120583.9100394119 
                 14.5000000000                  10.5000000000              128151.8265835356 
                 14.5000000000                  11.0000000000              136255.1530364720 
                 14.5000000000                  11.5000000000              144933.0083413982 
                 14.5000000000                  12.0000000000              154201.0715147824 
                 14.5000000000                  12.5000000000              164138.7654256421 
                 14.5000000000                  13.0000000000              174402.9616186453 
                 14.5000000000                  13.5000000000              184716.3353217095 
                 14.5000000000                  14.0000000000              195245.3369079517 
                 14.5000000000                  14.5000000000              206080.7319638864 
                 14.5000000000                  15.0000000000              217024.0697448736 
                 14.5000000000                  15.5000000000              227720.1182297116 
                 14.5000000000                  16.0000000000              238020.3050632600 
                 14.5000000000                  16.5000000000              247810.7499044678 
                 14.5000000000                  17.0000000000              257153.0271684883 
                 14.5000000000                  17.5000000000              266253.5253366223 
                 14.5000000000                  18.0000000000              275142.4131490473 
                 14.5000000000                  18.5000000000              283756.6904793151 
                 14.5000000000                  19.0000000000              292103.2876153805 
                 14.5000000000                  19.5000000000              300267.1524688350 
                 14.5000000000                  20.0000000000              308291.1280334441 
                 14.5000000000                  20.5000000000              316188.8622536286 
                 14.5000000000                  21.0000000000              324007.9780357818 
                 14.5000000000                  21.5000000000              331725.8259424714 
                 14.5000000000                  22.0000000000              339243.3756338370 
                 14.5000000000                  22.5000000000              346458.5370826889 
                 14.5000000000                  23.0000000000              353232.5487205142 
                 14.5000000000                  23.5000000000              359352.5796229052 
                 14.5000000000                  24.0000000000              364711.8980779404 
                 14.5000000000                  24.5000000000              369328.0158459320 
                 14.5000000000                  25.0000000000              373215.5294753802 
                 14.5000000000                  25.5000000000              376300.5339444669 
                 14.5000000000                  26.0000000000              378456.4893130352 
                 14.5000000000                  26.5000000000              379599.9547395684 
                 14.5000000000                  27.0000000000              379649.0481771492 
                 14.5000000000                  27.5000000000              378315.8169417797 
                 14.5000000000                  28.0000000000              374943.1389985974 
                 14.5000000000                  28.5000000000              368850.4218854919 
                 14.5000000000                  29.0000000000              357291.5147382143 
                 14.5000000000                  29.5000000000              342682.4007007786 
                 14.5000000000                  30.0000000000              331129.5511867845 
                 14.5000000000                  30.5000000000              322385.8637123766 
                 14.5000000000                  31.0000000000              314872.7565937983 
                 14.5000000000                  31.5000000000              308268.1018021308 
                 14.5000000000                  32.0000000000              302293.3612414009 
                 14.5000000000                  32.5000000000              296840.2897913121 
                 14.5000000000                  33.0000000000              291982.5021742873 
                 14.5000000000                  33.5000000000              287426.9297279805 
                 14.5000000000                  34.0000000000              281763.1927478592 
                 14.5000000000                  34.5000000000              273826.1900208442 
                 14.5000000000                  35.0000000000              262764.8595770510 
                 14.5000000000                  35.5000000000              247180.4106051121 
                 14.5000000000                  36.0000000000              229386.4673599261 
                 14.5000000000                  36.5000000000              212480.1554206686 
                 14.5000000000                  37.0000000000              196692.1494913857 
                 14.5000000000                  37.5000000000              182183.7941947608 
                 14.5000000000                  38.0000000000              169340.0991200170 
                 14.5000000000                  38.5000000000              158217.9366437079 
                 14.5000000000                  39.0000000000              148335.7153068108 
                 14.5000000000                  39.5000000000              139458.8116506131 
                 14.5000000000                  40.0000000000              131325.3046437737 
                 14.5000000000                  40.5000000000              123724.7841581572 
                 14.5000000000                  41.0000000000              116623.5947537410 
                 14.5000000000                  41.5000000000              109984.3441549550 
                 14.5000000000                  42.0000000000              103705.3018881487 
                 14.5000000000                  42.5000000000               97684.0355095516 
                 14.5000000000                  43.0000000000               91874.2673805099 
                 14.5000000000                  43.5000000000               86344.6271412449 
                 14.5000000000                  44.0000000000               80941.7535557780 
                 14.5000000000                  44.5000000000               75073.6944574440 
                 14.5000000000                  45.0000000000               68406.9686190477 
                 14.5000000000                  45.5000000000               60419.4997143950 
                 14.5000000000                  46.0000000000               51331.0931905134 
                 14.5000000000                  46.5000000000               43387.3776274431 
                 14.5000000000                  47.0000000000               37243.6014581607 
                 14.5000000000                  47.5000000000               31991.0502483148 
                 14.5000000000                  48.0000000000               27267.3021050454 
                 14.5000000000                  48.5000000000               22044.9905242018 
                 14.5000000000                  49.0000000000               15667.1030240283 
                 14.5000000000                  49.5000000000                8250.6134739569 
                 14.5000000000                  50.0000000000                   0.0000000000 
                 15.0000000000                   0.0000000000                   0.0000000000 
                 15.0000000000                   0.5000000000                5347.6816477233 
                 15.0000000000                   1.0000000000               10744.6596963129 
                 15.0000000000                   1.5000000000               16210.8674440240 
                 15.0000000000                   2.0000000000               21800.5595761002 
                 15.0000000000                   2.5000000000               27510.6171936141 
                 15.0000000000                   3.0000000000               33284.1591798892 
                 15.0000000000                   3.5000000000               39126.0145657445 
                 15.0000000000                   4.0000000000               45072.9838476142 
                 15.0000000000                   4.5000000000               51123.2985225312 
                 15.0000000000                   5.0000000000               57257.5807018996 
                 15.0000000000                   5.5000000000               63498.9965219927 
                 15.0000000000                   6.0000000000               69884.0620636146 
                 15.0000000000                   6.5000000000               76427.0384304056 
                 15.0000000000                   7.0000000000               83068.0696373983 
                 15.0000000000                   7.5000000000               89735.3623984276 
                 15.0000000000                   8.0000000000               96393.8372890816 
                 15.0000000000                   8.5000000000              103034.4915031369 
                 15.0000000000                   9.0000000000              109782.4353847054 
                 15.0000000000                   9.5000000000              116806.4964328475 
                 15.0000000000                  10.0000000000              124231.9880437814 
                 15.0000000000                  10.5000000000              132220.4102521304 
                 15.0000000000                  11.0000000000              140830.0265349831 
                 15.0000000000                  11.5000000000              149997.5305741155 
                 15.0000000000                  12.0000000000              159689.8261783613 
                 15.0000000000                  12.5000000000              169880.8804248159 
                 15.0000000000                  13.0000000000              180262.0203834744 
                 15.0000000000                  13.5000000000              190711.8561990860 
                 15.0000000000                  14.0000000000              201458.1542771076 
                 15.0000000000                  14.5000000000              212668.4871504786 
                 15.0000000000                  15.0000000000              224032.1802416760 
                 15.0000000000                  15.5000000000              235017.8255161381 
                 15.0000000000                  16.0000000000              245513.7896719230 
                 15.0000000000                  16.5000000000              255466.4630488633 
                 15.0000000000                  17.0000000000              265006.7549742871 
                 15.0000000000                  17.5000000000              274393.0536628789 
                 15.0000000000                  18.0000000000              283642.5111318377 
                 15.0000000000                  18.5000000000              292664.6171149161 
                 15.0000000000                  19.0000000000              301454.4954005455 
                 15.0000000000                  19.5000000000              310106.3680230606 
                 15.0000000000                  20.0000000000              318668.2141224719 
                 15.0000000000                  20.5000000000              327153.7335143809 
                 15.0000000000                  21.0000000000              335599.4089107014 
                 15.0000000000                  21.5000000000              343946.1414128839 
                 15.0000000000                  22.0000000000              352075.6979464624 
                 15.0000000000                  22.5000000000              359877.4194409595 
                 15.0000000000                  23.0000000000              367139.1381299590 
                 15.0000000000                  23.5000000000              373591.1797204750 
                 15.0000000000                  24.0000000000              379180.2760494686 
                 15.0000000000                  24.5000000000              383987.8884909700 
                 15.0000000000                  25.0000000000              388091.9040872821 
                 15.0000000000                  25.5000000000              391484.4931012975 
                 15.0000000000                  26.0000000000              394007.5635462514 
                 15.0000000000                  26.5000000000              395510.3818225444 
                 15.0000000000                  27.0000000000              395874.6317866099 
                 15.0000000000                  27.5000000000              394785.3666905859 
                 15.0000000000                  28.0000000000              391594.7196427477 
                 15.0000000000                  28.5000000000              385606.9335303804 
                 15.0000000000                  29.0000000000              374360.1130403642 
                 15.0000000000                  29.5000000000              359622.7757150136 
                 15.0000000000                  30.0000000000              346941.0801175952 
                 15.0000000000                  30.5000000000              336780.3920449581 
                 15.0000000000                  31.0000000000              327889.6493266768 
                 15.0000000000                  31.5000000000              319970.2647143286 
                 15.0000000000                  32.0000000000              312776.1646943246 
                 15.0000000000                  32.5000000000              306243.9881799065 
                 15.0000000000                  33.0000000000              300474.1954133993 
                 15.0000000000                  33.5000000000              295183.5516895235 
                 15.0000000000                  34.0000000000              288957.3716058981 
                 15.0000000000                  34.5000000000              280675.5306301448 
                 15.0000000000                  35.0000000000              269665.4846773754 
                 15.0000000000                  35.5000000000              254828.8346466300 
                 15.0000000000                  36.0000000000              237934.2449989684 
                 15.0000000000                  36.5000000000              221304.5650751962 
                 15.0000000000                  37.0000000000              205069.7885538758 
                 15.0000000000                  37.5000000000              189291.1429991008 
                 15.0000000000                  38.0000000000              174951.1333286622 
                 15.0000000000                  38.5000000000              162729.1237342828 
                 15.0000000000                  39.0000000000              152065.6658752696 
                 15.0000000000                  39.5000000000              142656.6822665480 
                 15.0000000000                  40.0000000000              134165.2382871845 
                 15.0000000000                  40.5000000000              126316.4451582282 
                 15.0000000000                  41.0000000000              119057.5417608374 
                 15.0000000000                  41.5000000000              112363.4394119521 
                 15.0000000000                  42.0000000000              106048.0604285602 
                 15.0000000000                  42.5000000000               99859.8330086234 
                 15.0000000000                  43.0000000000               93725.2543340971 
                 15.0000000000                  43.5000000000               87673.9532713960 
                 15.0000000000                  44.0000000000               81618.8728421158 
                 15.0000000000                  44.5000000000               75259.1928203901 
                 15.0000000000                  45.0000000000               68400.4946886194 
                 15.0000000000                  45.5000000000               60709.1226887479 
                 15.0000000000                  46.0000000000               52397.7544095422 
                 15.0000000000                  46.5000000000               45000.9277527245 
                 15.0000000000                  47.0000000000               38990.8024516297 
                 15.0000000000                  47.5000000000               33785.8704297741 
                 15.0000000000                  48.0000000000               29077.4875561033 
                 15.0000000000                  48.5000000000               23803.4163941950 
                 15.0000000000                  49.0000000000               17194.6072649302 
                 15.0000000000                  49.5000000000                9249.1471166904 
                 15.0000000000                  50.0000000000                   0.0000000000 
                 15.5000000000                   0.0000000000                   0.0000000000 
                 15.5000000000                   0.5000000000                5469.9097412859 
                 15.5000000000                   1.0000000000               11007.6951267221 
                 15.5000000000                   1.5000000000               16637.4218154167 
                 15.5000000000                   2.0000000000               22428.8388480439 
                 15.5000000000                   2.5000000000               28367.5908840291 
                 15.5000000000                   3.0000000000               34363.0452539689 
                 15.5000000000                   3.5000000000               40409.8642260956 
                 15.5000000000                   4.0000000000               46535.0347208971 
                 15.5000000000                   4.5000000000               52730.5074194627 
                 15.5000000000                   5.0000000000               58989.7811130547 
                 15.5000000000                   5.5000000000               65351.8603907660 
                 15.5000000000                   6.0000000000               71890.3468172296 
                 15.5000000000                   6.5000000000               78618.5316954765 
                 15.5000000000                   7.0000000000               85410.3209572698 
                 15.5000000000                   7.5000000000               92183.8864633830 
                 15.5000000000                   8.0000000000               98922.1978447087 
                 15.5000000000                   8.5000000000              105638.0487533018 
                 15.5000000000                   9.0000000000              112521.1612418946 
                 15.5000000000                   9.5000000000              119768.2984094743 
                 15.5000000000                  10.0000000000              127523.2314566018 
                 15.5000000000                  10.5000000000              136000.6919195488 
                 15.5000000000                  11.0000000000              145149.2232809910 
                 15.5000000000                  11.5000000000              154772.4037634128 
                 15.5000000000                  12.0000000000              164809.8659929110 
                 15.5000000000                  12.5000000000              175162.5564085561 
                 15.5000000000                  13.0000000000              185666.0865325487 
                 15.5000000000                  13.5000000000              196363.4705873779 
                 15.5000000000                  14.0000000000              207476.5142593192 
                 15.5000000000                  14.5000000000              219284.3767252506 
                 15.5000000000                  15.0000000000              231271.6908833369 
                 15.5000000000                  15.5000000000              242644.9592243626 
                 15.5000000000                  16.0000000000              253398.4101233612 
                 15.5000000000                  16.5000000000              263571.5985739788 
                 15.5000000000                  17.0000000000              273364.5067458621 
                 15.5000000000                  17.5000000000              283087.0366982631 
                 15.5000000000                  18.0000000000              292746.6558046304 
                 15.5000000000                  18.5000000000              302220.8863905508 
                 15.5000000000                  19.0000000000              311489.3028990211 
                 15.5000000000                  19.5000000000              320654.0590486610 
                 15.5000000000                  20.0000000000              329762.7817714563 
                 15.5000000000                  20.5000000000              338819.6240635045 
                 15.5000000000                  21.0000000000              347847.6180564783 
                 15.5000000000                  21.5000000000              356754.1553263892 
                 15.5000000000                  22.0000000000              365410.1612405628 
                 15.5000000000                  22.5000000000              373710.8280598214 
                 15.5000000000                  23.0000000000              381428.1067664773 
                 15.5000000000                  23.5000000000              388285.4767176733 
                 15.5000000000                  24.0000000000              394230.4536051931 
                 15.5000000000                  24.5000000000              399339.4425038213 
                 15.5000000000                  25.0000000000              403692.0442624707 
                 15.5000000000                  25.5000000000              407298.9891417664 
                 15.5000000000                  26.0000000000              409997.7509535864 
                 15.5000000000                  26.5000000000              411606.8073323441 
                 15.5000000000                  27.0000000000              411994.2058916646 
                 15.5000000000                  27.5000000000              410831.0521109340 
                 15.5000000000                  28.0000000000              407488.8758891872 
                 15.5000000000                  28.5000000000              401281.3229548283 
                 15.5000000000                  29.0000000000              390334.6312275114 
                 15.5000000000                  29.5000000000              376038.3375534464 
                 15.5000000000                  30.0000000000              362842.5803280922 
                 15.5000000000                  30.5000000000              351552.0111713042 
                 15.5000000000                  31.0000000000              341426.2204993099 
                 15.5000000000                  31.5000000000              332254.3359002059 
                 15.5000000000                  32.0000000000              323829.9163227100 
                 15.5000000000                  32.5000000000              316143.2188900952 
                 15.5000000000                  33.0000000000              309344.1241159036 
                 15.5000000000                  33.5000000000              303169.0676834045 
                 15.5000000000                  34.0000000000              296219.7605301136 
                 15.5000000000                  34.5000000000              287416.0120218340 
                 15.5000000000                  35.0000000000              276194.4419253366 
                 15.5000000000                  35.5000000000              261622.4801490292 
                 15.5000000000                  36.0000000000              245149.7355255572 
                 15.5000000000                  36.5000000000              228619.1065996521 
                 15.5000000000                  37.0000000000              212015.4868277698 
                 15.5000000000                  37.5000000000              195287.2716141527 
                 15.5000000000                  38.0000000000              179825.5945731863 
                 15.5000000000                  38.5000000000              166732.8489487155 
                 15.5000000000                  39.0000000000              155397.0358593904 
                 15.5000000000                  39.5000000000              145470.3220405764 
                 15.5000000000                  40.0000000000              136591.0916123385 
                 15.5000000000                  40.5000000000              128474.6132570044 
                 15.5000000000                  41.0000000000              121059.3929805554 
                 15.5000000000                  41.5000000000              114339.0490811803 
                 15.5000000000                  42.0000000000              108043.5716512692 
                 15.5000000000                  42.5000000000              101753.3026439685 
                 15.5000000000                  43.0000000000               95355.5616414137 
                 15.5000000000                  43.5000000000               88815.7845021006 
                 15.5000000000                  44.0000000000               82129.8663233683 
                 15.5000000000                  44.5000000000               75369.6052233808 
                 15.5000000000                  45.0000000000               68486.0615131691 
                 15.5000000000                  45.5000000000               61275.0387985415 
                 15.5000000000                  46.0000000000               53881.6447985902 
                 15.5000000000                  46.5000000000               47116.5784687738 
                 15.5000000000                  47.0000000000               41289.3797303837 
                 15.5000000000                  47.5000000000               36161.2653532784 
                 15.5000000000                  48.0000000000               31511.9466390360 
                 15.5000000000                  48.5000000000               26251.7052536223 
                 15.5000000000                  49.0000000000               19447.6497224824 
                 15.5000000000                  49.5000000000               10843.4019228528 
                 15.5000000000                  50.0000000000                   0.0000000000 
                 16.0000000000                   0.0000000000                   0.0000000000 
                 16.0000000000                   0.5000000000                5603.1976254271 
                 16.0000000000                   1.0000000000               11292.6044071910 
                 16.0000000000                   1.5000000000               17094.0602651771 
                 16.0000000000                   2.0000000000               23089.7257074079 
                 16.0000000000                   2.5000000000               29250.5379168019 
                 16.0000000000                   3.0000000000               35451.0751906582 
                 16.0000000000                   3.5000000000               41678.3080021057 
                 16.0000000000                   4.0000000000               47953.4628250785 
                 16.0000000000                   4.5000000000               54271.9176073900 
                 16.0000000000                   5.0000000000               60644.8680282073 
                 16.0000000000                   5.5000000000               67115.8703257375 
                 16.0000000000                   6.0000000000               73786.8971213018 
                 16.0000000000                   6.5000000000               80652.3914304098 
                 16.0000000000                   7.0000000000               87513.9378719423 
                 16.0000000000                   7.5000000000               94312.9546611024 
                 16.0000000000                   8.0000000000              101078.4898432216 
                 16.0000000000                   8.5000000000              107848.2314284190 
                 16.0000000000                   9.0000000000              114865.7641720960 
                 16.0000000000                   9.5000000000              122346.8373300827 
                 16.0000000000                  10.0000000000              130450.3650519137 
                 16.0000000000                  10.5000000000              139455.0006366377 
                 16.0000000000                  11.0000000000              149163.5802045072 
                 16.0000000000                  11.5000000000              159220.1968625956 
                 16.0000000000                  12.0000000000              169577.1645336521 
                 16.0000000000                  12.5000000000              180102.5418298240 
                 16.0000000000                  13.0000000000              190794.7428671422 
                 16.0000000000                  13.5000000000              201851.9411738826 
                 16.0000000000                  14.0000000000              213462.0320494197 
                 16.0000000000                  14.5000000000              226074.1795007171 
                 16.0000000000                  15.0000000000              238872.4132400639 
                 16.0000000000                  15.5000000000              250680.4171130492 
                 16.0000000000                  16.0000000000              261705.2140879489 
                 16.0000000000                  16.5000000000              272131.3132100169 
                 16.0000000000                  17.0000000000              282229.3942671496 
                 16.0000000000                  17.5000000000              292357.0814080522 
                 16.0000000000                  18.0000000000              302498.7732684502 
                 16.0000000000                  18.5000000000              312486.6443730961 
                 16.0000000000                  19.0000000000              322281.2966986133 
                 16.0000000000                  19.5000000000              331992.0581157290 
                 16.0000000000                  20.0000000000              341656.4918427104 
                 16.0000000000                  20.5000000000              351260.0394692197 
                 16.0000000000                  21.0000000000              360811.7707987695 
                 16.0000000000                  21.5000000000              370182.4547545841 
                 16.0000000000                  22.0000000000              379245.0452434587 
                 16.0000000000                  22.5000000000              387945.5655351349 
                 16.0000000000                  23.0000000000              396100.8625868756 
                 16.0000000000                  23.5000000000              403460.5025144683 
                 16.0000000000                  24.0000000000              409919.9052628803 
                 16.0000000000                  24.5000000000              415462.6452674603 
                 16.0000000000                  25.0000000000              420113.8749259588 
                 16.0000000000                  25.5000000000              423872.1888136388 
                 16.0000000000                  26.0000000000              426579.4482518255 
                 16.0000000000                  26.5000000000              428064.2348657990 
                 16.0000000000                  27.0000000000              428227.7420343985 
                 16.0000000000                  27.5000000000              426772.9916186089 
                 16.0000000000                  28.0000000000              423125.8529682088 
                 16.0000000000                  28.5000000000              416689.2940276406 
                 16.0000000000                  29.0000000000              406042.4270091013 
                 16.0000000000                  29.5000000000              392256.5167736110 
                 16.0000000000                  30.0000000000              378830.5278434703 
                 16.0000000000                  30.5000000000              366644.3417201000 
                 16.0000000000                  31.0000000000              355379.2108308001 
                 16.0000000000                  31.5000000000              344989.8810979672 
                 16.0000000000                  32.0000000000              335319.4331275571 
                 16.0000000000                  32.5000000000              326409.0248048563 
                 16.0000000000                  33.0000000000              318469.5550491910 
                 16.0000000000                  33.5000000000              311265.4626114613 
                 16.0000000000                  34.0000000000              303424.9891129591 
                 16.0000000000                  34.5000000000              293904.3009182385 
                 16.0000000000                  35.0000000000              282223.0715899770 
                 16.0000000000                  35.5000000000              267597.8967951040 
                 16.0000000000                  36.0000000000              251258.8775557608 
                 16.0000000000                  36.5000000000              234708.7934591689 
                 16.0000000000                  37.0000000000              217827.4483362500 
                 16.0000000000                  37.5000000000              200395.2875213149 
                 16.0000000000                  38.0000000000              184103.7366925172 
                 16.0000000000                  38.5000000000              170356.3839117422 
                 16.0000000000                  39.0000000000              158437.9295193639 
                 16.0000000000                  39.5000000000              147998.4430490775 
                 16.0000000000                  40.0000000000              138699.7759359844 
                 16.0000000000                  40.5000000000              130284.8309885531 
                 16.0000000000                  41.0000000000              122698.9508302295 
                 16.0000000000                  41.5000000000              115946.7662472261 
                 16.0000000000                  42.0000000000              109681.1224416778 
                 16.0000000000                  42.5000000000              103333.8032593898 
                 16.0000000000                  43.0000000000               96749.7730792053 
                 16.0000000000                  43.5000000000               89819.4259863700 
                 16.0000000000                  44.0000000000               82626.3473230004 
                 16.0000000000                  44.5000000000               75605.5198681729 
                 16.0000000000                  45.0000000000               68823.7597939460 
                 16.0000000000                  45.5000000000               62104.9766735184 
                 16.0000000000                  46.0000000000               55508.7436427195 
                 16.0000000000                  46.5000000000               49340.5518801777 
                 16.0000000000                  47.0000000000               43766.0751070968 
                 16.0000000000                  47.5000000000               38771.4380169458 
                 16.0000000000                  48.0000000000               34239.9621837315 
                 16.0000000000                  48.5000000000               29076.6965349659 
                 16.0000000000                  49.0000000000               22187.0722479704 
                 16.0000000000                  49.5000000000               12959.3268103660 
                 16.0000000000                  50.0000000000                   0.0000000000 
                 16.5000000000                   0.0000000000                   0.0000000000 
                 16.5000000000                   0.5000000000                5754.8232857932 
                 16.5000000000                   1.0000000000               11614.7621410163 
                 16.5000000000                   1.5000000000               17607.1095172785 
                 16.5000000000                   2.0000000000               23819.1314771862 
                 16.5000000000                   2.5000000000               30197.7582656108 
                 16.5000000000                   3.0000000000               36588.5858832799 
                 16.5000000000                   3.5000000000               42979.4453003121 
                 16.5000000000                   4.0000000000               49386.7729291615 
                 16.5000000000                   4.5000000000               55813.6291054504 
                 16.5000000000                   5.0000000000               62290.2990476336 
                 16.5000000000                   5.5000000000               68853.8805642163 
                 16.5000000000                   6.0000000000               75602.8501430530 
                 16.5000000000                   6.5000000000               82490.0503087951 
                 16.5000000000                   7.0000000000               89307.0287800870 
                 16.5000000000                   7.5000000000               96069.6965735437 
                 16.5000000000                   8.0000000000              102841.1547815209 
                 16.5000000000                   8.5000000000              109676.6843831367 
                 16.5000000000                   9.0000000000              116854.7709202343 
                 16.5000000000                   9.5000000000              124595.7590790610 
                 16.5000000000                  10.0000000000              133070.8819893799 
                 16.5000000000                  10.5000000000              142617.5671660501 
                 16.5000000000                  11.0000000000              152868.4870462708 
                 16.5000000000                  11.5000000000              163323.2078554328 
                 16.5000000000                  12.0000000000              173999.7255576674 
                 16.5000000000                  12.5000000000              184776.0511576857 
                 16.5000000000                  13.0000000000              195821.2269662137 
                 16.5000000000                  13.5000000000              207454.9121503229 
                 16.5000000000                  14.0000000000              219792.8918049839 
                 16.5000000000                  14.5000000000              233425.0273383001 
                 16.5000000000                  15.0000000000              247038.6295587447 
                 16.5000000000                  15.5000000000              259118.7794310890 
                 16.5000000000                  16.0000000000              270324.8649849142 
                 16.5000000000                  16.5000000000              280996.1242013897 
                 16.5000000000                  17.0000000000              291474.6413932313 
                 16.5000000000                  17.5000000000              302127.9701072654 
                 16.5000000000                  18.0000000000              312871.1318102892 
                 16.5000000000                  18.5000000000              323474.9679165159 
                 16.5000000000                  19.0000000000              333873.4720916841 
                 16.5000000000                  19.5000000000              344188.0568392050 
                 16.5000000000                  20.0000000000              354457.2440629873 
                 16.5000000000                  20.5000000000              364622.1936805730 
                 16.5000000000                  21.0000000000              374590.7661573848 
                 16.5000000000                  21.5000000000              384198.5516076640 
                 16.5000000000                  22.0000000000              393435.3372094339 
                 16.5000000000                  22.5000000000              402396.0269911402 
                 16.5000000000                  23.0000000000              411040.6490134858 
                 16.5000000000                  23.5000000000              419116.8566404742 
                 16.5000000000                  24.0000000000              426326.7029862103 
                 16.5000000000                  24.5000000000              432495.9993042542 
                 16.5000000000                  25.0000000000              437540.7660240695 
                 16.5000000000                  25.5000000000              441397.7748438598 
                 16.5000000000                  26.0000000000              443953.9982401568 
                 16.5000000000                  26.5000000000              445103.8719515053 
                 16.5000000000                  27.0000000000              444824.1917881099 
                 16.5000000000                  27.5000000000              442916.6728786098 
                 16.5000000000                  28.0000000000              438902.7560855586 
                 16.5000000000                  28.5000000000              432291.7221131049 
                 16.5000000000                  29.0000000000              422008.9966566021 
                 16.5000000000                  29.5000000000              408723.3219058322 
                 16.5000000000                  30.0000000000              395076.0258121298 
                 16.5000000000                  30.5000000000              382049.4774119857 
                 16.5000000000                  31.0000000000              369656.7957534374 
                 16.5000000000                  31.5000000000              357998.4257260830 
                 16.5000000000                  32.0000000000              347026.6026461402 
                 16.5000000000                  32.5000000000              336824.7587941758 
                 16.5000000000                  33.0000000000              327636.6677043953 
                 16.5000000000                  33.5000000000              319261.6735276930 
                 16.5000000000                  34.0000000000              310366.2306654180 
                 16.5000000000                  34.5000000000              299941.4665054926 
                 16.5000000000                  35.0000000000              287571.1896027216 
                 16.5000000000                  35.5000000000              272614.9696252021 
                 16.5000000000                  36.0000000000              256190.6853088969 
                 16.5000000000                  36.5000000000              239583.4190774963 
                 16.5000000000                  37.0000000000              222620.9583016561 
                 16.5000000000                  37.5000000000              204913.2236418007 
                 16.5000000000                  38.0000000000              188172.6345369229 
                 16.5000000000                  38.5000000000              173914.6725014679 
                 16.5000000000                  39.0000000000              161412.1159093225 
                 16.5000000000                  39.5000000000              150375.6407676406 
                 16.5000000000                  40.0000000000              140564.9990067083 
                 16.5000000000                  40.5000000000              131796.7634716759 
                 16.5000000000                  41.0000000000              124010.8240210760 
                 16.5000000000                  41.5000000000              117201.5969397579 
                 16.5000000000                  42.0000000000              110952.7390397338 
                 16.5000000000                  42.5000000000              104577.9483445260 
                 16.5000000000                  43.0000000000               97891.9719611371 
                 16.5000000000                  43.5000000000               90723.6583569148 
                 16.5000000000                  44.0000000000               83219.0165083439 
                 16.5000000000                  44.5000000000               76086.7466380005 
                 16.5000000000                  45.0000000000               69460.0149883503 
                 16.5000000000                  45.5000000000               63149.3200371873 
                 16.5000000000                  46.0000000000               57157.2180221243 
                 16.5000000000                  46.5000000000               51470.1895298539 
                 16.5000000000                  47.0000000000               46146.5368920889 
                 16.5000000000                  47.5000000000               41300.9046631742 
                 16.5000000000                  48.0000000000               36899.8703585249 
                 16.5000000000                  48.5000000000               31874.4030993235 
                 16.5000000000                  49.0000000000               25007.9172685203 
                 16.5000000000                  49.5000000000               15390.1853668355 
                 16.5000000000                  50.0000000000                   0.0000000000 
                 17.0000000000                   0.0000000000                   0.0000000000 
                 17.0000000000                   0.5000000000                5929.4462089047 
                 17.0000000000                   1.0000000000               11975.0595436079 
                 17.0000000000                   1.5000000000               18165.9379419290 
                 17.0000000000                   2.0000000000               24572.8453844115 
                 17.0000000000                   2.5000000000               31119.1317935341 
                 17.0000000000                   3.0000000000               37651.2952426495 
                 17.0000000000                   3.5000000000               44162.2235864063 
                 17.0000000000                   4.0000000000               50662.1136514223 
                 17.0000000000                   4.5000000000               57166.5590217953 
                 17.0000000000                   5.0000000000               63719.9801644034 
                 17.0000000000                   5.5000000000               70348.9264065101 
                 17.0000000000                   6.0000000000               77102.0347056002 
                 17.0000000000                   6.5000000000               83916.8694093383 
                 17.0000000000                   7.0000000000               90671.5715705805 
                 17.0000000000                   7.5000000000               97430.1472532268 
                 17.0000000000                   8.0000000000              104257.5700249716 
                 17.0000000000                   8.5000000000              111235.6511300481 
                 17.0000000000                   9.0000000000              118647.7406889047 
                 17.0000000000                   9.5000000000              126704.9130441507 
                 17.0000000000                  10.0000000000              135590.7567520356 
                 17.0000000000                  10.5000000000              145641.2870601705 
                 17.0000000000                  11.0000000000              156364.7063791173 
                 17.0000000000                  11.5000000000              167204.2392109750 
                 17.0000000000                  12.0000000000              178251.2291760636 
                 17.0000000000                  12.5000000000              189458.7994879922 
                 17.0000000000                  13.0000000000              201123.1641483893 
                 17.0000000000                  13.5000000000              213586.3177200920 
                 17.0000000000                  14.0000000000              226887.8552232036 
                 17.0000000000                  14.5000000000              241462.1162767969 
                 17.0000000000                  15.0000000000              255589.2242694351 
                 17.0000000000                  15.5000000000              267810.8285110724 
                 17.0000000000                  16.0000000000              279189.7747503098 
                 17.0000000000                  16.5000000000              290185.7836463419 
                 17.0000000000                  17.0000000000              301200.9700418956 
                 17.0000000000                  17.5000000000              312535.9243796035 
                 17.0000000000                  18.0000000000              323997.9364862628 
                 17.0000000000                  18.5000000000              335292.8997672813 
                 17.0000000000                  19.0000000000              346333.3650764208 
                 17.0000000000                  19.5000000000              357286.9064497672 
                 17.0000000000                  20.0000000000              368182.4326767248 
                 17.0000000000                  20.5000000000              378867.9208311603 
                 17.0000000000                  21.0000000000              389144.9670352946 
                 17.0000000000                  21.5000000000              398886.9761390992 
                 17.0000000000                  22.0000000000              408252.9086896974 
                 17.0000000000                  22.5000000000              417464.2726622848 
                 17.0000000000                  23.0000000000              426630.5853100780 
                 17.0000000000                  23.5000000000              435467.7017776981 
                 17.0000000000                  24.0000000000              443455.4011669512 
                 17.0000000000                  24.5000000000              450274.7155510095 
                 17.0000000000                  25.0000000000              455694.4803519023 
                 17.0000000000                  25.5000000000              459570.6985130433 
                 17.0000000000                  26.0000000000              461870.9853485146 
                 17.0000000000                  26.5000000000              462584.3037851049 
                 17.0000000000                  27.0000000000              461757.4302603047 
                 17.0000000000                  27.5000000000              459310.5372708954 
                 17.0000000000                  28.0000000000              454884.8488285326 
                 17.0000000000                  28.5000000000              448091.4863967125 
                 17.0000000000                  29.0000000000              438216.5324404647 
                 17.0000000000                  29.5000000000              425552.2542945564 
                 17.0000000000                  30.0000000000              411779.5396986937 
                 17.0000000000                  30.5000000000              397866.2527627227 
                 17.0000000000                  31.0000000000              384276.0948984422 
                 17.0000000000                  31.5000000000              371309.6512667135 
                 17.0000000000                  32.0000000000              358959.2584527401 
                 17.0000000000                  32.5000000000              347368.7564923770 
                 17.0000000000                  33.0000000000              336810.0488211897 
                 17.0000000000                  33.5000000000              327103.1062322413 
                 17.0000000000                  34.0000000000              316975.8263388273 
                 17.0000000000                  34.5000000000              305458.4785292814 
                 17.0000000000                  35.0000000000              292168.7157741915 
                 17.0000000000                  35.5000000000              276562.6788627012 
                 17.0000000000                  36.0000000000              259792.0067356681 
                 17.0000000000                  36.5000000000              243076.7444555194 
                 17.0000000000                  37.0000000000              226230.5953064820 
                 17.0000000000                  37.5000000000              208917.6754079367 
                 17.0000000000                  38.0000000000              192356.1153556793 
                 17.0000000000                  38.5000000000              177735.2635534060 
                 17.0000000000                  39.0000000000              164611.0484655756 
                 17.0000000000                  39.5000000000              152791.3174803582 
                 17.0000000000                  40.0000000000              142273.9494293113 
                 17.0000000000                  40.5000000000              133066.4194518323 
                 17.0000000000                  41.0000000000              125040.4590326864 
                 17.0000000000                  41.5000000000              118132.9500382583 
                 17.0000000000                  42.0000000000              111862.7722630936 
                 17.0000000000                  42.5000000000              105470.7370894353 
                 17.0000000000                  43.0000000000               98753.6059032902 
                 17.0000000000                  43.5000000000               91542.7178739706 
                 17.0000000000                  44.0000000000               84010.4508591972 
                 17.0000000000                  44.5000000000               76928.8261682179 
                 17.0000000000                  45.0000000000               70466.5375940916 
                 17.0000000000                  45.5000000000               64446.7734505131 
                 17.0000000000                  46.0000000000               58835.4017074152 
                 17.0000000000                  46.5000000000               53475.4558609658 
                 17.0000000000                  47.0000000000               48352.6052389581 
                 17.0000000000                  47.5000000000               43614.0067216379 
                 17.0000000000                  48.0000000000               39262.3942019903 
                 17.0000000000                  48.5000000000               34259.8826993396 
                 17.0000000000                  49.0000000000               27314.3439635685 
                 17.0000000000                  49.5000000000               17267.1416868042 
                 17.0000000000                  50.0000000000                   0.0000000000 
                 17.5000000000                   0.0000000000                   0.0000000000 
                 17.5000000000                   0.5000000000                6115.4265617019 
                 17.5000000000                   1.0000000000               12339.0563355941 
                 17.5000000000                   1.5000000000               18697.9160494896 
                 17.5000000000                   2.0000000000               25233.7426852542 
                 17.5000000000                   2.5000000000               31866.4992128648 
                 17.5000000000                   3.0000000000               38471.4817494813 
                 17.5000000000                   3.5000000000               45042.8926383065 
                 17.5000000000                   4.0000000000               51585.0784512117 
                 17.5000000000                   4.5000000000               58124.5349644374 
                 17.5000000000                   5.0000000000               64713.4148422736 
                 17.5000000000                   5.5000000000               71370.0155818481 
                 17.5000000000                   6.0000000000               78094.8274115555 
                 17.5000000000                   6.5000000000               84857.5738851814 
                 17.5000000000                   7.0000000000               91638.0602169164 
                 17.5000000000                   7.5000000000               98493.5000866375 
                 17.5000000000                   8.0000000000              105489.4632851947 
                 17.5000000000                   8.5000000000              112744.5158383315 
                 17.5000000000                   9.0000000000              120505.5767273992 
                 17.5000000000                   9.5000000000              128956.6326456362 
                 17.5000000000                  10.0000000000              138288.5827911945 
                 17.5000000000                  10.5000000000              148788.5994871170 
                 17.5000000000                  11.0000000000              159940.0702080643 
                 17.5000000000                  11.5000000000              171218.3500589061 
                 17.5000000000                  12.0000000000              182762.9629997799 
                 17.5000000000                  12.5000000000              194628.9324987695 
                 17.5000000000                  13.0000000000              207123.2521912410 
                 17.5000000000                  13.5000000000              220488.3441790899 
                 17.5000000000                  14.0000000000              234667.7944025573 
                 17.5000000000                  14.5000000000              249765.9033057898 
                 17.5000000000                  15.0000000000              264130.3088679413 
                 17.5000000000                  15.5000000000              276651.8181939955 
                 17.5000000000                  16.0000000000              288421.7408979664 
                 17.5000000000                  16.5000000000              299990.7471876960 
                 17.5000000000                  17.0000000000              311770.2075450342 
                 17.5000000000                  17.5000000000              323915.6296945057 
                 17.5000000000                  18.0000000000              336131.3437097166 
                 17.5000000000                  18.5000000000              348085.6387082568 
                 17.5000000000                  19.0000000000              359711.7743993940 
                 17.5000000000                  19.5000000000              371223.8022728740 
                 17.5000000000                  20.0000000000              382654.6636217523 
                 17.5000000000                  20.5000000000              393846.0213986431 
                 17.5000000000                  21.0000000000              404516.4116172594 
                 17.5000000000                  21.5000000000              414516.9564030392 
                 17.5000000000                  22.0000000000              424071.3531895941 
                 17.5000000000                  22.5000000000              433461.9314416672 
                 17.5000000000                  23.0000000000              443023.9918934394 
                 17.5000000000                  23.5000000000              452501.6375037560 
                 17.5000000000                  24.0000000000              461112.6898175781 
                 17.5000000000                  24.5000000000              468384.9562368045 
                 17.5000000000                  25.0000000000              473981.6190805587 
                 17.5000000000                  25.5000000000              477734.8452149990 
                 17.5000000000                  26.0000000000              479687.6116436385 
                 17.5000000000                  26.5000000000              479892.7585925721 
                 17.5000000000                  27.0000000000              478436.0764381320 
                 17.5000000000                  27.5000000000              475333.0269647116 
                 17.5000000000                  28.0000000000              470380.0988869238 
                 17.5000000000                  28.5000000000              463318.2563994131 
                 17.5000000000                  29.0000000000              453806.2688238678 
                 17.5000000000                  29.5000000000              441931.6369895721 
                 17.5000000000                  30.0000000000              428527.7912835845 
                 17.5000000000                  30.5000000000              414169.9887409821 
                 17.5000000000                  31.0000000000              399386.7067104231 
                 17.5000000000                  31.5000000000              384987.7223021856 
                 17.5000000000                  32.0000000000              371245.5895262477 
                 17.5000000000                  32.5000000000              358176.2948102684 
                 17.5000000000                  33.0000000000              346080.2050989423 
                 17.5000000000                  33.5000000000              334845.0980404790 
                 17.5000000000                  34.0000000000              323278.1691067174 
                 17.5000000000                  34.5000000000              310472.9425376683 
                 17.5000000000                  35.0000000000              296054.3815006747 
                 17.5000000000                  35.5000000000              279533.5673006841 
                 17.5000000000                  36.0000000000              262202.3212973891 
                 17.5000000000                  36.5000000000              245326.8120262553 
                 17.5000000000                  37.0000000000              228716.9012440118 
                 17.5000000000                  37.5000000000              212246.9573003114 
                 17.5000000000                  38.0000000000              196388.4312438335 
                 17.5000000000                  38.5000000000              181673.8711491271 
                 17.5000000000                  39.0000000000              168013.5359476568 
                 17.5000000000                  39.5000000000              155293.3608562054 
                 17.5000000000                  40.0000000000              143888.3390847374 
                 17.5000000000                  40.5000000000              134156.9551132701 
                 17.5000000000                  41.0000000000              125851.5840167383 
                 17.5000000000                  41.5000000000              118806.9719969848 
                 17.5000000000                  42.0000000000              112479.0139865100 
                 17.5000000000                  42.5000000000              106069.8765613196 
                 17.5000000000                  43.0000000000               99375.3676583617 
                 17.5000000000                  43.5000000000               92283.3074347453 
                 17.5000000000                  44.0000000000               84962.0047495281 
                 17.5000000000                  44.5000000000               78076.3963610555 
                 17.5000000000                  45.0000000000               71801.5324992581 
                 17.5000000000                  45.5000000000               66008.6783552296 
                 17.5000000000                  46.0000000000               60640.4297378183 
                 17.5000000000                  46.5000000000               55491.6110440378 
                 17.5000000000                  47.0000000000               50501.1146287232 
                 17.5000000000                  47.5000000000               45793.5981836523 
                 17.5000000000                  48.0000000000               41361.5963379558 
                 17.5000000000                  48.5000000000               36184.1445367651 
                 17.5000000000                  49.0000000000               28923.6450814101 
                 17.5000000000                  49.5000000000               18227.8850019633 
                 17.5000000000                  50.0000000000                   0.0000000000 
                 18.0000000000                   0.0000000000                   0.0000000000 
                 18.0000000000                   0.5000000000                6293.6602438079 
                 18.0000000000                   1.0000000000               12670.7163662309 
                 18.0000000000                   1.5000000000               19156.1585930365 
                 18.0000000000                   2.0000000000               25771.9562216686 
                 18.0000000000                   2.5000000000               32448.7651493343 
                 18.0000000000                   3.0000000000               39092.0823454697 
                 18.0000000000                   3.5000000000               45695.3864039856 
                 18.0000000000                   4.0000000000               52258.5735409166 
                 18.0000000000                   4.5000000000               58814.5649404444 
                 18.0000000000                   5.0000000000               65421.8833010357 
                 18.0000000000                   5.5000000000               72095.1654373772 
                 18.0000000000                   6.0000000000               78813.0911280323 
                 18.0000000000                   6.5000000000               85567.9109979846 
                 18.0000000000                   7.0000000000               92410.4030850487 
                 18.0000000000                   7.5000000000               99405.5742383183 
                 18.0000000000                   8.0000000000              106641.3934829911 
                 18.0000000000                   8.5000000000              114299.4139890496 
                 18.0000000000                   9.0000000000              122543.7792473012 
                 18.0000000000                   9.5000000000              131479.6981176888 
                 18.0000000000                  10.0000000000              141305.6303389522 
                 18.0000000000                  10.5000000000              152245.4516192369 
                 18.0000000000                  11.0000000000              163820.3730781270 
                 18.0000000000                  11.5000000000              175596.6791102854 
                 18.0000000000                  12.0000000000              187750.1195203192 
                 18.0000000000                  12.5000000000              200450.3280314125 
                 18.0000000000                  13.0000000000              213916.3861936614 
                 18.0000000000                  13.5000000000              228161.3596653561 
                 18.0000000000                  14.0000000000              243017.6000947652 
                 18.0000000000                  14.5000000000              258341.5873179019 
                 18.0000000000                  15.0000000000              272831.6031185198 
                 18.0000000000                  15.5000000000              285804.3341187009 
                 18.0000000000                  16.0000000000              298193.8334673594 
                 18.0000000000                  16.5000000000              310597.3107078062 
                 18.0000000000                  17.0000000000              323380.6726202308 
                 18.0000000000                  17.5000000000              336440.7213032943 
                 18.0000000000                  18.0000000000              349382.6134924105 
                 18.0000000000                  18.5000000000              361907.6900787093 
                 18.0000000000                  19.0000000000              373974.9406238621 
                 18.0000000000                  19.5000000000              385913.6178243787 
                 18.0000000000                  20.0000000000              397899.8005542352 
                 18.0000000000                  20.5000000000              409620.0217566811 
                 18.0000000000                  21.0000000000              420523.9770125825 
                 18.0000000000                  21.5000000000              430557.0471514762 
                 18.0000000000                  22.0000000000              440114.8647928794 
                 18.0000000000                  22.5000000000              449595.2014307869 
                 18.0000000000                  23.0000000000              459744.2367779614 
                 18.0000000000                  23.5000000000              470127.8138025729 
                 18.0000000000                  24.0000000000              479365.4965257784 
                 18.0000000000                  24.5000000000              486916.1555008168 
                 18.0000000000                  25.0000000000              492463.8170976358 
                 18.0000000000                  25.5000000000              495888.7497356151 
                 18.0000000000                  26.0000000000              497320.8053124280 
                 18.0000000000                  26.5000000000              496842.9582431661 
                 18.0000000000                  27.0000000000              494543.5963430422 
                 18.0000000000                  27.5000000000              490536.8666592392 
                 18.0000000000                  28.0000000000              484812.6259621676 
                 18.0000000000                  28.5000000000              477275.7985405523 
                 18.0000000000                  29.0000000000              467906.3443559031 
                 18.0000000000                  29.5000000000              456682.0291884665 
                 18.0000000000                  30.0000000000              443887.1020281904 
                 18.0000000000                  30.5000000000              429877.0982510294 
                 18.0000000000                  31.0000000000              414672.2046293257 
                 18.0000000000                  31.5000000000              398933.2632641013 
                 18.0000000000                  32.0000000000              383700.3418912225 
                 18.0000000000                  32.5000000000              369162.7157205410 
                 18.0000000000                  33.0000000000              355391.6199097194 
                 18.0000000000                  33.5000000000              342403.5855836231 
                 18.0000000000                  34.0000000000              329187.3835057183 
                 18.0000000000                  34.5000000000              314924.0426747202 
                 18.0000000000                  35.0000000000              299247.0679823257 
                 18.0000000000                  35.5000000000              281723.0865521933 
                 18.0000000000                  36.0000000000              263796.8340833855 
                 18.0000000000                  36.5000000000              246778.5241990138 
                 18.0000000000                  37.0000000000              230458.9815706725 
                 18.0000000000                  37.5000000000              214854.7589521721 
                 18.0000000000                  38.0000000000              199811.3532989661 
                 18.0000000000                  38.5000000000              185241.4857941320 
                 18.0000000000                  39.0000000000              171232.0383273792 
                 18.0000000000                  39.5000000000              157661.0321913375 
                 18.0000000000                  40.0000000000              145331.7228887903 
                 18.0000000000                  40.5000000000              135060.8742359684 
                 18.0000000000                  41.0000000000              126465.0286490457 
                 18.0000000000                  41.5000000000              119261.8147102932 
                 18.0000000000                  42.0000000000              112855.7317450073 
                 18.0000000000                  42.5000000000              106430.3005408109 
                 18.0000000000                  43.0000000000               99800.3738797654 
                 18.0000000000                  43.5000000000               92917.2182559675 
                 18.0000000000                  44.0000000000               85922.5388299378 
                 18.0000000000                  44.5000000000               79326.6581396904 
                 18.0000000000                  45.0000000000               73280.0184333617 
                 18.0000000000                  45.5000000000               67703.3270214169 
                 18.0000000000                  46.0000000000               62533.4447524193 
                 18.0000000000                  46.5000000000               57541.9120436426 
                 18.0000000000                  47.0000000000               52632.8973218161 
                 18.0000000000                  47.5000000000               47895.5038608923 
                 18.0000000000                  48.0000000000               43291.4383577606 
                 18.0000000000                  48.5000000000               37819.7710129523 
                 18.0000000000                  49.0000000000               30122.5991783192 
                 18.0000000000                  49.5000000000               18774.3803843438 
                 18.0000000000                  50.0000000000                   0.0000000000 
                 18.5000000000                   0.0000000000                   0.0000000000 
                 18.5000000000                   0.5000000000                6445.3378316510 
                 18.5000000000                   1.0000000000               12941.8209584563 
                 18.5000000000                   1.5000000000               19519.3306644687 
                 18.5000000000                   2.0000000000               26190.3748339799 
                 18.5000000000                   2.5000000000               32898.4604359954 
                 18.5000000000                   3.0000000000               39570.4962616782 
                 18.5000000000                   3.5000000000               46196.8565510009 
                 18.5000000000                   4.0000000000               52773.8999603358 
                 18.5000000000                   4.5000000000               59340.1732048608 
                 18.5000000000                   5.0000000000               65962.6990911731 
                 18.5000000000                   5.5000000000               72659.7916317593 
                 18.5000000000                   6.0000000000               79401.4044162203 
                 18.5000000000                   6.5000000000               86193.0950739002 
                 18.5000000000                   7.0000000000               93136.7332171247 
                 18.5000000000                   7.5000000000              100311.2787476111 
                 18.5000000000                   8.0000000000              107854.2923861627 
                 18.5000000000                   8.5000000000              116078.4011769879 
                 18.5000000000                   9.0000000000              124974.7682873821 
                 18.5000000000                   9.5000000000              134484.4745565286 
                 18.5000000000                  10.0000000000              144860.4574791070 
                 18.5000000000                  10.5000000000              156262.1724822520 
                 18.5000000000                  11.0000000000              168319.9179446823 
                 18.5000000000                  11.5000000000              180721.7325124471 
                 18.5000000000                  12.0000000000              193633.2661448165 
                 18.5000000000                  12.5000000000              207342.1357282225 
                 18.5000000000                  13.0000000000              221811.4115975933 
                 18.5000000000                  13.5000000000              236741.2591413054 
                 18.5000000000                  14.0000000000              252015.3524956055 
                 18.5000000000                  14.5000000000              267383.7849258065 
                 18.5000000000                  15.0000000000              282033.1714279462 
                 18.5000000000                  15.5000000000              295689.2624827350 
                 18.5000000000                  16.0000000000              308989.7582382236 
                 18.5000000000                  16.5000000000              322544.0369464126 
                 18.5000000000                  17.0000000000              336529.0102100903 
                 18.5000000000                  17.5000000000              350449.9698510328 
                 18.5000000000                  18.0000000000              363943.9917070572 
                 18.5000000000                  18.5000000000              376801.8033788676 
                 18.5000000000                  19.0000000000              389067.4777630748 
                 18.5000000000                  19.5000000000              401314.9274071914 
                 18.5000000000                  20.0000000000              413599.4221730576 
                 18.5000000000                  20.5000000000              425252.7805990004 
                 18.5000000000                  21.0000000000              435876.8263239302 
                 18.5000000000                  21.5000000000              445870.3889708080 
                 18.5000000000                  22.0000000000              455794.7683038022 
                 18.5000000000                  22.5000000000              466101.8525847860 
                 18.5000000000                  23.0000000000              477683.9840337019 
                 18.5000000000                  23.5000000000              489257.2955944402 
                 18.5000000000                  24.0000000000              498843.3597885102 
                 18.5000000000                  24.5000000000              506279.9433605322 
                 18.5000000000                  25.0000000000              511415.7163503302 
                 18.5000000000                  25.5000000000              514273.3029449446 
                 18.5000000000                  26.0000000000              515015.7983884372 
                 18.5000000000                  26.5000000000              513708.0512222050 
                 18.5000000000                  27.0000000000              510379.9474516111 
                 18.5000000000                  27.5000000000              505203.9237707675 
                 18.5000000000                  28.0000000000              498393.8617273251 
                 18.5000000000                  28.5000000000              490042.9675373482 
                 18.5000000000                  29.0000000000              480398.9094351943 
                 18.5000000000                  29.5000000000              469439.2506538909 
                 18.5000000000                  30.0000000000              457039.1201530232 
                 18.5000000000                  30.5000000000              443534.0216844779 
                 18.5000000000                  31.0000000000              428871.0856840501 
                 18.5000000000                  31.5000000000              412822.3164958108 
                 18.5000000000                  32.0000000000              396257.2399267023 
                 18.5000000000                  32.5000000000              380140.5173100640 
                 18.5000000000                  33.0000000000              364626.7737554142 
                 18.5000000000                  33.5000000000              349652.0256543912 
                 18.5000000000                  34.0000000000              334562.4351506822 
                 18.5000000000                  34.5000000000              318717.4820128103 
                 18.5000000000                  35.0000000000              301757.9631672703 
                 18.5000000000                  35.5000000000              283311.2563847743 
                 18.5000000000                  36.0000000000              264892.4507164015 
                 18.5000000000                  36.5000000000              247770.1130201756 
                 18.5000000000                  37.0000000000              231674.4922325362 
                 18.5000000000                  37.5000000000              216724.8948693539 
                 18.5000000000                  38.0000000000              202343.3703704789 
                 18.5000000000                  38.5000000000              187992.0633863078 
                 18.5000000000                  39.0000000000              173840.2033907067 
                 18.5000000000                  39.5000000000              159625.1608982384 
                 18.5000000000                  40.0000000000              146509.3917948886 
                 18.5000000000                  40.5000000000              135780.3898054867 
                 18.5000000000                  41.0000000000              126913.5114280703 
                 18.5000000000                  41.5000000000              119528.9580664094 
                 18.5000000000                  42.0000000000              113011.5399032883 
                 18.5000000000                  42.5000000000              106555.7942613519 
                 18.5000000000                  43.0000000000              100008.6663034572 
                 18.5000000000                  43.5000000000               93378.3270391147 
                 18.5000000000                  44.0000000000               86767.7777122510 
                 18.5000000000                  44.5000000000               80518.5604202837 
                 18.5000000000                  45.0000000000               74739.9081408129 
                 18.5000000000                  45.5000000000               69394.9190283917 
                 18.5000000000                  46.0000000000               64420.4341559470 
                 18.5000000000                  46.5000000000               59574.8990411013 
                 18.5000000000                  47.0000000000               54733.8666290749 
                 18.5000000000                  47.5000000000               49948.8992468314 
                 18.5000000000                  48.0000000000               45140.8484212672 
                 18.5000000000                  48.5000000000               39339.2708349819 
                 18.5000000000                  49.0000000000               31192.7759800155 
                 18.5000000000                  49.5000000000               19214.3174556235 
                 18.5000000000                  50.0000000000                   0.0000000000 
                 19.0000000000                   0.0000000000                   0.0000000000 
                 19.0000000000                   0.5000000000                6542.3566803866 
                 19.0000000000                   1.0000000000               13121.5263178756 
                 19.0000000000                   1.5000000000               19766.6837593439 
                 19.0000000000                   2.0000000000               26490.7608956744 
                 19.0000000000                   2.5000000000               33241.2852806339 
                 19.0000000000                   3.0000000000               39947.5368685543 
                 19.0000000000                   3.5000000000               46598.7225065930 
                 19.0000000000                   4.0000000000               53187.9068910661 
                 19.0000000000                   4.5000000000               59760.1121599739 
                 19.0000000000                   5.0000000000               66399.1539281171 
                 19.0000000000                   5.5000000000               73133.2961014235 
                 19.0000000000                   6.0000000000               79941.6371262685 
                 19.0000000000                   6.5000000000               86850.3951536957 
                 19.0000000000                   7.0000000000               93987.0588803159 
                 19.0000000000                   7.5000000000              101448.5133991050 
                 19.0000000000                   8.0000000000              109443.0590850776 
                 19.0000000000                   8.5000000000              118355.2197602570 
                 19.0000000000                   9.0000000000              127964.3939943550 
                 19.0000000000                   9.5000000000              138073.0854920803 
                 19.0000000000                  10.0000000000              149007.2418342383 
                 19.0000000000                  10.5000000000              160952.8279950932 
                 19.0000000000                  11.0000000000              173655.7484464666 
                 19.0000000000                  11.5000000000              186848.1923650608 
                 19.0000000000                  12.0000000000              200663.1699858838 
                 19.0000000000                  12.5000000000              215329.5393213226 
                 19.0000000000                  13.0000000000              230509.5962517488 
                 19.0000000000                  13.5000000000              245800.5280000130 
                 19.0000000000                  14.0000000000              261256.8024804326 
                 19.0000000000                  14.5000000000              276729.5123719135 
                 19.0000000000                  15.0000000000              291851.7856597929 
                 19.0000000000                  15.5000000000              306521.2075483577 
                 19.0000000000                  16.0000000000              321071.0552589666 
                 19.0000000000                  16.5000000000              336041.0544827189 
                 19.0000000000                  17.0000000000              351213.6401913141 
                 19.0000000000                  17.5000000000              365772.0790669360 
                 19.0000000000                  18.0000000000              379566.1042418779 
                 19.0000000000                  18.5000000000              392554.3736001508 
                 19.0000000000                  19.0000000000              404930.9663009702 
                 19.0000000000                  19.5000000000              417126.4943886261 
                 19.0000000000                  20.0000000000              428881.6738481536 
                 19.0000000000                  20.5000000000              439802.0380368634 
                 19.0000000000                  21.0000000000              450168.3080306465 
                 19.0000000000                  21.5000000000              460741.8653037073 
                 19.0000000000                  22.0000000000              471966.4491025521 
                 19.0000000000                  22.5000000000              484178.1356391509 
                 19.0000000000                  23.0000000000              497801.6986762200 
                 19.0000000000                  23.5000000000              510360.3835947268 
                 19.0000000000                  24.0000000000              519778.4683337833 
                 19.0000000000                  24.5000000000              526604.0584247478 
                 19.0000000000                  25.0000000000              530940.8868799247 
                 19.0000000000                  25.5000000000              532984.8601710175 
                 19.0000000000                  26.0000000000              532885.3224029765 
                 19.0000000000                  26.5000000000              530651.2429839942 
                 19.0000000000                  27.0000000000              526258.2636144621 
                 19.0000000000                  27.5000000000              519848.1062660393 
                 19.0000000000                  28.0000000000              511783.2037488351 
                 19.0000000000                  28.5000000000              502363.0895176927 
                 19.0000000000                  29.0000000000              492000.2261834362 
                 19.0000000000                  29.5000000000              480772.9683660860 
                 19.0000000000                  30.0000000000              468411.2036065274 
                 19.0000000000                  30.5000000000              455065.4440918961 
                 19.0000000000                  31.0000000000              440910.2516993211 
                 19.0000000000                  31.5000000000              425528.7372070249 
                 19.0000000000                  32.0000000000              408608.7442694440 
                 19.0000000000                  32.5000000000              390949.7469285756 
                 19.0000000000                  33.0000000000              373502.5540379139 
                 19.0000000000                  33.5000000000              356361.0605087057 
                 19.0000000000                  34.0000000000              339181.7356367811 
                 19.0000000000                  34.5000000000              321684.9143014859 
                 19.0000000000                  35.0000000000              303549.9210581564 
                 19.0000000000                  35.5000000000              284500.7522038489 
                 19.0000000000                  36.0000000000              265847.4756219122 
                 19.0000000000                  36.5000000000              248628.6614369217 
                 19.0000000000                  37.0000000000              232580.3468006590 
                 19.0000000000                  37.5000000000              217825.2666996541 
                 19.0000000000                  38.0000000000              203674.5649890359 
                 19.0000000000                  38.5000000000              189448.0035668231 
                 19.0000000000                  39.0000000000              175288.6525359631 
                 19.0000000000                  39.5000000000              160868.1215325365 
                 19.0000000000                  40.0000000000              147425.8615517162 
                 19.0000000000                  40.5000000000              136408.1043027994 
                 19.0000000000                  41.0000000000              127293.1261977390 
                 19.0000000000                  41.5000000000              119666.0635570260 
                 19.0000000000                  42.0000000000              112948.6428211568 
                 19.0000000000                  42.5000000000              106421.1709157945 
                 19.0000000000                  43.0000000000               99956.8331840086 
                 19.0000000000                  43.5000000000               93592.1099983598 
                 19.0000000000                  44.0000000000               87384.1270380262 
                 19.0000000000                  44.5000000000               81509.9407561757 
                 19.0000000000                  45.0000000000               76029.4036215579 
                 19.0000000000                  45.5000000000               70939.7386831439 
                 19.0000000000                  46.0000000000               66178.4062386855 
                 19.0000000000                  46.5000000000               61490.3768084654 
                 19.0000000000                  47.0000000000               56728.3511929884 
                 19.0000000000                  47.5000000000               51919.3277353463 
                 19.0000000000                  48.0000000000               46959.4041984022 
                 19.0000000000                  48.5000000000               40904.9463336828 
                 19.0000000000                  49.0000000000               32414.0179258718 
                 19.0000000000                  49.5000000000               19939.2269538211 
                 19.0000000000                  50.0000000000                   0.0000000000 
                 19.5000000000                   0.0000000000                   0.0000000000 
                 19.5000000000                   0.5000000000                6583.7231874838 
                 19.5000000000                   1.0000000000               13216.9255916662 
                 19.5000000000                   1.5000000000               19919.7608120397 
                 19.5000000000                   2.0000000000               26710.5240221238 
                 19.5000000000                   2.5000000000               33527.3885473315 
                 19.5000000000                   3.0000000000               40283.8545272332 
                 19.5000000000                   3.5000000000               46971.5828526271 
                 19.5000000000                   4.0000000000               53579.9758460236 
                 19.5000000000                   4.5000000000               60162.9721802645 
                 19.5000000000                   5.0000000000               66831.3777953102 
                 19.5000000000                   5.5000000000               73629.2093567332 
                 19.5000000000                   6.0000000000               80567.4419005337 
                 19.5000000000                   6.5000000000               87706.2505514235 
                 19.5000000000                   7.0000000000               95161.9450508652 
                 19.5000000000                   7.5000000000              103038.8033371370 
                 19.5000000000                   8.0000000000              111582.3815832730 
                 19.5000000000                   8.5000000000              121107.0145296294 
                 19.5000000000                   9.0000000000              131296.8298320029 
                 19.5000000000                   9.5000000000              141946.9597163763 
                 19.5000000000                  10.0000000000              153413.6590376725 
                 19.5000000000                  10.5000000000              165967.0842288054 
                 19.5000000000                  11.0000000000              179352.3457520101 
                 19.5000000000                  11.5000000000              193256.2754664587 
                 19.5000000000                  12.0000000000              207803.0741483365 
                 19.5000000000                  12.5000000000              223066.5304779731 
                 19.5000000000                  13.0000000000              238668.0156961888 
                 19.5000000000                  13.5000000000              254314.9192623849 
                 19.5000000000                  14.0000000000              270110.2726281937 
                 19.5000000000                  14.5000000000              286036.7947895973 
                 19.5000000000                  15.0000000000              301912.3839679826 
                 19.5000000000                  15.5000000000              317649.5615660352 
                 19.5000000000                  16.0000000000              333452.9727076407 
                 19.5000000000                  16.5000000000              349772.8478033509 
                 19.5000000000                  17.0000000000              366042.3414015089 
                 19.5000000000                  17.5000000000              381200.4701072853 
                 19.5000000000                  18.0000000000              395343.5404603451 
                 19.5000000000                  18.5000000000              408658.8044924779 
                 19.5000000000                  19.0000000000              421094.4042090414 
                 19.5000000000                  19.5000000000              432732.9417826282 
                 19.5000000000                  20.0000000000              443654.2655557297 
                 19.5000000000                  20.5000000000              454127.0798293998 
                 19.5000000000                  21.0000000000              464905.5837817159 
                 19.5000000000                  21.5000000000              476742.2959085897 
                 19.5000000000                  22.0000000000              489729.9306238444 
                 19.5000000000                  22.5000000000              504013.5832140036 
                 19.5000000000                  23.0000000000              519447.2663500151 
                 19.5000000000                  23.5000000000              532713.7173529555 
                 19.5000000000                  24.0000000000              541810.2265719103 
                 19.5000000000                  24.5000000000              547862.8808869362 
                 19.5000000000                  25.0000000000              551238.3811329234 
                 19.5000000000                  25.5000000000              552227.1836141287 
                 19.5000000000                  26.0000000000              551048.3894129682 
                 19.5000000000                  26.5000000000              547745.3249861239 
                 19.5000000000                  27.0000000000              542305.2690048520 
                 19.5000000000                  27.5000000000              534793.2736924575 
                 19.5000000000                  28.0000000000              525529.2063131699 
                 19.5000000000                  28.5000000000              514943.8448501594 
                 19.5000000000                  29.0000000000              503513.0638504573 
                 19.5000000000                  29.5000000000              491449.2729588354 
                 19.5000000000                  30.0000000000              478620.4794800312 
                 19.5000000000                  30.5000000000              465058.5369350693 
                 19.5000000000                  31.0000000000              450945.4204123599 
                 19.5000000000                  31.5000000000              436083.4611375734 
                 19.5000000000                  32.0000000000              419595.4663411967 
                 19.5000000000                  32.5000000000              401108.6400906552 
                 19.5000000000                  33.0000000000              381616.6545942866 
                 19.5000000000                  33.5000000000              362064.3239088428 
                 19.5000000000                  34.0000000000              342691.3090355267 
                 19.5000000000                  34.5000000000              323546.2764167270 
                 19.5000000000                  35.0000000000              304432.1446807515 
                 19.5000000000                  35.5000000000              285170.2511387822 
                 19.5000000000                  36.0000000000              266583.6995948876 
                 19.5000000000                  36.5000000000              249303.9716495188 
                 19.5000000000                  37.0000000000              233142.4185833837 
                 19.5000000000                  37.5000000000              218143.7819830907 
                 19.5000000000                  38.0000000000              203773.0131419882 
                 19.5000000000                  38.5000000000              189500.1518997771 
                 19.5000000000                  39.0000000000              175392.2125931073 
                 19.5000000000                  39.5000000000              161209.2109603734 
                 19.5000000000                  40.0000000000              147980.6566198423 
                 19.5000000000                  40.5000000000              136908.1345691933 
                 19.5000000000                  41.0000000000              127602.4714023027 
                 19.5000000000                  41.5000000000              119681.4115237178 
                 19.5000000000                  42.0000000000              112671.8516119269 
                 19.5000000000                  42.5000000000              106032.6837387990 
                 19.5000000000                  43.0000000000               99650.0728567298 
                 19.5000000000                  43.5000000000               93551.7808759268 
                 19.5000000000                  44.0000000000               87740.4221012982 
                 19.5000000000                  44.5000000000               82238.8352855985 
                 19.5000000000                  45.0000000000               77059.5064106018 
                 19.5000000000                  45.5000000000               72228.9828869987 
                 19.5000000000                  46.0000000000               67685.4388797833 
                 19.5000000000                  46.5000000000               63158.5264503717 
                 19.5000000000                  47.0000000000               58483.4443592599 
                 19.5000000000                  47.5000000000               53680.6824286456 
                 19.5000000000                  48.0000000000               48653.2600983286 
                 19.5000000000                  48.5000000000               42480.1466843241 
                 19.5000000000                  49.0000000000               33817.6147055935 
                 19.5000000000                  49.5000000000               21043.8476649269 
                 19.5000000000                  50.0000000000                   0.0000000000 
                 20.0000000000                   0.0000000000                   0.0000000000 
                 20.0000000000                   0.5000000000                6596.4532159597 
                 20.0000000000                   1.0000000000               13264.2900848862 
                 20.0000000000                   1.5000000000               20017.9381193840 
                 20.0000000000                   2.0000000000               26882.4524090452 
                 20.0000000000                   2.5000000000               33781.2860694297 
                 20.0000000000                   3.0000000000               40604.6452312094 
                 20.0000000000                   3.5000000000               47346.5403549565 
                 20.0000000000                   4.0000000000               53992.2780590337 
                 20.0000000000                   4.5000000000               60605.2192270450 
                 20.0000000000                   5.0000000000               67327.6285855944 
                 20.0000000000                   5.5000000000               74222.2563574769 
                 20.0000000000                   6.0000000000               81354.8745279627 
                 20.0000000000                   6.5000000000               88843.7740203180 
                 20.0000000000                   7.0000000000               96753.8116679929 
                 20.0000000000                   7.5000000000              105154.3719216208 
                 20.0000000000                   8.0000000000              114272.8873448047 
                 20.0000000000                   8.5000000000              124284.5597001846 
                 20.0000000000                   9.0000000000              134896.2528127506 
                 20.0000000000                   9.5000000000              145992.6664985288 
                 20.0000000000                  10.0000000000              157922.9617837537 
                 20.0000000000                  10.5000000000              171012.2086231792 
                 20.0000000000                  11.0000000000              184930.5966282172 
                 20.0000000000                  11.5000000000              199303.5702153921 
                 20.0000000000                  12.0000000000              214282.7104997956 
                 20.0000000000                  12.5000000000              229878.0932110448 
                 20.0000000000                  13.0000000000              245846.2327801761 
                 20.0000000000                  13.5000000000              262012.0232426817 
                 20.0000000000                  14.0000000000              278417.9624346115 
                 20.0000000000                  14.5000000000              295073.8304577851 
                 20.0000000000                  15.0000000000              311823.5088561076 
                 20.0000000000                  15.5000000000              328575.3634707748 
                 20.0000000000                  16.0000000000              345481.0368214786 
                 20.0000000000                  16.5000000000              362998.7129554279 
                 20.0000000000                  17.0000000000              380322.9152149068 
                 20.0000000000                  17.5000000000              396147.6415823970 
                 20.0000000000                  18.0000000000              410880.1787550199 
                 20.0000000000                  18.5000000000              424604.9585923040 
                 20.0000000000                  19.0000000000              436771.3007421546 
                 20.0000000000                  19.5000000000              447802.5049327127 
                 20.0000000000                  20.0000000000              458420.3294027558 
                 20.0000000000                  20.5000000000              469215.3362873190 
                 20.0000000000                  21.0000000000              481203.6763717069 
                 20.0000000000                  21.5000000000              494841.9693791636 
                 20.0000000000                  22.0000000000              509788.5008221750 
                 20.0000000000                  22.5000000000              525969.6277919231 
                 20.0000000000                  23.0000000000              542731.5532542943 
                 20.0000000000                  23.5000000000              556312.7016457447 
                 20.0000000000                  24.0000000000              564888.4963927870 
                 20.0000000000                  24.5000000000              570019.9942089982 
                 20.0000000000                  25.0000000000              572265.5096593710 
                 20.0000000000                  25.5000000000              571965.5147858207 
                 20.0000000000                  26.0000000000              569433.3613171092 
                 20.0000000000                  26.5000000000              564875.7082258025 
                 20.0000000000                  27.0000000000              558374.8026048287 
                 20.0000000000                  27.5000000000              549858.6082330181 
                 20.0000000000                  28.0000000000              539452.6462740361 
                 20.0000000000                  28.5000000000              527621.5858408593 
                 20.0000000000                  29.0000000000              514847.7576283914 
                 20.0000000000                  29.5000000000              501522.1613669370 
                 20.0000000000                  30.0000000000              487807.5663729244 
                 20.0000000000                  30.5000000000              473720.6468550599 
                 20.0000000000                  31.0000000000              459431.1800488944 
                 20.0000000000                  31.5000000000              444670.6234976128 
                 20.0000000000                  32.0000000000              428429.5093260279 
                 20.0000000000                  32.5000000000              409778.4275206447 
                 20.0000000000                  33.0000000000              388648.9197835175 
                 20.0000000000                  33.5000000000              366401.5511725511 
                 20.0000000000                  34.0000000000              344715.5424377307 
                 20.0000000000                  34.5000000000              324020.8778741148 
                 20.0000000000                  35.0000000000              304117.0538533200 
                 20.0000000000                  35.5000000000              284905.0038621001 
                 20.0000000000                  36.0000000000              266598.5180128416 
                 20.0000000000                  36.5000000000              249352.5009570550 
                 20.0000000000                  37.0000000000              233017.7278605267 
                 20.0000000000                  37.5000000000              217564.7554042561 
                 20.0000000000                  38.0000000000              202744.5414701438 
                 20.0000000000                  38.5000000000              188332.4912218110 
                 20.0000000000                  39.0000000000              174360.6590656134 
                 20.0000000000                  39.5000000000              160677.1320355466 
                 20.0000000000                  40.0000000000              147988.9910447570 
                 20.0000000000                  40.5000000000              137099.7802353313 
                 20.0000000000                  41.0000000000              127722.2281909272 
                 20.0000000000                  41.5000000000              119529.0669209652 
                 20.0000000000                  42.0000000000              112206.0100526407 
                 20.0000000000                  42.5000000000              105451.5013112514 
                 20.0000000000                  43.0000000000               99159.6349031959 
                 20.0000000000                  43.5000000000               93324.9958158276 
                 20.0000000000                  44.0000000000               87890.2582515970 
                 20.0000000000                  44.5000000000               82737.9734337042 
                 20.0000000000                  45.0000000000               77842.9925100576 
                 20.0000000000                  45.5000000000               73260.0019093577 
                 20.0000000000                  46.0000000000               68927.2019428325 
                 20.0000000000                  46.5000000000               64557.5621297539 
                 20.0000000000                  47.0000000000               59969.6311406290 
                 20.0000000000                  47.5000000000               55184.0715242316 
                 20.0000000000                  48.0000000000               50123.6646342687 
                 20.0000000000                  48.5000000000               43901.5296427706 
                 20.0000000000                  49.0000000000               35182.2130763260 
                 20.0000000000                  49.5000000000               22245.8273246864 
                 20.0000000000                  50.0000000000                   0.0000000000 
                 20.5000000000                   0.0000000000                   0.0000000000 
                 20.5000000000                   0.5000000000                6598.6831918378 
                 20.5000000000                   1.0000000000               13290.5624260330 
                 20.5000000000                   1.5000000000               20086.5581565473 
                 20.5000000000                   2.0000000000               27022.3343015920 
                 20.5000000000                   2.5000000000               34008.5786569326 
                 20.5000000000                   3.0000000000               40911.5471170590 
                 20.5000000000                   3.5000000000               47729.5553791952 
                 20.5000000000                   4.0000000000               54443.4462248863 
                 20.5000000000                   4.5000000000               61126.0154087217 
                 20.5000000000                   5.0000000000               67955.1497957372 
                 20.5000000000                   5.5000000000               75005.1701828807 
                 20.5000000000                   6.0000000000               82425.4841557122 
                 20.5000000000                   6.5000000000               90446.7538258082 
                 20.5000000000                   7.0000000000               98977.3866846782 
                 20.5000000000                   7.5000000000              107978.1906518548 
                 20.5000000000                   8.0000000000              117660.1034571873 
                 20.5000000000                   8.5000000000              128047.5640149393 
                 20.5000000000                   9.0000000000              138981.2345722940 
                 20.5000000000                   9.5000000000              150461.9257802120 
                 20.5000000000                  10.0000000000              162755.4228549997 
                 20.5000000000                  10.5000000000              176173.2489309967 
                 20.5000000000                  11.0000000000              190318.7318763998 
                 20.5000000000                  11.5000000000              204862.1313006479 
                 20.5000000000                  12.0000000000              220058.2973931148 
                 20.5000000000                  12.5000000000              235893.1097156022 
                 20.5000000000                  13.0000000000              252260.1278429489 
                 20.5000000000                  13.5000000000              269063.5919357432 
                 20.5000000000                  14.0000000000              286246.6979565450 
                 20.5000000000                  14.5000000000              303810.8318867282 
                 20.5000000000                  15.0000000000              321582.9601238939 
                 20.5000000000                  15.5000000000              339418.4818747442 
                 20.5000000000                  16.0000000000              357399.2784944297 
                 20.5000000000                  16.5000000000              376016.9685130835 
                 20.5000000000                  17.0000000000              394194.9115487011 
                 20.5000000000                  17.5000000000              410586.8932834503 
                 20.5000000000                  18.0000000000              425865.7403755460 
                 20.5000000000                  18.5000000000              439662.2790727204 
                 20.5000000000                  19.0000000000              451481.6934998547 
                 20.5000000000                  19.5000000000              462556.2340195472 
                 20.5000000000                  20.0000000000              473924.9091147310 
                 20.5000000000                  20.5000000000              486182.2792984335 
                 20.5000000000                  21.0000000000              500422.3189102056 
                 20.5000000000                  21.5000000000              516561.9690173038 
                 20.5000000000                  22.0000000000              533637.3154365951 
                 20.5000000000                  22.5000000000              551361.5959111707 
                 20.5000000000                  23.0000000000              568569.3601274269 
                 20.5000000000                  23.5000000000              581486.5782461079 
                 20.5000000000                  24.0000000000              588844.9702470639 
                 20.5000000000                  24.5000000000              592568.8241933307 
                 20.5000000000                  25.0000000000              593292.7430895979 
                 20.5000000000                  25.5000000000              591383.6990780309 
                 20.5000000000                  26.0000000000              587259.5797318259 
                 20.5000000000                  26.5000000000              581258.9064226898 
                 20.5000000000                  27.0000000000              573651.2434395360 
                 20.5000000000                  27.5000000000              564196.4757290855 
                 20.5000000000                  28.0000000000              552694.4947790634 
                 20.5000000000                  28.5000000000              539589.8265914611 
                 20.5000000000                  29.0000000000              525332.6234373632 
                 20.5000000000                  29.5000000000              510510.3940055194 
                 20.5000000000                  30.0000000000              495683.0822958940 
                 20.5000000000                  30.5000000000              480878.3180437129 
                 20.5000000000                  31.0000000000              466266.9647825627 
                 20.5000000000                  31.5000000000              451449.5137759855 
                 20.5000000000                  32.0000000000              435039.5248728304 
                 20.5000000000                  32.5000000000              416151.8136986763 
                 20.5000000000                  33.0000000000              393919.4346115627 
                 20.5000000000                  33.5000000000              369056.0758373949 
                 20.5000000000                  34.0000000000              344889.8926024006 
                 20.5000000000                  34.5000000000              322801.8537151046 
                 20.5000000000                  35.0000000000              302318.4662881981 
                 20.5000000000                  35.5000000000              283356.8838448494 
                 20.5000000000                  36.0000000000              265499.8585898636 
                 20.5000000000                  36.5000000000              248396.8714624698 
                 20.5000000000                  37.0000000000              231904.6380377014 
                 20.5000000000                  37.5000000000              215900.8242908069 
                 20.5000000000                  38.0000000000              200523.4647507363 
                 20.5000000000                  38.5000000000              185970.4979586301 
                 20.5000000000                  39.0000000000              172246.4614445087 
                 20.5000000000                  39.5000000000              159257.7466812329 
                 20.5000000000                  40.0000000000              147341.8602490782 
                 20.5000000000                  40.5000000000              136849.3077517761 
                 20.5000000000                  41.0000000000              127557.8916581776 
                 20.5000000000                  41.5000000000              119181.2499216961 
                 20.5000000000                  42.0000000000              111590.5452998779 
                 20.5000000000                  42.5000000000              104760.2578144011 
                 20.5000000000                  43.0000000000               98577.8858901764 
                 20.5000000000                  43.5000000000               92991.2286933789 
                 20.5000000000                  44.0000000000               87891.5865251422 
                 20.5000000000                  44.5000000000               83045.8305284821 
                 20.5000000000                  45.0000000000               78406.0198629011 
                 20.5000000000                  45.5000000000               74053.9797009221 
                 20.5000000000                  46.0000000000               69924.8993406764 
                 20.5000000000                  46.5000000000               65709.3260021642 
                 20.5000000000                  47.0000000000               61201.6626834576 
                 20.5000000000                  47.5000000000               56414.9555530222 
                 20.5000000000                  48.0000000000               51290.8096785963 
                 20.5000000000                  48.5000000000               44995.0601371442 
                 20.5000000000                  49.0000000000               36228.2987890938 
                 20.5000000000                  49.5000000000               23279.2204184647 
                 20.5000000000                  50.0000000000                   0.0000000000 
                 21.0000000000                   0.0000000000                   0.0000000000 
                 21.0000000000                   0.5000000000                6606.4541263490 
                 21.0000000000                   1.0000000000               13321.4316044589 
                 21.0000000000                   1.5000000000               20154.4869533651 
                 21.0000000000                   2.0000000000               27146.4486371410 
                 21.0000000000                   2.5000000000               34207.9307724280 
                 21.0000000000                   3.0000000000               41199.1278798352 
                 21.0000000000                   3.5000000000               48120.4185960994 
                 21.0000000000                   4.0000000000               54954.3024289482 
                 21.0000000000                   4.5000000000               61787.8732854553 
                 21.0000000000                   5.0000000000               68831.4225344477 
                 21.0000000000                   5.5000000000               76179.9468737861 
                 21.0000000000                   6.0000000000               84079.7830388276 
                 21.0000000000                   6.5000000000               92777.1903617696 
                 21.0000000000                   7.0000000000              101942.8414399526 
                 21.0000000000                   7.5000000000              111453.2119567279 
                 21.0000000000                   8.0000000000              121531.1575216492 
                 21.0000000000                   8.5000000000              132183.1319532903 
                 21.0000000000                   9.0000000000              143398.4274644047 
                 21.0000000000                   9.5000000000              155189.3998103343 
                 21.0000000000                  10.0000000000              167670.6229429268 
                 21.0000000000                  10.5000000000              180990.1811692969 
                 21.0000000000                  11.0000000000              194903.8103746546 
                 21.0000000000                  11.5000000000              209357.3952815607 
                 21.0000000000                  12.0000000000              224650.5297668725 
                 21.0000000000                  12.5000000000              240847.7642935818 
                 21.0000000000                  13.0000000000              257848.3540175845 
                 21.0000000000                  13.5000000000              275457.3664478632 
                 21.0000000000                  14.0000000000              293567.4094240353 
                 21.0000000000                  14.5000000000              312205.1877128915 
                 21.0000000000                  15.0000000000              331139.8239625292 
                 21.0000000000                  15.5000000000              350094.1768941060 
                 21.0000000000                  16.0000000000              369097.4922700449 
                 21.0000000000                  16.5000000000              388523.6085149290 
                 21.0000000000                  17.0000000000              407197.8843272182 
                 21.0000000000                  17.5000000000              424050.5811334862 
                 21.0000000000                  18.0000000000              439642.4230328199 
                 21.0000000000                  18.5000000000              453356.4260375428 
                 21.0000000000                  19.0000000000              465368.9549942227 
                 21.0000000000                  19.5000000000              477625.4151397316 
                 21.0000000000                  20.0000000000              491160.5350595701 
                 21.0000000000                  20.5000000000              506407.7538731127 
                 21.0000000000                  21.0000000000              524201.0659854962 
                 21.0000000000                  21.5000000000              543335.6130840883 
                 21.0000000000                  22.0000000000              562219.8308554576 
                 21.0000000000                  22.5000000000              580671.0171281410 
                 21.0000000000                  23.0000000000              597145.5303564563 
                 21.0000000000                  23.5000000000              608252.1282744221 
                 21.0000000000                  24.0000000000              613453.9843236103 
                 21.0000000000                  24.5000000000              614981.8687021383 
                 21.0000000000                  25.0000000000              613625.8333808051 
                 21.0000000000                  25.5000000000              609759.0662770558 
                 21.0000000000                  26.0000000000              603872.9700952698 
                 21.0000000000                  26.5000000000              596356.2905745797 
                 21.0000000000                  27.0000000000              587584.9839512405 
                 21.0000000000                  27.5000000000              577172.0685451163 
                 21.0000000000                  28.0000000000              564626.5673519562 
                 21.0000000000                  28.5000000000              550314.2743947745 
                 21.0000000000                  29.0000000000              534627.8760297257 
                 21.0000000000                  29.5000000000              518335.9900330220 
                 21.0000000000                  30.0000000000              502325.0509570125 
                 21.0000000000                  30.5000000000              486641.8285251784 
                 21.0000000000                  31.0000000000              471456.3291099422 
                 21.0000000000                  31.5000000000              456299.8657439253 
                 21.0000000000                  32.0000000000              439388.4301013170 
                 21.0000000000                  32.5000000000              419783.5646079565 
                 21.0000000000                  33.0000000000              396448.5461675915 
                 21.0000000000                  33.5000000000              369335.5501009859 
                 21.0000000000                  34.0000000000              342783.3326987305 
                 21.0000000000                  34.5000000000              319478.8802570003 
                 21.0000000000                  35.0000000000              298714.9235429157 
                 21.0000000000                  35.5000000000              280209.3535425286 
                 21.0000000000                  36.0000000000              262961.2423003219 
                 21.0000000000                  36.5000000000              246121.5753169037 
                 21.0000000000                  37.0000000000              229530.2701120790 
                 21.0000000000                  37.5000000000              212958.8098229718 
                 21.0000000000                  38.0000000000              197015.9398023346 
                 21.0000000000                  38.5000000000              182403.1477677033 
                 21.0000000000                  39.0000000000              169068.7385214087 
                 21.0000000000                  39.5000000000              156941.1657129433 
                 21.0000000000                  40.0000000000              145974.3400060505 
                 21.0000000000                  40.5000000000              136060.7925343797 
                 21.0000000000                  41.0000000000              127026.3425703185 
                 21.0000000000                  41.5000000000              118643.9625493405 
                 21.0000000000                  42.0000000000              110941.7532098255 
                 21.0000000000                  42.5000000000              104108.0174893476 
                 21.0000000000                  43.0000000000               98038.8494623207 
                 21.0000000000                  43.5000000000               92647.8687350522 
                 21.0000000000                  44.0000000000               87794.8283939793 
                 21.0000000000                  44.5000000000               83186.1827865021 
                 21.0000000000                  45.0000000000               78762.0514721776 
                 21.0000000000                  45.5000000000               74621.9392155040 
                 21.0000000000                  46.0000000000               70698.7498329901 
                 21.0000000000                  46.5000000000               66644.1657801291 
                 21.0000000000                  47.0000000000               62211.0829428520 
                 21.0000000000                  47.5000000000               57378.3116424108 
                 21.0000000000                  48.0000000000               52064.0754271560 
                 21.0000000000                  48.5000000000               45522.3796651391 
                 21.0000000000                  49.0000000000               36546.3413455533 
                 21.0000000000                  49.5000000000               23461.2663050487 
                 21.0000000000                  50.0000000000                   0.0000000000 
                 21.5000000000                   0.0000000000                   0.0000000000 
                 21.5000000000                   0.5000000000                6628.5120308778 
                 21.5000000000                   1.0000000000               13372.4046844958 
                 21.5000000000                   1.5000000000               20240.4440161991 
                 21.5000000000                   2.0000000000               27268.2792576590 
                 21.5000000000                   2.5000000000               34383.2794915983 
                 21.5000000000                   3.0000000000               41467.0971975895 
                 21.5000000000                   3.5000000000               48520.4359788268 
                 21.5000000000                   4.0000000000               55538.2934896004 
                 21.5000000000                   4.5000000000               62618.8378213580 
                 21.5000000000                   5.0000000000               69974.6217926177 
                 21.5000000000                   5.5000000000               77722.7141257125 
                 21.5000000000                   6.0000000000               86118.3828009113 
                 21.5000000000                   6.5000000000               95289.6426765404 
                 21.5000000000                   7.0000000000              104842.4464034321 
                 21.5000000000                   7.5000000000              114673.8583473493 
                 21.5000000000                   8.0000000000              125000.3160991579 
                 21.5000000000                   8.5000000000              135882.3780074559 
                 21.5000000000                   9.0000000000              147302.7440372481 
                 21.5000000000                   9.5000000000              159209.8797007205 
                 21.5000000000                  10.0000000000              171610.5809650458 
                 21.5000000000                  10.5000000000              184504.1281789520 
                 21.5000000000                  11.0000000000              197994.0372152528 
                 21.5000000000                  11.5000000000              212339.0159937904 
                 21.5000000000                  12.0000000000              227803.9873890610 
                 21.5000000000                  12.5000000000              244650.9687159178 
                 21.5000000000                  13.0000000000              262580.3208663010 
                 21.5000000000                  13.5000000000              281106.8408493213 
                 21.5000000000                  14.0000000000              300189.0071805201 
                 21.5000000000                  14.5000000000              319930.7043777704 
                 21.5000000000                  15.0000000000              339988.0865515693 
                 21.5000000000                  15.5000000000              359896.5418199790 
                 21.5000000000                  16.0000000000              379690.4857949527 
                 21.5000000000                  16.5000000000              399557.8101257650 
                 21.5000000000                  17.0000000000              418620.3279775829 
                 21.5000000000                  17.5000000000              436109.0770670887 
                 21.5000000000                  18.0000000000              452122.2867344836 
                 21.5000000000                  18.5000000000              466208.3121423918 
                 21.5000000000                  19.0000000000              479259.3679685475 
                 21.5000000000                  19.5000000000              493486.2593824060 
                 21.5000000000                  20.0000000000              509694.7336705412 
                 21.5000000000                  20.5000000000              528320.3865920324 
                 21.5000000000                  21.0000000000              549779.6543375236 
                 21.5000000000                  21.5000000000              571841.0449108324 
                 21.5000000000                  22.0000000000              592745.9423253788 
                 21.5000000000                  22.5000000000              612331.8527960568 
                 21.5000000000                  23.0000000000              628623.3573934978 
                 21.5000000000                  23.5000000000              638347.3068124327 
                 21.5000000000                  24.0000000000              641313.6718320388 
                 21.5000000000                  24.5000000000              640152.5296310554 
                 21.5000000000                  25.0000000000              636156.8789599332 
                 21.5000000000                  25.5000000000              629900.8748035425 
                 21.5000000000                  26.0000000000              621893.7038109226 
                 21.5000000000                  26.5000000000              612508.8893788452 
                 21.5000000000                  27.0000000000              602244.3604224146 
                 21.5000000000                  27.5000000000              590493.6045546823 
                 21.5000000000                  28.0000000000              576580.4960871789 
                 21.5000000000                  28.5000000000              560900.3897945173 
                 21.5000000000                  29.0000000000              543703.9319282396 
                 21.5000000000                  29.5000000000              525949.7147642912 
                 21.5000000000                  30.0000000000              508740.0689233935 
                 21.5000000000                  30.5000000000              491995.9711290110 
                 21.5000000000                  31.0000000000              475820.1961225637 
                 21.5000000000                  31.5000000000              459722.5566791118 
                 21.5000000000                  32.0000000000              441721.8614925817 
                 21.5000000000                  32.5000000000              420720.2972754221 
                 21.5000000000                  33.0000000000              395675.4713846226 
                 21.5000000000                  33.5000000000              366375.2368840923 
                 21.5000000000                  34.0000000000              337819.4478469211 
                 21.5000000000                  34.5000000000              313635.8945382817 
                 21.5000000000                  35.0000000000              293002.3249212523 
                 21.5000000000                  35.5000000000              275264.7417916555 
                 21.5000000000                  36.0000000000              258824.6747619501 
                 21.5000000000                  36.5000000000              242401.3241159984 
                 21.5000000000                  37.0000000000              225821.7665349933 
                 21.5000000000                  37.5000000000              208764.2410727718 
                 21.5000000000                  38.0000000000              192380.5767623953 
                 21.5000000000                  38.5000000000              177893.5472520167 
                 21.5000000000                  39.0000000000              165117.7458072444 
                 21.5000000000                  39.5000000000              153947.1854291960 
                 21.5000000000                  40.0000000000              143984.9347998736 
                 21.5000000000                  40.5000000000              134742.2102614391 
                 21.5000000000                  41.0000000000              126094.4751538850 
                 21.5000000000                  41.5000000000              117904.6848383533 
                 21.5000000000                  42.0000000000              110288.4167971876 
                 21.5000000000                  42.5000000000              103526.2667988856 
                 21.5000000000                  43.0000000000               97557.0345606488 
                 21.5000000000                  43.5000000000               92291.7623149481 
                 21.5000000000                  44.0000000000               87583.2196013830 
                 21.5000000000                  44.5000000000               83136.4945341323 
                 21.5000000000                  45.0000000000               78886.2682198764 
                 21.5000000000                  45.5000000000               74940.2867710745 
                 21.5000000000                  46.0000000000               71235.5143171014 
                 21.5000000000                  46.5000000000               67367.1684078500 
                 21.5000000000                  47.0000000000               63024.0752102666 
                 21.5000000000                  47.5000000000               58106.9286999422 
                 21.5000000000                  48.0000000000               52408.7244726990 
                 21.5000000000                  48.5000000000               45335.4607422225 
                 21.5000000000                  49.0000000000               35886.7010417409 
                 21.5000000000                  49.5000000000               22417.2027466042 
                 21.5000000000                  50.0000000000                   0.0000000000 
                 22.0000000000                   0.0000000000                   0.0000000000 
                 22.0000000000                   0.5000000000                6665.7506403916 
                 22.0000000000                   1.0000000000               13448.5699853618 
                 22.0000000000                   1.5000000000               20353.4618643857 
                 22.0000000000                   2.0000000000               27407.8225258093 
                 22.0000000000                   2.5000000000               34563.4556034563 
                 22.0000000000                   3.0000000000               41738.9483475863 
                 22.0000000000                   3.5000000000               48943.3121695646 
                 22.0000000000                   4.0000000000               56195.1627743787 
                 22.0000000000                   4.5000000000               63590.4627864529 
                 22.0000000000                   5.0000000000               71298.0415115702 
                 22.0000000000                   5.5000000000               79421.5637619039 
                 22.0000000000                   6.0000000000               88134.2159264213 
                 22.0000000000                   6.5000000000               97471.2353740182 
                 22.0000000000                   7.0000000000              107165.1477942216 
                 22.0000000000                   7.5000000000              117177.7381463970 
                 22.0000000000                   8.0000000000              127687.0366864140 
                 22.0000000000                   8.5000000000              138752.1941797373 
                 22.0000000000                   9.0000000000              150267.2778398353 
                 22.0000000000                   9.5000000000              162133.7516482791 
                 22.0000000000                  10.0000000000              174324.9397219013 
                 22.0000000000                  10.5000000000              186811.5224724782 
                 22.0000000000                  11.0000000000              199960.3962113267 
                 22.0000000000                  11.5000000000              214231.4480481124 
                 22.0000000000                  12.0000000000              229915.2146955699 
                 22.0000000000                  12.5000000000              247521.6456403690 
                 22.0000000000                  13.0000000000              266491.1084497922 
                 22.0000000000                  13.5000000000              285951.0438565040 
                 22.0000000000                  14.0000000000              305949.3849140077 
                 22.0000000000                  14.5000000000              326687.9550263077 
                 22.0000000000                  15.0000000000              347684.6904991153 
                 22.0000000000                  15.5000000000              368307.6325286063 
                 22.0000000000                  16.0000000000              388638.4163678829 
                 22.0000000000                  16.5000000000              408801.5231351771 
                 22.0000000000                  17.0000000000              428371.6142531865 
                 22.0000000000                  17.5000000000              446741.2824621303 
                 22.0000000000                  18.0000000000              463603.3579642423 
                 22.0000000000                  18.5000000000              478777.4193880425 
                 22.0000000000                  19.0000000000              493483.7459501884 
                 22.0000000000                  19.5000000000              509845.8412018653 
                 22.0000000000                  20.0000000000              528632.7305960630 
                 22.0000000000                  20.5000000000              550267.4018807242 
                 22.0000000000                  21.0000000000              574713.9255004774 
                 22.0000000000                  21.5000000000              599691.5020266329 
                 22.0000000000                  22.0000000000              623607.7025965019 
                 22.0000000000                  22.5000000000              646079.0758993666 
                 22.0000000000                  23.0000000000              664659.1849490588 
                 22.0000000000                  23.5000000000              675178.0468401366 
                 22.0000000000                  24.0000000000              677201.2466885964 
                 22.0000000000                  24.5000000000              673584.2981995877 
                 22.0000000000                  25.0000000000              666609.6551190964 
                 22.0000000000                  25.5000000000              657427.4589305300 
                 22.0000000000                  26.0000000000              646301.0502578327 
                 22.0000000000                  26.5000000000              633836.9758065767 
                 22.0000000000                  27.0000000000              620953.5922731080 
                 22.0000000000                  27.5000000000              606928.1905899579 
                 22.0000000000                  28.0000000000              590746.2568407665 
                 22.0000000000                  28.5000000000              573004.6599236516 
                 22.0000000000                  29.0000000000              553803.4077813326 
                 22.0000000000                  29.5000000000              534242.8203276497 
                 22.0000000000                  30.0000000000              515651.5645435699 
                 22.0000000000                  30.5000000000              497664.9310625285 
                 22.0000000000                  31.0000000000              480054.2010146708 
                 22.0000000000                  31.5000000000              462201.2007345328 
                 22.0000000000                  32.0000000000              442224.1352110204 
                 22.0000000000                  32.5000000000              419008.9343207443 
                 22.0000000000                  33.0000000000              391428.2308050970 
                 22.0000000000                  33.5000000000              359618.1358445390 
                 22.0000000000                  34.0000000000              329516.6774176965 
                 22.0000000000                  34.5000000000              305145.4701426262 
                 22.0000000000                  35.0000000000              285221.5090384117 
                 22.0000000000                  35.5000000000              268633.9624749604 
                 22.0000000000                  36.0000000000              253219.2730453925 
                 22.0000000000                  36.5000000000              237378.1583678527 
                 22.0000000000                  37.0000000000              220965.9953692935 
                 22.0000000000                  37.5000000000              203592.3118181891 
                 22.0000000000                  38.0000000000              186987.9277670187 
                 22.0000000000                  38.5000000000              172852.4837687803 
                 22.0000000000                  39.0000000000              160769.8056578721 
                 22.0000000000                  39.5000000000              150548.0472163880 
                 22.0000000000                  40.0000000000              141521.8867213347 
                 22.0000000000                  40.5000000000              132944.1465601197 
                 22.0000000000                  41.0000000000              124743.7251854517 
                 22.0000000000                  41.5000000000              116863.9658167445 
                 22.0000000000                  42.0000000000              109457.5238619549 
                 22.0000000000                  42.5000000000              102832.0838852621 
                 22.0000000000                  43.0000000000               96966.0577861582 
                 22.0000000000                  43.5000000000               91784.7455035786 
                 22.0000000000                  44.0000000000               87154.5535390738 
                 22.0000000000                  44.5000000000               82807.2283488681 
                 22.0000000000                  45.0000000000               78682.7256561897 
                 22.0000000000                  45.5000000000               74899.3022898505 
                 22.0000000000                  46.0000000000               71405.4457585753 
                 22.0000000000                  46.5000000000               67737.9876263363 
                 22.0000000000                  47.0000000000               63513.4752236160 
                 22.0000000000                  47.5000000000               58507.5474564760 
                 22.0000000000                  48.0000000000               52265.2813534402 
                 22.0000000000                  48.5000000000               44421.7878157288 
                 22.0000000000                  49.0000000000               34340.6127616464 
                 22.0000000000                  49.5000000000               20567.5025671084 
                 22.0000000000                  50.0000000000                   0.0000000000 
                 22.5000000000                   0.0000000000                   0.0000000000 
                 22.5000000000                   0.5000000000                6722.2263972049 
                 22.5000000000                   1.0000000000               13559.3293962917 
                 22.5000000000                   1.5000000000               20509.3627633370 
                 22.5000000000                   2.0000000000               27591.0247728464 
                 22.5000000000                   2.5000000000               34781.7444707928 
                 22.5000000000                   3.0000000000               42044.4840400927 
                 22.5000000000                   3.5000000000               49404.4102546764 
                 22.5000000000                   4.0000000000               56920.8619373417 
                 22.5000000000                   4.5000000000               64673.9583525685 
                 22.5000000000                   5.0000000000               72733.5854858697 
                 22.5000000000                   5.5000000000               81161.2570783347 
                 22.5000000000                   6.0000000000               90051.4899130489 
                 22.5000000000                   6.5000000000               99400.8181006290 
                 22.5000000000                   7.0000000000              109103.2105358426 
                 22.5000000000                   7.5000000000              119184.3944244445 
                 22.5000000000                   8.0000000000              129781.7488396848 
                 22.5000000000                   8.5000000000              140940.8406735393 
                 22.5000000000                   9.0000000000              152481.3281662403 
                 22.5000000000                   9.5000000000              164272.7128701552 
                 22.5000000000                  10.0000000000              176287.3243465886 
                 22.5000000000                  10.5000000000              188488.5803191099 
                 22.5000000000                  11.0000000000              201396.3657224903 
                 22.5000000000                  11.5000000000              215608.7104513289 
                 22.5000000000                  12.0000000000              231470.0090319513 
                 22.5000000000                  12.5000000000              249774.8574095256 
                 22.5000000000                  13.0000000000              269736.6837458302 
                 22.5000000000                  13.5000000000              290055.1066444027 
                 22.5000000000                  14.0000000000              310840.5525251591 
                 22.5000000000                  14.5000000000              332397.7141979685 
                 22.5000000000                  15.0000000000              354131.4805513460 
                 22.5000000000                  15.5000000000              375290.1399142608 
                 22.5000000000                  16.0000000000              396055.3731373484 
                 22.5000000000                  16.5000000000              416551.7492791635 
                 22.5000000000                  17.0000000000              436716.2325637872 
                 22.5000000000                  17.5000000000              456142.3047195420 
                 22.5000000000                  18.0000000000              474271.5582594206 
                 22.5000000000                  18.5000000000              491026.7365529540 
                 22.5000000000                  19.0000000000              507746.8287058551 
                 22.5000000000                  19.5000000000              526465.5115962630 
                 22.5000000000                  20.0000000000              547955.4312891038 
                 22.5000000000                  20.5000000000              572461.2779032071 
                 22.5000000000                  21.0000000000              599669.0198654811 
                 22.5000000000                  21.5000000000              627810.7458609394 
                 22.5000000000                  22.0000000000              655763.5163703146 
                 22.5000000000                  22.5000000000              683258.2109623407 
                 22.5000000000                  23.0000000000              708183.0895818211 
                 22.5000000000                  23.5000000000              725852.0593332928 
                 22.5000000000                  24.0000000000              733997.3017619287 
                 22.5000000000                  24.5000000000              734152.9253404748 
                 22.5000000000                  25.0000000000              727460.9055468270 
                 22.5000000000                  25.5000000000              713869.8320381767 
                 22.5000000000                  26.0000000000              694225.2163230635 
                 22.5000000000                  26.5000000000              671385.2108950019 
                 22.5000000000                  27.0000000000              650052.9982438895 
                 22.5000000000                  27.5000000000              630562.0403572629 
                 22.5000000000                  28.0000000000              610199.0535754299 
                 22.5000000000                  28.5000000000              589076.2241379798 
                 22.5000000000                  29.0000000000              566896.6219325099 
                 22.5000000000                  29.5000000000              544720.9383713054 
                 22.5000000000                  30.0000000000              524014.3470830178 
                 22.5000000000                  30.5000000000              504114.4835197044 
                 22.5000000000                  31.0000000000              484344.2114203606 
                 22.5000000000                  31.5000000000              463730.0797931975 
                 22.5000000000                  32.0000000000              440598.6212330398 
                 22.5000000000                  32.5000000000              414126.0174117645 
                 22.5000000000                  33.0000000000              382971.7349483505 
                 22.5000000000                  33.5000000000              348214.9674474162 
                 22.5000000000                  34.0000000000              317565.0228648226 
                 22.5000000000                  34.5000000000              294311.1586665409 
                 22.5000000000                  35.0000000000              275784.8750423272 
                 22.5000000000                  35.5000000000              260669.1827933224 
                 22.5000000000                  36.0000000000              246406.8165987351 
                 22.5000000000                  36.5000000000              231243.1054641650 
                 22.5000000000                  37.0000000000              215158.6341279227 
                 22.5000000000                  37.5000000000              197710.5548941186 
                 22.5000000000                  38.0000000000              181182.9412143929 
                 22.5000000000                  38.5000000000              167624.5695199863 
                 22.5000000000                  39.0000000000              156289.5319876858 
                 22.5000000000                  39.5000000000              146918.3622581843 
                 22.5000000000                  40.0000000000              138679.2749039194 
                 22.5000000000                  40.5000000000              130683.0355479330 
                 22.5000000000                  41.0000000000              122922.6774561987 
                 22.5000000000                  41.5000000000              115399.8334535496 
                 22.5000000000                  42.0000000000              108273.3571892514 
                 22.5000000000                  42.5000000000              101841.7361670521 
                 22.5000000000                  43.0000000000               96099.0831222182 
                 22.5000000000                  43.5000000000               90982.9702930660 
                 22.5000000000                  44.0000000000               86383.8071014157 
                 22.5000000000                  44.5000000000               82075.1402512995 
                 22.5000000000                  45.0000000000               78012.0061869476 
                 22.5000000000                  45.5000000000               74325.3781748288 
                 22.5000000000                  46.0000000000               70982.9029372578 
                 22.5000000000                  46.5000000000               67473.0097871061 
                 22.5000000000                  47.0000000000               63360.9785696946 
                 22.5000000000                  47.5000000000               58325.0412884782 
                 22.5000000000                  48.0000000000               51432.1853965205 
                 22.5000000000                  48.5000000000               42686.5862588415 
                 22.5000000000                  49.0000000000               32073.4572909529 
                 22.5000000000                  49.5000000000               18289.5157741302 
                 22.5000000000                  50.0000000000                   0.0000000000 
                 23.0000000000                   0.0000000000                   0.0000000000 
                 23.0000000000                   0.5000000000                6811.0045441038 
                 23.0000000000                   1.0000000000               13725.7948037987 
                 23.0000000000                   1.5000000000               20736.6557856647 
                 23.0000000000                   2.0000000000               27852.3565596075 
                 23.0000000000                   2.5000000000               35076.9476183569 
                 23.0000000000                   3.0000000000               42425.1413617462 
                 23.0000000000                   3.5000000000               49943.2994380467 
                 23.0000000000                   4.0000000000               57733.8760237626 
                 23.0000000000                   4.5000000000               65837.6182652243 
                 23.0000000000                   5.0000000000               74193.0985201260 
                 23.0000000000                   5.5000000000               82816.7102093666 
                 23.0000000000                   6.0000000000               91758.4051948485 
                 23.0000000000                   6.5000000000              101028.8324269365 
                 23.0000000000                   7.0000000000              110666.7243701394 
                 23.0000000000                   7.5000000000              120737.0944079657 
                 23.0000000000                   8.0000000000              131339.4515593790 
                 23.0000000000                   8.5000000000              142501.2752046987 
                 23.0000000000                   9.0000000000              154010.4508862961 
                 23.0000000000                   9.5000000000              165731.5124299101 
                 23.0000000000                  10.0000000000              177641.5110497820 
                 23.0000000000                  10.5000000000              189711.6775838390 
                 23.0000000000                  11.0000000000              202530.8362015690 
                 23.0000000000                  11.5000000000              216767.1234986634 
                 23.0000000000                  12.0000000000              232825.5985410516 
                 23.0000000000                  12.5000000000              251736.0591690271 
                 23.0000000000                  13.0000000000              272530.6551729501 
                 23.0000000000                  13.5000000000              293544.9144501454 
                 23.0000000000                  14.0000000000              314916.3591457716 
                 23.0000000000                  14.5000000000              336986.5386201637 
                 23.0000000000                  15.0000000000              359150.8374870182 
                 23.0000000000                  15.5000000000              380688.7990388109 
                 23.0000000000                  16.0000000000              401870.7907572988 
                 23.0000000000                  16.5000000000              422854.9514361103 
                 23.0000000000                  17.0000000000              443849.1842618290 
                 23.0000000000                  17.5000000000              464601.5527897326 
                 23.0000000000                  18.0000000000              484371.6209506733 
                 23.0000000000                  18.5000000000              503135.4530629194 
                 23.0000000000                  19.0000000000              522198.2490985398 
                 23.0000000000                  19.5000000000              543348.8096612381 
                 23.0000000000                  20.0000000000              567332.3204359174 
                 23.0000000000                  20.5000000000              594338.6749081777 
                 23.0000000000                  21.0000000000              624151.9915419711 
                 23.0000000000                  21.5000000000              655740.2337983913 
                 23.0000000000                  22.0000000000              688582.1488354048 
                 23.0000000000                  22.5000000000              723133.9725800905 
                 23.0000000000                  23.0000000000              759836.6313442584 
                 23.0000000000                  23.5000000000              791074.1594086251 
                 23.0000000000                  24.0000000000              809865.3446376410 
                 23.0000000000                  24.5000000000              818535.1537316707 
                 23.0000000000                  25.0000000000              817637.9851581969 
                 23.0000000000                  25.5000000000              805941.5983948309 
                 23.0000000000                  26.0000000000              783640.0933482570 
                 23.0000000000                  26.5000000000              750797.6069133905 
                 23.0000000000                  27.0000000000              711371.3062776055 
                 23.0000000000                  27.5000000000              675686.7979448769 
                 23.0000000000                  28.0000000000              646407.7394704630 
                 23.0000000000                  28.5000000000              619397.4977956018 
                 23.0000000000                  29.0000000000              592523.8253790647 
                 23.0000000000                  29.5000000000              565995.5565943005 
                 23.0000000000                  30.0000000000              541289.3853561212 
                 23.0000000000                  30.5000000000              517340.9260751541 
                 23.0000000000                  31.0000000000              492332.5798991849 
                 23.0000000000                  31.5000000000              465395.1993462747 
                 23.0000000000                  32.0000000000              436435.8239023717 
                 23.0000000000                  32.5000000000              404978.4575390362 
                 23.0000000000                  33.0000000000              369171.6287842809 
                 23.0000000000                  33.5000000000              332257.5744284554 
                 23.0000000000                  34.0000000000              303104.7141099782 
                 23.0000000000                  34.5000000000              282215.8690270883 
                 23.0000000000                  35.0000000000              265539.0819091487 
                 23.0000000000                  35.5000000000              251924.0826316475 
                 23.0000000000                  36.0000000000              238675.5523954521 
                 23.0000000000                  36.5000000000              224142.5172869846 
                 23.0000000000                  37.0000000000              208501.2238217029 
                 23.0000000000                  37.5000000000              191454.6772112232 
                 23.0000000000                  38.0000000000              175492.8441337488 
                 23.0000000000                  38.5000000000              162629.1210272558 
                 23.0000000000                  39.0000000000              151958.0275689804 
                 23.0000000000                  39.5000000000              143200.4672792158 
                 23.0000000000                  40.0000000000              135481.8064271507 
                 23.0000000000                  40.5000000000              127912.0720174905 
                 23.0000000000                  41.0000000000              120533.3334706828 
                 23.0000000000                  41.5000000000              113383.8512011183 
                 23.0000000000                  42.0000000000              106600.6663590458 
                 23.0000000000                  42.5000000000              100420.0121136559 
                 23.0000000000                  43.0000000000               94827.3927063138 
                 23.0000000000                  43.5000000000               89761.5382316154 
                 23.0000000000                  44.0000000000               85136.5378665265 
                 23.0000000000                  44.5000000000               80795.0513281098 
                 23.0000000000                  45.0000000000               76714.1667569959 
                 23.0000000000                  45.5000000000               73015.4550378032 
                 23.0000000000                  46.0000000000               69661.5775323072 
                 23.0000000000                  46.5000000000               66104.0695840011 
                 23.0000000000                  47.0000000000               61889.8556340052 
                 23.0000000000                  47.5000000000               56675.9922142291 
                 23.0000000000                  48.0000000000               49404.0556145115 
                 23.0000000000                  48.5000000000               40375.1507759278 
                 23.0000000000                  49.0000000000               29859.5449854079 
                 23.0000000000                  49.5000000000               16598.1058511004 
                 23.0000000000                  50.0000000000                   0.0000000000 
                 23.5000000000                   0.0000000000                   0.0000000000 
                 23.5000000000                   0.5000000000                6954.6622732796 
                 23.5000000000                   1.0000000000               13979.2148993150 
                 23.5000000000                   1.5000000000               21067.6384978306 
                 23.5000000000                   2.0000000000               28218.9363009962 
                 23.5000000000                   2.5000000000               35470.5272682723 
                 23.5000000000                   3.0000000000               42897.1873898888 
                 23.5000000000                   3.5000000000               50564.3079991904 
                 23.5000000000                   4.0000000000               58592.2592623965 
                 23.5000000000                   4.5000000000               66971.4882640816 
                 23.5000000000                   5.0000000000               75535.2642402827 
                 23.5000000000                   5.5000000000               84261.8785573798 
                 23.5000000000                   6.0000000000               93186.3348294377 
                 23.5000000000                   6.5000000000              102353.9024917238 
                 23.5000000000                   7.0000000000              111896.6108369121 
                 23.5000000000                   7.5000000000              121906.0390271454 
                 23.5000000000                   8.0000000000              132452.5918732552 
                 23.5000000000                   8.5000000000              143548.5909430913 
                 23.5000000000                   9.0000000000              155003.9877581111 
                 23.5000000000                   9.5000000000              166694.6574430587 
                 23.5000000000                  10.0000000000              178593.5746403998 
                 23.5000000000                  10.5000000000              190691.3894599915 
                 23.5000000000                  11.0000000000              203575.7178486926 
                 23.5000000000                  11.5000000000              217934.5120495663 
                 23.5000000000                  12.0000000000              234244.0659103975 
                 23.5000000000                  12.5000000000              253655.5413835077 
                 23.5000000000                  13.0000000000              275058.8688038540 
                 23.5000000000                  13.5000000000              296547.9308186186 
                 23.5000000000                  14.0000000000              318252.3696214236 
                 23.5000000000                  14.5000000000              340464.4289241396 
                 23.5000000000                  15.0000000000              362745.1724964377 
                 23.5000000000                  15.5000000000              384595.7366003397 
                 23.5000000000                  16.0000000000              406274.0426744621 
                 23.5000000000                  16.5000000000              427993.0972650829 
                 23.5000000000                  17.0000000000              450073.1556413337 
                 23.5000000000                  17.5000000000              472259.9937978931 
                 23.5000000000                  18.0000000000              493769.8963412199 
                 23.5000000000                  18.5000000000              514564.0737886321 
                 23.5000000000                  19.0000000000              535786.2239761979 
                 23.5000000000                  19.5000000000              559111.6286756598 
                 23.5000000000                  20.0000000000              585338.0601503375 
                 23.5000000000                  20.5000000000              614691.1857327686 
                 23.5000000000                  21.0000000000              647220.1370988350 
                 23.5000000000                  21.5000000000              682362.2666833685 
                 23.5000000000                  22.0000000000              719768.7454571724 
                 23.5000000000                  22.5000000000              761408.4994182122 
                 23.5000000000                  23.0000000000              807074.7434320194 
                 23.5000000000                  23.5000000000              842581.3784770906 
                 23.5000000000                  24.0000000000              861721.3317694168 
                 23.5000000000                  24.5000000000              871832.4762865602 
                 23.5000000000                  25.0000000000              874808.5910935877 
                 23.5000000000                  25.5000000000              870424.0902989943 
                 23.5000000000                  26.0000000000              857152.5532114923 
                 23.5000000000                  26.5000000000              831835.7491220564 
                 23.5000000000                  27.0000000000              787479.8601837531 
                 23.5000000000                  27.5000000000              735550.3383359464 
                 23.5000000000                  28.0000000000              693668.0115084003 
                 23.5000000000                  28.5000000000              659076.7378986219 
                 23.5000000000                  29.0000000000              626052.7806133798 
                 23.5000000000                  29.5000000000              594000.5997039168 
                 23.5000000000                  30.0000000000              563854.3917176711 
                 23.5000000000                  30.5000000000              534420.0197925072 
                 23.5000000000                  31.0000000000              502771.9266803822 
                 23.5000000000                  31.5000000000              468224.0465473466 
                 23.5000000000                  32.0000000000              432702.7193170026 
                 23.5000000000                  32.5000000000              396054.4840625348 
                 23.5000000000                  33.0000000000              355879.0709341667 
                 23.5000000000                  33.5000000000              317471.4189865395 
                 23.5000000000                  34.0000000000              289895.8123314629 
                 23.5000000000                  34.5000000000              270962.2334814459 
                 23.5000000000                  35.0000000000              255779.7039487066 
                 23.5000000000                  35.5000000000              243207.8791306919 
                 23.5000000000                  36.0000000000              230620.0546070079 
                 23.5000000000                  36.5000000000              216588.8209455664 
                 23.5000000000                  37.0000000000              201462.6883804650 
                 23.5000000000                  37.5000000000              185288.1269457848 
                 23.5000000000                  38.0000000000              170221.2859493907 
                 23.5000000000                  38.5000000000              157897.3456684284 
                 23.5000000000                  39.0000000000              147636.4198373510 
                 23.5000000000                  39.5000000000              139162.0443942223 
                 23.5000000000                  40.0000000000              131676.1136253814 
                 23.5000000000                  40.5000000000              124404.7234290279 
                 23.5000000000                  41.0000000000              117378.5946509873 
                 23.5000000000                  41.5000000000              110646.9893059850 
                 23.5000000000                  42.0000000000              104294.8570233661 
                 23.5000000000                  42.5000000000               98438.1777565956 
                 23.5000000000                  43.0000000000               93039.3292071042 
                 23.5000000000                  43.5000000000               88024.1941740060 
                 23.5000000000                  44.0000000000               83328.9613950045 
                 23.5000000000                  44.5000000000               78906.9454344027 
                 23.5000000000                  45.0000000000               74758.8468986193 
                 23.5000000000                  45.5000000000               70956.5552623681 
                 23.5000000000                  46.0000000000               67423.4302643126 
                 23.5000000000                  46.5000000000               63609.6377303568 
                 23.5000000000                  47.0000000000               59094.9755254661 
                 23.5000000000                  47.5000000000               53636.7286090617 
                 23.5000000000                  48.0000000000               46691.0627803919 
                 23.5000000000                  48.5000000000               38392.6918699527 
                 23.5000000000                  49.0000000000               28610.9995485131 
                 23.5000000000                  49.5000000000               16228.0040630541 
                 23.5000000000                  50.0000000000                   0.0000000000 
                 24.0000000000                   0.0000000000                   0.0000000000 
                 24.0000000000                   0.5000000000                7163.2627445478 
                 24.0000000000                   1.0000000000               14325.6938943944 
                 24.0000000000                   1.5000000000               21494.6873003393 
                 24.0000000000                   2.0000000000               28668.2207766724 
                 24.0000000000                   2.5000000000               35928.7503682122 
                 24.0000000000                   3.0000000000               43416.5006264437 
                 24.0000000000                   3.5000000000               51206.3552422782 
                 24.0000000000                   4.0000000000               59417.8949577182 
                 24.0000000000                   4.5000000000               67995.3892893584 
                 24.0000000000                   5.0000000000               76694.0437902397 
                 24.0000000000                   5.5000000000               85463.8883676993 
                 24.0000000000                   6.0000000000               94335.7917528063 
                 24.0000000000                   6.5000000000              103385.2923576402 
                 24.0000000000                   7.0000000000              112812.1019610966 
                 24.0000000000                   7.5000000000              122732.9835046102 
                 24.0000000000                   8.0000000000              133198.6087625334 
                 24.0000000000                   8.5000000000              144215.7050258953 
                 24.0000000000                   9.0000000000              155633.1656603061 
                 24.0000000000                   9.5000000000              167342.6156279801 
                 24.0000000000                  10.0000000000              179311.1998741119 
                 24.0000000000                  10.5000000000              191544.6128809985 
                 24.0000000000                  11.0000000000              204596.3936886079 
                 24.0000000000                  11.5000000000              219144.7843927532 
                 24.0000000000                  12.0000000000              235719.5820444975 
                 24.0000000000                  12.5000000000              255531.5246681804 
                 24.0000000000                  13.0000000000              277342.9245145509 
                 24.0000000000                  13.5000000000              299077.5568961849 
                 24.0000000000                  14.0000000000              320861.2209974767 
                 24.0000000000                  14.5000000000              342931.5563281332 
                 24.0000000000                  15.0000000000              365115.4425113280 
                 24.0000000000                  15.5000000000              387215.5868991412 
                 24.0000000000                  16.0000000000              409441.4714975429 
                 24.0000000000                  16.5000000000              432021.8693319353 
                 24.0000000000                  17.0000000000              455237.7347652196 
                 24.0000000000                  17.5000000000              478783.8307619405 
                 24.0000000000                  18.0000000000              501867.0788943138 
                 24.0000000000                  18.5000000000              524309.9253211180 
                 24.0000000000                  19.0000000000              547233.4849349380 
                 24.0000000000                  19.5000000000              572447.8399075359 
                 24.0000000000                  20.0000000000              600758.9126479442 
                 24.0000000000                  20.5000000000              632473.6177825474 
                 24.0000000000                  21.0000000000              667788.8701575001 
                 24.0000000000                  21.5000000000              706110.7939593823 
                 24.0000000000                  22.0000000000              746900.9989380036 
                 24.0000000000                  22.5000000000              793129.1977976835 
                 24.0000000000                  23.0000000000              839656.8648389508 
                 24.0000000000                  23.5000000000              869004.1317187982 
                 24.0000000000                  24.0000000000              881841.9923377233 
                 24.0000000000                  24.5000000000              888863.0273013735 
                 24.0000000000                  25.0000000000              891892.3237446242 
                 24.0000000000                  25.5000000000              891517.6523720130 
                 24.0000000000                  26.0000000000              886206.1503443129 
                 24.0000000000                  26.5000000000              874714.1093694256 
                 24.0000000000                  27.0000000000              843086.8045417441 
                 24.0000000000                  27.5000000000              787345.0819732832 
                 24.0000000000                  28.0000000000              734627.8873815784 
                 24.0000000000                  28.5000000000              693502.5062171244 
                 24.0000000000                  29.0000000000              654488.1869016923 
                 24.0000000000                  29.5000000000              617203.1798451417 
                 24.0000000000                  30.0000000000              581825.5272881150 
                 24.0000000000                  30.5000000000              547208.5703744653 
                 24.0000000000                  31.0000000000              510689.4924170925 
                 24.0000000000                  31.5000000000              471531.7032146468 
                 24.0000000000                  32.0000000000              431619.7644302956 
                 24.0000000000                  32.5000000000              391099.9580748117 
                 24.0000000000                  33.0000000000              347615.3998533119 
                 24.0000000000                  33.5000000000              307351.4647674780 
                 24.0000000000                  34.0000000000              279875.5473665628 
                 24.0000000000                  34.5000000000              261758.8170279751 
                 24.0000000000                  35.0000000000              247291.1817780093 
                 24.0000000000                  35.5000000000              235179.9920235100 
                 24.0000000000                  36.0000000000              222897.5115088269 
                 24.0000000000                  36.5000000000              209180.2639965098 
                 24.0000000000                  37.0000000000              194513.4249343273 
                 24.0000000000                  37.5000000000              179221.5581361530 
                 24.0000000000                  38.0000000000              164951.4608723651 
                 24.0000000000                  38.5000000000              152938.8835628695 
                 24.0000000000                  39.0000000000              142844.6590014840 
                 24.0000000000                  39.5000000000              134426.2814511228 
                 24.0000000000                  40.0000000000              127021.0121412027 
                 24.0000000000                  40.5000000000              120009.1304164066 
                 24.0000000000                  41.0000000000              113367.2274160645 
                 24.0000000000                  41.5000000000              107123.8453259802 
                 24.0000000000                  42.0000000000              101286.8037378370 
                 24.0000000000                  42.5000000000               95828.7353111631 
                 24.0000000000                  43.0000000000               90683.8774269624 
                 24.0000000000                  43.5000000000               85756.0271503179 
                 24.0000000000                  44.0000000000               81005.6031129507 
                 24.0000000000                  44.5000000000               76518.5949015320 
                 24.0000000000                  45.0000000000               72314.0263035151 
                 24.0000000000                  45.5000000000               68390.5646835085 
                 24.0000000000                  46.0000000000               64634.5600032486 
                 24.0000000000                  46.5000000000               60544.6442008202 
                 24.0000000000                  47.0000000000               55790.7161116038 
                 24.0000000000                  47.5000000000               50321.8037383952 
                 24.0000000000                  48.0000000000               44040.8144703626 
                 24.0000000000                  48.5000000000               36716.8301166856 
                 24.0000000000                  49.0000000000               27794.4601319104 
                 24.0000000000                  49.5000000000               16269.5475031054 
                 24.0000000000                  50.0000000000                   0.0000000000 
                 24.5000000000                   0.0000000000                   0.0000000000 
                 24.5000000000                   0.5000000000                7441.5248840539 
                 24.5000000000                   1.0000000000               14742.7758971789 
                 24.5000000000                   1.5000000000               21972.0149983264 
                 24.5000000000                   2.0000000000               29141.4918042996 
                 24.5000000000                   2.5000000000               36389.5825804016 
                 24.5000000000                   3.0000000000               43921.3577182482 
                 24.5000000000                   3.5000000000               51810.8150303296 
                 24.5000000000                   4.0000000000               60172.8798904154 
                 24.5000000000                   4.5000000000               68902.9016263992 
                 24.5000000000                   5.0000000000               77681.5263529218 
                 24.5000000000                   5.5000000000               86441.7499192330 
                 24.5000000000                   6.0000000000               95219.7888355667 
                 24.5000000000                   6.5000000000              104123.0900579810 
                 24.5000000000                   7.0000000000              113411.9575229284 
                 24.5000000000                   7.5000000000              123229.6522296486 
                 24.5000000000                   8.0000000000              133617.8970018068 
                 24.5000000000                   8.5000000000              144580.3700654684 
                 24.5000000000                   9.0000000000              155997.0319323988 
                 24.5000000000                   9.5000000000              167771.1907690178 
                 24.5000000000                  10.0000000000              179865.9844160493 
                 24.5000000000                  10.5000000000              192301.1303300023 
                 24.5000000000                  11.0000000000              205583.1729931948 
                 24.5000000000                  11.5000000000              220358.2412140515 
                 24.5000000000                  12.0000000000              237178.9480008001 
                 24.5000000000                  12.5000000000              257287.1670025900 
                 24.5000000000                  13.0000000000              279325.3309607526 
                 24.5000000000                  13.5000000000              301092.0931444864 
                 24.5000000000                  14.0000000000              322743.6531623466 
                 24.5000000000                  14.5000000000              344478.8871552718 
                 24.5000000000                  15.0000000000              366396.4391452082 
                 24.5000000000                  15.5000000000              388613.7763448936 
                 24.5000000000                  16.0000000000              411309.5975129938 
                 24.5000000000                  16.5000000000              434703.3315769066 
                 24.5000000000                  17.0000000000              458958.4009131982 
                 24.5000000000                  17.5000000000              483717.4867250185 
                 24.5000000000                  18.0000000000              508196.9020012268 
                 24.5000000000                  18.5000000000              532046.2556156456 
                 24.5000000000                  19.0000000000              556387.9838119610 
                 24.5000000000                  19.5000000000              583184.4854217416 
                 24.5000000000                  20.0000000000              613296.9762907815 
                 24.5000000000                  20.5000000000              647123.1229644394 
                 24.5000000000                  21.0000000000              684865.6945544299 
                 24.5000000000                  21.5000000000              725653.2888699051 
                 24.5000000000                  22.0000000000              768569.6102363472 
                 24.5000000000                  22.5000000000              816576.5313721065 
                 24.5000000000                  23.0000000000              860808.1757978339 
                 24.5000000000                  23.5000000000              884661.5334264573 
                 24.5000000000                  24.0000000000              893962.7345321020 
                 24.5000000000                  24.5000000000              899531.7541790068 
                 24.5000000000                  25.0000000000              902726.5347018228 
                 24.5000000000                  25.5000000000              904303.0540080081 
                 24.5000000000                  26.0000000000              903370.3379557289 
                 24.5000000000                  26.5000000000              899373.5068785672 
                 24.5000000000                  27.0000000000              879669.5868365068 
                 24.5000000000                  27.5000000000              826293.2092576986 
                 24.5000000000                  28.0000000000              766530.4325621101 
                 24.5000000000                  28.5000000000              720840.5162941824 
                 24.5000000000                  29.0000000000              677082.6129256912 
                 24.5000000000                  29.5000000000              635228.6828629252 
                 24.5000000000                  30.0000000000              595445.1054536526 
                 24.5000000000                  30.5000000000              556635.5511690956 
                 24.5000000000                  31.0000000000              516669.0399228367 
                 24.5000000000                  31.5000000000              474961.4986044837 
                 24.5000000000                  32.0000000000              432339.2693949817 
                 24.5000000000                  32.5000000000              388859.7499952380 
                 24.5000000000                  33.0000000000              342584.4456194920 
                 24.5000000000                  33.5000000000              300459.8072932822 
                 24.5000000000                  34.0000000000              272591.5763718412 
                 24.5000000000                  34.5000000000              254638.7504757325 
                 24.5000000000                  35.0000000000              240290.6062557406 
                 24.5000000000                  35.5000000000              228184.4557216301 
                 24.5000000000                  36.0000000000              215859.5831582639 
                 24.5000000000                  36.5000000000              202170.3665380287 
                 24.5000000000                  37.0000000000              187687.6846620092 
                 24.5000000000                  37.5000000000              172927.7874144503 
                 24.5000000000                  38.0000000000              159131.0964252750 
                 24.5000000000                  38.5000000000              147220.6274317978 
                 24.5000000000                  39.0000000000              137155.7230429256 
                 24.5000000000                  39.5000000000              128721.0475263354 
                 24.5000000000                  40.0000000000              121391.7937519538 
                 24.5000000000                  40.5000000000              114701.4933448113 
                 24.5000000000                  41.0000000000              108525.7642244035 
                 24.5000000000                  41.5000000000              102842.5657488497 
                 24.5000000000                  42.0000000000               97579.0423703707 
                 24.5000000000                  42.5000000000               92574.8526772647 
                 24.5000000000                  43.0000000000               87751.8470360845 
                 24.5000000000                  43.5000000000               82990.3575173442 
                 24.5000000000                  44.0000000000               78268.4684348115 
                 24.5000000000                  44.5000000000               73803.9045059045 
                 24.5000000000                  45.0000000000               69613.0197856970 
                 24.5000000000                  45.5000000000               65610.3556171291 
                 24.5000000000                  46.0000000000               61668.3509968062 
                 24.5000000000                  46.5000000000               57365.2293337443 
                 24.5000000000                  47.0000000000               52478.1757265268 
                 24.5000000000                  47.5000000000               47098.4807731197 
                 24.5000000000                  48.0000000000               41328.1150188708 
                 24.5000000000                  48.5000000000               34705.7527733037 
                 24.5000000000                  49.0000000000               26494.4808502664 
                 24.5000000000                  49.5000000000               15860.9125210850 
                 24.5000000000                  50.0000000000                   0.0000000000 
                 25.0000000000                   0.0000000000                   0.0000000000 
                 25.0000000000                   0.5000000000                7745.2691695911 
                 25.0000000000                   1.0000000000               15150.8657646567 
                 25.0000000000                   1.5000000000               22406.6431572720 
                 25.0000000000                   2.0000000000               29554.4226084928 
                 25.0000000000                   2.5000000000               36785.3934828243 
                 25.0000000000                   3.0000000000               44352.5263732351 
                 25.0000000000                   3.5000000000               52325.0188052387 
                 25.0000000000                   4.0000000000               60818.2791076169 
                 25.0000000000                   4.5000000000               69674.8275194096 
                 25.0000000000                   5.0000000000               78494.5536549866 
                 25.0000000000                   5.5000000000               87201.1487031195 
                 25.0000000000                   6.0000000000               95843.0192013731 
                 25.0000000000                   6.5000000000              104560.8855739581 
                 25.0000000000                   7.0000000000              113681.7058981092 
                 25.0000000000                   7.5000000000              123383.6375337446 
                 25.0000000000                   8.0000000000              133718.3621727863 
                 25.0000000000                   8.5000000000              144694.6544509417 
                 25.0000000000                   9.0000000000              156182.5293484867 
                 25.0000000000                   9.5000000000              168074.3380155587 
                 25.0000000000                  10.0000000000              180341.6972959484 
                 25.0000000000                  10.5000000000              193022.0284079522 
                 25.0000000000                  11.0000000000              206578.0827676468 
                 25.0000000000                  11.5000000000              221612.9354570814 
                 25.0000000000                  12.0000000000              238670.6680962955 
                 25.0000000000                  12.5000000000              258935.1387865680 
                 25.0000000000                  13.0000000000              280964.3086405783 
                 25.0000000000                  13.5000000000              302552.5911132274 
                 25.0000000000                  14.0000000000              323899.8142747494 
                 25.0000000000                  14.5000000000              345171.4499090530 
                 25.0000000000                  15.0000000000              366699.0572793174 
                 25.0000000000                  15.5000000000              388880.2431106869 
                 25.0000000000                  16.0000000000              411881.4019379555 
                 25.0000000000                  16.5000000000              435935.8930849589 
                 25.0000000000                  17.0000000000              461000.8316539301 
                 25.0000000000                  17.5000000000              486650.4785924308 
                 25.0000000000                  18.0000000000              512303.3625457289 
                 25.0000000000                  18.5000000000              537382.4369501192 
                 25.0000000000                  19.0000000000              562847.7244273731 
                 25.0000000000                  19.5000000000              590883.5253992553 
                 25.0000000000                  20.0000000000              622444.0765305513 
                 25.0000000000                  20.5000000000              657941.8216382021 
                 25.0000000000                  21.0000000000              697520.4666139215 
                 25.0000000000                  21.5000000000              739924.8519778047 
                 25.0000000000                  22.0000000000              783799.4786267357 
                 25.0000000000                  22.5000000000              831740.9281737716 
                 25.0000000000                  23.0000000000              873085.2615834067 
                 25.0000000000                  23.5000000000              893095.0410316871 
                 25.0000000000                  24.0000000000              900443.5903065857 
                 25.0000000000                  24.5000000000              905162.1123038149 
                 25.0000000000                  25.0000000000              908301.9819298066 
                 25.0000000000                  25.5000000000              910609.6976039120 
                 25.0000000000                  26.0000000000              911734.2182043558 
                 25.0000000000                  26.5000000000              911566.5103708530 
                 25.0000000000                  27.0000000000              900198.7520249542 
                 25.0000000000                  27.5000000000              851699.2337181676 
                 25.0000000000                  28.0000000000              789117.8635705672 
                 25.0000000000                  28.5000000000              740025.4462764526 
                 25.0000000000                  29.0000000000              692855.4196749636 
                 25.0000000000                  29.5000000000              647466.3877943690 
                 25.0000000000                  30.0000000000              604349.8759550459 
                 25.0000000000                  30.5000000000              562765.6867785520 
                 25.0000000000                  31.0000000000              520963.0803286703 
                 25.0000000000                  31.5000000000              478278.5287774577 
                 25.0000000000                  32.0000000000              434442.6881031903 
                 25.0000000000                  32.5000000000              389205.1278399075 
                 25.0000000000                  33.0000000000              340980.1161408734 
                 25.0000000000                  33.5000000000              297163.1309181647 
                 25.0000000000                  34.0000000000              268319.5002335164 
                 25.0000000000                  34.5000000000              249824.4524945544 
                 25.0000000000                  35.0000000000              235025.6135956213 
                 25.0000000000                  35.5000000000              222485.5834396909 
                 25.0000000000                  36.0000000000              209766.2761073863 
                 25.0000000000                  36.5000000000              195768.7137541222 
                 25.0000000000                  37.0000000000              181065.0617843301 
                 25.0000000000                  37.5000000000              166195.4295332976 
                 25.0000000000                  38.0000000000              152224.9885685779 
                 25.0000000000                  38.5000000000              140071.9317533630 
                 25.0000000000                  39.0000000000              129910.1892704433 
                 25.0000000000                  39.5000000000              121555.8626106557 
                 25.0000000000                  40.0000000000              114561.8577938842 
                 25.0000000000                  40.5000000000              108432.4321435409 
                 25.0000000000                  41.0000000000              102887.5180874634 
                 25.0000000000                  41.5000000000               97842.8549816969 
                 25.0000000000                  42.0000000000               93157.3759113834 
                 25.0000000000                  42.5000000000               88619.7706022569 
                 25.0000000000                  43.0000000000               84177.4263523023 
                 25.0000000000                  43.5000000000               79724.7328202765 
                 25.0000000000                  44.0000000000               75262.9842282733 
                 25.0000000000                  44.5000000000               71019.5346646838 
                 25.0000000000                  45.0000000000               66959.0138441091 
                 25.0000000000                  45.5000000000               62950.1410744749 
                 25.0000000000                  46.0000000000               58875.6921121457 
                 25.0000000000                  46.5000000000               54424.7599024064 
                 25.0000000000                  47.0000000000               49463.6311710898 
                 25.0000000000                  47.5000000000               44122.3230540682 
                 25.0000000000                  48.0000000000               38534.3321485947 
                 25.0000000000                  48.5000000000               32135.2213378004 
                 25.0000000000                  49.0000000000               24223.9832646822 
                 25.0000000000                  49.5000000000               14272.4090822931 
                 25.0000000000                  50.0000000000                   0.0000000000 
                 25.5000000000                   0.0000000000                   0.0000000000 
                 25.5000000000                   0.5000000000                7913.3580371963 
                 25.5000000000                   1.0000000000               15395.8776696234 
                 25.5000000000                   1.5000000000               22677.2561069583 
                 25.5000000000                   2.0000000000               29827.5759990830 
                 25.5000000000                   2.5000000000               37066.9742652149 
                 25.5000000000                   3.0000000000               44672.9262908265 
                 25.5000000000                   3.5000000000               52721.6934243982 
                 25.5000000000                   4.0000000000               61349.7397221307 
                 25.5000000000                   4.5000000000               70334.1839796062 
                 25.5000000000                   5.0000000000               79167.0045996914 
                 25.5000000000                   5.5000000000               87777.5544699676 
                 25.5000000000                   6.0000000000               96234.9652076777 
                 25.5000000000                   6.5000000000              104712.3986523017 
                 25.5000000000                   7.0000000000              113618.7178113659 
                 25.5000000000                   7.5000000000              123175.4463728077 
                 25.5000000000                   8.0000000000              133481.0980849802 
                 25.5000000000                   8.5000000000              144586.8539992465 
                 25.5000000000                   9.0000000000              156264.5640552223 
                 25.5000000000                   9.5000000000              168343.6475938137 
                 25.5000000000                  10.0000000000              180837.8872286817 
                 25.5000000000                  10.5000000000              193804.5577477115 
                 25.5000000000                  11.0000000000              207679.3322226688 
                 25.5000000000                  11.5000000000              223015.3104511331 
                 25.5000000000                  12.0000000000              240307.3822594854 
                 25.5000000000                  12.5000000000              260525.8346298567 
                 25.5000000000                  13.0000000000              282237.3794970894 
                 25.5000000000                  13.5000000000              303438.8493243444 
                 25.5000000000                  14.0000000000              324335.2525684594 
                 25.5000000000                  14.5000000000              345057.6052004771 
                 25.5000000000                  15.0000000000              366103.9956436685 
                 25.5000000000                  15.5000000000              388087.4085513615 
                 25.5000000000                  16.0000000000              411180.9876208471 
                 25.5000000000                  16.5000000000              435653.5054533664 
                 25.5000000000                  17.0000000000              461233.2443952410 
                 25.5000000000                  17.5000000000              487341.9184749443 
                 25.5000000000                  18.0000000000              513798.8021450362 
                 25.5000000000                  18.5000000000              539932.7592226419 
                 25.5000000000                  19.0000000000              566309.4747346564 
                 25.5000000000                  19.5000000000              595258.5397994638 
                 25.5000000000                  20.0000000000              627878.3125777328 
                 25.5000000000                  20.5000000000              664550.5139530873 
                 25.5000000000                  21.0000000000              705331.7851415627 
                 25.5000000000                  21.5000000000              748625.1411624824 
                 25.5000000000                  22.0000000000              792784.8898478217 
                 25.5000000000                  22.5000000000              839689.2186407588 
                 25.5000000000                  23.0000000000              878981.4693706273 
                 25.5000000000                  23.5000000000              897628.6006441469 
                 25.5000000000                  24.0000000000              904385.4848731135 
                 25.5000000000                  24.5000000000              908725.7502485220 
                 25.5000000000                  25.0000000000              911768.6841223952 
                 25.5000000000                  25.5000000000              914344.4408050630 
                 25.5000000000                  26.0000000000              916140.4470543907 
                 25.5000000000                  26.5000000000              916994.5073901491 
                 25.5000000000                  27.0000000000              906668.6163245911 
                 25.5000000000                  27.5000000000              860672.1182310790 
                 25.5000000000                  28.0000000000              799432.7063431141 
                 25.5000000000                  28.5000000000              748936.7920023855 
                 25.5000000000                  29.0000000000              700264.7457372709 
                 25.5000000000                  29.5000000000              653202.9095586766 
                 25.5000000000                  30.0000000000              608492.8579280676 
                 25.5000000000                  30.5000000000              565720.3472699217 
                 25.5000000000                  31.0000000000              523568.2092777044 
                 25.5000000000                  31.5000000000              481186.5515769488 
                 25.5000000000                  32.0000000000              437427.7678670215 
                 25.5000000000                  32.5000000000              391704.4097089535 
                 25.5000000000                  33.0000000000              342833.4966081018 
                 25.5000000000                  33.5000000000              297823.3583483463 
                 25.5000000000                  34.0000000000              267205.9683038224 
                 25.5000000000                  34.5000000000              247214.6781808469 
                 25.5000000000                  35.0000000000              231264.8526859741 
                 25.5000000000                  35.5000000000              217749.4155723509 
                 25.5000000000                  36.0000000000              204191.3540372137 
                 25.5000000000                  36.5000000000              189457.7209816450 
                 25.5000000000                  37.0000000000              174019.4750987108 
                 25.5000000000                  37.5000000000              158202.0732834513 
                 25.5000000000                  38.0000000000              143440.0639192652 
                 25.5000000000                  38.5000000000              131095.1342467195 
                 25.5000000000                  39.0000000000              121167.0508837644 
                 25.5000000000                  39.5000000000              113414.1184796855 
                 25.5000000000                  40.0000000000              107236.5200364547 
                 25.5000000000                  40.5000000000              101903.7085986739 
                 25.5000000000                  41.0000000000               97089.8859681612 
                 25.5000000000                  41.5000000000               92676.8000989322 
                 25.5000000000                  42.0000000000               88510.6026696189 
                 25.5000000000                  42.5000000000               84439.2146921496 
                 25.5000000000                  43.0000000000               80435.0528077838 
                 25.5000000000                  43.5000000000               76451.8595934370 
                 25.5000000000                  44.0000000000               72491.6337618425 
                 25.5000000000                  44.5000000000               68612.0147243747 
                 25.5000000000                  45.0000000000               64725.5436485722 
                 25.5000000000                  45.5000000000               60725.3710765697 
                 25.5000000000                  46.0000000000               56513.3109718744 
                 25.5000000000                  46.5000000000               51913.9756047667 
                 25.5000000000                  47.0000000000               46854.8093019312 
                 25.5000000000                  47.5000000000               41407.7150723100 
                 25.5000000000                  48.0000000000               35610.2860689519 
                 25.5000000000                  48.5000000000               29002.4678489764 
                 25.5000000000                  49.0000000000               21126.9734004165 
                 25.5000000000                  49.5000000000               11734.8499224204 
                 25.5000000000                  50.0000000000                   0.0000000000 
                 26.0000000000                   0.0000000000                   0.0000000000 
                 26.0000000000                   0.5000000000                7904.9097283761 
                 26.0000000000                   1.0000000000               15434.6851593885 
                 26.0000000000                   1.5000000000               22755.7759857249 
                 26.0000000000                   2.0000000000               29939.7434607604 
                 26.0000000000                   2.5000000000               37212.0148747800 
                 26.0000000000                   3.0000000000               44862.5772212470 
                 26.0000000000                   3.5000000000               52987.3332388706 
                 26.0000000000                   4.0000000000               61768.1918674151 
                 26.0000000000                   4.5000000000               70893.5344131228 
                 26.0000000000                   5.0000000000               79713.6345844828 
                 26.0000000000                   5.5000000000               88188.6599130580 
                 26.0000000000                   6.0000000000               96424.6621319858 
                 26.0000000000                   6.5000000000              104622.6870765366 
                 26.0000000000                   7.0000000000              113269.5793856182 
                 26.0000000000                   7.5000000000              122632.9596378891 
                 26.0000000000                   8.0000000000              132907.5497383125 
                 26.0000000000                   8.5000000000              144252.3040888361 
                 26.0000000000                   9.0000000000              156252.4613917449 
                 26.0000000000                   9.5000000000              168596.9369362080 
                 26.0000000000                  10.0000000000              181378.2162713901 
                 26.0000000000                  10.5000000000              194685.9753071838 
                 26.0000000000                  11.0000000000              208926.8417507446 
                 26.0000000000                  11.5000000000              224580.5046702287 
                 26.0000000000                  12.0000000000              242047.4769128328 
                 26.0000000000                  12.5000000000              261988.3935114660 
                 26.0000000000                  13.0000000000              283094.0125565071 
                 26.0000000000                  13.5000000000              303723.4717463913 
                 26.0000000000                  14.0000000000              324046.8395908339 
                 26.0000000000                  14.5000000000              344134.5250586527 
                 26.0000000000                  15.0000000000              364594.7728475077 
                 26.0000000000                  15.5000000000              386210.0748734227 
                 26.0000000000                  16.0000000000              409163.9355628004 
                 26.0000000000                  16.5000000000              433764.3382767910 
                 26.0000000000                  17.0000000000              459595.3921883787 
                 26.0000000000                  17.5000000000              485778.7554021509 
                 26.0000000000                  18.0000000000              512431.2803054161 
                 26.0000000000                  18.5000000000              539259.3125639905 
                 26.0000000000                  19.0000000000              566444.2584207448 
                 26.0000000000                  19.5000000000              596015.3984524610 
                 26.0000000000                  20.0000000000              629240.8555399087 
                 26.0000000000                  20.5000000000              666576.7614120299 
                 26.0000000000                  21.0000000000              707980.5420036602 
                 26.0000000000                  21.5000000000              751600.7631828914 
                 26.0000000000                  22.0000000000              795563.4487483114 
                 26.0000000000                  22.5000000000              841162.1957219983 
                 26.0000000000                  23.0000000000              879858.3925397088 
                 26.0000000000                  23.5000000000              899480.2395829714 
                 26.0000000000                  24.0000000000              906894.9215655098 
                 26.0000000000                  24.5000000000              911399.9618618762 
                 26.0000000000                  25.0000000000              914432.3796363726 
                 26.0000000000                  25.5000000000              916915.7982459681 
                 26.0000000000                  26.0000000000              918240.6350098855 
                 26.0000000000                  26.5000000000              917657.7792896846 
                 26.0000000000                  27.0000000000              901806.7853211741 
                 26.0000000000                  27.5000000000              853572.4972464077 
                 26.0000000000                  28.0000000000              795484.5938476508 
                 26.0000000000                  28.5000000000              746486.9515795574 
                 26.0000000000                  29.0000000000              698692.5406849298 
                 26.0000000000                  29.5000000000              652121.6194992198 
                 26.0000000000                  30.0000000000              607878.0497327307 
                 26.0000000000                  30.5000000000              565679.4131756170 
                 26.0000000000                  31.0000000000              524435.8583652312 
                 26.0000000000                  31.5000000000              483264.6029177348 
                 26.0000000000                  32.0000000000              440501.5438954335 
                 26.0000000000                  32.5000000000              395291.5594074260 
                 26.0000000000                  33.0000000000              347114.7082210814 
                 26.0000000000                  33.5000000000              301820.0244518631 
                 26.0000000000                  34.0000000000              268963.1483846018 
                 26.0000000000                  34.5000000000              246501.5798129790 
                 26.0000000000                  35.0000000000              228575.3319659702 
                 26.0000000000                  35.5000000000              213365.5573080816 
                 26.0000000000                  36.0000000000              198374.7034721039 
                 26.0000000000                  36.5000000000              182407.3468136806 
                 26.0000000000                  37.0000000000              165710.5609076967 
                 26.0000000000                  37.5000000000              148322.7072488826 
                 26.0000000000                  38.0000000000              132678.2515597039 
                 26.0000000000                  38.5000000000              120758.2097604687 
                 26.0000000000                  39.0000000000              111792.4968954572 
                 26.0000000000                  39.5000000000              105240.2799911412 
                 26.0000000000                  40.0000000000              100203.6763114417 
                 26.0000000000                  40.5000000000               95765.3159673369 
                 26.0000000000                  41.0000000000               91684.4040299933 
                 26.0000000000                  41.5000000000               87860.4173753017 
                 26.0000000000                  42.0000000000               84186.2116769810 
                 26.0000000000                  42.5000000000               80598.3488928127 
                 26.0000000000                  43.0000000000               77075.8788802486 
                 26.0000000000                  43.5000000000               73621.2836366637 
                 26.0000000000                  44.0000000000               70200.6729585296 
                 26.0000000000                  44.5000000000               66681.7174183380 
                 26.0000000000                  45.0000000000               62952.5668876367 
                 26.0000000000                  45.5000000000               58943.1222220404 
                 26.0000000000                  46.0000000000               54571.7770727469 
                 26.0000000000                  46.5000000000               49794.8915761428 
                 26.0000000000                  47.0000000000               44584.8379490119 
                 26.0000000000                  47.5000000000               38915.2906761117 
                 26.0000000000                  48.0000000000               32733.0103681138 
                 26.0000000000                  48.5000000000               25844.7396214979 
                 26.0000000000                  49.0000000000               18115.8913856617 
                 26.0000000000                  49.5000000000                9514.2387317063 
                 26.0000000000                  50.0000000000                   0.0000000000 
                 26.5000000000                   0.0000000000                   0.0000000000 
                 26.5000000000                   0.5000000000                7802.6490908070 
                 26.5000000000                   1.0000000000               15330.2118278398 
                 26.5000000000                   1.5000000000               22677.8554043653 
                 26.5000000000                   2.0000000000               29898.0078931830 
                 26.5000000000                   2.5000000000               37205.4067082354 
                 26.5000000000                   3.0000000000               44894.2456726449 
                 26.5000000000                   3.5000000000               53082.6547975823 
                 26.5000000000                   4.0000000000               62033.7723205963 
                 26.5000000000                   4.5000000000               71310.9396304813 
                 26.5000000000                   5.0000000000               80087.2985570010 
                 26.5000000000                   5.5000000000               88405.3098410987 
                 26.5000000000                   6.0000000000               96419.3671754820 
                 26.5000000000                   6.5000000000              104341.0491084353 
                 26.5000000000                   7.0000000000              112711.1376582395 
                 26.5000000000                   7.5000000000              121823.8876833810 
                 26.5000000000                   8.0000000000              132010.8535529051 
                 26.5000000000                   8.5000000000              143681.6157279054 
                 26.5000000000                   9.0000000000              156134.8382975034 
                 26.5000000000                   9.5000000000              168793.8735367450 
                 26.5000000000                  10.0000000000              181903.5128570803 
                 26.5000000000                  10.5000000000              195602.9976014055 
                 26.5000000000                  11.0000000000              210237.4731864915 
                 26.5000000000                  11.5000000000              226166.6912748129 
                 26.5000000000                  12.0000000000              243673.4889247570 
                 26.5000000000                  12.5000000000              263095.9073368881 
                 26.5000000000                  13.0000000000              283369.9132568707 
                 26.5000000000                  13.5000000000              303301.3037987179 
                 26.5000000000                  14.0000000000              322983.5713350707 
                 26.5000000000                  14.5000000000              342382.3820439399 
                 26.5000000000                  15.0000000000              362164.3272198454 
                 26.5000000000                  15.5000000000              383240.8326262568 
                 26.5000000000                  16.0000000000              405793.1433416095 
                 26.5000000000                  16.5000000000              430200.2576170128 
                 26.5000000000                  17.0000000000              455959.1577770037 
                 26.5000000000                  17.5000000000              481886.0756176891 
                 26.5000000000                  18.0000000000              508103.4862931225 
                 26.5000000000                  18.5000000000              534833.7390980168 
                 26.5000000000                  19.0000000000              562458.2927388290 
                 26.5000000000                  19.5000000000              592470.4489657083 
                 26.5000000000                  20.0000000000              625871.7939442857 
                 26.5000000000                  20.5000000000              663295.3866727535 
                 26.5000000000                  21.0000000000              704700.4508728473 
                 26.5000000000                  21.5000000000              747990.0011647516 
                 26.5000000000                  22.0000000000              791241.1054447899 
                 26.5000000000                  22.5000000000              835049.0954436748 
                 26.5000000000                  23.0000000000              874121.3892255393 
                 26.5000000000                  23.5000000000              897287.9750746074 
                 26.5000000000                  24.0000000000              907210.4682828520 
                 26.5000000000                  24.5000000000              912612.6388957119 
                 26.5000000000                  25.0000000000              915729.2368690050 
                 26.5000000000                  25.5000000000              917571.6244229742 
                 26.5000000000                  26.0000000000              916847.2540752764 
                 26.5000000000                  26.5000000000              910941.1915501821 
                 26.5000000000                  27.0000000000              884442.4658959720 
                 26.5000000000                  27.5000000000              832909.8106504146 
                 26.5000000000                  28.0000000000              779758.4826509116 
                 26.5000000000                  28.5000000000              733552.6834099678 
                 26.5000000000                  29.0000000000              688397.3157574538 
                 26.5000000000                  29.5000000000              644294.5624834322 
                 26.5000000000                  30.0000000000              602259.4705941095 
                 26.5000000000                  30.5000000000              561916.7170260013 
                 26.5000000000                  31.0000000000              522572.3653485967 
                 26.5000000000                  31.5000000000              483442.7712705031 
                 26.5000000000                  32.0000000000              442431.6615410693 
                 26.5000000000                  32.5000000000              398590.7980889835 
                 26.5000000000                  33.0000000000              352392.7149384271 
                 26.5000000000                  33.5000000000              308118.8361874853 
                 26.5000000000                  34.0000000000              273183.4923886569 
                 26.5000000000                  34.5000000000              247497.9816806889 
                 26.5000000000                  35.0000000000              226766.8091317950 
                 26.5000000000                  35.5000000000              209005.2251869902 
                 26.5000000000                  36.0000000000              191881.2621067980 
                 26.5000000000                  36.5000000000              174228.8274682787 
                 26.5000000000                  37.0000000000              155924.9408258566 
                 26.5000000000                  37.5000000000              136661.3579568363 
                 26.5000000000                  38.0000000000              120477.6073408907 
                 26.5000000000                  38.5000000000              109823.3865830284 
                 26.5000000000                  39.0000000000              102392.6347057847 
                 26.5000000000                  39.5000000000               97304.6579894472 
                 26.5000000000                  40.0000000000               93482.9523963232 
                 26.5000000000                  40.5000000000               89970.0994484156 
                 26.5000000000                  41.0000000000               86627.6120013792 
                 26.5000000000                  41.5000000000               83402.1390648865 
                 26.5000000000                  42.0000000000               80241.9647816362 
                 26.5000000000                  42.5000000000               77152.0508318055 
                 26.5000000000                  43.0000000000               74111.4340497794 
                 26.5000000000                  43.5000000000               71143.7987851990 
                 26.5000000000                  44.0000000000               68188.2001740662 
                 26.5000000000                  44.5000000000               64988.5741510522 
                 26.5000000000                  45.0000000000               61414.8169376909 
                 26.5000000000                  45.5000000000               57415.5149104936 
                 26.5000000000                  46.0000000000               52915.2280735363 
                 26.5000000000                  46.5000000000               47984.4257609908 
                 26.5000000000                  47.0000000000               42637.5505830677 
                 26.5000000000                  47.5000000000               36755.6648012523 
                 26.5000000000                  48.0000000000               30231.4707778423 
                 26.5000000000                  48.5000000000               23176.8536396590 
                 26.5000000000                  49.0000000000               15737.7787445951 
                 26.5000000000                  49.5000000000                7951.7761189760 
                 26.5000000000                  50.0000000000                   0.0000000000 
                 27.0000000000                   0.0000000000                   0.0000000000 
                 27.0000000000                   0.5000000000                7654.9527026891 
                 27.0000000000                   1.0000000000               15134.5581798571 
                 27.0000000000                   1.5000000000               22474.5123311165 
                 27.0000000000                   2.0000000000               29708.7144996855 
                 27.0000000000                   2.5000000000               37031.4010867247 
                 27.0000000000                   3.0000000000               44730.8473094889 
                 27.0000000000                   3.5000000000               52941.5264912598 
                 27.0000000000                   4.0000000000               62028.3963569814 
                 27.0000000000                   4.5000000000               71434.3950604289 
                 27.0000000000                   5.0000000000               80164.7358494370 
                 27.0000000000                   5.5000000000               88364.7186318938 
                 27.0000000000                   6.0000000000               96223.0963295323 
                 27.0000000000                   6.5000000000              103940.3827048810 
                 27.0000000000                   7.0000000000              112077.2189461848 
                 27.0000000000                   7.5000000000              120922.9416413798 
                 27.0000000000                   8.0000000000              130905.6739907098 
                 27.0000000000                   8.5000000000              142880.5462517381 
                 27.0000000000                   9.0000000000              155856.0505637706 
                 27.0000000000                   9.5000000000              168839.2441157947 
                 27.0000000000                  10.0000000000              182294.5330780314 
                 27.0000000000                  10.5000000000              196405.3792959966 
                 27.0000000000                  11.0000000000              211386.9551085764 
                 27.0000000000                  11.5000000000              227434.1066633659 
                 27.0000000000                  12.0000000000              244747.5001949919 
                 27.0000000000                  12.5000000000              263428.5488212468 
                 27.0000000000                  13.0000000000              282756.9176402658 
                 27.0000000000                  13.5000000000              301970.0251005028 
                 27.0000000000                  14.0000000000              321044.3898967706 
                 27.0000000000                  14.5000000000              339825.7803093525 
                 27.0000000000                  15.0000000000              358941.0912104115 
                 27.0000000000                  15.5000000000              379331.2130551346 
                 27.0000000000                  16.0000000000              401154.8968174997 
                 27.0000000000                  16.5000000000              424860.7266842867 
                 27.0000000000                  17.0000000000              449963.8368549566 
                 27.0000000000                  17.5000000000              475161.0270056641 
                 27.0000000000                  18.0000000000              500480.3697392241 
                 27.0000000000                  18.5000000000              526227.5939168513 
                 27.0000000000                  19.0000000000              553252.5525458145 
                 27.0000000000                  19.5000000000              583191.8286638737 
                 27.0000000000                  20.0000000000              616434.5994180681 
                 27.0000000000                  20.5000000000              653271.3109793770 
                 27.0000000000                  21.0000000000              693818.2603219204 
                 27.0000000000                  21.5000000000              735913.2560299452 
                 27.0000000000                  22.0000000000              777736.2423778872 
                 27.0000000000                  22.5000000000              818912.7514530628 
                 27.0000000000                  23.0000000000              856809.4246396133 
                 27.0000000000                  23.5000000000              883932.5813905906 
                 27.0000000000                  24.0000000000              898727.1716068645 
                 27.0000000000                  24.5000000000              906379.8676239728 
                 27.0000000000                  25.0000000000              909504.2337344349 
                 27.0000000000                  25.5000000000              908632.2010789516 
                 27.0000000000                  26.0000000000              901849.3796824670 
                 27.0000000000                  26.5000000000              885305.8333878202 
                 27.0000000000                  27.0000000000              849567.8572964264 
                 27.0000000000                  27.5000000000              800425.5804191396 
                 27.0000000000                  28.0000000000              753756.1042838581 
                 27.0000000000                  28.5000000000              711234.8576306195 
                 27.0000000000                  29.0000000000              670423.8489790487 
                 27.0000000000                  29.5000000000              630523.5417627668 
                 27.0000000000                  30.0000000000              591981.7091501004 
                 27.0000000000                  30.5000000000              554523.0765994032 
                 27.0000000000                  31.0000000000              517941.5877165672 
                 27.0000000000                  31.5000000000              481429.9473425900 
                 27.0000000000                  32.0000000000              442561.9253041990 
                 27.0000000000                  32.5000000000              400628.6255953811 
                 27.0000000000                  33.0000000000              357187.7490119046 
                 27.0000000000                  33.5000000000              315124.2552599559 
                 27.0000000000                  34.0000000000              278915.2401286423 
                 27.0000000000                  34.5000000000              249629.6461762054 
                 27.0000000000                  35.0000000000              224965.1786841415 
                 27.0000000000                  35.5000000000              203092.2764673948 
                 27.0000000000                  36.0000000000              182683.1230113903 
                 27.0000000000                  36.5000000000              162990.8441328262 
                 27.0000000000                  37.0000000000              143102.0976642500 
                 27.0000000000                  37.5000000000              122672.5729692546 
                 27.0000000000                  38.0000000000              107363.3378805894 
                 27.0000000000                  38.5000000000               99015.9393626024 
                 27.0000000000                  39.0000000000               93475.6656753264 
                 27.0000000000                  39.5000000000               89895.0875752030 
                 27.0000000000                  40.0000000000               87203.7640193117 
                 27.0000000000                  40.5000000000               84554.6848768570 
                 27.0000000000                  41.0000000000               81921.2111462332 
                 27.0000000000                  41.5000000000               79309.9789822067 
                 27.0000000000                  42.0000000000               76712.6952555630 
                 27.0000000000                  42.5000000000               74145.1475711665 
                 27.0000000000                  43.0000000000               71565.6182630337 
                 27.0000000000                  43.5000000000               69004.2960425922 
                 27.0000000000                  44.0000000000               66387.5489847877 
                 27.0000000000                  44.5000000000               63414.8907730155 
                 27.0000000000                  45.0000000000               59964.4809807346 
                 27.0000000000                  45.5000000000               55994.8024806966 
                 27.0000000000                  46.0000000000               51434.4950358293 
                 27.0000000000                  46.5000000000               46428.0097248613 
                 27.0000000000                  47.0000000000               41017.8928598295 
                 27.0000000000                  47.5000000000               35029.7140348197 
                 27.0000000000                  48.0000000000               28340.7240366963 
                 27.0000000000                  48.5000000000               21290.2014781167 
                 27.0000000000                  49.0000000000               14178.2025820393 
                 27.0000000000                  49.5000000000                7002.1776608857 
                 27.0000000000                  50.0000000000                   0.0000000000 
                 27.5000000000                   0.0000000000                   0.0000000000 
                 27.5000000000                   0.5000000000                7524.0916241161 
                 27.5000000000                   1.0000000000               14922.0746095113 
                 27.5000000000                   1.5000000000               22213.4178899057 
                 27.5000000000                   2.0000000000               29419.2313746009 
                 27.5000000000                   2.5000000000               36716.9283556250 
                 27.5000000000                   3.0000000000               44380.8364209985 
                 27.5000000000                   3.5000000000               52550.6886404177 
                 27.5000000000                   4.0000000000               61604.7192442864 
                 27.5000000000                   4.5000000000               71013.0226110852 
                 27.5000000000                   5.0000000000               79766.8947958963 
                 27.5000000000                   5.5000000000               87972.7338229303 
                 27.5000000000                   6.0000000000               95812.5520707787 
                 27.5000000000                   6.5000000000              103477.0490969054 
                 27.5000000000                   7.0000000000              111520.3572921607 
                 27.5000000000                   7.5000000000              120238.9630230190 
                 27.5000000000                   8.0000000000              130107.8050289603 
                 27.5000000000                   8.5000000000              142156.7791508391 
                 27.5000000000                   9.0000000000              155352.4035990925 
                 27.5000000000                   9.5000000000              168545.2338992875 
                 27.5000000000                  10.0000000000              182236.7330840313 
                 27.5000000000                  10.5000000000              196613.7453232197 
                 27.5000000000                  11.0000000000              211742.6731844795 
                 27.5000000000                  11.5000000000              227679.6140672265 
                 27.5000000000                  12.0000000000              244580.3312201306 
                 27.5000000000                  12.5000000000              262473.1404106197 
                 27.5000000000                  13.0000000000              280942.2189034802 
                 27.5000000000                  13.5000000000              299520.6503288533 
                 27.5000000000                  14.0000000000              318106.6918846919 
                 27.5000000000                  14.5000000000              336493.6505016341 
                 27.5000000000                  15.0000000000              355152.3425027847 
                 27.5000000000                  15.5000000000              374872.9354334659 
                 27.5000000000                  16.0000000000              395808.6001539961 
                 27.5000000000                  16.5000000000              418350.1728558669 
                 27.5000000000                  17.0000000000              442145.5382255176 
                 27.5000000000                  17.5000000000              466097.6072990365 
                 27.5000000000                  18.0000000000              490171.0734052475 
                 27.5000000000                  18.5000000000              514521.3731646796 
                 27.5000000000                  19.0000000000              540000.1855624198 
                 27.5000000000                  19.5000000000              568690.7551536231 
                 27.5000000000                  20.0000000000              601103.3008614514 
                 27.5000000000                  20.5000000000              636797.6756433952 
                 27.5000000000                  21.0000000000              675566.1755540513 
                 27.5000000000                  21.5000000000              715556.6763750090 
                 27.5000000000                  22.0000000000              755072.4486517087 
                 27.5000000000                  22.5000000000              793328.1519477023 
                 27.5000000000                  23.0000000000              828150.6977369807 
                 27.5000000000                  23.5000000000              855202.1808109125 
                 27.5000000000                  24.0000000000              872461.9093818716 
                 27.5000000000                  24.5000000000              881575.5462813771 
                 27.5000000000                  25.0000000000              884001.3836374257 
                 27.5000000000                  25.5000000000              879548.1054783665 
                 27.5000000000                  26.0000000000              866713.3042770580 
                 27.5000000000                  26.5000000000              843461.9573429301 
                 27.5000000000                  27.0000000000              807531.3646828301 
                 27.5000000000                  27.5000000000              764979.5607384299 
                 27.5000000000                  28.0000000000              724123.6479978801 
                 27.5000000000                  28.5000000000              686156.0070699295 
                 27.5000000000                  29.0000000000              649936.6213886652 
                 27.5000000000                  29.5000000000              614425.9276937987 
                 27.5000000000                  30.0000000000              579628.9176204309 
                 27.5000000000                  30.5000000000              545319.8911539550 
                 27.5000000000                  31.0000000000              511516.0547385322 
                 27.5000000000                  31.5000000000              477275.6733013436 
                 27.5000000000                  32.0000000000              440180.8493404249 
                 27.5000000000                  32.5000000000              400271.1106831403 
                 27.5000000000                  33.0000000000              359535.0848361253 
                 27.5000000000                  33.5000000000              319540.0724821723 
                 27.5000000000                  34.0000000000              282825.4776725305 
                 27.5000000000                  34.5000000000              250618.6601644871 
                 27.5000000000                  35.0000000000              221759.6717844136 
                 27.5000000000                  35.5000000000              195087.9314647437 
                 27.5000000000                  36.0000000000              170963.4847668234 
                 27.5000000000                  36.5000000000              149372.8040854252 
                 27.5000000000                  37.0000000000              128600.3508086844 
                 27.5000000000                  37.5000000000              108575.3950383614 
                 27.5000000000                  38.0000000000               95295.7074280959 
                 27.5000000000                  38.5000000000               89290.6501857475 
                 27.5000000000                  39.0000000000               85482.8847274675 
                 27.5000000000                  39.5000000000               83177.0705899479 
                 27.5000000000                  40.0000000000               81421.7653981360 
                 27.5000000000                  40.5000000000               79536.7049455006 
                 27.5000000000                  41.0000000000               77568.1935243564 
                 27.5000000000                  41.5000000000               75587.7442086249 
                 27.5000000000                  42.0000000000               73596.6342038432 
                 27.5000000000                  42.5000000000               71547.3863509956 
                 27.5000000000                  43.0000000000               69380.6934942263 
                 27.5000000000                  43.5000000000               67116.6725982218 
                 27.5000000000                  44.0000000000               64679.8942085340 
                 27.5000000000                  44.5000000000               61827.2575698536 
                 27.5000000000                  45.0000000000               58464.7158203663 
                 27.5000000000                  45.5000000000               54553.4896162800 
                 27.5000000000                  46.0000000000               50043.2678000727 
                 27.5000000000                  46.5000000000               45078.5866674719 
                 27.5000000000                  47.0000000000               39702.9344238317 
                 27.5000000000                  47.5000000000               33759.2483507578 
                 27.5000000000                  48.0000000000               27161.2806121892 
                 27.5000000000                  48.5000000000               20285.7592582659 
                 27.5000000000                  49.0000000000               13443.2763392773 
                 27.5000000000                  49.5000000000                6620.3981155972 
                 27.5000000000                  50.0000000000                   0.0000000000 
                 28.0000000000                   0.0000000000                   0.0000000000 
                 28.0000000000                   0.5000000000                7414.6011928147 
                 28.0000000000                   1.0000000000               14716.3787275936 
                 28.0000000000                   1.5000000000               21931.4832073679 
                 28.0000000000                   2.0000000000               29073.7723842818 
                 28.0000000000                   2.5000000000               36308.0750598044 
                 28.0000000000                   3.0000000000               43889.1920048704 
                 28.0000000000                   3.5000000000               51946.7409698145 
                 28.0000000000                   4.0000000000               60783.5996052879 
                 28.0000000000                   4.5000000000               70035.5976014413 
                 28.0000000000                   5.0000000000               78851.1395736306 
                 28.0000000000                   5.5000000000               87182.1395515803 
                 28.0000000000                   6.0000000000               95147.7551971218 
                 28.0000000000                   6.5000000000              102926.3750352654 
                 28.0000000000                   7.0000000000              111051.1530513926 
                 28.0000000000                   7.5000000000              119847.8916720057 
                 28.0000000000                   8.0000000000              129797.4454051851 
                 28.0000000000                   8.5000000000              141683.8479396831 
                 28.0000000000                   9.0000000000              154650.7698746946 
                 28.0000000000                   9.5000000000              167801.0721820202 
                 28.0000000000                  10.0000000000              181493.0031922119 
                 28.0000000000                  10.5000000000              195873.3417386915 
                 28.0000000000                  11.0000000000              210903.1081772687 
                 28.0000000000                  11.5000000000              226554.7603995441 
                 28.0000000000                  12.0000000000              242949.0899760957 
                 28.0000000000                  12.5000000000              260114.0167602167 
                 28.0000000000                  13.0000000000              277851.4571147987 
                 28.0000000000                  13.5000000000              295892.1828785120 
                 28.0000000000                  14.0000000000              314111.0873408067 
                 28.0000000000                  14.5000000000              332321.8926248349 
                 28.0000000000                  15.0000000000              350771.4733502690 
                 28.0000000000                  15.5000000000              369965.5639917753 
                 28.0000000000                  16.0000000000              390061.4248525570 
                 28.0000000000                  16.5000000000              411321.7746555206 
                 28.0000000000                  17.0000000000              433533.9426488234 
                 28.0000000000                  17.5000000000              455989.6818313159 
                 28.0000000000                  18.0000000000              478616.5370895382 
                 28.0000000000                  18.5000000000              501460.1614197489 
                 28.0000000000                  19.0000000000              525188.9214685461 
                 28.0000000000                  19.5000000000              551762.3094776790 
                 28.0000000000                  20.0000000000              582243.3847562431 
                 28.0000000000                  20.5000000000              616240.9599520261 
                 28.0000000000                  21.0000000000              652775.7658120928 
                 28.0000000000                  21.5000000000              690032.7906115624 
                 28.0000000000                  22.0000000000              726677.7956190129 
                 28.0000000000                  22.5000000000              762013.0370322800 
                 28.0000000000                  23.0000000000              794020.6775185836 
                 28.0000000000                  23.5000000000              818945.6261597840 
                 28.0000000000                  24.0000000000              835322.3414948485 
                 28.0000000000                  24.5000000000              844089.7920275286 
                 28.0000000000                  25.0000000000              845762.1581456037 
                 28.0000000000                  25.5000000000              839849.3523461763 
                 28.0000000000                  26.0000000000              825709.9902312146 
                 28.0000000000                  26.5000000000              803103.0084827717 
                 28.0000000000                  27.0000000000              770863.3108667573 
                 28.0000000000                  27.5000000000              733480.0473973060 
                 28.0000000000                  28.0000000000              697338.3504649319 
                 28.0000000000                  28.5000000000              663154.5892697937 
                 28.0000000000                  29.0000000000              630357.4931857613 
                 28.0000000000                  29.5000000000              598505.8586608979 
                 28.0000000000                  30.0000000000              566873.8783070784 
                 28.0000000000                  30.5000000000              535022.6014059595 
                 28.0000000000                  31.0000000000              503174.5386429222 
                 28.0000000000                  31.5000000000              470354.4690685300 
                 28.0000000000                  32.0000000000              434633.2443927916 
                 28.0000000000                  32.5000000000              396847.2516736445 
                 28.0000000000                  33.0000000000              358432.2412686134 
                 28.0000000000                  33.5000000000              319727.0646804173 
                 28.0000000000                  34.0000000000              282754.2340522506 
                 28.0000000000                  34.5000000000              248716.4300714849 
                 28.0000000000                  35.0000000000              216734.8832840321 
                 28.0000000000                  35.5000000000              186311.7318743538 
                 28.0000000000                  36.0000000000              159339.8573411371 
                 28.0000000000                  36.5000000000              136565.2570543304 
                 28.0000000000                  37.0000000000              115838.6251866704 
                 28.0000000000                  37.5000000000               97063.4977917439 
                 28.0000000000                  38.0000000000               85583.2256764225 
                 28.0000000000                  38.5000000000               81129.4490682476 
                 28.0000000000                  39.0000000000               78564.3720963404 
                 28.0000000000                  39.5000000000               77192.1819324540 
                 28.0000000000                  40.0000000000               76175.6556001096 
                 28.0000000000                  40.5000000000               74954.0248378858 
                 28.0000000000                  41.0000000000               73598.1094605193 
                 28.0000000000                  41.5000000000               72223.6831221258 
                 28.0000000000                  42.0000000000               70809.9699764785 
                 28.0000000000                  42.5000000000               69226.6477477582 
                 28.0000000000                  43.0000000000               67407.3362424536 
                 28.0000000000                  43.5000000000               65349.5940280322 
                 28.0000000000                  44.0000000000               62988.9416073840 
                 28.0000000000                  44.5000000000               60195.6263867944 
                 28.0000000000                  45.0000000000               56912.1257131529 
                 28.0000000000                  45.5000000000               53098.9724817738 
                 28.0000000000                  46.0000000000               48728.5107694575 
                 28.0000000000                  46.5000000000               43898.3842916406 
                 28.0000000000                  47.0000000000               38639.0239899831 
                 28.0000000000                  47.5000000000               32854.4759398555 
                 28.0000000000                  48.0000000000               26509.4646796341 
                 28.0000000000                  48.5000000000               19893.1285550594 
                 28.0000000000                  49.0000000000               13252.0042165824 
                 28.0000000000                  49.5000000000                6590.4163361480 
                 28.0000000000                  50.0000000000                   0.0000000000 
                 28.5000000000                   0.0000000000                   0.0000000000 
                 28.5000000000                   0.5000000000                7295.5257803732 
                 28.5000000000                   1.0000000000               14487.4337829708 
                 28.5000000000                   1.5000000000               21608.5612912478 
                 28.5000000000                   2.0000000000               28667.4516344027 
                 28.5000000000                   2.5000000000               35813.7427147786 
                 28.5000000000                   3.0000000000               43276.2197060856 
                 28.5000000000                   3.5000000000               51161.2406581785 
                 28.5000000000                   4.0000000000               59681.9521322928 
                 28.5000000000                   4.5000000000               68654.8709579005 
                 28.5000000000                   5.0000000000               77475.0781310802 
                 28.5000000000                   5.5000000000               85981.0068085782 
                 28.5000000000                   6.0000000000               94194.2722101257 
                 28.5000000000                   6.5000000000              102237.6275995371 
                 28.5000000000                   7.0000000000              110578.8517866622 
                 28.5000000000                   7.5000000000              119572.2967036219 
                 28.5000000000                   8.0000000000              129623.1691137922 
                 28.5000000000                   8.5000000000              141190.4119974436 
                 28.5000000000                   9.0000000000              153691.1831465812 
                 28.5000000000                   9.5000000000              166575.3012953796 
                 28.5000000000                  10.0000000000              180051.2670155797 
                 28.5000000000                  10.5000000000              194222.6231924785 
                 28.5000000000                  11.0000000000              208971.9673282367 
                 28.5000000000                  11.5000000000              224215.8357161037 
                 28.5000000000                  12.0000000000              240054.2249058461 
                 28.5000000000                  12.5000000000              256504.8560042158 
                 28.5000000000                  13.0000000000              273551.8089686671 
                 28.5000000000                  13.5000000000              291099.5156498531 
                 28.5000000000                  14.0000000000              309017.0959036866 
                 28.5000000000                  14.5000000000              327172.7123000745 
                 28.5000000000                  15.0000000000              345541.7002225191 
                 28.5000000000                  15.5000000000              364293.4831213363 
                 28.5000000000                  16.0000000000              383597.0742044236 
                 28.5000000000                  16.5000000000              403621.5354810262 
                 28.5000000000                  17.0000000000              424281.8771174740 
                 28.5000000000                  17.5000000000              445206.3329756510 
                 28.5000000000                  18.0000000000              466313.7354818556 
                 28.5000000000                  18.5000000000              487561.5578635381 
                 28.5000000000                  19.0000000000              509538.9786770320 
                 28.5000000000                  19.5000000000              533863.0759966228 
                 28.5000000000                  20.0000000000              561595.2519250243 
                 28.5000000000                  20.5000000000              592960.0014842774 
                 28.5000000000                  21.0000000000              626971.8075740363 
                 28.5000000000                  21.5000000000              661322.8781448564 
                 28.5000000000                  22.0000000000              694751.2921140563 
                 28.5000000000                  22.5000000000              726921.7477378190 
                 28.5000000000                  23.0000000000              756344.0812176444 
                 28.5000000000                  23.5000000000              779738.6310491482 
                 28.5000000000                  24.0000000000              795451.5951268339 
                 28.5000000000                  24.5000000000              804025.5102574999 
                 28.5000000000                  25.0000000000              805740.8411257105 
                 28.5000000000                  25.5000000000              800057.5834523472 
                 28.5000000000                  26.0000000000              786744.2915625139 
                 28.5000000000                  26.5000000000              765917.2517334467 
                 28.5000000000                  27.0000000000              737017.0323144776 
                 28.5000000000                  27.5000000000              703970.5658217493 
                 28.5000000000                  28.0000000000              671472.9101389247 
                 28.5000000000                  28.5000000000              640180.9825574211 
                 28.5000000000                  29.0000000000              610433.3703246441 
                 28.5000000000                  29.5000000000              581650.7061637423 
                 28.5000000000                  30.0000000000              552423.4483339898 
                 28.5000000000                  30.5000000000              522399.3183136648 
                 28.5000000000                  31.0000000000              491883.8691746896 
                 28.5000000000                  31.5000000000              460049.9218835382 
                 28.5000000000                  32.0000000000              425937.5722173077 
                 28.5000000000                  32.5000000000              390498.2290966418 
                 28.5000000000                  33.0000000000              354048.5634339626 
                 28.5000000000                  33.5000000000              316340.0175393067 
                 28.5000000000                  34.0000000000              279254.5855420677 
                 28.5000000000                  34.5000000000              243982.3035906174 
                 28.5000000000                  35.0000000000              209813.8712926034 
                 28.5000000000                  35.5000000000              176649.0228320314 
                 28.5000000000                  36.0000000000              147772.2515925212 
                 28.5000000000                  36.5000000000              124678.8795137602 
                 28.5000000000                  37.0000000000              104757.0724829029 
                 28.5000000000                  37.5000000000               87564.3399684970 
                 28.5000000000                  38.0000000000               77677.5577004332 
                 28.5000000000                  38.5000000000               74375.3363050004 
                 28.5000000000                  39.0000000000               72688.5329946017 
                 28.5000000000                  39.5000000000               71992.7253960561 
                 28.5000000000                  40.0000000000               71543.9097449737 
                 28.5000000000                  40.5000000000               70866.0718696406 
                 28.5000000000                  41.0000000000               70036.0468301566 
                 28.5000000000                  41.5000000000               69187.3755604433 
                 28.5000000000                  42.0000000000               68271.8344172034 
                 28.5000000000                  42.5000000000               67091.5207355979 
                 28.5000000000                  43.0000000000               65568.8447785371 
                 28.5000000000                  43.5000000000               63673.4516815080 
                 28.5000000000                  44.0000000000               61354.6598602509 
                 28.5000000000                  44.5000000000               58603.3891523752 
                 28.5000000000                  45.0000000000               55404.3120060528 
                 28.5000000000                  45.5000000000               51713.3436909447 
                 28.5000000000                  46.0000000000               47515.5522631560 
                 28.5000000000                  46.5000000000               42856.3404470229 
                 28.5000000000                  47.0000000000               37751.8916900243 
                 28.5000000000                  47.5000000000               32165.5786253063 
                 28.5000000000                  48.0000000000               26105.6289321643 
                 28.5000000000                  48.5000000000               19760.5945226011 
                 28.5000000000                  49.0000000000               13293.6992298969 
                 28.5000000000                  49.5000000000                6709.8274676790 
                 28.5000000000                  50.0000000000                   0.0000000000 
                 29.0000000000                   0.0000000000                   0.0000000000 
                 29.0000000000                   0.5000000000                7142.9156044785 
                 29.0000000000                   1.0000000000               14205.4093439676 
                 29.0000000000                   1.5000000000               21222.2989423895 
                 29.0000000000                   2.0000000000               28192.4928947279 
                 29.0000000000                   2.5000000000               35242.8741020886 
                 29.0000000000                   3.0000000000               42569.3470806549 
                 29.0000000000                   3.5000000000               50254.2482555828 
                 29.0000000000                   4.0000000000               58417.8488691226 
                 29.0000000000                   4.5000000000               66991.2015309645 
                 29.0000000000                   5.0000000000               75639.6767050262 
                 29.0000000000                   5.5000000000               84197.4019776091 
                 29.0000000000                   6.0000000000               92674.3849738142 
                 29.0000000000                   6.5000000000              101135.4450282790 
                 29.0000000000                   7.0000000000              109830.6467991668 
                 29.0000000000                   7.5000000000              119088.4699133930 
                 29.0000000000                   8.0000000000              129213.3566371965 
                 29.0000000000                   8.5000000000              140376.1919095877 
                 29.0000000000                   9.0000000000              152323.3297288860 
                 29.0000000000                   9.5000000000              164806.5936545447 
                 29.0000000000                  10.0000000000              177888.9700586313 
                 29.0000000000                  10.5000000000              191657.9887720539 
                 29.0000000000                  11.0000000000              205969.6161014564 
                 29.0000000000                  11.5000000000              220714.1490571348 
                 29.0000000000                  12.0000000000              235965.4840330039 
                 29.0000000000                  12.5000000000              251714.6905145638 
                 29.0000000000                  13.0000000000              268071.0801660713 
                 29.0000000000                  13.5000000000              285090.0611619067 
                 29.0000000000                  14.0000000000              302661.5313788280 
                 29.0000000000                  14.5000000000              320760.4496386730 
                 29.0000000000                  15.0000000000              339111.8847236450 
                 29.0000000000                  15.5000000000              357523.0202063523 
                 29.0000000000                  16.0000000000              376173.6083610258 
                 29.0000000000                  16.5000000000              395161.0163169727 
                 29.0000000000                  17.0000000000              414454.6478409933 
                 29.0000000000                  17.5000000000              433912.8076383556 
                 29.0000000000                  18.0000000000              453483.4741324850 
                 29.0000000000                  18.5000000000              473086.6415199791 
                 29.0000000000                  19.0000000000              493262.6536988706 
                 29.0000000000                  19.5000000000              515428.7474529152 
                 29.0000000000                  20.0000000000              540351.0297969665 
                 29.0000000000                  20.5000000000              568365.0320995895 
                 29.0000000000                  21.0000000000              599075.9462707094 
                 29.0000000000                  21.5000000000              630231.3299142141 
                 29.0000000000                  22.0000000000              660119.9787613496 
                 29.0000000000                  22.5000000000              688525.5304588203 
                 29.0000000000                  23.0000000000              714829.2585757526 
                 29.0000000000                  23.5000000000              736530.0911914284 
                 29.0000000000                  24.0000000000              751847.4586751722 
                 29.0000000000                  24.5000000000              760768.2987809863 
                 29.0000000000                  25.0000000000              763178.2077245305 
                 29.0000000000                  25.5000000000              758611.1773397798 
                 29.0000000000                  26.0000000000              746984.9846951537 
                 29.0000000000                  26.5000000000              728651.0580173371 
                 29.0000000000                  27.0000000000              703409.3560972621 
                 29.0000000000                  27.5000000000              674185.1485567045 
                 29.0000000000                  28.0000000000              644881.3929433931 
                 29.0000000000                  28.5000000000              616568.4827971484 
                 29.0000000000                  29.0000000000              589615.1445107004 
                 29.0000000000                  29.5000000000              563122.8426144324 
                 29.0000000000                  30.0000000000              535674.8210159370 
                 29.0000000000                  30.5000000000              507024.1288651780 
                 29.0000000000                  31.0000000000              477383.6454260479 
                 29.0000000000                  31.5000000000              446731.7125163749 
                 29.0000000000                  32.0000000000              414830.9207095182 
                 29.0000000000                  32.5000000000              381680.8802900178 
                 29.0000000000                  33.0000000000              346741.0250090589 
                 29.0000000000                  33.5000000000              309698.4541785460 
                 29.0000000000                  34.0000000000              272398.8313474440 
                 29.0000000000                  34.5000000000              236109.5516458947 
                 29.0000000000                  35.0000000000              200153.3183391281 
                 29.0000000000                  35.5000000000              164699.5088682295 
                 29.0000000000                  36.0000000000              134652.2735510528 
                 29.0000000000                  36.5000000000              112238.4041246611 
                 29.0000000000                  37.0000000000               94121.7801219649 
                 29.0000000000                  37.5000000000               79390.0790436181 
                 29.0000000000                  38.0000000000               71332.8575044560 
                 29.0000000000                  38.5000000000               68893.2579604700 
                 29.0000000000                  39.0000000000               67813.6467982106 
                 29.0000000000                  39.5000000000               67584.3597649569 
                 29.0000000000                  40.0000000000               67550.5116398628 
                 29.0000000000                  40.5000000000               67295.6521663346 
                 29.0000000000                  41.0000000000               66890.1473035961 
                 29.0000000000                  41.5000000000               66466.1545052391 
                 29.0000000000                  42.0000000000               65949.5856629992 
                 29.0000000000                  42.5000000000               65097.2820635077 
                 29.0000000000                  43.0000000000               63825.2210340785 
                 29.0000000000                  43.5000000000               62075.5984589291 
                 29.0000000000                  44.0000000000               59808.6061312279 
                 29.0000000000                  44.5000000000               57118.3462910976 
                 29.0000000000                  45.0000000000               54020.8203509352 
                 29.0000000000                  45.5000000000               50461.1540225584 
                 29.0000000000                  46.0000000000               46430.8874061324 
                 29.0000000000                  46.5000000000               41933.3149727378 
                 29.0000000000                  47.0000000000               36974.1873611689 
                 29.0000000000                  47.5000000000               31557.8348623975 
                 29.0000000000                  48.0000000000               25726.1348811694 
                 29.0000000000                  48.5000000000               19600.7983216142 
                 29.0000000000                  49.0000000000               13288.1687049778 
                 29.0000000000                  49.5000000000                6793.7788426502 
                 29.0000000000                  50.0000000000                   0.0000000000 
                 29.5000000000                   0.0000000000                   0.0000000000 
                 29.5000000000                   0.5000000000                6941.9426150390 
                 29.5000000000                   1.0000000000               13855.2706427455 
                 29.5000000000                   1.5000000000               20760.4123036687 
                 29.5000000000                   2.0000000000               27647.5279939773 
                 29.5000000000                   2.5000000000               34609.4955147026 
                 29.5000000000                   3.0000000000               41800.3905331132 
                 29.5000000000                   3.5000000000               49284.6829653840 
                 29.5000000000                   4.0000000000               57132.9338893235 
                 29.5000000000                   4.5000000000               65308.0137205180 
                 29.5000000000                   5.0000000000               73635.7552103626 
                 29.5000000000                   5.5000000000               82031.2741608857 
                 29.5000000000                   6.0000000000               90579.7665057784 
                 29.5000000000                   6.5000000000               99367.2540764469 
                 29.5000000000                   7.0000000000              108420.4466169429 
                 29.5000000000                   7.5000000000              117923.1328177844 
                 29.5000000000                   8.0000000000              128096.2969251134 
                 29.5000000000                   8.5000000000              138982.1785311103 
                 29.5000000000                   9.0000000000              150489.1265658910 
                 29.5000000000                   9.5000000000              162524.1297957786 
                 29.5000000000                  10.0000000000              175104.1575285505 
                 29.5000000000                  10.5000000000              188304.2645160187 
                 29.5000000000                  11.0000000000              202040.6717973744 
                 29.5000000000                  11.5000000000              216223.3927542953 
                 29.5000000000                  12.0000000000              230877.2846173590 
                 29.5000000000                  12.5000000000              245970.1368015502 
                 29.5000000000                  13.0000000000              261656.7104294529 
                 29.5000000000                  13.5000000000              278086.3895251558 
                 29.5000000000                  14.0000000000              295202.3821631962 
                 29.5000000000                  14.5000000000              313067.8647135503 
                 29.5000000000                  15.0000000000              331287.4054995568 
                 29.5000000000                  15.5000000000              349412.5829939090 
                 29.5000000000                  16.0000000000              367556.4167384577 
                 29.5000000000                  16.5000000000              385773.7360901325 
                 29.5000000000                  17.0000000000              403991.1204025968 
                 29.5000000000                  17.5000000000              422131.3906778637 
                 29.5000000000                  18.0000000000              440214.4295605894 
                 29.5000000000                  18.5000000000              458180.2479543405 
                 29.5000000000                  19.0000000000              476546.4893624583 
                 29.5000000000                  19.5000000000              496604.3449317076 
                 29.5000000000                  20.0000000000              518939.6015865022 
                 29.5000000000                  20.5000000000              543675.9816283035 
                 29.5000000000                  21.0000000000              570517.3133310019 
                 29.5000000000                  21.5000000000              597729.9189797661 
                 29.5000000000                  22.0000000000              623834.0483247592 
                 29.5000000000                  22.5000000000              648409.5748583194 
                 29.5000000000                  23.0000000000              671304.8025218369 
                 29.5000000000                  23.5000000000              691153.5936500451 
                 29.5000000000                  24.0000000000              706166.1252400375 
                 29.5000000000                  24.5000000000              715617.4960520421 
                 29.5000000000                  25.0000000000              718997.7467174190 
                 29.5000000000                  25.5000000000              715802.0242151646 
                 29.5000000000                  26.0000000000              706024.5475602834 
                 29.5000000000                  26.5000000000              690136.9438304391 
                 29.5000000000                  27.0000000000              668064.7553104088 
                 29.5000000000                  27.5000000000              642218.2345168384 
                 29.5000000000                  28.0000000000              616127.9624020695 
                 29.5000000000                  28.5000000000              590726.8146019084 
                 29.5000000000                  29.0000000000              566125.6445969545 
                 29.5000000000                  29.5000000000              541470.7086058614 
                 29.5000000000                  30.0000000000              515524.1357141911 
                 29.5000000000                  30.5000000000              487929.5004115260 
                 29.5000000000                  31.0000000000              459422.4863517726 
                 29.5000000000                  31.5000000000              430935.6669539741 
                 29.5000000000                  32.0000000000              401630.7479177496 
                 29.5000000000                  32.5000000000              370450.7928083484 
                 29.5000000000                  33.0000000000              336660.0017133900 
                 29.5000000000                  33.5000000000              299846.7672225565 
                 29.5000000000                  34.0000000000              262109.7726160341 
                 29.5000000000                  34.5000000000              225033.9031218435 
                 29.5000000000                  35.0000000000              187741.5703942604 
                 29.5000000000                  35.5000000000              150837.6529396879 
                 29.5000000000                  36.0000000000              121059.1011160283 
                 29.5000000000                  36.5000000000              100641.2216713004 
                 29.5000000000                  37.0000000000               85153.4016918721 
                 29.5000000000                  37.5000000000               73355.0583407982 
                 29.5000000000                  38.0000000000               66867.5964450879 
                 29.5000000000                  38.5000000000               64722.8047360861 
                 29.5000000000                  39.0000000000               63919.4385944575 
                 29.5000000000                  39.5000000000               63926.4589596232 
                 29.5000000000                  40.0000000000               64149.6679976113 
                 29.5000000000                  40.5000000000               64192.4278666841 
                 29.5000000000                  41.0000000000               64103.9252023783 
                 29.5000000000                  41.5000000000               63994.5727496483 
                 29.5000000000                  42.0000000000               63769.8512720157 
                 29.5000000000                  42.5000000000               63172.2558158493 
                 29.5000000000                  43.0000000000               62112.2445534150 
                 29.5000000000                  43.5000000000               60517.6190605660 
                 29.5000000000                  44.0000000000               58359.1117328590 
                 29.5000000000                  44.5000000000               55776.8327860117 
                 29.5000000000                  45.0000000000               52800.8374537136 
                 29.5000000000                  45.5000000000               49366.9882708481 
                 29.5000000000                  46.0000000000               45461.9928052052 
                 29.5000000000                  46.5000000000               41081.9154135679 
                 29.5000000000                  47.0000000000               36231.9850009733 
                 29.5000000000                  47.5000000000               30914.9575177325 
                 29.5000000000                  48.0000000000               25165.5895235406 
                 29.5000000000                  48.5000000000               19132.6765438512 
                 29.5000000000                  49.0000000000               12948.1910191693 
                 29.5000000000                  49.5000000000                6609.9620990556 
                 29.5000000000                  50.0000000000                   0.0000000000 
                 30.0000000000                   0.0000000000                   0.0000000000 
                 30.0000000000                   0.5000000000                6722.4293127144 
                 30.0000000000                   1.0000000000               13472.3043073276 
                 30.0000000000                   1.5000000000               20253.3394215739 
                 30.0000000000                   2.0000000000               27054.5557789660 
                 30.0000000000                   2.5000000000               33932.3647037915 
                 30.0000000000                   3.0000000000               40992.8364080582 
                 30.0000000000                   3.5000000000               48289.9891759169 
                 30.0000000000                   4.0000000000               55889.4126188379 
                 30.0000000000                   4.5000000000               63771.0865740184 
                 30.0000000000                   5.0000000000               71816.9645296670 
                 30.0000000000                   5.5000000000               80005.6723670026 
                 30.0000000000                   6.0000000000               88458.2623365196 
                 30.0000000000                   6.5000000000               97283.1623082794 
                 30.0000000000                   7.0000000000              106458.2423744817 
                 30.0000000000                   7.5000000000              116049.0737968830 
                 30.0000000000                   8.0000000000              126211.3682825811 
                 30.0000000000                   8.5000000000              136961.5162080257 
                 30.0000000000                   9.0000000000              148175.6469835732 
                 30.0000000000                   9.5000000000              159790.3313289296 
                 30.0000000000                  10.0000000000              171851.5129589236 
                 30.0000000000                  10.5000000000              184419.2227885253 
                 30.0000000000                  11.0000000000              197510.1339187751 
                 30.0000000000                  11.5000000000              211091.5023749530 
                 30.0000000000                  12.0000000000              225139.4303462435 
                 30.0000000000                  12.5000000000              239616.3870394357 
                 30.0000000000                  13.0000000000              254676.5371997161 
                 30.0000000000                  13.5000000000              270498.1051431806 
                 30.0000000000                  14.0000000000              287075.4083193450 
                 30.0000000000                  14.5000000000              304496.6437026440 
                 30.0000000000                  15.0000000000              322343.3356165654 
                 30.0000000000                  15.5000000000              340075.6369230899 
                 30.0000000000                  16.0000000000              357713.4215652659 
                 30.0000000000                  16.5000000000              375286.7225116735 
                 30.0000000000                  17.0000000000              392647.7676999051 
                 30.0000000000                  17.5000000000              409659.1106958536 
                 30.0000000000                  18.0000000000              426393.5524394163 
                 30.0000000000                  18.5000000000              442826.0067584386 
                 30.0000000000                  19.0000000000              459443.8102973165 
                 30.0000000000                  19.5000000000              477437.4041118352 
                 30.0000000000                  20.0000000000              497288.9277087302 
                 30.0000000000                  20.5000000000              519063.0959852186 
                 30.0000000000                  21.0000000000              542324.9396326989 
                 30.0000000000                  21.5000000000              565407.1528924694 
                 30.0000000000                  22.0000000000              587488.0650082512 
                 30.0000000000                  22.5000000000              608622.4261168266 
                 30.0000000000                  23.0000000000              628575.5907708354 
                 30.0000000000                  23.5000000000              646399.5044773598 
                 30.0000000000                  24.0000000000              660568.2887619805 
                 30.0000000000                  24.5000000000              669991.0336394167 
                 30.0000000000                  25.0000000000              673810.7849013044 
                 30.0000000000                  25.5000000000              671398.7790240168 
                 30.0000000000                  26.0000000000              662861.0660448747 
                 30.0000000000                  26.5000000000              648746.4955044682 
                 30.0000000000                  27.0000000000              629104.9572507722 
                 30.0000000000                  27.5000000000              606152.8075709923 
                 30.0000000000                  28.0000000000              582973.0489623898 
                 30.0000000000                  28.5000000000              560205.3541581226 
                 30.0000000000                  29.0000000000              537805.5238867470 
                 30.0000000000                  29.5000000000              514974.9713352851 
                 30.0000000000                  30.0000000000              490558.1962349080 
                 30.0000000000                  30.5000000000              464558.0481040557 
                 30.0000000000                  31.0000000000              438483.7380940089 
                 30.0000000000                  31.5000000000              412967.7723738049 
                 30.0000000000                  32.0000000000              386143.4785425316 
                 30.0000000000                  32.5000000000              356753.3475726752 
                 30.0000000000                  33.0000000000              323982.0736517215 
                 30.0000000000                  33.5000000000              287264.8607312652 
                 30.0000000000                  34.0000000000              249315.7362795350 
                 30.0000000000                  34.5000000000              212154.5816685295 
                 30.0000000000                  35.0000000000              174583.8132526625 
                 30.0000000000                  35.5000000000              137876.2967389839 
                 30.0000000000                  36.0000000000              109962.1761710147 
                 30.0000000000                  36.5000000000               92186.8246119292 
                 30.0000000000                  37.0000000000               79166.5803515958 
                 30.0000000000                  37.5000000000               69606.5633508322 
                 30.0000000000                  38.0000000000               63985.0349204182 
                 30.0000000000                  38.5000000000               61695.0441367759 
                 30.0000000000                  39.0000000000               60857.1875203317 
                 30.0000000000                  39.5000000000               60888.3561773765 
                 30.0000000000                  40.0000000000               61215.9956469330 
                 30.0000000000                  40.5000000000               61433.2139818452 
                 30.0000000000                  41.0000000000               61556.1023863462 
                 30.0000000000                  41.5000000000               61663.9154783332 
                 30.0000000000                  42.0000000000               61649.4687870166 
                 30.0000000000                  42.5000000000               61257.5092787633 
                 30.0000000000                  43.0000000000               60389.3380854819 
                 30.0000000000                  43.5000000000               58968.9320233997 
                 30.0000000000                  44.0000000000               56970.6823679547 
                 30.0000000000                  44.5000000000               54532.0490975107 
                 30.0000000000                  45.0000000000               51685.5287204428 
                 30.0000000000                  45.5000000000               48360.1898475521 
                 30.0000000000                  46.0000000000               44533.1514097523 
                 30.0000000000                  46.5000000000               40224.2508446536 
                 30.0000000000                  47.0000000000               35446.1645367601 
                 30.0000000000                  47.5000000000               30163.1672717036 
                 30.0000000000                  48.0000000000               24369.6404684245 
                 30.0000000000                  48.5000000000               18327.8846717717 
                 30.0000000000                  49.0000000000               12267.0370985737 
                 30.0000000000                  49.5000000000                6168.3634875585 
                 30.0000000000                  50.0000000000                   0.0000000000 
                 30.5000000000                   0.0000000000                   0.0000000000 
                 30.5000000000                   0.5000000000                6519.1151874416 
                 30.5000000000                   1.0000000000               13102.7913293751 
                 30.5000000000                   1.5000000000               19749.0257905146 
                 30.5000000000                   2.0000000000               26452.9700074522 
                 30.5000000000                   2.5000000000               33240.6426209713 
                 30.5000000000                   3.0000000000               40171.5017650751 
                 30.5000000000                   3.5000000000               47293.6436836879 
                 30.5000000000                   4.0000000000               54677.8716973464 
                 30.5000000000                   4.5000000000               62321.9679314788 
                 30.5000000000                   5.0000000000               70140.3025262890 
                 30.5000000000                   5.5000000000               78140.8820335738 
                 30.5000000000                   6.0000000000               86437.5264610434 
                 30.5000000000                   6.5000000000               95123.7573586430 
                 30.5000000000                   7.0000000000              104201.5084982864 
                 30.5000000000                   7.5000000000              113715.4964169854 
                 30.5000000000                   8.0000000000              123784.8515020007 
                 30.5000000000                   8.5000000000              134402.2138399050 
                 30.5000000000                   9.0000000000              145365.5476022974 
                 30.5000000000                   9.5000000000              156593.1721224150 
                 30.5000000000                  10.0000000000              168155.3944332376 
                 30.5000000000                  10.5000000000              180109.1410206365 
                 30.5000000000                  11.0000000000              192557.5782386909 
                 30.5000000000                  11.5000000000              205526.1257491861 
                 30.5000000000                  12.0000000000              218963.5270430149 
                 30.5000000000                  12.5000000000              232829.9562637644 
                 30.5000000000                  13.0000000000              247267.3708899341 
                 30.5000000000                  13.5000000000              262454.6590884050 
                 30.5000000000                  14.0000000000              278413.8933147229 
                 30.5000000000                  14.5000000000              295247.4362009876 
                 30.5000000000                  15.0000000000              312547.9034420343 
                 30.5000000000                  15.5000000000              329761.0337522329 
                 30.5000000000                  16.0000000000              346853.0847327977 
                 30.5000000000                  16.5000000000              363830.0658340859 
                 30.5000000000                  17.0000000000              380459.9263602507 
                 30.5000000000                  17.5000000000              396509.3939089528 
                 30.5000000000                  18.0000000000              412066.2756496200 
                 30.5000000000                  18.5000000000              427125.2198309470 
                 30.5000000000                  19.0000000000              442129.1950901070 
                 30.5000000000                  19.5000000000              458170.2098564957 
                 30.5000000000                  20.0000000000              475658.4796977615 
                 30.5000000000                  20.5000000000              494687.7134369284 
                 30.5000000000                  21.0000000000              514847.9628674262 
                 30.5000000000                  21.5000000000              534383.4620951393 
                 30.5000000000                  22.0000000000              552632.6539215837 
                 30.5000000000                  22.5000000000              570166.7193898128 
                 30.5000000000                  23.0000000000              587122.0814187754 
                 30.5000000000                  23.5000000000              602808.2028121077 
                 30.5000000000                  24.0000000000              615694.0659562015 
                 30.5000000000                  24.5000000000              624451.0599122598 
                 30.5000000000                  25.0000000000              627986.1778910889 
                 30.5000000000                  25.5000000000              625577.4663310505 
                 30.5000000000                  26.0000000000              617461.1516003278 
                 30.5000000000                  26.5000000000              604288.8437912096 
                 30.5000000000                  27.0000000000              586323.5011743616 
                 30.5000000000                  27.5000000000              565715.4541063845 
                 30.5000000000                  28.0000000000              545136.3676537711 
                 30.5000000000                  28.5000000000              524933.5031266743 
                 30.5000000000                  29.0000000000              504868.2729165072 
                 30.5000000000                  29.5000000000              484151.0397222723 
                 30.5000000000                  30.0000000000              462023.0289701048 
                 30.5000000000                  30.5000000000              438958.8391405729 
                 30.5000000000                  31.0000000000              416161.8490617324 
                 30.5000000000                  31.5000000000              393468.1974915905 
                 30.5000000000                  32.0000000000              368820.5942468449 
                 30.5000000000                  32.5000000000              341117.2568151378 
                 30.5000000000                  33.0000000000              309420.4219355502 
                 30.5000000000                  33.5000000000              273136.6246417094 
                 30.5000000000                  34.0000000000              235650.9122559367 
                 30.5000000000                  34.5000000000              199342.0848869592 
                 30.5000000000                  35.0000000000              162686.0955529565 
                 30.5000000000                  35.5000000000              127448.8475136910 
                 30.5000000000                  36.0000000000              101843.2363829031 
                 30.5000000000                  36.5000000000               86291.4316230003 
                 30.5000000000                  37.0000000000               75017.9269259871 
                 30.5000000000                  37.5000000000               66849.1774443873 
                 30.5000000000                  38.0000000000               61750.3211632501 
                 30.5000000000                  38.5000000000               59299.0736384932 
                 30.5000000000                  39.0000000000               58310.1544190238 
                 30.5000000000                  39.5000000000               58264.1559107741 
                 30.5000000000                  40.0000000000               58602.4853550753 
                 30.5000000000                  40.5000000000               58907.6902176454 
                 30.5000000000                  41.0000000000               59163.8744254815 
                 30.5000000000                  41.5000000000               59422.7537169753 
                 30.5000000000                  42.0000000000               59568.3133065082 
                 30.5000000000                  42.5000000000               59348.9298751582 
                 30.5000000000                  43.0000000000               58657.6556339603 
                 30.5000000000                  43.5000000000               57414.6894234941 
                 30.5000000000                  44.0000000000               55590.0016220012 
                 30.5000000000                  44.5000000000               53304.5957107373 
                 30.5000000000                  45.0000000000               50584.9445784880 
                 30.5000000000                  45.5000000000               47349.9501878704 
                 30.5000000000                  46.0000000000               43569.6025538183 
                 30.5000000000                  46.5000000000               39301.0912052428 
                 30.5000000000                  47.0000000000               34573.1857650048 
                 30.5000000000                  47.5000000000               29301.1008650452 
                 30.5000000000                  48.0000000000               23430.2581159067 
                 30.5000000000                  48.5000000000               17369.4052658709 
                 30.5000000000                  49.0000000000               11462.6450017407 
                 30.5000000000                  49.5000000000                5661.2525607301 
                 30.5000000000                  50.0000000000                   0.0000000000 
                 31.0000000000                   0.0000000000                   0.0000000000 
                 31.0000000000                   0.5000000000                6346.3878767530 
                 31.0000000000                   1.0000000000               12775.7638643479 
                 31.0000000000                   1.5000000000               19283.9326255682 
                 31.0000000000                   2.0000000000               25877.4818610425 
                 31.0000000000                   2.5000000000               32561.5713065686 
                 31.0000000000                   3.0000000000               39354.9337469038 
                 31.0000000000                   3.5000000000               46298.9137559988 
                 31.0000000000                   4.0000000000               53468.0063170941 
                 31.0000000000                   4.5000000000               60876.5545609946 
                 31.0000000000                   5.0000000000               68463.5248511143 
                 31.0000000000                   5.5000000000               76249.4145080281 
                 31.0000000000                   6.0000000000               84328.9561960906 
                 31.0000000000                   6.5000000000               92786.5226927665 
                 31.0000000000                   7.0000000000              101658.8972301979 
                 31.0000000000                   7.5000000000              110991.2891678088 
                 31.0000000000                   8.0000000000              120893.1930949576 
                 31.0000000000                   8.5000000000              131344.6269209177 
                 31.0000000000                   9.0000000000              142060.5863222904 
                 31.0000000000                   9.5000000000              152926.2613254538 
                 31.0000000000                  10.0000000000              164029.6246617020 
                 31.0000000000                  10.5000000000              175420.2836617253 
                 31.0000000000                  11.0000000000              187260.8252371533 
                 31.0000000000                  11.5000000000              199624.9600024611 
                 31.0000000000                  12.0000000000              212450.4358557998 
                 31.0000000000                  12.5000000000              225696.2142685171 
                 31.0000000000                  13.0000000000              239481.6599719802 
                 31.0000000000                  13.5000000000              253972.1982200126 
                 31.0000000000                  14.0000000000              269204.6291668008 
                 31.0000000000                  14.5000000000              285304.8834259289 
                 31.0000000000                  15.0000000000              301933.7401522587 
                 31.0000000000                  15.5000000000              318562.9479731865 
                 31.0000000000                  16.0000000000              335105.3354084671 
                 31.0000000000                  16.5000000000              351548.2290073931 
                 31.0000000000                  17.0000000000              367583.2874287050 
                 31.0000000000                  17.5000000000              382867.2622652905 
                 31.0000000000                  18.0000000000              397470.6289557380 
                 31.0000000000                  18.5000000000              411382.2807063445 
                 31.0000000000                  19.0000000000              424957.0641125381 
                 31.0000000000                  19.5000000000              439163.7445646409 
                 31.0000000000                  20.0000000000              454374.5127804209 
                 31.0000000000                  20.5000000000              470728.5418123973 
                 31.0000000000                  21.0000000000              487993.4478195407 
                 31.0000000000                  21.5000000000              504596.7943969729 
                 31.0000000000                  22.0000000000              519838.7443451167 
                 31.0000000000                  22.5000000000              534160.1476614233 
                 31.0000000000                  23.0000000000              547835.6394801000 
                 31.0000000000                  23.5000000000              560734.5364454075 
                 31.0000000000                  24.0000000000              571588.2719078782 
                 31.0000000000                  24.5000000000              578859.1759109402 
                 31.0000000000                  25.0000000000              581202.6091507864 
                 31.0000000000                  25.5000000000              577828.2015904861 
                 31.0000000000                  26.0000000000              569165.0005038173 
                 31.0000000000                  26.5000000000              556102.6136065356 
                 31.0000000000                  27.0000000000              539309.6620874817 
                 31.0000000000                  27.5000000000              520983.7392070518 
                 31.0000000000                  28.0000000000              503197.8603324088 
                 31.0000000000                  28.5000000000              485875.9468234248 
                 31.0000000000                  29.0000000000              468714.2723082824 
                 31.0000000000                  29.5000000000              451152.6076074585 
                 31.0000000000                  30.0000000000              432674.2151001620 
                 31.0000000000                  30.5000000000              413345.8642765978 
                 31.0000000000                  31.0000000000              393677.6343371776 
                 31.0000000000                  31.5000000000              373297.0388877318 
                 31.0000000000                  32.0000000000              350374.8879826372 
                 31.0000000000                  32.5000000000              324082.2633050687 
                 31.0000000000                  33.0000000000              293573.6369339796 
                 31.0000000000                  33.5000000000              258415.9243891099 
                 31.0000000000                  34.0000000000              222423.2552399226 
                 31.0000000000                  34.5000000000              187947.1874760313 
                 31.0000000000                  35.0000000000              153106.6414638648 
                 31.0000000000                  35.5000000000              119879.1805499243 
                 31.0000000000                  36.0000000000               96318.5473607234 
                 31.0000000000                  36.5000000000               82275.4992893001 
                 31.0000000000                  37.0000000000               72032.0351432382 
                 31.0000000000                  37.5000000000               64616.6769566095 
                 31.0000000000                  38.0000000000               59768.1450753051 
                 31.0000000000                  38.5000000000               57163.8197900506 
                 31.0000000000                  39.0000000000               56021.3822357469 
                 31.0000000000                  39.5000000000               55876.3053274778 
                 31.0000000000                  40.0000000000               56187.1031960202 
                 31.0000000000                  40.5000000000               56530.5087165390 
                 31.0000000000                  41.0000000000               56868.1852472722 
                 31.0000000000                  41.5000000000               57234.2655604398 
                 31.0000000000                  42.0000000000               57508.0265172852 
                 31.0000000000                  42.5000000000               57438.0921518534 
                 31.0000000000                  43.0000000000               56906.8321352075 
                 31.0000000000                  43.5000000000               55829.8983482215 
                 31.0000000000                  44.0000000000               54170.1517193202 
                 31.0000000000                  44.5000000000               52028.7188222330 
                 31.0000000000                  45.0000000000               49422.0437976158 
                 31.0000000000                  45.5000000000               46253.9361099319 
                 31.0000000000                  46.0000000000               42486.8897762044 
                 31.0000000000                  46.5000000000               38231.5117373296 
                 31.0000000000                  47.0000000000               33552.3718513130 
                 31.0000000000                  47.5000000000               28326.9977467037 
                 31.0000000000                  48.0000000000               22449.3867084357 
                 31.0000000000                  48.5000000000               16451.3633271088 
                 31.0000000000                  49.0000000000               10749.1980207856 
                 31.0000000000                  49.5000000000                5233.1191247805 
                 31.0000000000                  50.0000000000                   0.0000000000 
                 31.5000000000                   0.0000000000                   0.0000000000 
                 31.5000000000                   0.5000000000                6211.6642809430 
                 31.5000000000                   1.0000000000               12506.9751410301 
                 31.5000000000                   1.5000000000               18883.3332526285 
                 31.5000000000                   2.0000000000               25355.3943122520 
                 31.5000000000                   2.5000000000               31918.3991815249 
                 31.5000000000                   3.0000000000               38565.0431794678 
                 31.5000000000                   3.5000000000               45327.1149285014 
                 31.5000000000                   4.0000000000               52269.5350855098 
                 31.5000000000                   4.5000000000               59423.9515868832 
                 31.5000000000                   5.0000000000               66765.5408615827 
                 31.5000000000                   5.5000000000               74316.2602699959 
                 31.5000000000                   6.0000000000               82145.3191011736 
                 31.5000000000                   6.5000000000               90323.9368167108 
                 31.5000000000                   7.0000000000               98915.4299531873 
                 31.5000000000                   7.5000000000              107979.2340144846 
                 31.5000000000                   8.0000000000              117629.0581722397 
                 31.5000000000                   8.5000000000              127846.6725623179 
                 31.5000000000                   9.0000000000              138289.8389849930 
                 31.5000000000                   9.5000000000              148807.9360112322 
                 31.5000000000                  10.0000000000              159495.6588102228 
                 31.5000000000                  10.5000000000              170393.2455653597 
                 31.5000000000                  11.0000000000              181682.9435434703 
                 31.5000000000                  11.5000000000              193469.4756823124 
                 31.5000000000                  12.0000000000              205698.8399436536 
                 31.5000000000                  12.5000000000              218332.7445326409 
                 31.5000000000                  13.0000000000              231461.3315457032 
                 31.5000000000                  13.5000000000              245222.9991472647 
                 31.5000000000                  14.0000000000              259657.9408491853 
                 31.5000000000                  14.5000000000              274891.2300321479 
                 31.5000000000                  15.0000000000              290708.3270655185 
                 31.5000000000                  15.5000000000              306670.6964349604 
                 31.5000000000                  16.0000000000              322621.2849115555 
                 31.5000000000                  16.5000000000              338517.0648724496 
                 31.5000000000                  17.0000000000              354012.3776084098 
                 31.5000000000                  17.5000000000              368675.5434088871 
                 31.5000000000                  18.0000000000              382516.1296167626 
                 31.5000000000                  18.5000000000              395504.9546506924 
                 31.5000000000                  19.0000000000              407861.4145335865 
                 31.5000000000                  19.5000000000              420381.8148366050 
                 31.5000000000                  20.0000000000              433435.5800226974 
                 31.5000000000                  20.5000000000              447192.5972469303 
                 31.5000000000                  21.0000000000              461692.9672714030 
                 31.5000000000                  21.5000000000              475782.7783634388 
                 31.5000000000                  22.0000000000              488735.5741812186 
                 31.5000000000                  22.5000000000              500708.8878613821 
                 31.5000000000                  23.0000000000              511680.6893527913 
                 31.5000000000                  23.5000000000              521613.3210913782 
                 31.5000000000                  24.0000000000              529725.3431352021 
                 31.5000000000                  24.5000000000              534660.6456333931 
                 31.5000000000                  25.0000000000              534953.9443419679 
                 31.5000000000                  25.5000000000              529918.9707735806 
                 31.5000000000                  26.0000000000              520317.5555500923 
                 31.5000000000                  26.5000000000              507296.8475865974 
                 31.5000000000                  27.0000000000              491941.6380271751 
                 31.5000000000                  27.5000000000              476205.4075895089 
                 31.5000000000                  28.0000000000              461306.7772580095 
                 31.5000000000                  28.5000000000              446922.0379730831 
                 31.5000000000                  29.0000000000              432966.0673499726 
                 31.5000000000                  29.5000000000              419098.4636386447 
                 31.5000000000                  30.0000000000              404480.3163152267 
                 31.5000000000                  30.5000000000              388603.0603068933 
                 31.5000000000                  31.0000000000              371563.5795667308 
                 31.5000000000                  31.5000000000              352783.4971192757 
                 31.5000000000                  32.0000000000              330929.1426625261 
                 31.5000000000                  32.5000000000              305728.4971268589 
                 31.5000000000                  33.0000000000              276713.4936278136 
                 31.5000000000                  33.5000000000              243946.0642066348 
                 31.5000000000                  34.0000000000              210765.5497338671 
                 31.5000000000                  34.5000000000              178870.7332741063 
                 31.5000000000                  35.0000000000              146506.1350596256 
                 31.5000000000                  35.5000000000              115510.1448792274 
                 31.5000000000                  36.0000000000               93310.5599289208 
                 31.5000000000                  36.5000000000               79844.5659937739 
                 31.5000000000                  37.0000000000               69897.4787534177 
                 31.5000000000                  37.5000000000               62554.2170557994 
                 31.5000000000                  38.0000000000               57635.3309804848 
                 31.5000000000                  38.5000000000               54931.2976132007 
                 31.5000000000                  39.0000000000               53713.3524905909 
                 31.5000000000                  39.5000000000               53523.0258160260 
                 31.5000000000                  40.0000000000               53824.2375243424 
                 31.5000000000                  40.5000000000               54195.1090663423 
                 31.5000000000                  41.0000000000               54592.0502546164 
                 31.5000000000                  41.5000000000               55050.2630245433 
                 31.5000000000                  42.0000000000               55446.4352573794 
                 31.5000000000                  42.5000000000               55514.0183584101 
                 31.5000000000                  43.0000000000               55125.2765634783 
                 31.5000000000                  43.5000000000               54192.8593611556 
                 31.5000000000                  44.0000000000               52670.6271865494 
                 31.5000000000                  44.5000000000               50647.3408132588 
                 31.5000000000                  45.0000000000               48129.1518123922 
                 31.5000000000                  45.5000000000               44994.4419377053 
                 31.5000000000                  46.0000000000               41196.7204315814 
                 31.5000000000                  46.5000000000               36927.1745040887 
                 31.5000000000                  47.0000000000               32312.3490846558 
                 31.5000000000                  47.5000000000               27232.9876969503 
                 31.5000000000                  48.0000000000               21595.9953335607 
                 31.5000000000                  48.5000000000               15867.6092207070 
                 31.5000000000                  49.0000000000               10395.4146796575 
                 31.5000000000                  49.5000000000                5070.7347145105 
                 31.5000000000                  50.0000000000                   0.0000000000 
                 32.0000000000                   0.0000000000                   0.0000000000 
                 32.0000000000                   0.5000000000                6100.4043263778 
                 32.0000000000                   1.0000000000               12275.9428497544 
                 32.0000000000                   1.5000000000               18529.0133961265 
                 32.0000000000                   2.0000000000               24876.8927749445 
                 32.0000000000                   2.5000000000               31310.1600187292 
                 32.0000000000                   3.0000000000               37810.2024337174 
                 32.0000000000                   3.5000000000               44400.6684245380 
                 32.0000000000                   4.0000000000               51127.1637602052 
                 32.0000000000                   4.5000000000               58029.1306059716 
                 32.0000000000                   5.0000000000               65119.6845402699 
                 32.0000000000                   5.5000000000               72420.4733498988 
                 32.0000000000                   6.0000000000               79976.4283125972 
                 32.0000000000                   6.5000000000               87848.1256100239 
                 32.0000000000                   7.0000000000               96110.9192479346 
                 32.0000000000                   7.5000000000              104836.0972902776 
                 32.0000000000                   8.0000000000              114146.8127701805 
                 32.0000000000                   8.5000000000              124037.3052117430 
                 32.0000000000                   9.0000000000              134144.1714604587 
                 32.0000000000                   9.5000000000              144292.2233487086 
                 32.0000000000                  10.0000000000              154573.6597225780 
                 32.0000000000                  10.5000000000              165024.3863542923 
                 32.0000000000                  11.0000000000              175821.6281607001 
                 32.0000000000                  11.5000000000              187078.7199528536 
                 32.0000000000                  12.0000000000              198757.4425834030 
                 32.0000000000                  12.5000000000              210829.3516999639 
                 32.0000000000                  13.0000000000              223357.9542338147 
                 32.0000000000                  13.5000000000              236444.7017280705 
                 32.0000000000                  14.0000000000              250119.8761963548 
                 32.0000000000                  14.5000000000              264460.3386807063 
                 32.0000000000                  15.0000000000              279360.5260698942 
                 32.0000000000                  15.5000000000              294520.4773177878 
                 32.0000000000                  16.0000000000              309737.0126063394 
                 32.0000000000                  16.5000000000              324920.9926862408 
                 32.0000000000                  17.0000000000              339710.8218061231 
                 32.0000000000                  17.5000000000              353642.0921674967 
                 32.0000000000                  18.0000000000              366672.5300274258 
                 32.0000000000                  18.5000000000              378767.3168772266 
                 32.0000000000                  19.0000000000              390044.0112716047 
                 32.0000000000                  19.5000000000              401115.3219842992 
                 32.0000000000                  20.0000000000              412346.7611488878 
                 32.0000000000                  20.5000000000              423932.4361761787 
                 32.0000000000                  21.0000000000              436040.4770908457 
                 32.0000000000                  21.5000000000              447925.3372027692 
                 32.0000000000                  22.0000000000              458920.5834393127 
                 32.0000000000                  22.5000000000              468976.9102819724 
                 32.0000000000                  23.0000000000              477947.6887074919 
                 32.0000000000                  23.5000000000              485651.0164394333 
                 32.0000000000                  24.0000000000              491440.7212439113 
                 32.0000000000                  24.5000000000              494223.6217149481 
                 32.0000000000                  25.0000000000              492643.1803506718 
                 32.0000000000                  25.5000000000              486379.1123829897 
                 32.0000000000                  26.0000000000              476567.0771678969 
                 32.0000000000                  26.5000000000              464389.2239417716 
                 32.0000000000                  27.0000000000              450953.7739472279 
                 32.0000000000                  27.5000000000              437607.9688224723 
                 32.0000000000                  28.0000000000              424971.3010195799 
                 32.0000000000                  28.5000000000              412839.0177624809 
                 32.0000000000                  29.0000000000              401351.5013182453 
                 32.0000000000                  29.5000000000              390174.0626100507 
                 32.0000000000                  30.0000000000              378205.5201996655 
                 32.0000000000                  30.5000000000              364763.4083583389 
                 32.0000000000                  31.0000000000              349453.6572646860 
                 32.0000000000                  31.5000000000              331446.0458534427 
                 32.0000000000                  32.0000000000              310276.6088259262 
                 32.0000000000                  32.5000000000              286280.2477273790 
                 32.0000000000                  33.0000000000              259439.3581870011 
                 32.0000000000                  33.5000000000              230242.4378783659 
                 32.0000000000                  34.0000000000              200745.0117160328 
                 32.0000000000                  34.5000000000              171800.7694866783 
                 32.0000000000                  35.0000000000              142287.7547888915 
                 32.0000000000                  35.5000000000              113621.9320095495 
                 32.0000000000                  36.0000000000               92151.9682809875 
                 32.0000000000                  36.5000000000               78422.3880549702 
                 32.0000000000                  37.0000000000               68104.2928985912 
                 32.0000000000                  37.5000000000               60200.2393196815 
                 32.0000000000                  38.0000000000               54957.8549565902 
                 32.0000000000                  38.5000000000               52293.7076431721 
                 32.0000000000                  39.0000000000               51155.5076003413 
                 32.0000000000                  39.5000000000               51037.9273829938 
                 32.0000000000                  40.0000000000               51398.2236380350 
                 32.0000000000                  40.5000000000               51829.2945152897 
                 32.0000000000                  41.0000000000               52300.6374851306 
                 32.0000000000                  41.5000000000               52862.7336572923 
                 32.0000000000                  42.0000000000               53386.3485455759 
                 32.0000000000                  42.5000000000               53578.8804101281 
                 32.0000000000                  43.0000000000               53310.5758259881 
                 32.0000000000                  43.5000000000               52495.3455613550 
                 32.0000000000                  44.0000000000               51080.0197909056 
                 32.0000000000                  44.5000000000               49150.0168975862 
                 32.0000000000                  45.0000000000               46700.6959430544 
                 32.0000000000                  45.5000000000               43575.9875034236 
                 32.0000000000                  46.0000000000               39722.3990029641 
                 32.0000000000                  46.5000000000               35437.8229589489 
                 32.0000000000                  47.0000000000               30929.3146020730 
                 32.0000000000                  47.5000000000               26113.5221114116 
                 32.0000000000                  48.0000000000               20956.9992793237 
                 32.0000000000                  48.5000000000               15678.5569761007 
                 32.0000000000                  49.0000000000               10439.6281605649 
                 32.0000000000                  49.5000000000                5194.5287741575 
                 32.0000000000                  50.0000000000                   0.0000000000 
                 32.5000000000                   0.0000000000                   0.0000000000 
                 32.5000000000                   0.5000000000                5994.6281601644 
                 32.5000000000                   1.0000000000               12053.6674744946 
                 32.5000000000                   1.5000000000               18183.9516821875 
                 32.5000000000                   2.0000000000               24404.9498548432 
                 32.5000000000                   2.5000000000               30704.6347795025 
                 32.5000000000                   3.0000000000               37059.4795377310 
                 32.5000000000                   3.5000000000               43487.8922370230 
                 32.5000000000                   4.0000000000               50018.0758268426 
                 32.5000000000                   4.5000000000               56689.9682981211 
                 32.5000000000                   5.0000000000               63540.2223328547 
                 32.5000000000                   5.5000000000               70589.3924049747 
                 32.5000000000                   6.0000000000               77863.3642784756 
                 32.5000000000                   6.5000000000               85411.8666493770 
                 32.5000000000                   7.0000000000               93313.3974440428 
                 32.5000000000                   7.5000000000              101645.1621799658 
                 32.5000000000                   8.0000000000              110541.0868696477 
                 32.5000000000                   8.5000000000              120016.7514269626 
                 32.5000000000                   9.0000000000              129717.2590504551 
                 32.5000000000                   9.5000000000              139460.6740147542 
                 32.5000000000                  10.0000000000              149330.8861553310 
                 32.5000000000                  10.5000000000              159355.9426212159 
                 32.5000000000                  11.0000000000              169699.6707742624 
                 32.5000000000                  11.5000000000              180471.5739415988 
                 32.5000000000                  12.0000000000              191646.1622822465 
                 32.5000000000                  12.5000000000              203208.5485629062 
                 32.5000000000                  13.0000000000              215202.9008207712 
                 32.5000000000                  13.5000000000              227695.2327122221 
                 32.5000000000                  14.0000000000              240691.2956067894 
                 32.5000000000                  14.5000000000              254200.3759565146 
                 32.5000000000                  15.0000000000              268174.3982492337 
                 32.5000000000                  15.5000000000              282431.3556109755 
                 32.5000000000                  16.0000000000              296752.8841023303 
                 32.5000000000                  16.5000000000              311008.2540945836 
                 32.5000000000                  17.0000000000              324833.3111182768 
                 32.5000000000                  17.5000000000              337779.6951325826 
                 32.5000000000                  18.0000000000              349804.4447871073 
                 32.5000000000                  18.5000000000              360908.1626261711 
                 32.5000000000                  19.0000000000              371147.4252549865 
                 32.5000000000                  19.5000000000              380979.2113831138 
                 32.5000000000                  20.0000000000              390758.9726203230 
                 32.5000000000                  20.5000000000              400685.0508031882 
                 32.5000000000                  21.0000000000              410926.7841179483 
                 32.5000000000                  21.5000000000              420992.6347384820 
                 32.5000000000                  22.0000000000              430340.5019846183 
                 32.5000000000                  22.5000000000              438814.5700808433 
                 32.5000000000                  23.0000000000              446249.6310674493 
                 32.5000000000                  23.5000000000              452424.9247381655 
                 32.5000000000                  24.0000000000              456708.0156226105 
                 32.5000000000                  24.5000000000              458121.4404060177 
                 32.5000000000                  25.0000000000              455427.4879974606 
                 32.5000000000                  25.5000000000              448712.6360754210 
                 32.5000000000                  26.0000000000              439385.6990390559 
                 32.5000000000                  26.5000000000              428458.1177738285 
                 32.5000000000                  27.0000000000              416823.3593564893 
                 32.5000000000                  27.5000000000              405311.2102250423 
                 32.5000000000                  28.0000000000              394241.2768756312 
                 32.5000000000                  28.5000000000              383579.7900413534 
                 32.5000000000                  29.0000000000              373595.7520807319 
                 32.5000000000                  29.5000000000              363934.7198055373 
                 32.5000000000                  30.0000000000              353407.4723444271 
                 32.5000000000                  30.5000000000              341333.3571779456 
                 32.5000000000                  31.0000000000              326941.2108475527 
                 32.5000000000                  31.5000000000              309225.5204682439 
                 32.5000000000                  32.0000000000              288723.4294391894 
                 32.5000000000                  32.5000000000              266381.5234177938 
                 32.5000000000                  33.0000000000              242363.8957772493 
                 32.5000000000                  33.5000000000              217194.4530787493 
                 32.5000000000                  34.0000000000              191624.2603633040 
                 32.5000000000                  34.5000000000              165833.1156960595 
                 32.5000000000                  35.0000000000              139323.4035203391 
                 32.5000000000                  35.5000000000              113104.4209557789 
                 32.5000000000                  36.0000000000               92173.3242809048 
                 32.5000000000                  36.5000000000               77686.8351232753 
                 32.5000000000                  37.0000000000               66472.0426732873 
                 32.5000000000                  37.5000000000               57493.0014997468 
                 32.5000000000                  38.0000000000               51760.7343512468 
                 32.5000000000                  38.5000000000               49304.9896982221 
                 32.5000000000                  39.0000000000               48400.7945057962 
                 32.5000000000                  39.5000000000               48460.4476444077 
                 32.5000000000                  40.0000000000               48942.6176826664 
                 32.5000000000                  40.5000000000               49468.7366875030 
                 32.5000000000                  41.0000000000               50030.8247060740 
                 32.5000000000                  41.5000000000               50698.0492927110 
                 32.5000000000                  42.0000000000               51335.0994192031 
                 32.5000000000                  42.5000000000               51627.0963273242 
                 32.5000000000                  43.0000000000               51449.5992100093 
                 32.5000000000                  43.5000000000               50724.0225734638 
                 32.5000000000                  44.0000000000               49394.6485506453 
                 32.5000000000                  44.5000000000               47545.1836967140 
                 32.5000000000                  45.0000000000               45159.0788462358 
                 32.5000000000                  45.5000000000               42043.5079985113 
                 32.5000000000                  46.0000000000               38141.9272132394 
                 32.5000000000                  46.5000000000               33869.8906695065 
                 32.5000000000                  47.0000000000               29520.0058990028 
                 32.5000000000                  47.5000000000               25040.6130125354 
                 32.5000000000                  48.0000000000               20432.8001543355 
                 32.5000000000                  48.5000000000               15657.5480018912 
                 32.5000000000                  49.0000000000               10672.6758633204 
                 32.5000000000                  49.5000000000                5456.8990552002 
                 32.5000000000                  50.0000000000                   0.0000000000 
                 33.0000000000                   0.0000000000                   0.0000000000 
                 33.0000000000                   0.5000000000                5883.4862798180 
                 33.0000000000                   1.0000000000               11819.0892245180 
                 33.0000000000                   1.5000000000               17817.2832492550 
                 33.0000000000                   2.0000000000               23900.5316081716 
                 33.0000000000                   2.5000000000               30059.5079849057 
                 33.0000000000                   3.0000000000               36270.8865878513 
                 33.0000000000                   3.5000000000               42548.6238452994 
                 33.0000000000                   4.0000000000               48905.3734620649 
                 33.0000000000                   4.5000000000               55374.9197676869 
                 33.0000000000                   5.0000000000               62004.2711965918 
                 33.0000000000                   5.5000000000               68812.0720501052 
                 33.0000000000                   6.0000000000               75809.8528502201 
                 33.0000000000                   6.5000000000               83030.6475232362 
                 33.0000000000                   7.0000000000               90543.9218645928 
                 33.0000000000                   7.5000000000               98426.4348494939 
                 33.0000000000                   8.0000000000              106818.2095285585 
                 33.0000000000                   8.5000000000              115780.1374491147 
                 33.0000000000                   9.0000000000              125011.4851437195 
                 33.0000000000                   9.5000000000              134330.0928831008 
                 33.0000000000                  10.0000000000              143795.5975487833 
                 33.0000000000                  10.5000000000              153416.9088549845 
                 33.0000000000                  11.0000000000              163334.2181967590 
                 33.0000000000                  11.5000000000              173648.7197096846 
                 33.0000000000                  12.0000000000              184345.8781207509 
                 33.0000000000                  12.5000000000              195433.2402298319 
                 33.0000000000                  13.0000000000              206955.9749127998 
                 33.0000000000                  13.5000000000              218949.3054277151 
                 33.0000000000                  14.0000000000              231383.2375076367 
                 33.0000000000                  14.5000000000              244184.0310673456 
                 33.0000000000                  15.0000000000              257299.9905632917 
                 33.0000000000                  15.5000000000              270622.5670237883 
                 33.0000000000                  16.0000000000              283934.6729210956 
                 33.0000000000                  16.5000000000              297058.1227456981 
                 33.0000000000                  17.0000000000              309602.9537340440 
                 33.0000000000                  17.5000000000              321176.4396606731 
                 33.0000000000                  18.0000000000              331821.4106267474 
                 33.0000000000                  18.5000000000              341660.8254365422 
                 33.0000000000                  19.0000000000              350810.5328659836 
                 33.0000000000                  19.5000000000              359615.8976187565 
                 33.0000000000                  20.0000000000              368349.9069496070 
                 33.0000000000                  20.5000000000              377148.0490940802 
                 33.0000000000                  21.0000000000              386101.3445430371 
                 33.0000000000                  21.5000000000              394844.2966503320 
                 33.0000000000                  22.0000000000              402949.1455749446 
                 33.0000000000                  22.5000000000              410250.4362920189 
                 33.0000000000                  23.0000000000              416600.2595856505 
                 33.0000000000                  23.5000000000              421763.7976075061 
                 33.0000000000                  24.0000000000              425143.3564041738 
                 33.0000000000                  24.5000000000              425844.8475296859 
                 33.0000000000                  25.0000000000              422692.1713729893 
                 33.0000000000                  25.5000000000              416068.5563736675 
                 33.0000000000                  26.0000000000              407526.4964328665 
                 33.0000000000                  26.5000000000              397843.0073435769 
                 33.0000000000                  27.0000000000              387690.5459539081 
                 33.0000000000                  27.5000000000              377532.4749773055 
                 33.0000000000                  28.0000000000              367512.3407193577 
                 33.0000000000                  28.5000000000              357721.4550928457 
                 33.0000000000                  29.0000000000              348492.0136863161 
                 33.0000000000                  29.5000000000              339399.4262212326 
                 33.0000000000                  30.0000000000              329184.1965430977 
                 33.0000000000                  30.5000000000              317340.8356077042 
                 33.0000000000                  31.0000000000              302990.1287840826 
                 33.0000000000                  31.5000000000              285369.2980183815 
                 33.0000000000                  32.0000000000              266103.4918354113 
                 33.0000000000                  32.5000000000              246241.8531258347 
                 33.0000000000                  33.0000000000              225638.4770377360 
                 33.0000000000                  33.5000000000              204631.1981362033 
                 33.0000000000                  34.0000000000              182945.6477448141 
                 33.0000000000                  34.5000000000              160311.4196569489 
                 33.0000000000                  35.0000000000              136725.9306928102 
                 33.0000000000                  35.5000000000              113038.8562999704 
                 33.0000000000                  36.0000000000               92728.7892205146 
                 33.0000000000                  36.5000000000               77300.9703814752 
                 33.0000000000                  37.0000000000               64837.1927762654 
                 33.0000000000                  37.5000000000               54301.7413159335 
                 33.0000000000                  38.0000000000               48107.3392394081 
                 33.0000000000                  38.5000000000               46197.6417571451 
                 33.0000000000                  39.0000000000               45641.7958729982 
                 33.0000000000                  39.5000000000               45941.5425483855 
                 33.0000000000                  40.0000000000               46571.9983330862 
                 33.0000000000                  40.5000000000               47202.7074990366 
                 33.0000000000                  41.0000000000               47849.0439134803 
                 33.0000000000                  41.5000000000               48597.6170828491 
                 33.0000000000                  42.0000000000               49308.4708007389 
                 33.0000000000                  42.5000000000               49652.4253193560 
                 33.0000000000                  43.0000000000               49520.4563213098 
                 33.0000000000                  43.5000000000               48850.9908914985 
                 33.0000000000                  44.0000000000               47592.3894034717 
                 33.0000000000                  44.5000000000               45823.0254895926 
                 33.0000000000                  45.0000000000               43508.2015535506 
                 33.0000000000                  45.5000000000               40418.5193045281 
                 33.0000000000                  46.0000000000               36496.9751864877 
                 33.0000000000                  46.5000000000               32275.7890427995 
                 33.0000000000                  47.0000000000               28123.3346188851 
                 33.0000000000                  47.5000000000               23999.0600825390 
                 33.0000000000                  48.0000000000               19922.0401206181 
                 33.0000000000                  48.5000000000               15638.6837716414 
                 33.0000000000                  49.0000000000               10925.8324450159 
                 33.0000000000                  49.5000000000                5752.6270856855 
                 33.0000000000                  50.0000000000                   0.0000000000 
                 33.5000000000                   0.0000000000                   0.0000000000 
                 33.5000000000                   0.5000000000                5759.0513515020 
                 33.5000000000                   1.0000000000               11558.3156734836 
                 33.5000000000                   1.5000000000               17410.4471051607 
                 33.5000000000                   2.0000000000               23338.6425504475 
                 33.5000000000                   2.5000000000               29344.1726186712 
                 33.5000000000                   3.0000000000               35412.2605603684 
                 33.5000000000                   3.5000000000               41550.2751480490 
                 33.5000000000                   4.0000000000               47759.1569456554 
                 33.5000000000                   4.5000000000               54056.6252313941 
                 33.5000000000                   5.0000000000               60484.5636989198 
                 33.5000000000                   5.5000000000               67063.8488355863 
                 33.5000000000                   6.0000000000               73801.5270913838 
                 33.5000000000                   6.5000000000               80708.6158224617 
                 33.5000000000                   7.0000000000               87829.3794427917 
                 33.5000000000                   7.5000000000               95238.5835946303 
                 33.5000000000                   8.0000000000              103068.7453854046 
                 33.5000000000                   8.5000000000              111429.7043169690 
                 33.5000000000                   9.0000000000              120138.2157172482 
                 33.5000000000                   9.5000000000              129024.9153673792 
                 33.5000000000                  10.0000000000              138097.1663314206 
                 33.5000000000                  10.5000000000              147339.2398324882 
                 33.5000000000                  11.0000000000              156855.3610154404 
                 33.5000000000                  11.5000000000              166732.5083202473 
                 33.5000000000                  12.0000000000              176962.3826303684 
                 33.5000000000                  12.5000000000              187570.7189880990 
                 33.5000000000                  13.0000000000              198640.5854904470 
                 33.5000000000                  13.5000000000              210200.6664863968 
                 33.5000000000                  14.0000000000              222177.9009084812 
                 33.5000000000                  14.5000000000              234429.2667953470 
                 33.5000000000                  15.0000000000              246812.8168465962 
                 33.5000000000                  15.5000000000              259222.3257190233 
                 33.5000000000                  16.0000000000              271477.9230738697 
                 33.5000000000                  16.5000000000              283356.8337540001 
                 33.5000000000                  17.0000000000              294365.0332009507 
                 33.5000000000                  17.5000000000              304181.4156811198 
                 33.5000000000                  18.0000000000              313067.9397246324 
                 33.5000000000                  18.5000000000              321339.7881597951 
                 33.5000000000                  19.0000000000              329343.0288027327 
                 33.5000000000                  19.5000000000              337377.4423470325 
                 33.5000000000                  20.0000000000              345490.6200055847 
                 33.5000000000                  20.5000000000              353691.8783815688 
                 33.5000000000                  21.0000000000              361900.1310697820 
                 33.5000000000                  21.5000000000              369753.9845516769 
                 33.5000000000                  22.0000000000              376962.7752163023 
                 33.5000000000                  22.5000000000              383411.8821281006 
                 33.5000000000                  23.0000000000              389011.0363267310 
                 33.5000000000                  23.5000000000              393551.7937943335 
                 33.5000000000                  24.0000000000              396464.5944902131 
                 33.5000000000                  24.5000000000              396929.7608987948 
                 33.5000000000                  25.0000000000              393797.3030471505 
                 33.5000000000                  25.5000000000              387602.5412644883 
                 33.5000000000                  26.0000000000              379944.2746027602 
                 33.5000000000                  26.5000000000              371389.7364938735 
                 33.5000000000                  27.0000000000              362374.9508847715 
                 33.5000000000                  27.5000000000              353111.9739712130 
                 33.5000000000                  28.0000000000              343718.2709710252 
                 33.5000000000                  28.5000000000              334366.7727760376 
                 33.5000000000                  29.0000000000              325310.3325221309 
                 33.5000000000                  29.5000000000              315945.9301330297 
                 33.5000000000                  30.0000000000              305062.1148285160 
                 33.5000000000                  30.5000000000              292433.2889032584 
                 33.5000000000                  31.0000000000              277590.5003179198 
                 33.5000000000                  31.5000000000              260819.3069218431 
                 33.5000000000                  32.0000000000              243963.3948329639 
                 33.5000000000                  32.5000000000              227263.6699616541 
                 33.5000000000                  33.0000000000              210262.2354486774 
                 33.5000000000                  33.5000000000              192992.8661539972 
                 33.5000000000                  34.0000000000              174683.3348011647 
                 33.5000000000                  34.5000000000              154882.5130935487 
                 33.5000000000                  35.0000000000              133679.4721417142 
                 33.5000000000                  35.5000000000              111691.3593886994 
                 33.5000000000                  36.0000000000               91771.7507768345 
                 33.5000000000                  36.5000000000               75759.4168559570 
                 33.5000000000                  37.0000000000               62391.0149542781 
                 33.5000000000                  37.5000000000               50963.5727641331 
                 33.5000000000                  38.0000000000               44776.1468850270 
                 33.5000000000                  38.5000000000               43401.0315919302 
                 33.5000000000                  39.0000000000               43153.9218464767 
                 33.5000000000                  39.5000000000               43654.1403576646 
                 33.5000000000                  40.0000000000               44402.8947524715 
                 33.5000000000                  40.5000000000               45113.0628398680 
                 33.5000000000                  41.0000000000               45811.5194366416 
                 33.5000000000                  41.5000000000               46588.7986785614 
                 33.5000000000                  42.0000000000               47300.9397433767 
                 33.5000000000                  42.5000000000               47624.9199359783 
                 33.5000000000                  43.0000000000               47476.5742690846 
                 33.5000000000                  43.5000000000               46828.2292201103 
                 33.5000000000                  44.0000000000               45647.5957312284 
                 33.5000000000                  44.5000000000               43978.7232306184 
                 33.5000000000                  45.0000000000               41754.1493434392 
                 33.5000000000                  45.5000000000               38724.4591562725 
                 33.5000000000                  46.0000000000               34836.3692089556 
                 33.5000000000                  46.5000000000               30715.0129020267 
                 33.5000000000                  47.0000000000               26781.6640871694 
                 33.5000000000                  47.5000000000               22990.3376521840 
                 33.5000000000                  48.0000000000               19355.5510101958 
                 33.5000000000                  48.5000000000               15485.8451473557 
                 33.5000000000                  49.0000000000               11036.2745834864 
                 33.5000000000                  49.5000000000                5944.6726581116 
                 33.5000000000                  50.0000000000                   0.0000000000 
                 34.0000000000                   0.0000000000                   0.0000000000 
                 34.0000000000                   0.5000000000                5628.5955297112 
                 34.0000000000                   1.0000000000               11287.0994841066 
                 34.0000000000                   1.5000000000               16987.8685377122 
                 34.0000000000                   2.0000000000               22749.8068037327 
                 34.0000000000                   2.5000000000               28584.7058084181 
                 34.0000000000                   3.0000000000               34491.7266727126 
                 34.0000000000                   3.5000000000               40473.4182557450 
                 34.0000000000                   4.0000000000               46527.0565816061 
                 34.0000000000                   4.5000000000               52655.1540800393 
                 34.0000000000                   5.0000000000               58883.3434374560 
                 34.0000000000                   5.5000000000               65234.6827400209 
                 34.0000000000                   6.0000000000               71722.4988121924 
                 34.0000000000                   6.5000000000               78344.3261361781 
                 34.0000000000                   7.0000000000               85116.9499028785 
                 34.0000000000                   7.5000000000               92114.0537965047 
                 34.0000000000                   8.0000000000               99454.6608475304 
                 34.0000000000                   8.5000000000              107254.7887668082 
                 34.0000000000                   9.0000000000              115447.9145896986 
                 34.0000000000                   9.5000000000              123909.6130224787 
                 34.0000000000                  10.0000000000              132599.5620193791 
                 34.0000000000                  10.5000000000              141483.5150065905 
                 34.0000000000                  11.0000000000              150626.8581945646 
                 34.0000000000                  11.5000000000              160091.7026253438 
                 34.0000000000                  12.0000000000              169864.8755760772 
                 34.0000000000                  12.5000000000              179958.6481313669 
                 34.0000000000                  13.0000000000              190492.7447676145 
                 34.0000000000                  13.5000000000              201528.0472485703 
                 34.0000000000                  14.0000000000              212972.2353088865 
                 34.0000000000                  14.5000000000              224675.5487822037 
                 34.0000000000                  15.0000000000              236397.3743578716 
                 34.0000000000                  15.5000000000              247958.4834869630 
                 34.0000000000                  16.0000000000              259216.0987969712 
                 34.0000000000                  16.5000000000              269946.1806553555 
                 34.0000000000                  17.0000000000              279576.8596042189 
                 34.0000000000                  17.5000000000              287859.7202470897 
                 34.0000000000                  18.0000000000              295278.9147178046 
                 34.0000000000                  18.5000000000              302284.7812437186 
                 34.0000000000                  19.0000000000              309323.5117070642 
                 34.0000000000                  19.5000000000              316660.5753072358 
                 34.0000000000                  20.0000000000              324209.4291190535 
                 34.0000000000                  20.5000000000              331881.7691421036 
                 34.0000000000                  21.0000000000              339494.0565044342 
                 34.0000000000                  21.5000000000              346675.2352844811 
                 34.0000000000                  22.0000000000              353197.7434067212 
                 34.0000000000                  22.5000000000              358974.7871095235 
                 34.0000000000                  23.0000000000              363941.8511002209 
                 34.0000000000                  23.5000000000              367900.1541439623 
                 34.0000000000                  24.0000000000              370327.5664863475 
                 34.0000000000                  24.5000000000              370498.6294667831 
                 34.0000000000                  25.0000000000              367246.9003143136 
                 34.0000000000                  25.5000000000              361226.9450458792 
                 34.0000000000                  26.0000000000              354137.3435103293 
                 34.0000000000                  26.5000000000              346377.1898062578 
                 34.0000000000                  27.0000000000              338156.5060009264 
                 34.0000000000                  27.5000000000              329559.3377414777 
                 34.0000000000                  28.0000000000              320712.8471372349 
                 34.0000000000                  28.5000000000              311757.3836695605 
                 34.0000000000                  29.0000000000              302784.9650935668 
                 34.0000000000                  29.5000000000              293130.1856541664 
                 34.0000000000                  30.0000000000              281867.9197149387 
                 34.0000000000                  30.5000000000              269061.3886995740 
                 34.0000000000                  31.0000000000              254919.8039649058 
                 34.0000000000                  31.5000000000              240265.8880591487 
                 34.0000000000                  32.0000000000              226045.8029558541 
                 34.0000000000                  32.5000000000              211953.5755430879 
                 34.0000000000                  33.0000000000              197663.9168874479 
                 34.0000000000                  33.5000000000              183015.6727097231 
                 34.0000000000                  34.0000000000              167159.8319409249 
                 34.0000000000                  34.5000000000              149537.5206906214 
                 34.0000000000                  35.0000000000              129899.5539303145 
                 34.0000000000                  35.5000000000              108330.2722483508 
                 34.0000000000                  36.0000000000               88417.5999498532 
                 34.0000000000                  36.5000000000               72614.2174087648 
                 34.0000000000                  37.0000000000               59506.6564360420 
                 34.0000000000                  37.5000000000               48679.7083397206 
                 34.0000000000                  38.0000000000               42797.1576145475 
                 34.0000000000                  38.5000000000               41366.8463869950 
                 34.0000000000                  39.0000000000               41179.1835702745 
                 34.0000000000                  39.5000000000               41718.6521342205 
                 34.0000000000                  40.0000000000               42493.9314734466 
                 34.0000000000                  40.5000000000               43218.0085094020 
                 34.0000000000                  41.0000000000               43905.3266787980 
                 34.0000000000                  41.5000000000               44632.7698976079 
                 34.0000000000                  42.0000000000               45259.7266968665 
                 34.0000000000                  42.5000000000               45494.2580137454 
                 34.0000000000                  43.0000000000               45281.6235476273 
                 34.0000000000                  43.5000000000               44643.1728132904 
                 34.0000000000                  44.0000000000               43569.1985686326 
                 34.0000000000                  44.5000000000               42030.8838719669 
                 34.0000000000                  45.0000000000               39921.0686048362 
                 34.0000000000                  45.5000000000               36993.0590185750 
                 34.0000000000                  46.0000000000               33197.5227060496 
                 34.0000000000                  46.5000000000               29217.7121641544 
                 34.0000000000                  47.0000000000               25505.2881367902 
                 34.0000000000                  47.5000000000               22002.3136295236 
                 34.0000000000                  48.0000000000               18703.8974097221 
                 34.0000000000                  48.5000000000               15151.3386395903 
                 34.0000000000                  49.0000000000               10936.7619055339 
                 34.0000000000                  49.5000000000                5965.8226010371 
                 34.0000000000                  50.0000000000                   0.0000000000 
                 34.5000000000                   0.0000000000                   0.0000000000 
                 34.5000000000                   0.5000000000                5498.7428144536 
                 34.5000000000                   1.0000000000               11018.4657585384 
                 34.5000000000                   1.5000000000               16569.2607010028 
                 34.5000000000                   2.0000000000               22163.9916678454 
                 34.5000000000                   2.5000000000               27818.2106428914 
                 34.5000000000                   3.0000000000               33541.3954544692 
                 34.5000000000                   3.5000000000               39336.6934761777 
                 34.5000000000                   4.0000000000               45204.2512307172 
                 34.5000000000                   4.5000000000               51139.1139556457 
                 34.5000000000                   5.0000000000               57151.7590399999 
                 34.5000000000                   5.5000000000               63265.5550162877 
                 34.5000000000                   6.0000000000               69503.4172907548 
                 34.5000000000                   6.5000000000               75859.3413034167 
                 34.5000000000                   7.0000000000               82332.7486427280 
                 34.5000000000                   7.5000000000               88994.5331290060 
                 34.5000000000                   8.0000000000               95949.7885305916 
                 34.5000000000                   8.5000000000              103297.6805874264 
                 34.5000000000                   9.0000000000              111040.8752939702 
                 34.5000000000                   9.5000000000              119106.5741042500 
                 34.5000000000                  10.0000000000              127436.5119850005 
                 34.5000000000                  10.5000000000              135985.9852796660 
                 34.5000000000                  11.0000000000              144788.5836763908 
                 34.5000000000                  11.5000000000              153876.4567188942 
                 34.5000000000                  12.0000000000              163218.9186095403 
                 34.5000000000                  12.5000000000              172793.1468620222 
                 34.5000000000                  13.0000000000              182723.1071472930 
                 34.5000000000                  13.5000000000              193106.0863923803 
                 34.5000000000                  14.0000000000              203867.3294063025 
                 34.5000000000                  14.5000000000              214903.4221778058 
                 34.5000000000                  15.0000000000              225928.3386832358 
                 34.5000000000                  15.5000000000              236679.2588235721 
                 34.5000000000                  16.0000000000              247033.2049219325 
                 34.5000000000                  16.5000000000              256796.1024835266 
                 34.5000000000                  17.0000000000              265392.8738706402 
                 34.5000000000                  17.5000000000              272653.9096423949 
                 34.5000000000                  18.0000000000              279181.2649585097 
                 34.5000000000                  18.5000000000              285438.9208727513 
                 34.5000000000                  19.0000000000              291789.9431118515 
                 34.5000000000                  19.5000000000              298441.8541583391 
                 34.5000000000                  20.0000000000              305325.1103623832 
                 34.5000000000                  20.5000000000              312346.7201631724 
                 34.5000000000                  21.0000000000              319331.5773288228 
                 34.5000000000                  21.5000000000              325934.8364442833 
                 34.5000000000                  22.0000000000              331905.9436719723 
                 34.5000000000                  22.5000000000              337111.4451177949 
                 34.5000000000                  23.0000000000              341454.0333944260 
                 34.5000000000                  23.5000000000              344692.0521763070 
                 34.5000000000                  24.0000000000              346345.7883984001 
                 34.5000000000                  24.5000000000              345815.3665955435 
                 34.5000000000                  25.0000000000              341916.0081233844 
                 34.5000000000                  25.5000000000              335526.5422690206 
                 34.5000000000                  26.0000000000              328581.8878979965 
                 34.5000000000                  26.5000000000              321314.7661162950 
                 34.5000000000                  27.0000000000              313723.2152139354 
                 34.5000000000                  27.5000000000              305808.9022336128 
                 34.5000000000                  28.0000000000              297670.1213335859 
                 34.5000000000                  28.5000000000              289336.4507849875 
                 34.5000000000                  29.0000000000              280745.0600704930 
                 34.5000000000                  29.5000000000              271345.7943005863 
                 34.5000000000                  30.0000000000              260624.4105430073 
                 34.5000000000                  30.5000000000              248868.0525248432 
                 34.5000000000                  31.0000000000              236611.0201595812 
                 34.5000000000                  31.5000000000              224383.2063778983 
                 34.5000000000                  32.0000000000              212264.0354100511 
                 34.5000000000                  32.5000000000              199959.7818477823 
                 34.5000000000                  33.0000000000              187398.7389610918 
                 34.5000000000                  33.5000000000              174417.3166448774 
                 34.5000000000                  34.0000000000              160205.3647250299 
                 34.5000000000                  34.5000000000              144114.9965408472 
                 34.5000000000                  35.0000000000              125493.2710018649 
                 34.5000000000                  35.5000000000              103934.4913716975 
                 34.5000000000                  36.0000000000               84119.7161886007 
                 34.5000000000                  36.5000000000               69121.8701752113 
                 34.5000000000                  37.0000000000               57048.6305482961 
                 34.5000000000                  37.5000000000               47390.6255768622 
                 34.5000000000                  38.0000000000               41808.5748326758 
                 34.5000000000                  38.5000000000               40032.5237622571 
                 34.5000000000                  39.0000000000               39691.6882818983 
                 34.5000000000                  39.5000000000               40136.9029583264 
                 34.5000000000                  40.0000000000               40852.4447116957 
                 34.5000000000                  40.5000000000               41522.4933375873 
                 34.5000000000                  41.0000000000               42128.6885267684 
                 34.5000000000                  41.5000000000               42726.0783972571 
                 34.5000000000                  42.0000000000               43188.5200138737 
                 34.5000000000                  42.5000000000               43273.8908393433 
                 34.5000000000                  43.0000000000               42964.7025123549 
                 34.5000000000                  43.5000000000               42333.6597385641 
                 34.5000000000                  44.0000000000               41381.0449761443 
                 34.5000000000                  44.5000000000               39991.2734225364 
                 34.5000000000                  45.0000000000               38020.4964403504 
                 34.5000000000                  45.5000000000               35232.6976756782 
                 34.5000000000                  46.0000000000               31577.8968619632 
                 34.5000000000                  46.5000000000               27771.1590913792 
                 34.5000000000                  47.0000000000               24276.2556858074 
                 34.5000000000                  47.5000000000               21020.5404810024 
                 34.5000000000                  48.0000000000               17987.2044683910 
                 34.5000000000                  48.5000000000               14686.5687447894 
                 34.5000000000                  49.0000000000               10683.3032803060 
                 34.5000000000                  49.5000000000                5870.8970093058 
                 34.5000000000                  50.0000000000                   0.0000000000 
                 35.0000000000                   0.0000000000                   0.0000000000 
                 35.0000000000                   0.5000000000                5368.6716195113 
                 35.0000000000                   1.0000000000               10751.0892301560 
                 35.0000000000                   1.5000000000               16154.3705782203 
                 35.0000000000                   2.0000000000               21585.3327535767 
                 35.0000000000                   2.5000000000               27057.0741567667 
                 35.0000000000                   3.0000000000               32582.0347230245 
                 35.0000000000                   3.5000000000               38165.3026095240 
                 35.0000000000                   4.0000000000               43812.8277185954 
                 35.0000000000                   4.5000000000               49520.1232904113 
                 35.0000000000                   5.0000000000               55290.7607510267 
                 35.0000000000                   5.5000000000               61148.6259724606 
                 35.0000000000                   6.0000000000               67125.8369247358 
                 35.0000000000                   6.5000000000               73220.2657207100 
                 35.0000000000                   7.0000000000               79422.6307922659 
                 35.0000000000                   7.5000000000               85794.9927311948 
                 35.0000000000                   8.0000000000               92423.9216214164 
                 35.0000000000                   8.5000000000               99398.2310284463 
                 35.0000000000                   9.0000000000              106765.1442766470 
                 35.0000000000                   9.5000000000              114486.4853493283 
                 35.0000000000                  10.0000000000              122500.0105316004 
                 35.0000000000                  10.5000000000              130755.2411325498 
                 35.0000000000                  11.0000000000              139260.8168464574 
                 35.0000000000                  11.5000000000              148024.0343962579 
                 35.0000000000                  12.0000000000              156992.5600929437 
                 35.0000000000                  12.5000000000              166096.4002675817 
                 35.0000000000                  13.0000000000              175430.5951387332 
                 35.0000000000                  13.5000000000              185105.5326210177 
                 35.0000000000                  14.0000000000              195075.7087678357 
                 35.0000000000                  14.5000000000              205312.1974425051 
                 35.0000000000                  15.0000000000              215541.9960725281 
                 35.0000000000                  15.5000000000              225457.8119445639 
                 35.0000000000                  16.0000000000              234956.6276985243 
                 35.0000000000                  16.5000000000              243889.4204406428 
                 35.0000000000                  17.0000000000              251710.4596451632 
                 35.0000000000                  17.5000000000              258305.8716631478 
                 35.0000000000                  18.0000000000              264296.6387308864 
                 35.0000000000                  18.5000000000              270079.0843345975 
                 35.0000000000                  19.0000000000              275918.7742646890 
                 35.0000000000                  19.5000000000              281967.2557599315 
                 35.0000000000                  20.0000000000              288193.0812250163 
                 35.0000000000                  20.5000000000              294565.7715970111 
                 35.0000000000                  21.0000000000              300997.7776793816 
                 35.0000000000                  21.5000000000              307191.8307806568 
                 35.0000000000                  22.0000000000              312812.5559204988 
                 35.0000000000                  22.5000000000              317596.6113114694 
                 35.0000000000                  23.0000000000              321336.0376586277 
                 35.0000000000                  23.5000000000              323685.3038562935 
                 35.0000000000                  24.0000000000              324188.2066021432 
                 35.0000000000                  24.5000000000              322405.8856933541 
                 35.0000000000                  25.0000000000              317185.9526157734 
                 35.0000000000                  25.5000000000              309881.9477545140 
                 35.0000000000                  26.0000000000              302802.7959272976 
                 35.0000000000                  26.5000000000              295909.2886537619 
                 35.0000000000                  27.0000000000              288993.5553602039 
                 35.0000000000                  27.5000000000              281980.4678479389 
                 35.0000000000                  28.0000000000              274871.2463667830 
                 35.0000000000                  28.5000000000              267527.4346492432 
                 35.0000000000                  29.0000000000              259754.8363739682 
                 35.0000000000                  29.5000000000              251166.7833012786 
                 35.0000000000                  30.0000000000              241603.4324527534 
                 35.0000000000                  30.5000000000              231408.7219617666 
                 35.0000000000                  31.0000000000              221114.0312564018 
                 35.0000000000                  31.5000000000              210979.3196214308 
                 35.0000000000                  32.0000000000              200599.0608236019 
                 35.0000000000                  32.5000000000              189689.7937481930 
                 35.0000000000                  33.0000000000              178355.1255088898 
                 35.0000000000                  33.5000000000              166484.6609759470 
                 35.0000000000                  34.0000000000              153356.8246967675 
                 35.0000000000                  34.5000000000              138342.8978351044 
                 35.0000000000                  35.0000000000              120552.9087083624 
                 35.0000000000                  35.5000000000               99229.9713903621 
                 35.0000000000                  36.0000000000               79905.4305612978 
                 35.0000000000                  36.5000000000               65971.2543644216 
                 35.0000000000                  37.0000000000               54957.3232667330 
                 35.0000000000                  37.5000000000               46346.6830274303 
                 35.0000000000                  38.0000000000               41102.6049660131 
                 35.0000000000                  38.5000000000               39055.9402483513 
                 35.0000000000                  39.0000000000               38530.4783933730 
                 35.0000000000                  39.5000000000               38853.5513899580 
                 35.0000000000                  40.0000000000               39484.1896191263 
                 35.0000000000                  40.5000000000               40068.2471590889 
                 35.0000000000                  41.0000000000               40540.2300593021 
                 35.0000000000                  41.5000000000               40932.1330544768 
                 35.0000000000                  42.0000000000               41146.4654233503 
                 35.0000000000                  42.5000000000               41015.1811539265 
                 35.0000000000                  43.0000000000               40570.7602176572 
                 35.0000000000                  43.5000000000               39931.2880019069 
                 35.0000000000                  44.0000000000               39094.0532321090 
                 35.0000000000                  44.5000000000               37854.9261530573 
                 35.0000000000                  45.0000000000               36039.6064605251 
                 35.0000000000                  45.5000000000               33428.4672005411 
                 35.0000000000                  46.0000000000               29966.5303790336 
                 35.0000000000                  46.5000000000               26373.9839526557 
                 35.0000000000                  47.0000000000               23101.6791651054 
                 35.0000000000                  47.5000000000               20058.7454425296 
                 35.0000000000                  48.0000000000               17231.0802656231 
                 35.0000000000                  48.5000000000               14125.5024503670 
                 35.0000000000                  49.0000000000               10310.3098590630 
                 35.0000000000                  49.5000000000                5690.4177852247 
                 35.0000000000                  50.0000000000                   0.0000000000 
                 35.5000000000                   0.0000000000                   0.0000000000 
                 35.5000000000                   0.5000000000                5238.8031613779 
                 35.5000000000                   1.0000000000               10486.4464174263 
                 35.5000000000                   1.5000000000               15747.0703784258 
                 35.5000000000                   2.0000000000               21021.6057396915 
                 35.5000000000                   2.5000000000               26313.2834434019 
                 35.5000000000                   3.0000000000               31630.0670563803 
                 35.5000000000                   3.5000000000               36978.9854555351 
                 35.5000000000                   4.0000000000               42370.7623120630 
                 35.5000000000                   4.5000000000               47813.8424601165 
                 35.5000000000                   5.0000000000               53317.1023577795 
                 35.5000000000                   5.5000000000               58901.5887769120 
                 35.5000000000                   6.0000000000               64604.5779424619 
                 35.5000000000                   6.5000000000               70443.0541393028 
                 35.5000000000                   7.0000000000               76408.7757522974 
                 35.5000000000                   7.5000000000               82537.8774951301 
                 35.5000000000                   8.0000000000               88890.2992709674 
                 35.5000000000                   8.5000000000               95546.3400048212 
                 35.5000000000                   9.0000000000              102586.5165368000 
                 35.5000000000                   9.5000000000              110000.1849550360 
                 35.5000000000                  10.0000000000              117730.2388098723 
                 35.5000000000                  10.5000000000              125725.3704252941 
                 35.5000000000                  11.0000000000              133972.9887632023 
                 35.5000000000                  11.5000000000              142466.0803597961 
                 35.5000000000                  12.0000000000              151142.5976304471 
                 35.5000000000                  12.5000000000              159875.4573392522 
                 35.5000000000                  13.0000000000              168666.6740432492 
                 35.5000000000                  13.5000000000              177608.0444462353 
                 35.5000000000                  14.0000000000              186693.3143992636 
                 35.5000000000                  14.5000000000              195961.0544307221 
                 35.5000000000                  15.0000000000              205247.1454129258 
                 35.5000000000                  15.5000000000              214270.6994304134 
                 35.5000000000                  16.0000000000              222916.1634551591 
                 35.5000000000                  16.5000000000              231104.6190288540 
                 35.5000000000                  17.0000000000              238408.4102135857 
                 35.5000000000                  17.5000000000              244693.4472705145 
                 35.5000000000                  18.0000000000              250447.7855386048 
                 35.5000000000                  18.5000000000              255978.1212034969 
                 35.5000000000                  19.0000000000              261437.9883354254 
                 35.5000000000                  19.5000000000              266933.1713255847 
                 35.5000000000                  20.0000000000              272504.2750676889 
                 35.5000000000                  20.5000000000              278208.5947031436 
                 35.5000000000                  21.0000000000              284160.1036124266 
                 35.5000000000                  21.5000000000              290161.6298666798 
                 35.5000000000                  22.0000000000              295692.1482360887 
                 35.5000000000                  22.5000000000              300276.7161895716 
                 35.5000000000                  23.0000000000              303449.2859246239 
                 35.5000000000                  23.5000000000              304644.6659034658 
                 35.5000000000                  24.0000000000              303471.5411784225 
                 35.5000000000                  24.5000000000              299638.0792618874 
                 35.5000000000                  25.0000000000              292326.9535525825 
                 35.5000000000                  25.5000000000              283783.5886652640 
                 35.5000000000                  26.0000000000              276520.4806207953 
                 35.5000000000                  26.5000000000              270017.6843406378 
                 35.5000000000                  27.0000000000              263988.4192665612 
                 35.5000000000                  27.5000000000              258286.5037606332 
                 35.5000000000                  28.0000000000              252635.1212689950 
                 35.5000000000                  28.5000000000              246676.8316941704 
                 35.5000000000                  29.0000000000              240173.0451050238 
                 35.5000000000                  29.5000000000              232915.9318590583 
                 35.5000000000                  30.0000000000              224936.2908812852 
                 35.5000000000                  30.5000000000              216488.2268283899 
                 35.5000000000                  31.0000000000              207994.6474120650 
                 35.5000000000                  31.5000000000              199504.8693580394 
                 35.5000000000                  32.0000000000              190424.6293569600 
                 35.5000000000                  32.5000000000              180539.0686878156 
                 35.5000000000                  33.0000000000              170018.7216346332 
                 35.5000000000                  33.5000000000              158772.7509364718 
                 35.5000000000                  34.0000000000              146218.9654403133 
                 35.5000000000                  34.5000000000              131862.5236784760 
                 35.5000000000                  35.0000000000              114860.2365646647 
                 35.5000000000                  35.5000000000               94569.9097554035 
                 35.5000000000                  36.0000000000               76432.6429290218 
                 35.5000000000                  36.5000000000               63525.2255447905 
                 35.5000000000                  37.0000000000               53314.4961813055 
                 35.5000000000                  37.5000000000               45336.4149452644 
                 35.5000000000                  38.0000000000               40300.6872695203 
                 35.5000000000                  38.5000000000               38137.8883764855 
                 35.5000000000                  39.0000000000               37523.3468781493 
                 35.5000000000                  39.5000000000               37813.1414126787 
                 35.5000000000                  40.0000000000               38427.8764063726 
                 35.5000000000                  40.5000000000               38935.9319616551 
                 35.5000000000                  41.0000000000               39234.8559212676 
                 35.5000000000                  41.5000000000               39328.2207495591 
                 35.5000000000                  42.0000000000               39172.7204484964 
                 35.5000000000                  42.5000000000               38735.1388530701 
                 35.5000000000                  43.0000000000               38110.0925640632 
                 35.5000000000                  43.5000000000               37439.2590006630 
                 35.5000000000                  44.0000000000               36698.5896842229 
                 35.5000000000                  44.5000000000               35598.1549642074 
                 35.5000000000                  45.0000000000               33942.1858837812 
                 35.5000000000                  45.5000000000               31547.8021079902 
                 35.5000000000                  46.0000000000               28370.9602989469 
                 35.5000000000                  46.5000000000               25067.1059901662 
                 35.5000000000                  47.0000000000               22027.3103932456 
                 35.5000000000                  47.5000000000               19157.1527191767 
                 35.5000000000                  48.0000000000               16446.5914234902 
                 35.5000000000                  48.5000000000               13449.1001734478 
                 35.5000000000                  49.0000000000                9783.5402492800 
                 35.5000000000                  49.5000000000                5380.6071388510 
                 35.5000000000                  50.0000000000                   0.0000000000 
                 36.0000000000                   0.0000000000                   0.0000000000 
                 36.0000000000                   0.5000000000                5106.6827748577 
                 36.0000000000                   1.0000000000               10217.4264110834 
                 36.0000000000                   1.5000000000               15333.7547945179 
                 36.0000000000                   2.0000000000               20452.4905784175 
                 36.0000000000                   2.5000000000               25568.3764037040 
                 36.0000000000                   3.0000000000               30684.8031211453 
                 36.0000000000                   3.5000000000               35811.4773061023 
                 36.0000000000                   4.0000000000               40962.2891276106 
                 36.0000000000                   4.5000000000               46158.1890403955 
                 36.0000000000                   5.0000000000               51418.2267006556 
                 36.0000000000                   5.5000000000               56762.5545959038 
                 36.0000000000                   6.0000000000               62227.4340022044 
                 36.0000000000                   6.5000000000               67841.7263344924 
                 36.0000000000                   7.0000000000               73601.1825012725 
                 36.0000000000                   7.5000000000               79517.1486732748 
                 36.0000000000                   8.0000000000               85619.7253889846 
                 36.0000000000                   8.5000000000               91970.2782357747 
                 36.0000000000                   9.0000000000               98665.0705454167 
                 36.0000000000                   9.5000000000              105720.9517524441 
                 36.0000000000                  10.0000000000              113097.5055657402 
                 36.0000000000                  10.5000000000              120755.9598021217 
                 36.0000000000                  11.0000000000              128671.3887010675 
                 36.0000000000                  11.5000000000              136832.4175035329 
                 36.0000000000                  12.0000000000              145187.4736653796 
                 36.0000000000                  12.5000000000              153581.8046103398 
                 36.0000000000                  13.0000000000              161890.5389317523 
                 36.0000000000                  13.5000000000              170144.9948173908 
                 36.0000000000                  14.0000000000              178390.8094651129 
                 36.0000000000                  14.5000000000              186700.6913142772 
                 36.0000000000                  15.0000000000              195032.3865881424 
                 36.0000000000                  15.5000000000              203191.8487097654 
                 36.0000000000                  16.0000000000              211056.3806792003 
                 36.0000000000                  16.5000000000              218597.6123213817 
                 36.0000000000                  17.0000000000              225506.0036126784 
                 36.0000000000                  17.5000000000              231614.6793986414 
                 36.0000000000                  18.0000000000              237246.0622632966 
                 36.0000000000                  18.5000000000              242618.1978634726 
                 36.0000000000                  19.0000000000              247805.0392911482 
                 36.0000000000                  19.5000000000              252876.7540996456 
                 36.0000000000                  20.0000000000              257921.9619297048 
                 36.0000000000                  20.5000000000              263062.7615145355 
                 36.0000000000                  21.0000000000              268540.3854709641 
                 36.0000000000                  21.5000000000              274257.8219768057 
                 36.0000000000                  22.0000000000              279608.3839662016 
                 36.0000000000                  22.5000000000              283929.5707866208 
                 36.0000000000                  23.0000000000              286431.1521513839 
                 36.0000000000                  23.5000000000              286343.6971201159 
                 36.0000000000                  24.0000000000              283436.9678009867 
                 36.0000000000                  24.5000000000              277656.0829950646 
                 36.0000000000                  25.0000000000              268836.9528481541 
                 36.0000000000                  25.5000000000              259738.2171026985 
                 36.0000000000                  26.0000000000              252595.1392498445 
                 36.0000000000                  26.5000000000              246617.2583223417 
                 36.0000000000                  27.0000000000              241526.2145430864 
                 36.0000000000                  27.5000000000              237040.3586642519 
                 36.0000000000                  28.0000000000              232637.1554711680 
                 36.0000000000                  28.5000000000              227898.3415540818 
                 36.0000000000                  29.0000000000              222604.0733583943 
                 36.0000000000                  29.5000000000              216648.2624693964 
                 36.0000000000                  30.0000000000              210104.5079831985 
                 36.0000000000                  30.5000000000              203126.1131323529 
                 36.0000000000                  31.0000000000              196012.2048652107 
                 36.0000000000                  31.5000000000              188701.1859576741 
                 36.0000000000                  32.0000000000              180584.0177107775 
                 36.0000000000                  32.5000000000              171474.1825407778 
                 36.0000000000                  33.0000000000              161504.9172613429 
                 36.0000000000                  33.5000000000              150565.9652155272 
                 36.0000000000                  34.0000000000              138305.2381919913 
                 36.0000000000                  34.5000000000              124456.5873314578 
                 36.0000000000                  35.0000000000              108465.4641430786 
                 36.0000000000                  35.5000000000               90188.6722102311 
                 36.0000000000                  36.0000000000               73864.0231678189 
                 36.0000000000                  36.5000000000               61779.1573127266 
                 36.0000000000                  37.0000000000               52040.3293346285 
                 36.0000000000                  37.5000000000               44205.5941519351 
                 36.0000000000                  38.0000000000               39228.7307124716 
                 36.0000000000                  38.5000000000               37162.0118728939 
                 36.0000000000                  39.0000000000               36615.1723841915 
                 36.0000000000                  39.5000000000               37017.8082270029 
                 36.0000000000                  40.0000000000               37725.0107733259 
                 36.0000000000                  40.5000000000               38183.4506961727 
                 36.0000000000                  41.0000000000               38273.0821405589 
                 36.0000000000                  41.5000000000               37927.6921301512 
                 36.0000000000                  42.0000000000               37201.8807623056 
                 36.0000000000                  42.5000000000               36330.0291550247 
                 36.0000000000                  43.0000000000               35476.3254615521 
                 36.0000000000                  43.5000000000               34758.2639272388 
                 36.0000000000                  44.0000000000               34108.0526923373 
                 36.0000000000                  44.5000000000               33149.5133165630 
                 36.0000000000                  45.0000000000               31670.4567414843 
                 36.0000000000                  45.5000000000               29549.8752725977 
                 36.0000000000                  46.0000000000               26771.3720069196 
                 36.0000000000                  46.5000000000               23837.7564955685 
                 36.0000000000                  47.0000000000               21038.0890348348 
                 36.0000000000                  47.5000000000               18297.6132500967 
                 36.0000000000                  48.0000000000               15598.4192189243 
                 36.0000000000                  48.5000000000               12611.8792361787 
                 36.0000000000                  49.0000000000                9064.8445326549 
                 36.0000000000                  49.5000000000                4911.9735996469 
                 36.0000000000                  50.0000000000                   0.0000000000 
                 36.5000000000                   0.0000000000                   0.0000000000 
                 36.5000000000                   0.5000000000                4971.4707656394 
                 36.5000000000                   1.0000000000                9940.1714971375 
                 36.5000000000                   1.5000000000               14906.0407464255 
                 36.5000000000                   2.0000000000               19863.3407256839 
                 36.5000000000                   2.5000000000               24806.1903036829 
                 36.5000000000                   3.0000000000               29740.0978179677 
                 36.5000000000                   3.5000000000               34677.0384193889 
                 36.5000000000                   4.0000000000               39632.3604202612 
                 36.5000000000                   4.5000000000               44630.2031586497 
                 36.5000000000                   5.0000000000               49695.3751714621 
                 36.5000000000                   5.5000000000               54851.2143057225 
                 36.5000000000                   6.0000000000               60130.8577038369 
                 36.5000000000                   6.5000000000               65559.9914876712 
                 36.5000000000                   7.0000000000               71135.0116711742 
                 36.5000000000                   7.5000000000               76854.1347024567 
                 36.5000000000                   8.0000000000               82722.5660816625 
                 36.5000000000                   8.5000000000               88774.9630350570 
                 36.5000000000                   9.0000000000               95098.4445199057 
                 36.5000000000                   9.5000000000              101726.3095031188 
                 36.5000000000                  10.0000000000              108638.7408889483 
                 36.5000000000                  10.5000000000              115817.9062055154 
                 36.5000000000                  11.0000000000              123241.0202345669 
                 36.5000000000                  11.5000000000              130903.8288875992 
                 36.5000000000                  12.0000000000              138787.1142196768 
                 36.5000000000                  12.5000000000              146755.8281051308 
                 36.5000000000                  13.0000000000              154579.6943451916 
                 36.5000000000                  13.5000000000              162212.8953970128 
                 36.5000000000                  14.0000000000              169747.6072916321 
                 36.5000000000                  14.5000000000              177265.1849499335 
                 36.5000000000                  15.0000000000              184784.3229662927 
                 36.5000000000                  15.5000000000              192197.1622221266 
                 36.5000000000                  16.0000000000              199413.7911809615 
                 36.5000000000                  16.5000000000              206432.6786668426 
                 36.5000000000                  17.0000000000              212999.5151289125 
                 36.5000000000                  17.5000000000              218942.7540752432 
                 36.5000000000                  18.0000000000              224476.7226557924 
                 36.5000000000                  18.5000000000              229733.9597358918 
                 36.5000000000                  19.0000000000              234744.6047519611 
                 36.5000000000                  19.5000000000              239549.4991241359 
                 36.5000000000                  20.0000000000              244239.2561811687 
                 36.5000000000                  20.5000000000              248954.4202474884 
                 36.5000000000                  21.0000000000              253921.5654815798 
                 36.5000000000                  21.5000000000              259088.6823889891 
                 36.5000000000                  22.0000000000              263922.0293513513 
                 36.5000000000                  22.5000000000              267684.9333188093 
                 36.5000000000                  23.0000000000              269313.2291154930 
                 36.5000000000                  23.5000000000              267989.8665174650 
                 36.5000000000                  24.0000000000              263781.3114054015 
                 36.5000000000                  24.5000000000              256984.2978977402 
                 36.5000000000                  25.0000000000              247983.0549236801 
                 36.5000000000                  25.5000000000              239299.6415489202 
                 36.5000000000                  26.0000000000              232641.0889025863 
                 36.5000000000                  26.5000000000              227283.8970785415 
                 36.5000000000                  27.0000000000              222959.0189510277 
                 36.5000000000                  27.5000000000              219244.7257348995 
                 36.5000000000                  28.0000000000              215552.4388665012 
                 36.5000000000                  28.5000000000              211560.2165592186 
                 36.5000000000                  29.0000000000              207078.4479044076 
                 36.5000000000                  29.5000000000              202027.4825039420 
                 36.5000000000                  30.0000000000              196480.4281589795 
                 36.5000000000                  30.5000000000              190525.3781980400 
                 36.5000000000                  31.0000000000              184357.2086793348 
                 36.5000000000                  31.5000000000              177863.5069026511 
                 36.5000000000                  32.0000000000              170454.7726156535 
                 36.5000000000                  32.5000000000              161934.8325536609 
                 36.5000000000                  33.0000000000              152362.8541314672 
                 36.5000000000                  33.5000000000              141620.0503443981 
                 36.5000000000                  34.0000000000              129658.4609667643 
                 36.5000000000                  34.5000000000              116491.5689678251 
                 36.5000000000                  35.0000000000              101876.8172678121 
                 36.5000000000                  35.5000000000               85992.1612935747 
                 36.5000000000                  36.0000000000               71658.7156207773 
                 36.5000000000                  36.5000000000               60389.2421472256 
                 36.5000000000                  37.0000000000               50982.7448190818 
                 36.5000000000                  37.5000000000               43095.6682953123 
                 36.5000000000                  38.0000000000               38125.9409223147 
                 36.5000000000                  38.5000000000               36251.1880579093 
                 36.5000000000                  39.0000000000               35857.9465227566 
                 36.5000000000                  39.5000000000               36435.6939433710 
                 36.5000000000                  40.0000000000               37280.5137926572 
                 36.5000000000                  40.5000000000               37716.3031856725 
                 36.5000000000                  41.0000000000               37584.5284122096 
                 36.5000000000                  41.5000000000               36647.2387347218 
                 36.5000000000                  42.0000000000               35104.2024483538 
                 36.5000000000                  42.5000000000               33658.9069913683 
                 36.5000000000                  43.0000000000               32554.2382442402 
                 36.5000000000                  43.5000000000               31807.7677448106 
                 36.5000000000                  44.0000000000               31277.3740840263 
                 36.5000000000                  44.5000000000               30491.5975646599 
                 36.5000000000                  45.0000000000               29227.1050639638 
                 36.5000000000                  45.5000000000               27433.4724070012 
                 36.5000000000                  46.0000000000               25115.4770921964 
                 36.5000000000                  46.5000000000               22594.5232734132 
                 36.5000000000                  47.0000000000               20044.9240948792 
                 36.5000000000                  47.5000000000               17407.8507764952 
                 36.5000000000                  48.0000000000               14652.8656115680 
                 36.5000000000                  48.5000000000               11621.8145451784 
                 36.5000000000                  49.0000000000                8192.9853578807 
                 36.5000000000                  49.5000000000                4341.2611521079 
                 36.5000000000                  50.0000000000                   0.0000000000 
                 37.0000000000                   0.0000000000                   0.0000000000 
                 37.0000000000                   0.5000000000                4834.1524242445 
                 37.0000000000                   1.0000000000                9656.8515552124 
                 37.0000000000                   1.5000000000               14468.1566198188 
                 37.0000000000                   2.0000000000               19260.0027202884 
                 37.0000000000                   2.5000000000               24032.0172925941 
                 37.0000000000                   3.0000000000               28798.1079043362 
                 37.0000000000                   3.5000000000               33568.8138544543 
                 37.0000000000                   4.0000000000               38356.3842703013 
                 37.0000000000                   4.5000000000               43183.8469002854 
                 37.0000000000                   5.0000000000               48078.3371635480 
                 37.0000000000                   5.5000000000               53067.0784425097 
                 37.0000000000                   6.0000000000               58183.1189137656 
                 37.0000000000                   6.5000000000               63451.9513669163 
                 37.0000000000                   7.0000000000               68868.4863702460 
                 37.0000000000                   7.5000000000               74415.4619190526 
                 37.0000000000                   8.0000000000               80075.4568206664 
                 37.0000000000                   8.5000000000               85857.2625277070 
                 37.0000000000                   9.0000000000               91823.9888866091 
                 37.0000000000                   9.5000000000               98007.3197276946 
                 37.0000000000                  10.0000000000              104399.3537221655 
                 37.0000000000                  10.5000000000              110994.3167864943 
                 37.0000000000                  11.0000000000              117775.0629649280 
                 37.0000000000                  11.5000000000              124750.1392538123 
                 37.0000000000                  12.0000000000              131951.8702812981 
                 37.0000000000                  12.5000000000              139320.0841797757 
                 37.0000000000                  13.0000000000              146577.2746617412 
                 37.0000000000                  13.5000000000              153626.5951081025 
                 37.0000000000                  14.0000000000              160577.7879958090 
                 37.0000000000                  14.5000000000              167469.1038297818 
                 37.0000000000                  15.0000000000              174326.8770319658 
                 37.0000000000                  15.5000000000              181100.3709969210 
                 37.0000000000                  16.0000000000              187757.3255501508 
                 37.0000000000                  16.5000000000              194366.6794797755 
                 37.0000000000                  17.0000000000              200733.1970666948 
                 37.0000000000                  17.5000000000              206642.4826349454 
                 37.0000000000                  18.0000000000              212186.6524342972 
                 37.0000000000                  18.5000000000              217421.8098848687 
                 37.0000000000                  19.0000000000              222344.3006773625 
                 37.0000000000                  19.5000000000              226974.2239015458 
                 37.0000000000                  20.0000000000              231391.5566433226 
                 37.0000000000                  20.5000000000              235721.6842678266 
                 37.0000000000                  21.0000000000              240146.0885358544 
                 37.0000000000                  21.5000000000              244612.1182195869 
                 37.0000000000                  22.0000000000              248670.9154208279 
                 37.0000000000                  22.5000000000              251637.6424157841 
                 37.0000000000                  23.0000000000              252226.4068097654 
                 37.0000000000                  23.5000000000              249758.0475872998 
                 37.0000000000                  24.0000000000              244761.9391855426 
                 37.0000000000                  24.5000000000              237730.9940508388 
                 37.0000000000                  25.0000000000              229260.7441044297 
                 37.0000000000                  25.5000000000              221404.9613575314 
                 37.0000000000                  26.0000000000              215388.4454848150 
                 37.0000000000                  26.5000000000              210630.7314850010 
                 37.0000000000                  27.0000000000              206910.6110092104 
                 37.0000000000                  27.5000000000              203741.6045388971 
                 37.0000000000                  28.0000000000              200515.5453891708 
                 37.0000000000                  28.5000000000              197008.4348628956 
                 37.0000000000                  29.0000000000              193081.9400671978 
                 37.0000000000                  29.5000000000              188677.4020919208 
                 37.0000000000                  30.0000000000              183851.8478095470 
                 37.0000000000                  30.5000000000              178621.8609627764 
                 37.0000000000                  31.0000000000              173095.5844111378 
                 37.0000000000                  31.5000000000              167131.6603087427 
                 37.0000000000                  32.0000000000              160176.5094070367 
                 37.0000000000                  32.5000000000              152050.1721362684 
                 37.0000000000                  33.0000000000              142759.8181495087 
                 37.0000000000                  33.5000000000              132201.2158255406 
                 37.0000000000                  34.0000000000              120656.5639058859 
                 37.0000000000                  34.5000000000              108399.7234275548 
                 37.0000000000                  35.0000000000               95364.7418475739 
                 37.0000000000                  35.5000000000               81832.2854812430 
                 37.0000000000                  36.0000000000               69468.2937014301 
                 37.0000000000                  36.5000000000               59143.3699275492 
                 37.0000000000                  37.0000000000               50127.4297022186 
                 37.0000000000                  37.5000000000               42203.6902786485 
                 37.0000000000                  38.0000000000               37240.8969998470 
                 37.0000000000                  38.5000000000               35543.4623944361 
                 37.0000000000                  39.0000000000               35271.1014366969 
                 37.0000000000                  39.5000000000               35980.1852799504 
                 37.0000000000                  40.0000000000               36932.5537937064 
                 37.0000000000                  40.5000000000               37347.0649899078 
                 37.0000000000                  41.0000000000               37027.6398258910 
                 37.0000000000                  41.5000000000               35375.9361446710 
                 37.0000000000                  42.0000000000               32731.1595271200 
                 37.0000000000                  42.5000000000               30603.1348198354 
                 37.0000000000                  43.0000000000               29306.8865112318 
                 37.0000000000                  43.5000000000               28603.0605424762 
                 37.0000000000                  44.0000000000               28251.2000983485 
                 37.0000000000                  44.5000000000               27677.5042211927 
                 37.0000000000                  45.0000000000               26659.8185837873 
                 37.0000000000                  45.5000000000               25216.2530512256 
                 37.0000000000                  46.0000000000               23366.6191536077 
                 37.0000000000                  46.5000000000               21264.4603557422 
                 37.0000000000                  47.0000000000               18974.1557903162 
                 37.0000000000                  47.5000000000               16438.4359561238 
                 37.0000000000                  48.0000000000               13602.2027190189 
                 37.0000000000                  48.5000000000               10512.6558573225 
                 37.0000000000                  49.0000000000                7228.7191321714 
                 37.0000000000                  49.5000000000                3726.8660044452 
                 37.0000000000                  50.0000000000                   0.0000000000 
                 37.5000000000                   0.0000000000                   0.0000000000 
                 37.5000000000                   0.5000000000                4692.5592348480 
                 37.5000000000                   1.0000000000                9364.0366712651 
                 37.5000000000                   1.5000000000               14014.8707176270 
                 37.5000000000                   2.0000000000               18638.0523358752 
                 37.5000000000                   2.5000000000               23246.9634723078 
                 37.5000000000                   3.0000000000               27864.1013867974 
                 37.5000000000                   3.5000000000               32491.9858561574 
                 37.5000000000                   4.0000000000               37134.3713096386 
                 37.5000000000                   4.5000000000               41806.4914390601 
                 37.5000000000                   5.0000000000               46539.3069807916 
                 37.5000000000                   5.5000000000               51368.5790412190 
                 37.5000000000                   6.0000000000               56330.1587608870 
                 37.5000000000                   6.5000000000               61460.0892701639 
                 37.5000000000                   7.0000000000               66750.8630949914 
                 37.5000000000                   7.5000000000               72160.7873564652 
                 37.5000000000                   8.0000000000               77651.4297775446 
                 37.5000000000                   8.5000000000               83199.1728705504 
                 37.5000000000                   9.0000000000               88830.7908861415 
                 37.5000000000                   9.5000000000               94570.5443609351 
                 37.5000000000                  10.0000000000              100411.3983720148 
                 37.5000000000                  10.5000000000              106338.8846067482 
                 37.5000000000                  11.0000000000              112325.9275510739 
                 37.5000000000                  11.5000000000              118376.4712423685 
                 37.5000000000                  12.0000000000              124529.5037903401 
                 37.5000000000                  12.5000000000              130880.5531997291 
                 37.5000000000                  13.0000000000              137408.8948341006 
                 37.5000000000                  13.5000000000              144004.0120787753 
                 37.5000000000                  14.0000000000              150627.4374677326 
                 37.5000000000                  14.5000000000              157188.2771863408 
                 37.5000000000                  15.0000000000              163561.0823320330 
                 37.5000000000                  15.5000000000              169751.6357281830 
                 37.5000000000                  16.0000000000              175878.7432640314 
                 37.5000000000                  16.5000000000              182157.5404294828 
                 37.5000000000                  17.0000000000              188540.6601376277 
                 37.5000000000                  17.5000000000              194663.4526980454 
                 37.5000000000                  18.0000000000              200389.0559412307 
                 37.5000000000                  18.5000000000              205725.3940118112 
                 37.5000000000                  19.0000000000              210647.0950744942 
                 37.5000000000                  19.5000000000              215172.5699389843 
                 37.5000000000                  20.0000000000              219377.4808158959 
                 37.5000000000                  20.5000000000              223359.5619394348 
                 37.5000000000                  21.0000000000              227202.0313572913 
                 37.5000000000                  21.5000000000              230774.2051223487 
                 37.5000000000                  22.0000000000              233698.1928067321 
                 37.5000000000                  22.5000000000              235367.7954672700 
                 37.5000000000                  23.0000000000              234660.9937474558 
                 37.5000000000                  23.5000000000              231489.4069592288 
                 37.5000000000                  24.0000000000              226578.4399739731 
                 37.5000000000                  24.5000000000              220161.0494584284 
                 37.5000000000                  25.0000000000              212686.4731415877 
                 37.5000000000                  25.5000000000              205729.4381437295 
                 37.5000000000                  26.0000000000              200327.7154402985 
                 37.5000000000                  26.5000000000              196090.9526427893 
                 37.5000000000                  27.0000000000              192824.3131971276 
                 37.5000000000                  27.5000000000              190002.5083927607 
                 37.5000000000                  28.0000000000              187038.6372660031 
                 37.5000000000                  28.5000000000              183808.6326957777 
                 37.5000000000                  29.0000000000              180244.0910083858 
                 37.5000000000                  29.5000000000              176321.2265400628 
                 37.5000000000                  30.0000000000              172042.8041108500 
                 37.5000000000                  30.5000000000              167332.0048527927 
                 37.5000000000                  31.0000000000              162209.4795835245 
                 37.5000000000                  31.5000000000              156494.4933497052 
                 37.5000000000                  32.0000000000              149713.1305063481 
                 37.5000000000                  32.5000000000              141762.7581711745 
                 37.5000000000                  33.0000000000              132656.1607328400 
                 37.5000000000                  33.5000000000              122396.6023244748 
                 37.5000000000                  34.0000000000              111526.6977560625 
                 37.5000000000                  34.5000000000              100425.5525137250 
                 37.5000000000                  35.0000000000               89073.5778773173 
                 37.5000000000                  35.5000000000               77725.9107457577 
                 37.5000000000                  36.0000000000               67209.7521990323 
                 37.5000000000                  36.5000000000               57941.2518388227 
                 37.5000000000                  37.0000000000               49502.7755968855 
                 37.5000000000                  37.5000000000               41754.3830452205 
                 37.5000000000                  38.0000000000               36823.9212189478 
                 37.5000000000                  38.5000000000               35163.5963697768 
                 37.5000000000                  39.0000000000               34883.1950180358 
                 37.5000000000                  39.5000000000               35591.3339783119 
                 37.5000000000                  40.0000000000               36524.2279867043 
                 37.5000000000                  40.5000000000               36809.1094899903 
                 37.5000000000                  41.0000000000               36223.5599531060 
                 37.5000000000                  41.5000000000               33668.2242896092 
                 37.5000000000                  42.0000000000               29748.3912390967 
                 37.5000000000                  42.5000000000               27035.4038722018 
                 37.5000000000                  43.0000000000               25735.6060035321 
                 37.5000000000                  43.5000000000               25200.8221265875 
                 37.5000000000                  44.0000000000               25092.8595764513 
                 37.5000000000                  44.5000000000               24764.5796998457 
                 37.5000000000                  45.0000000000               24016.8929001846 
                 37.5000000000                  45.5000000000               22920.7941851309 
                 37.5000000000                  46.0000000000               21500.8689108783 
                 37.5000000000                  46.5000000000               19778.8755222938 
                 37.5000000000                  47.0000000000               17736.5673254568 
                 37.5000000000                  47.5000000000               15309.3253979562 
                 37.5000000000                  48.0000000000               12415.8208867072 
                 37.5000000000                  48.5000000000                9311.2498481146 
                 37.5000000000                  49.0000000000                6226.0559090728 
                 37.5000000000                  49.5000000000                3114.7468276721 
                 37.5000000000                  50.0000000000                   0.0000000000 
                 38.0000000000                   0.0000000000                   0.0000000000 
                 38.0000000000                   0.5000000000                4545.0215651823 
                 38.0000000000                   1.0000000000                9064.1727835215 
                 38.0000000000                   1.5000000000               13557.8653920655 
                 38.0000000000                   2.0000000000               18024.0820774405 
                 38.0000000000                   2.5000000000               22484.8706279395 
                 38.0000000000                   3.0000000000               26962.5200371250 
                 38.0000000000                   3.5000000000               31452.8159626667 
                 38.0000000000                   4.0000000000               35950.0203621659 
                 38.0000000000                   4.5000000000               40465.9388329290 
                 38.0000000000                   5.0000000000               45041.9070968949 
                 38.0000000000                   5.5000000000               49718.7810288941 
                 38.0000000000                   6.0000000000               54530.8018726304 
                 38.0000000000                   6.5000000000               59518.5732294359 
                 38.0000000000                   7.0000000000               64671.3340154630 
                 38.0000000000                   7.5000000000               69931.9939571619 
                 38.0000000000                   8.0000000000               75248.7620304584 
                 38.0000000000                   8.5000000000               80567.9961037500 
                 38.0000000000                   9.0000000000               85876.8003807472 
                 38.0000000000                   9.5000000000               91189.3381827589 
                 38.0000000000                  10.0000000000               96497.2127756282 
                 38.0000000000                  10.5000000000              101771.1856467923 
                 38.0000000000                  11.0000000000              106980.0063165880 
                 38.0000000000                  11.5000000000              112131.2454589998 
                 38.0000000000                  12.0000000000              117267.1881202758 
                 38.0000000000                  12.5000000000              122589.3331799559 
                 38.0000000000                  13.0000000000              128337.8992774307 
                 38.0000000000                  13.5000000000              134444.3469187033 
                 38.0000000000                  14.0000000000              140728.9437187444 
                 38.0000000000                  14.5000000000              146995.1788444479 
                 38.0000000000                  15.0000000000              152960.1283449448 
                 38.0000000000                  15.5000000000              158655.3909833863 
                 38.0000000000                  16.0000000000              164343.2518052479 
                 38.0000000000                  16.5000000000              170339.1395791041 
                 38.0000000000                  17.0000000000              176723.8339383629 
                 38.0000000000                  17.5000000000              183040.1390012729 
                 38.0000000000                  18.0000000000              188946.9055685225 
                 38.0000000000                  18.5000000000              194391.9319455518 
                 38.0000000000                  19.0000000000              199321.6753191682 
                 38.0000000000                  19.5000000000              203750.3940652998 
                 38.0000000000                  20.0000000000              207751.0900219341 
                 38.0000000000                  20.5000000000              211393.5926189140 
                 38.0000000000                  21.0000000000              214673.4868782687 
                 38.0000000000                  21.5000000000              217373.1473437463 
                 38.0000000000                  22.0000000000              219149.7707695944 
                 38.0000000000                  22.5000000000              219482.3924936187 
                 38.0000000000                  23.0000000000              217676.3773056263 
                 38.0000000000                  23.5000000000              214224.2426311345 
                 38.0000000000                  24.0000000000              209754.8608621370 
                 38.0000000000                  24.5000000000              204131.4297735035 
                 38.0000000000                  25.0000000000              197510.2799449868 
                 38.0000000000                  25.5000000000              191243.1025073795 
                 38.0000000000                  26.0000000000              186399.0176124817 
                 38.0000000000                  26.5000000000              182640.5044552613 
                 38.0000000000                  27.0000000000              179763.5829468586 
                 38.0000000000                  27.5000000000              177230.9416305881 
                 38.0000000000                  28.0000000000              174500.1264736850 
                 38.0000000000                  28.5000000000              171517.2114212274 
                 38.0000000000                  29.0000000000              168288.1476761901 
                 38.0000000000                  29.5000000000              164803.0323697163 
                 38.0000000000                  30.0000000000              160969.0288475164 
                 38.0000000000                  30.5000000000              156632.1321203581 
                 38.0000000000                  31.0000000000              151726.6123712800 
                 38.0000000000                  31.5000000000              146043.5895350100 
                 38.0000000000                  32.0000000000              139272.2834212711 
                 38.0000000000                  32.5000000000              131426.6435138401 
                 38.0000000000                  33.0000000000              122574.9578532450 
                 38.0000000000                  33.5000000000              112871.2133068544 
                 38.0000000000                  34.0000000000              102914.8197642639 
                 38.0000000000                  34.5000000000               93051.8987326957 
                 38.0000000000                  35.0000000000               83287.7114692744 
                 38.0000000000                  35.5000000000               73797.8840263021 
                 38.0000000000                  36.0000000000               64903.4533671304 
                 38.0000000000                  36.5000000000               56740.9284190478 
                 38.0000000000                  37.0000000000               49096.6510634224 
                 38.0000000000                  37.5000000000               41889.7707440354 
                 38.0000000000                  38.0000000000               37049.0554251864 
                 38.0000000000                  38.5000000000               35173.0321777508 
                 38.0000000000                  39.0000000000               34684.8793758317 
                 38.0000000000                  39.5000000000               35184.8065849359 
                 38.0000000000                  40.0000000000               35878.2584597768 
                 38.0000000000                  40.5000000000               35817.7977411561 
                 38.0000000000                  41.0000000000               34706.5118455580 
                 38.0000000000                  41.5000000000               31200.7933239217 
                 38.0000000000                  42.0000000000               26370.2894550118 
                 38.0000000000                  42.5000000000               23401.4416617829 
                 38.0000000000                  43.0000000000               22220.3334560671 
                 38.0000000000                  43.5000000000               21907.2527587113 
                 38.0000000000                  44.0000000000               22038.7969481672 
                 38.0000000000                  44.5000000000               21949.5743334930 
                 38.0000000000                  45.0000000000               21461.8268679326 
                 38.0000000000                  45.5000000000               20669.7343767511 
                 38.0000000000                  46.0000000000               19592.9846863391 
                 38.0000000000                  46.5000000000               18175.4020245370 
                 38.0000000000                  47.0000000000               16351.1109573236 
                 38.0000000000                  47.5000000000               14047.5830941900 
                 38.0000000000                  48.0000000000               11181.0553890410 
                 38.0000000000                  48.5000000000                8154.0588371155 
                 38.0000000000                  49.0000000000                5310.0639715920 
                 38.0000000000                  49.5000000000                2584.4994040336 
                 38.0000000000                  50.0000000000                   0.0000000000 
                 38.5000000000                   0.0000000000                   0.0000000000 
                 38.5000000000                   0.5000000000                4394.1282049056 
                 38.5000000000                   1.0000000000                8765.3404043929 
                 38.5000000000                   1.5000000000               13114.2972489510 
                 38.5000000000                   2.0000000000               17443.2592901952 
                 38.5000000000                   2.5000000000               21769.8903760929 
                 38.5000000000                   3.0000000000               26107.8291072419 
                 38.5000000000                   3.5000000000               30451.8963947493 
                 38.5000000000                   4.0000000000               34790.2926816561 
                 38.5000000000                   4.5000000000               39143.3963208303 
                 38.5000000000                   5.0000000000               43568.8013696102 
                 38.5000000000                   5.5000000000               48102.2605038426 
                 38.5000000000                   6.0000000000               52768.3073337779 
                 38.5000000000                   6.5000000000               57593.9190677863 
                 38.5000000000                   7.0000000000               62559.7912037521 
                 38.5000000000                   7.5000000000               67612.9159016090 
                 38.5000000000                   8.0000000000               72701.1218176446 
                 38.5000000000                   8.5000000000               77754.7514467167 
                 38.5000000000                   9.0000000000               82731.9018099616 
                 38.5000000000                   9.5000000000               87636.0760749195 
                 38.5000000000                  10.0000000000               92461.1275924308 
                 38.5000000000                  10.5000000000               97175.6675698980 
                 38.5000000000                  11.0000000000              101771.5030165751 
                 38.5000000000                  11.5000000000              106287.4995705568 
                 38.5000000000                  12.0000000000              110799.0282535554 
                 38.5000000000                  12.5000000000              115499.3423616349 
                 38.5000000000                  13.0000000000              120597.0416850824 
                 38.5000000000                  13.5000000000              126066.9531924163 
                 38.5000000000                  14.0000000000              131764.2037687004 
                 38.5000000000                  14.5000000000              137496.0720546431 
                 38.5000000000                  15.0000000000              142990.9694503074 
                 38.5000000000                  15.5000000000              148282.3026404293 
                 38.5000000000                  16.0000000000              153649.4869643495 
                 38.5000000000                  16.5000000000              159382.8356735831 
                 38.5000000000                  17.0000000000              165571.8638468646 
                 38.5000000000                  17.5000000000              171818.4484147511 
                 38.5000000000                  18.0000000000              177730.4629833930 
                 38.5000000000                  18.5000000000              183171.2477186697 
                 38.5000000000                  19.0000000000              188044.1906986177 
                 38.5000000000                  19.5000000000              192338.6791146783 
                 38.5000000000                  20.0000000000              196114.1032445905 
                 38.5000000000                  20.5000000000              199421.4151864657 
                 38.5000000000                  21.0000000000              202226.8318144277 
                 38.5000000000                  21.5000000000              204280.7293632989 
                 38.5000000000                  22.0000000000              205262.2060549807 
                 38.5000000000                  22.5000000000              204773.3428429196 
                 38.5000000000                  23.0000000000              202376.6686802939 
                 38.5000000000                  23.5000000000              198711.0372664530 
                 38.5000000000                  24.0000000000              194371.5060388213 
                 38.5000000000                  24.5000000000              189123.4516206394 
                 38.5000000000                  25.0000000000              182934.3673182045 
                 38.5000000000                  25.5000000000              177151.1789601375 
                 38.5000000000                  26.0000000000              172850.0066016353 
                 38.5000000000                  26.5000000000              169586.4960515429 
                 38.5000000000                  27.0000000000              167126.2426577870 
                 38.5000000000                  27.5000000000              164943.5490614886 
                 38.5000000000                  28.0000000000              162539.9193887582 
                 38.5000000000                  28.5000000000              159897.1452725921 
                 38.5000000000                  29.0000000000              157071.3988567673 
                 38.5000000000                  29.5000000000              154024.6033382411 
                 38.5000000000                  30.0000000000              150565.5466075919 
                 38.5000000000                  30.5000000000              146502.6448704645 
                 38.5000000000                  31.0000000000              141697.1191489216 
                 38.5000000000                  31.5000000000              135959.7340378091 
                 38.5000000000                  32.0000000000              129206.0546332213 
                 38.5000000000                  32.5000000000              121565.1345985297 
                 38.5000000000                  33.0000000000              113153.1310499961 
                 38.5000000000                  33.5000000000              104196.5801446004 
                 38.5000000000                  34.0000000000               95210.5506518092 
                 38.5000000000                  34.5000000000               86488.8750944449 
                 38.5000000000                  35.0000000000               78077.7226107815 
                 38.5000000000                  35.5000000000               70096.5030837074 
                 38.5000000000                  36.0000000000               62579.2382128549 
                 38.5000000000                  36.5000000000               55494.8508177386 
                 38.5000000000                  37.0000000000               48769.7880951857 
                 38.5000000000                  37.5000000000               42365.9923359261 
                 38.5000000000                  38.0000000000               37723.7846584615 
                 38.5000000000                  38.5000000000               35493.1367477066 
                 38.5000000000                  39.0000000000               34612.3081881862 
                 38.5000000000                  39.5000000000               34692.0611590308 
                 38.5000000000                  40.0000000000               34919.1294777554 
                 38.5000000000                  40.5000000000               34301.3103242865 
                 38.5000000000                  41.0000000000               32472.3870519778 
                 38.5000000000                  41.5000000000               28206.5546660162 
                 38.5000000000                  42.0000000000               23029.6794602015 
                 38.5000000000                  42.5000000000               20115.4017243283 
                 38.5000000000                  43.0000000000               19083.2652812923 
                 38.5000000000                  43.5000000000               18966.9435816938 
                 38.5000000000                  44.0000000000               19293.9134201951 
                 38.5000000000                  44.5000000000               19408.7641917749 
                 38.5000000000                  45.0000000000               19138.4605879897 
                 38.5000000000                  45.5000000000               18581.4863449953 
                 38.5000000000                  46.0000000000               17754.6965839205 
                 38.5000000000                  46.5000000000               16564.2701370948 
                 38.5000000000                  47.0000000000               14924.7256989256 
                 38.5000000000                  47.5000000000               12766.1042711566 
                 38.5000000000                  48.0000000000               10012.2384125619 
                 38.5000000000                  48.5000000000                7143.0305756310 
                 38.5000000000                  49.0000000000                4554.6407334323 
                 38.5000000000                  49.5000000000                2167.7096830012 
                 38.5000000000                  50.0000000000                   0.0000000000 
                 39.0000000000                   0.0000000000                   0.0000000000 
                 39.0000000000                   0.5000000000                4243.4792740216 
                 39.0000000000                   1.0000000000                8472.0301463229 
                 39.0000000000                   1.5000000000               12685.4594912752 
                 39.0000000000                   2.0000000000               16888.6303883344 
                 39.0000000000                   2.5000000000               21090.2572459575 
                 39.0000000000                   3.0000000000               25291.5185960555 
                 39.0000000000                   3.5000000000               29487.8301055370 
                 39.0000000000                   4.0000000000               33663.2427713966 
                 39.0000000000                   4.5000000000               37851.8134749282 
                 39.0000000000                   5.0000000000               42130.9185207221 
                 39.0000000000                   5.5000000000               46524.9310573144 
                 39.0000000000                   6.0000000000               51043.1137241370 
                 39.0000000000                   6.5000000000               55693.9334077656 
                 39.0000000000                   7.0000000000               60440.5447721746 
                 39.0000000000                   7.5000000000               65236.8784894144 
                 39.0000000000                   8.0000000000               70043.1601364067 
                 39.0000000000                   8.5000000000               74784.4105782303 
                 39.0000000000                   9.0000000000               79407.1026968605 
                 39.0000000000                   9.5000000000               83913.8777903062 
                 39.0000000000                  10.0000000000               88301.8027688166 
                 39.0000000000                  10.5000000000               92545.0366392585 
                 39.0000000000                  11.0000000000               96668.2496851316 
                 39.0000000000                  11.5000000000              100740.0644527140 
                 39.0000000000                  12.0000000000              104834.3320604342 
                 39.0000000000                  12.5000000000              109104.0830006568 
                 39.0000000000                  13.0000000000              113676.5923685171 
                 39.0000000000                  13.5000000000              118517.3166399420 
                 39.0000000000                  14.0000000000              123543.8791362663 
                 39.0000000000                  14.5000000000              128618.8775398320 
                 39.0000000000                  15.0000000000              133563.6839619582 
                 39.0000000000                  15.5000000000              138460.8852056486 
                 39.0000000000                  16.0000000000              143540.3391177911 
                 39.0000000000                  16.5000000000              149004.2986269511 
                 39.0000000000                  17.0000000000              154924.9262695917 
                 39.0000000000                  17.5000000000              160976.5709943274 
                 39.0000000000                  18.0000000000              166771.1579544579 
                 39.0000000000                  18.5000000000              172119.5642616678 
                 39.0000000000                  19.0000000000              176881.9114331257 
                 39.0000000000                  19.5000000000              181017.5344201270 
                 39.0000000000                  20.0000000000              184570.7434276041 
                 39.0000000000                  20.5000000000              187580.7848194640 
                 39.0000000000                  21.0000000000              190001.9056153081 
                 39.0000000000                  21.5000000000              191571.7969586052 
                 39.0000000000                  22.0000000000              191995.1201739268 
                 39.0000000000                  22.5000000000              190963.8924708055 
                 39.0000000000                  23.0000000000              188186.9331183999 
                 39.0000000000                  23.5000000000              184323.1024125607 
                 39.0000000000                  24.0000000000              179946.0831911701 
                 39.0000000000                  24.5000000000              174846.6207871152 
                 39.0000000000                  25.0000000000              168908.9505991381 
                 39.0000000000                  25.5000000000              163529.4638829486 
                 39.0000000000                  26.0000000000              159770.2290481438 
                 39.0000000000                  26.5000000000              157024.3028309706 
                 39.0000000000                  27.0000000000              155009.2363861143 
                 39.0000000000                  27.5000000000              153214.0438777488 
                 39.0000000000                  28.0000000000              151181.6159742192 
                 39.0000000000                  28.5000000000              148917.4467334544 
                 39.0000000000                  29.0000000000              146506.9331382654 
                 39.0000000000                  29.5000000000              143878.5766256296 
                 39.0000000000                  30.0000000000              140756.2699619517 
                 39.0000000000                  30.5000000000              136921.8520974257 
                 39.0000000000                  31.0000000000              132176.0482641143 
                 39.0000000000                  31.5000000000              126372.9378136446 
                 39.0000000000                  32.0000000000              119678.4180006762 
                 39.0000000000                  32.5000000000              112329.7306606521 
                 39.0000000000                  33.0000000000              104447.6094500450 
                 39.0000000000                  33.5000000000               96272.1760765826 
                 39.0000000000                  34.0000000000               88213.6743785089 
                 39.0000000000                  34.5000000000               80513.7788055306 
                 39.0000000000                  35.0000000000               73250.1247919699 
                 39.0000000000                  35.5000000000               66514.3605648969 
                 39.0000000000                  36.0000000000               60169.5320276026 
                 39.0000000000                  36.5000000000               54089.3443878889 
                 39.0000000000                  37.0000000000               48299.9163535854 
                 39.0000000000                  37.5000000000               42817.7120302107 
                 39.0000000000                  38.0000000000               38531.9214769555 
                 39.0000000000                  38.5000000000               35977.8099315159 
                 39.0000000000                  39.0000000000               34604.1449330223 
                 39.0000000000                  39.5000000000               34087.0946336805 
                 39.0000000000                  40.0000000000               33644.3831978677 
                 39.0000000000                  40.5000000000               32314.4972347639 
                 39.0000000000                  41.0000000000               29719.0737492653 
                 39.0000000000                  41.5000000000               24911.7760332819 
                 39.0000000000                  42.0000000000               19758.7520809335 
                 39.0000000000                  42.5000000000               17114.3914145883 
                 39.0000000000                  43.0000000000               16291.5316549543 
                 39.0000000000                  43.5000000000               16374.0565056299 
                 39.0000000000                  44.0000000000               16879.2828492638 
                 39.0000000000                  44.5000000000               17170.1422442328 
                 39.0000000000                  45.0000000000               17072.5108982568 
                 39.0000000000                  45.5000000000               16681.4159220776 
                 39.0000000000                  46.0000000000               16018.1763383019 
                 39.0000000000                  46.5000000000               14978.3496647222 
                 39.0000000000                  47.0000000000               13486.2766435741 
                 39.0000000000                  47.5000000000               11492.6941842445 
                 39.0000000000                  48.0000000000                8917.6103531285 
                 39.0000000000                  48.5000000000                6269.4151756821 
                 39.0000000000                  49.0000000000                3949.2245965820 
                 39.0000000000                  49.5000000000                1849.7983248731 
                 39.0000000000                  50.0000000000                   0.0000000000 
                 39.5000000000                   0.0000000000                   0.0000000000 
                 39.5000000000                   0.5000000000                4097.4696883222 
                 39.5000000000                   1.0000000000                8189.8915394237 
                 39.5000000000                   1.5000000000               12275.4328327588 
                 39.5000000000                   2.0000000000               16360.0575864186 
                 39.5000000000                   2.5000000000               20441.5867551117 
                 39.5000000000                   3.0000000000               24508.6138358663 
                 39.5000000000                   3.5000000000               28558.5009470026 
                 39.5000000000                   4.0000000000               32573.6201099093 
                 39.5000000000                   4.5000000000               36606.0065276074 
                 39.5000000000                   5.0000000000               40750.3278534044 
                 39.5000000000                   5.5000000000               45012.9147775724 
                 39.5000000000                   6.0000000000               49385.1697687236 
                 39.5000000000                   6.5000000000               53847.8358754161 
                 39.5000000000                   7.0000000000               58337.7230200229 
                 39.5000000000                   7.5000000000               62817.4043584779 
                 39.5000000000                   8.0000000000               67262.9839328006 
                 39.5000000000                   8.5000000000               71620.7394906465 
                 39.5000000000                   9.0000000000               75858.1943190308 
                 39.5000000000                   9.5000000000               79975.8835622987 
                 39.5000000000                  10.0000000000               83968.4103824625 
                 39.5000000000                  10.5000000000               87833.0797510091 
                 39.5000000000                  11.0000000000               91631.2683293372 
                 39.5000000000                  11.5000000000               95430.0594197187 
                 39.5000000000                  12.0000000000               99269.9583739634 
                 39.5000000000                  12.5000000000              103236.9962185356 
                 39.5000000000                  13.0000000000              107349.5829387556 
                 39.5000000000                  13.5000000000              111554.7679342091 
                 39.5000000000                  14.0000000000              115824.7681618709 
                 39.5000000000                  14.5000000000              120101.3604044944 
                 39.5000000000                  15.0000000000              124439.9774955200 
                 39.5000000000                  15.5000000000              128994.1611111647 
                 39.5000000000                  16.0000000000              133840.3789796546 
                 39.5000000000                  16.5000000000              139066.6862637131 
                 39.5000000000                  17.0000000000              144696.9816525864 
                 39.5000000000                  17.5000000000              150476.3540047663 
                 39.5000000000                  18.0000000000              156064.3484510494 
                 39.5000000000                  18.5000000000              161249.5716983981 
                 39.5000000000                  19.0000000000              165865.2224334602 
                 39.5000000000                  19.5000000000              169842.3053953169 
                 39.5000000000                  20.0000000000              173203.2287004010 
                 39.5000000000                  20.5000000000              175974.4767197362 
                 39.5000000000                  21.0000000000              178098.7735058169 
                 39.5000000000                  21.5000000000              179311.2761640624 
                 39.5000000000                  22.0000000000              179343.3539792412 
                 39.5000000000                  22.5000000000              177940.9219600626 
                 39.5000000000                  23.0000000000              174844.5009420160 
                 39.5000000000                  23.5000000000              170672.9856782409 
                 39.5000000000                  24.0000000000              166060.6215801101 
                 39.5000000000                  24.5000000000              160913.5567850951 
                 39.5000000000                  25.0000000000              155183.0597494372 
                 39.5000000000                  25.5000000000              150312.9786921316 
                 39.5000000000                  26.0000000000              147187.4362395547 
                 39.5000000000                  26.5000000000              145009.7411209540 
                 39.5000000000                  27.0000000000              143470.4628166165 
                 39.5000000000                  27.5000000000              142082.1049758075 
                 39.5000000000                  28.0000000000              140436.4524927391 
                 39.5000000000                  28.5000000000              138558.1070623722 
                 39.5000000000                  29.0000000000              136550.0464645796 
                 39.5000000000                  29.5000000000              134309.7559848140 
                 39.5000000000                  30.0000000000              131494.4608277206 
                 39.5000000000                  30.5000000000              127871.3642153190 
                 39.5000000000                  31.0000000000              123189.8969252702 
                 39.5000000000                  31.5000000000              117364.0944650568 
                 39.5000000000                  32.0000000000              110805.2389161883 
                 39.5000000000                  32.5000000000              103826.3888409225 
                 39.5000000000                  33.0000000000               96509.4859106721 
                 39.5000000000                  33.5000000000               89068.6321846757 
                 39.5000000000                  34.0000000000               81829.7691560142 
                 39.5000000000                  34.5000000000               75007.5882261604 
                 39.5000000000                  35.0000000000               68697.0468887301 
                 39.5000000000                  35.5000000000               62967.1131031757 
                 39.5000000000                  36.0000000000               57586.4489644235 
                 39.5000000000                  36.5000000000               52386.1606867347 
                 39.5000000000                  37.0000000000               47454.3444721232 
                 39.5000000000                  37.5000000000               42874.5412742052 
                 39.5000000000                  38.0000000000               39069.6703113829 
                 39.5000000000                  38.5000000000               36333.0675458230 
                 39.5000000000                  39.0000000000               34463.4603380765 
                 39.5000000000                  39.5000000000               33195.3567526717 
                 39.5000000000                  40.0000000000               31901.8190496199 
                 39.5000000000                  40.5000000000               29818.9813205105 
                 39.5000000000                  41.0000000000               26592.6044685780 
                 39.5000000000                  41.5000000000               21584.0343437592 
                 39.5000000000                  42.0000000000               16750.3142268043 
                 39.5000000000                  42.5000000000               14463.3087472250 
                 39.5000000000                  43.0000000000               13866.3708574874 
                 39.5000000000                  43.5000000000               14145.6697751026 
                 39.5000000000                  44.0000000000               14825.9671786625 
                 39.5000000000                  44.5000000000               15281.0251091268 
                 39.5000000000                  45.0000000000               15321.1220828780 
                 39.5000000000                  45.5000000000               15022.5692413057 
                 39.5000000000                  46.0000000000               14404.7499291340 
                 39.5000000000                  46.5000000000               13400.7641171011 
                 39.5000000000                  47.0000000000               11993.5635744243 
                 39.5000000000                  47.5000000000               10178.7712914375 
                 39.5000000000                  48.0000000000                7897.5173349586 
                 39.5000000000                  48.5000000000                5581.8206437987 
                 39.5000000000                  49.0000000000                3542.3560452042 
                 39.5000000000                  49.5000000000                1664.7777584446 
                 39.5000000000                  50.0000000000                   0.0000000000 
                 40.0000000000                   0.0000000000                   0.0000000000 
                 40.0000000000                   0.5000000000                3963.2077025809 
                 40.0000000000                   1.0000000000                7926.4380099664 
                 40.0000000000                   1.5000000000               11888.0099238668 
                 40.0000000000                   2.0000000000               15853.7118289099 
                 40.0000000000                   2.5000000000               19812.8592386496 
                 40.0000000000                   3.0000000000               23745.2456322724 
                 40.0000000000                   3.5000000000               27649.4731177602 
                 40.0000000000                   4.0000000000               31509.2255974888 
                 40.0000000000                   4.5000000000               35390.3209665024 
                 40.0000000000                   5.0000000000               39396.8375120912 
                 40.0000000000                   5.5000000000               43520.0202827657 
                 40.0000000000                   6.0000000000               47734.2651706169 
                 40.0000000000                   6.5000000000               51992.1930573207 
                 40.0000000000                   7.0000000000               56207.7924216052 
                 40.0000000000                   7.5000000000               60351.2020865487 
                 40.0000000000                   8.0000000000               64414.2241579184 
                 40.0000000000                   8.5000000000               68379.8749154300 
                 40.0000000000                   9.0000000000               72248.4417706545 
                 40.0000000000                   9.5000000000               76016.7988944123 
                 40.0000000000                  10.0000000000               79678.5460300264 
                 40.0000000000                  10.5000000000               83256.7610180492 
                 40.0000000000                  11.0000000000               86828.5842292612 
                 40.0000000000                  11.5000000000               90436.2673300466 
                 40.0000000000                  12.0000000000               94082.2520359286 
                 40.0000000000                  12.5000000000               97789.6311210318 
                 40.0000000000                  13.0000000000              101495.7077246255 
                 40.0000000000                  13.5000000000              105139.4928642377 
                 40.0000000000                  14.0000000000              108732.9889086397 
                 40.0000000000                  14.5000000000              112293.9703119269 
                 40.0000000000                  15.0000000000              116076.8103022162 
                 40.0000000000                  15.5000000000              120281.0587941894 
                 40.0000000000                  16.0000000000              124851.5259615572 
                 40.0000000000                  16.5000000000              129784.1622577975 
                 40.0000000000                  17.0000000000              135054.8390100648 
                 40.0000000000                  17.5000000000              140467.8458924800 
                 40.0000000000                  18.0000000000              145744.9436817399 
                 40.0000000000                  18.5000000000              150674.4563026546 
                 40.0000000000                  19.0000000000              155075.6453155582 
                 40.0000000000                  19.5000000000              158853.4995601137 
                 40.0000000000                  20.0000000000              162004.3429808402 
                 40.0000000000                  20.5000000000              164538.9506936424 
                 40.0000000000                  21.0000000000              166386.8431887924 
                 40.0000000000                  21.5000000000              167287.5729535706 
                 40.0000000000                  22.0000000000              167000.7967426555 
                 40.0000000000                  22.5000000000              165296.4020872922 
                 40.0000000000                  23.0000000000              161864.7986131101 
                 40.0000000000                  23.5000000000              157348.0282604200 
                 40.0000000000                  24.0000000000              152527.5504703897 
                 40.0000000000                  24.5000000000              147408.6644738239 
                 40.0000000000                  25.0000000000              142090.6104163076 
                 40.0000000000                  25.5000000000              137889.3906480409 
                 40.0000000000                  26.0000000000              135390.9074402281 
                 40.0000000000                  26.5000000000              133745.4610898437 
                 40.0000000000                  27.0000000000              132640.9080217699 
                 40.0000000000                  27.5000000000              131623.5830024172 
                 40.0000000000                  28.0000000000              130333.2686798607 
                 40.0000000000                  28.5000000000              128805.1362617000 
                 40.0000000000                  29.0000000000              127151.3278582258 
                 40.0000000000                  29.5000000000              125246.7700130741 
                 40.0000000000                  30.0000000000              122702.4946692347 
                 40.0000000000                  30.5000000000              119278.4771527399 
                 40.0000000000                  31.0000000000              114684.8966402060 
                 40.0000000000                  31.5000000000              108893.2046985164 
                 40.0000000000                  32.0000000000              102524.9048271990 
                 40.0000000000                  32.5000000000               95946.5582911949 
                 40.0000000000                  33.0000000000               89171.9245972742 
                 40.0000000000                  33.5000000000               82370.6053925281 
                 40.0000000000                  34.0000000000               75838.6106706678 
                 40.0000000000                  34.5000000000               69780.5156361003 
                 40.0000000000                  35.0000000000               64274.3128708661 
                 40.0000000000                  35.5000000000               59360.6409161381 
                 40.0000000000                  36.0000000000               54767.2474051865 
                 40.0000000000                  36.5000000000               50314.7708642899 
                 40.0000000000                  37.0000000000               46109.9259054635 
                 40.0000000000                  37.5000000000               42239.8330839066 
                 40.0000000000                  38.0000000000               38881.2613541239 
                 40.0000000000                  38.5000000000               36139.1196756911 
                 40.0000000000                  39.0000000000               33918.4899576305 
                 40.0000000000                  39.5000000000               32028.5451674481 
                 40.0000000000                  40.0000000000               30034.5534245420 
                 40.0000000000                  40.5000000000               27388.1135662349 
                 40.0000000000                  41.0000000000               23815.7759845981 
                 40.0000000000                  41.5000000000               18838.5156284643 
                 40.0000000000                  42.0000000000               14290.4846249241 
                 40.0000000000                  42.5000000000               12237.5365828469 
                 40.0000000000                  43.0000000000               11812.1081399617 
                 40.0000000000                  43.5000000000               12257.6725939824 
                 40.0000000000                  44.0000000000               13107.4605071425 
                 40.0000000000                  44.5000000000               13713.7114180040 
                 40.0000000000                  45.0000000000               13856.1485967899 
                 40.0000000000                  45.5000000000               13561.1699460514 
                 40.0000000000                  46.0000000000               12824.5502780711 
                 40.0000000000                  46.5000000000               11724.5351387903 
                 40.0000000000                  47.0000000000               10365.7260040954 
                 40.0000000000                  47.5000000000                8781.3968450166 
                 40.0000000000                  48.0000000000                6973.1455523360 
                 40.0000000000                  48.5000000000                5134.3098324958 
                 40.0000000000                  49.0000000000                3378.7295294764 
                 40.0000000000                  49.5000000000                1650.7281143169 
                 40.0000000000                  50.0000000000                   0.0000000000 
                 40.5000000000                   0.0000000000                   0.0000000000 
                 40.5000000000                   0.5000000000                3841.7172961200 
                 40.5000000000                   1.0000000000                7681.7773077957 
                 40.5000000000                   1.5000000000               11519.4152970846 
                 40.5000000000                   2.0000000000               15360.8980850829 
                 40.5000000000                   2.5000000000               19191.2844722575 
                 40.5000000000                   3.0000000000               22985.2140847464 
                 40.5000000000                   3.5000000000               26741.9440890693 
                 40.5000000000                   4.0000000000               30446.1101263682 
                 40.5000000000                   4.5000000000               34167.5447876239 
                 40.5000000000                   5.0000000000               38014.9141725504 
                 40.5000000000                   5.5000000000               41973.2694759755 
                 40.5000000000                   6.0000000000               46003.8844552259 
                 40.5000000000                   6.5000000000               50044.2257972675 
                 40.5000000000                   7.0000000000               53999.6868336795 
                 40.5000000000                   7.5000000000               57846.4431943699 
                 40.5000000000                   8.0000000000               61592.5342209718 
                 40.5000000000                   8.5000000000               65243.2252661199 
                 40.5000000000                   9.0000000000               68811.9017621747 
                 40.5000000000                   9.5000000000               72299.4263316672 
                 40.5000000000                  10.0000000000               75707.2279429280 
                 40.5000000000                  10.5000000000               79064.8913924110 
                 40.5000000000                  11.0000000000               82435.5799073196 
                 40.5000000000                  11.5000000000               85840.5329392341 
                 40.5000000000                  12.0000000000               89262.4805398498 
                 40.5000000000                  12.5000000000               92695.9547304377 
                 40.5000000000                  13.0000000000               96057.3433399934 
                 40.5000000000                  13.5000000000               99287.3260867002 
                 40.5000000000                  14.0000000000              102427.7327004771 
                 40.5000000000                  14.5000000000              105536.4989801053 
                 40.5000000000                  15.0000000000              108884.4077539668 
                 40.5000000000                  15.5000000000              112679.9386277924 
                 40.5000000000                  16.0000000000              116858.9287127635 
                 40.5000000000                  16.5000000000              121373.4083112406 
                 40.5000000000                  17.0000000000              126178.9360387958 
                 40.5000000000                  17.5000000000              131120.3542222399 
                 40.5000000000                  18.0000000000              135967.9504197057 
                 40.5000000000                  18.5000000000              140521.7570979383 
                 40.5000000000                  19.0000000000              144591.3186321816 
                 40.5000000000                  19.5000000000              148059.6115802370 
                 40.5000000000                  20.0000000000              150901.6942713691 
                 40.5000000000                  20.5000000000              153111.2953923563 
                 40.5000000000                  21.0000000000              154606.6087731398 
                 40.5000000000                  21.5000000000              155137.1713068039 
                 40.5000000000                  22.0000000000              154497.0982791141 
                 40.5000000000                  22.5000000000              152475.2037102598 
                 40.5000000000                  23.0000000000              148758.6682342618 
                 40.5000000000                  23.5000000000              144120.7902900702 
                 40.5000000000                  24.0000000000              139448.8600517224 
                 40.5000000000                  24.5000000000              134739.9225156427 
                 40.5000000000                  25.0000000000              130127.8142068784 
                 40.5000000000                  25.5000000000              126633.9101443815 
                 40.5000000000                  26.0000000000              124635.6119826321 
                 40.5000000000                  26.5000000000              123396.2726204675 
                 40.5000000000                  27.0000000000              122620.0580090904 
                 40.5000000000                  27.5000000000              121892.1299227522 
                 40.5000000000                  28.0000000000              120886.0948565513 
                 40.5000000000                  28.5000000000              119635.2477346270 
                 40.5000000000                  29.0000000000              118256.3421367859 
                 40.5000000000                  29.5000000000              116610.8960404590 
                 40.5000000000                  30.0000000000              114280.2824819235 
                 40.5000000000                  30.5000000000              111026.6259376695 
                 40.5000000000                  31.0000000000              106528.9770101638 
                 40.5000000000                  31.5000000000              100798.8167123321 
                 40.5000000000                  32.0000000000               94637.5758656819 
                 40.5000000000                  32.5000000000               88455.5850164169 
                 40.5000000000                  33.0000000000               82184.8659457103 
                 40.5000000000                  33.5000000000               75957.6594171687 
                 40.5000000000                  34.0000000000               70070.6241339872 
                 40.5000000000                  34.5000000000               64710.1084924163 
                 40.5000000000                  35.0000000000               59913.6914414380 
                 40.5000000000                  35.5000000000               55695.1501076012 
                 40.5000000000                  36.0000000000               51770.4942977270 
                 40.5000000000                  36.5000000000               47960.9293433530 
                 40.5000000000                  37.0000000000               44365.6681588669 
                 40.5000000000                  37.5000000000               41034.8803992927 
                 40.5000000000                  38.0000000000               38040.9200501559 
                 40.5000000000                  38.5000000000               35405.5740355680 
                 40.5000000000                  39.0000000000               33046.4120159243 
                 40.5000000000                  39.5000000000               30861.7414596230 
                 40.5000000000                  40.0000000000               28519.6472310616 
                 40.5000000000                  40.5000000000               25565.3926151181 
                 40.5000000000                  41.0000000000               21821.7944568069 
                 40.5000000000                  41.5000000000               16860.3198941920 
                 40.5000000000                  42.0000000000               12397.1377415274 
                 40.5000000000                  42.5000000000               10409.3150140208 
                 40.5000000000                  43.0000000000               10069.6814197281 
                 40.5000000000                  43.5000000000               10630.9739554229 
                 40.5000000000                  44.0000000000               11621.9547913931 
                 40.5000000000                  44.5000000000               12350.2939473652 
                 40.5000000000                  45.0000000000               12556.9621854331 
                 40.5000000000                  45.5000000000               12184.6002243991 
                 40.5000000000                  46.0000000000               11198.6020329478 
                 40.5000000000                  46.5000000000                9939.6506161735 
                 40.5000000000                  47.0000000000                8673.0477541278 
                 40.5000000000                  47.5000000000                7410.4915162326 
                 40.5000000000                  48.0000000000                6175.2358006999 
                 40.5000000000                  48.5000000000                4865.9847637669 
                 40.5000000000                  49.0000000000                3390.3011351275 
                 40.5000000000                  49.5000000000                1760.4643048390 
                 40.5000000000                  50.0000000000                   0.0000000000 
                 41.0000000000                   0.0000000000                   0.0000000000 
                 41.0000000000                   0.5000000000                3729.5481775300 
                 41.0000000000                   1.0000000000                7451.5915630014 
                 41.0000000000                   1.5000000000               11164.5236316017 
                 41.0000000000                   2.0000000000               14876.3213022896 
                 41.0000000000                   2.5000000000               18570.5422374126 
                 41.0000000000                   3.0000000000               22219.2671450821 
                 41.0000000000                   3.5000000000               25824.0339218804 
                 41.0000000000                   4.0000000000               29369.5943229061 
                 41.0000000000                   4.5000000000               32925.0696381492 
                 41.0000000000                   5.0000000000               36600.9081083257 
                 41.0000000000                   5.5000000000               40378.9889169031 
                 41.0000000000                   6.0000000000               44211.1096043662 
                 41.0000000000                   6.5000000000               48028.0507587651 
                 41.0000000000                   7.0000000000               51738.9077590683 
                 41.0000000000                   7.5000000000               55328.4334952357 
                 41.0000000000                   8.0000000000               58816.0027114297 
                 41.0000000000                   8.5000000000               62217.8943023836 
                 41.0000000000                   9.0000000000               65548.0334584619 
                 41.0000000000                   9.5000000000               68810.7529222326 
                 41.0000000000                  10.0000000000               72016.9679260786 
                 41.0000000000                  10.5000000000               75195.4065394815 
                 41.0000000000                  11.0000000000               78386.8231662382 
                 41.0000000000                  11.5000000000               81592.3755999116 
                 41.0000000000                  12.0000000000               84784.5751050634 
                 41.0000000000                  12.5000000000               87946.7901553137 
                 41.0000000000                  13.0000000000               90996.7908301133 
                 41.0000000000                  13.5000000000               93886.6948791993 
                 41.0000000000                  14.0000000000               96679.7220976774 
                 41.0000000000                  14.5000000000               99450.7792826141 
                 41.0000000000                  15.0000000000              102445.1716734466 
                 41.0000000000                  15.5000000000              105854.2497206059 
                 41.0000000000                  16.0000000000              109619.7077302388 
                 41.0000000000                  16.5000000000              113677.8232520408 
                 41.0000000000                  17.0000000000              117973.7352878423 
                 41.0000000000                  17.5000000000              122378.0587516267 
                 41.0000000000                  18.0000000000              126703.9283351253 
                 41.0000000000                  18.5000000000              130773.5263664884 
                 41.0000000000                  19.0000000000              134396.0911377974 
                 41.0000000000                  19.5000000000              137442.1086634102 
                 41.0000000000                  20.0000000000              139867.7206201775 
                 41.0000000000                  20.5000000000              141643.5886472028 
                 41.0000000000                  21.0000000000              142677.1514724701 
                 41.0000000000                  21.5000000000              142741.0559393278 
                 41.0000000000                  22.0000000000              141688.1848153190 
                 41.0000000000                  22.5000000000              139375.3923447348 
                 41.0000000000                  23.0000000000              135540.7652776822 
                 41.0000000000                  23.5000000000              131091.4561991495 
                 41.0000000000                  24.0000000000              126934.6423699976 
                 41.0000000000                  24.5000000000              122941.2890452640 
                 41.0000000000                  25.0000000000              119179.2725930751 
                 41.0000000000                  25.5000000000              116390.4176294610 
                 41.0000000000                  26.0000000000              114827.4009543788 
                 41.0000000000                  26.5000000000              113906.6940200502 
                 41.0000000000                  27.0000000000              113378.2652834557 
                 41.0000000000                  27.5000000000              112868.2186221597 
                 41.0000000000                  28.0000000000              112075.5016296927 
                 41.0000000000                  28.5000000000              111023.7518885819 
                 41.0000000000                  29.0000000000              109829.3184226818 
                 41.0000000000                  29.5000000000              108347.1201447780 
                 41.0000000000                  30.0000000000              106144.2916438858 
                 41.0000000000                  30.5000000000              103007.3270667223 
                 41.0000000000                  31.0000000000               98601.7364801850 
                 41.0000000000                  31.5000000000               92965.2470473521 
                 41.0000000000                  32.0000000000               87056.8431419501 
                 41.0000000000                  32.5000000000               81305.9270862135 
                 41.0000000000                  33.0000000000               75544.6225509043 
                 41.0000000000                  33.5000000000               69873.7733910348 
                 41.0000000000                  34.0000000000               64592.7646942586 
                 41.0000000000                  34.5000000000               59866.9051197145 
                 41.0000000000                  35.0000000000               55693.7821658083 
                 41.0000000000                  35.5000000000               52069.9484707710 
                 41.0000000000                  36.0000000000               48714.6715134614 
                 41.0000000000                  36.5000000000               45458.9331662334 
                 41.0000000000                  37.0000000000               42395.2129842380 
                 41.0000000000                  37.5000000000               39546.2158202249 
                 41.0000000000                  38.0000000000               36910.8669139213 
                 41.0000000000                  38.5000000000               34449.4372401661 
                 41.0000000000                  39.0000000000               32085.8287324743 
                 41.0000000000                  39.5000000000               29777.4527155136 
                 41.0000000000                  40.0000000000               27253.2692972994 
                 41.0000000000                  40.5000000000               24116.9588777618 
                 41.0000000000                  41.0000000000               20263.6300357846 
                 41.0000000000                  41.5000000000               15300.5753517916 
                 41.0000000000                  42.0000000000               10857.3095959724 
                 41.0000000000                  42.5000000000                8867.2677025940 
                 41.0000000000                  43.0000000000                8555.0652380775 
                 41.0000000000                  43.5000000000                9183.4729081750 
                 41.0000000000                  44.0000000000               10275.4758572076 
                 41.0000000000                  44.5000000000               11094.5133519890 
                 41.0000000000                  45.0000000000               11348.5275698906 
                 41.0000000000                  45.5000000000               10874.8724590471 
                 41.0000000000                  46.0000000000                9595.8864792314 
                 41.0000000000                  46.5000000000                8200.5055781281 
                 41.0000000000                  47.0000000000                7113.6052767564 
                 41.0000000000                  47.5000000000                6225.8950987626 
                 41.0000000000                  48.0000000000                5530.5296629889 
                 41.0000000000                  48.5000000000                4695.6270969237 
                 41.0000000000                  49.0000000000                3478.2365313549 
                 41.0000000000                  49.5000000000                1920.3873819140 
                 41.0000000000                  50.0000000000                   0.0000000000 
                 41.5000000000                   0.0000000000                   0.0000000000 
                 41.5000000000                   0.5000000000                3628.6619624746 
                 41.5000000000                   1.0000000000                7237.9484902888 
                 41.5000000000                   1.5000000000               10824.8961030169 
                 41.5000000000                   2.0000000000               14398.5675858011 
                 41.5000000000                   2.5000000000               17943.5304446444 
                 41.5000000000                   3.0000000000               21434.9360110454 
                 41.5000000000                   3.5000000000               24879.2398400431 
                 41.5000000000                   4.0000000000               28263.1153832782 
                 41.5000000000                   4.5000000000               31653.5279364474 
                 41.5000000000                   5.0000000000               35156.3149126639 
                 41.5000000000                   5.5000000000               38749.2712620798 
                 41.5000000000                   6.0000000000               42377.2392759384 
                 41.5000000000                   6.5000000000               45972.1038346480 
                 41.5000000000                   7.0000000000               49458.0846837499 
                 41.5000000000                   7.5000000000               52828.1308548438 
                 41.5000000000                   8.0000000000               56105.4708063589 
                 41.5000000000                   8.5000000000               59308.0962616846 
                 41.5000000000                   9.0000000000               62444.2030089678 
                 41.5000000000                   9.5000000000               65522.4789860025 
                 41.5000000000                  10.0000000000               68564.1039030979 
                 41.5000000000                  10.5000000000               71598.0413376972 
                 41.5000000000                  11.0000000000               74641.4808953624 
                 41.5000000000                  11.5000000000               77671.8613770833 
                 41.5000000000                  12.0000000000               80652.1037769639 
                 41.5000000000                  12.5000000000               83552.2697322393 
                 41.5000000000                  13.0000000000               86295.1225249880 
                 41.5000000000                  13.5000000000               88857.9169852967 
                 41.5000000000                  14.0000000000               91327.4518738723 
                 41.5000000000                  14.5000000000               93799.1346564530 
                 41.5000000000                  15.0000000000               96497.9108513385 
                 41.5000000000                  15.5000000000               99575.5496375753 
                 41.5000000000                  16.0000000000              102961.7965307965 
                 41.5000000000                  16.5000000000              106580.1853380195 
                 41.5000000000                  17.0000000000              110354.4215961210 
                 41.5000000000                  17.5000000000              114169.6050552664 
                 41.5000000000                  18.0000000000              117885.8545384222 
                 41.5000000000                  18.5000000000              121356.0452705349 
                 41.5000000000                  19.0000000000              124411.1251967291 
                 41.5000000000                  19.5000000000              126923.3220739828 
                 41.5000000000                  20.0000000000              128820.6941851164 
                 41.5000000000                  20.5000000000              130035.2102159825 
                 41.5000000000                  21.0000000000              130429.3795028863 
                 41.5000000000                  21.5000000000              129807.8554935069 
                 41.5000000000                  22.0000000000              128152.7441176377 
                 41.5000000000                  22.5000000000              125472.3978479375 
                 41.5000000000                  23.0000000000              121799.7112056292 
                 41.5000000000                  23.5000000000              118105.8154039475 
                 41.5000000000                  24.0000000000              114946.0316008941 
                 41.5000000000                  24.5000000000              111963.6837044640 
                 41.5000000000                  25.0000000000              109153.1707054708 
                 41.5000000000                  25.5000000000              107048.3262622604 
                 41.5000000000                  26.0000000000              105870.3655800329 
                 41.5000000000                  26.5000000000              105207.5607765419 
                 41.5000000000                  27.0000000000              104871.2297431500 
                 41.5000000000                  27.5000000000              104531.4113624149 
                 41.5000000000                  28.0000000000              103901.2549736314 
                 41.5000000000                  28.5000000000              102983.9078688456 
                 41.5000000000                  29.0000000000              101877.3152901978 
                 41.5000000000                  29.5000000000              100414.0071069274 
                 41.5000000000                  30.0000000000               98174.2195086044 
                 41.5000000000                  30.5000000000               95013.8141245402 
                 41.5000000000                  31.0000000000               90644.2060956779 
                 41.5000000000                  31.5000000000               85196.0760592034 
                 41.5000000000                  32.0000000000               79698.5466309471 
                 41.5000000000                  32.5000000000               74486.4959317203 
                 41.5000000000                  33.0000000000               69293.7564448951 
                 41.5000000000                  33.5000000000               64198.1375089389 
                 41.5000000000                  34.0000000000               59501.8333285284 
                 41.5000000000                  34.5000000000               55351.5688397329 
                 41.5000000000                  35.0000000000               51713.6989211917 
                 41.5000000000                  35.5000000000               48574.6539471389 
                 41.5000000000                  36.0000000000               45680.4151061282 
                 41.5000000000                  36.5000000000               42895.8779801429 
                 41.5000000000                  37.0000000000               40315.4119541967 
                 41.5000000000                  37.5000000000               37944.9544781200 
                 41.5000000000                  38.0000000000               35706.0479728976 
                 41.5000000000                  38.5000000000               33479.0606508849 
                 41.5000000000                  39.0000000000               31176.9029677768 
                 41.5000000000                  39.5000000000               28789.8222477447 
                 41.5000000000                  40.0000000000               26107.8294558597 
                 41.5000000000                  40.5000000000               22811.9222362472 
                 41.5000000000                  41.0000000000               18866.0640307292 
                 41.5000000000                  41.5000000000               13916.2791198915 
                 41.5000000000                  42.0000000000                9507.2202392913 
                 41.5000000000                  42.5000000000                7509.3682223041 
                 41.5000000000                  43.0000000000                7193.0894006055 
                 41.5000000000                  43.5000000000                7839.0996317417 
                 41.5000000000                  44.0000000000                8969.2195428872 
                 41.5000000000                  44.5000000000                9818.1725525300 
                 41.5000000000                  45.0000000000               10090.2341873360 
                 41.5000000000                  45.5000000000                9544.6660485857 
                 41.5000000000                  46.0000000000                8086.8909972731 
                 41.5000000000                  46.5000000000                6711.6868068185 
                 41.5000000000                  47.0000000000                5896.6243889887 
                 41.5000000000                  47.5000000000                5362.8282739579 
                 41.5000000000                  48.0000000000                5084.6636964877 
                 41.5000000000                  48.5000000000                4597.6822074654 
                 41.5000000000                  49.0000000000                3577.2293943399 
                 41.5000000000                  49.5000000000                2073.7706585685 
                 41.5000000000                  50.0000000000                   0.0000000000 
                 42.0000000000                   0.0000000000                   0.0000000000 
                 42.0000000000                   0.5000000000                3544.5958542167 
                 42.0000000000                   1.0000000000                7046.0946155947 
                 42.0000000000                   1.5000000000               10503.3328416028 
                 42.0000000000                   2.0000000000               13921.1940925963 
                 42.0000000000                   2.5000000000               17292.8065698684 
                 42.0000000000                   3.0000000000               20611.2435366568 
                 42.0000000000                   3.5000000000               23887.9133978710 
                 42.0000000000                   4.0000000000               27114.8339023665 
                 42.0000000000                   4.5000000000               30352.7494042392 
                 42.0000000000                   5.0000000000               33689.1568969521 
                 42.0000000000                   5.5000000000               37096.9532660566 
                 42.0000000000                   6.0000000000               40518.2351986857 
                 42.0000000000                   6.5000000000               43892.4374874223 
                 42.0000000000                   7.0000000000               47166.4668607196 
                 42.0000000000                   7.5000000000               50340.4324397998 
                 42.0000000000                   8.0000000000               53434.7054192338 
                 42.0000000000                   8.5000000000               56461.8771582667 
                 42.0000000000                   9.0000000000               59425.9367803568 
                 42.0000000000                   9.5000000000               62342.2943501859 
                 42.0000000000                  10.0000000000               65240.5421765407 
                 42.0000000000                  10.5000000000               68152.4272636525 
                 42.0000000000                  11.0000000000               71069.0099490279 
                 42.0000000000                  11.5000000000               73938.9611152752 
                 42.0000000000                  12.0000000000               76715.0312795168 
                 42.0000000000                  12.5000000000               79343.3192474629 
                 42.0000000000                  13.0000000000               81760.7068062885 
                 42.0000000000                  13.5000000000               83994.2008431047 
                 42.0000000000                  14.0000000000               86156.9497074080 
                 42.0000000000                  14.5000000000               88372.8858955767 
                 42.0000000000                  15.0000000000               90839.0569567597 
                 42.0000000000                  15.5000000000               93640.3513529694 
                 42.0000000000                  16.0000000000               96688.8269240970 
                 42.0000000000                  16.5000000000               99897.1816556402 
                 42.0000000000                  17.0000000000              103165.8558272560 
                 42.0000000000                  17.5000000000              106392.4786330072 
                 42.0000000000                  18.0000000000              109478.9154884706 
                 42.0000000000                  18.5000000000              112308.3627396102 
                 42.0000000000                  19.0000000000              114748.0879907237 
                 42.0000000000                  19.5000000000              116681.7755971187 
                 42.0000000000                  20.0000000000              118009.3107419862 
                 42.0000000000                  20.5000000000              118614.2765664045 
                 42.0000000000                  21.0000000000              118307.3203173609 
                 42.0000000000                  21.5000000000              117003.4950387614 
                 42.0000000000                  22.0000000000              114881.5362106922 
                 42.0000000000                  22.5000000000              112136.5208893325 
                 42.0000000000                  23.0000000000              109131.6839418416 
                 42.0000000000                  23.5000000000              106554.8650087661 
                 42.0000000000                  24.0000000000              104445.4024844231 
                 42.0000000000                  24.5000000000              102403.4643357854 
                 42.0000000000                  25.0000000000              100359.9682182237 
                 42.0000000000                  25.5000000000               98743.8670577891 
                 42.0000000000                  26.0000000000               97818.0674140863 
                 42.0000000000                  26.5000000000               97308.3186018294 
                 42.0000000000                  27.0000000000               97082.7532882662 
                 42.0000000000                  27.5000000000               96845.0626494049 
                 42.0000000000                  28.0000000000               96304.8414398394 
                 42.0000000000                  28.5000000000               95439.6070382191 
                 42.0000000000                  29.0000000000               94300.1756072307 
                 42.0000000000                  29.5000000000               92693.9391110679 
                 42.0000000000                  30.0000000000               90279.6408870111 
                 42.0000000000                  30.5000000000               87009.3744946429 
                 42.0000000000                  31.0000000000               82734.8165964339 
                 42.0000000000                  31.5000000000               77718.1270734270 
                 42.0000000000                  32.0000000000               72822.2005047284 
                 42.0000000000                  32.5000000000               68206.9807115769 
                 42.0000000000                  33.0000000000               63596.7690886129 
                 42.0000000000                  33.5000000000               59051.8410513698 
                 42.0000000000                  34.0000000000               54876.4677250325 
                 42.0000000000                  34.5000000000               51208.1840292624 
                 42.0000000000                  35.0000000000               47994.1270689375 
                 42.0000000000                  35.5000000000               45208.3451730097 
                 42.0000000000                  36.0000000000               42666.0562701865 
                 42.0000000000                  36.5000000000               40294.0876681116 
                 42.0000000000                  37.0000000000               38177.8760735114 
                 42.0000000000                  37.5000000000               36331.9975802370 
                 42.0000000000                  38.0000000000               34563.5309592243 
                 42.0000000000                  38.5000000000               32622.9742647757 
                 42.0000000000                  39.0000000000               30413.4590460042 
                 42.0000000000                  39.5000000000               27892.4613066481 
                 42.0000000000                  40.0000000000               24949.5335660201 
                 42.0000000000                  40.5000000000               21442.5059413565 
                 42.0000000000                  41.0000000000               17389.6103595216 
                 42.0000000000                  41.5000000000               12500.3020415691 
                 42.0000000000                  42.0000000000                8220.8085012311 
                 42.0000000000                  42.5000000000                6262.6516712665 
                 42.0000000000                  43.0000000000                5931.1518142376 
                 42.0000000000                  43.5000000000                6544.1410020382 
                 42.0000000000                  44.0000000000                7624.3986175154 
                 42.0000000000                  44.5000000000                8425.1133292802 
                 42.0000000000                  45.0000000000                8673.3557751232 
                 42.0000000000                  45.5000000000                8174.2041393577 
                 42.0000000000                  46.0000000000                6906.3962748885 
                 42.0000000000                  46.5000000000                5798.6220563350 
                 42.0000000000                  47.0000000000                5236.6110125768 
                 42.0000000000                  47.5000000000                4939.6261068859 
                 42.0000000000                  48.0000000000                4865.5929972793 
                 42.0000000000                  48.5000000000                4541.4496047324 
                 42.0000000000                  49.0000000000                3626.7228181584 
                 42.0000000000                  49.5000000000                2148.7851280719 
                 42.0000000000                  50.0000000000                   0.0000000000 
                 42.5000000000                   0.0000000000                   0.0000000000 
                 42.5000000000                   0.5000000000                3471.0483971590 
                 42.5000000000                   1.0000000000                6866.1563105391 
                 42.5000000000                   1.5000000000               10186.2489192261 
                 42.5000000000                   2.0000000000               13426.0781543389 
                 42.5000000000                   2.5000000000               16598.0431961600 
                 42.5000000000                   3.0000000000               19730.5495007044 
                 42.5000000000                   3.5000000000               22839.4449181801 
                 42.5000000000                   4.0000000000               25923.2140162906 
                 42.5000000000                   4.5000000000               29028.0867203288 
                 42.5000000000                   5.0000000000               32209.0035097593 
                 42.5000000000                   5.5000000000               35433.9030820527 
                 42.5000000000                   6.0000000000               38644.0788525184 
                 42.5000000000                   6.5000000000               41787.7853734224 
                 42.5000000000                   7.0000000000               44841.3418551901 
                 42.5000000000                   7.5000000000               47815.0037697450 
                 42.5000000000                   8.0000000000               50722.3944827242 
                 42.5000000000                   8.5000000000               53571.6132424539 
                 42.5000000000                   9.0000000000               56367.7697849615 
                 42.5000000000                   9.5000000000               59130.3813171943 
                 42.5000000000                  10.0000000000               61892.7763569514 
                 42.5000000000                  10.5000000000               64687.5925298396 
                 42.5000000000                  11.0000000000               67473.5910785947 
                 42.5000000000                  11.5000000000               70169.2089289430 
                 42.5000000000                  12.0000000000               72718.7393569424 
                 42.5000000000                  12.5000000000               75041.1103596270 
                 42.5000000000                  13.0000000000               77115.8500746692 
                 42.5000000000                  13.5000000000               79044.5031588463 
                 42.5000000000                  14.0000000000               80957.5619887396 
                 42.5000000000                  14.5000000000               82995.9198771936 
                 42.5000000000                  15.0000000000               85295.4429049945 
                 42.5000000000                  15.5000000000               87859.7795186977 
                 42.5000000000                  16.0000000000               90597.7965356897 
                 42.5000000000                  16.5000000000               93421.1973502642 
                 42.5000000000                  17.0000000000               96230.6832450687 
                 42.5000000000                  17.5000000000               98942.4804661438 
                 42.5000000000                  18.0000000000              101482.0640287898 
                 42.5000000000                  18.5000000000              103754.6081861179 
                 42.5000000000                  19.0000000000              105653.6675599242 
                 42.5000000000                  19.5000000000              107077.3801003469 
                 42.5000000000                  20.0000000000              107921.4990955660 
                 42.5000000000                  20.5000000000              108035.7362631248 
                 42.5000000000                  21.0000000000              107250.2370126518 
                 42.5000000000                  21.5000000000              105686.4002456150 
                 42.5000000000                  22.0000000000              103673.3903098988 
                 42.5000000000                  22.5000000000              101474.2181650441 
                 42.5000000000                  23.0000000000               99436.3333752625 
                 42.5000000000                  23.5000000000               97761.4539877606 
                 42.5000000000                  24.0000000000               96271.8550281388 
                 42.5000000000                  24.5000000000               94731.8126801622 
                 42.5000000000                  25.0000000000               93040.4181968284 
                 42.5000000000                  25.5000000000               91602.8158209626 
                 42.5000000000                  26.0000000000               90728.2933013387 
                 42.5000000000                  26.5000000000               90218.1239288237 
                 42.5000000000                  27.0000000000               89978.9344731099 
                 42.5000000000                  27.5000000000               89727.1177543537 
                 42.5000000000                  28.0000000000               89157.1031519840 
                 42.5000000000                  28.5000000000               88226.1680827243 
                 42.5000000000                  29.0000000000               86931.2010123657 
                 42.5000000000                  29.5000000000               85101.1490910215 
                 42.5000000000                  30.0000000000               82537.8341703840 
                 42.5000000000                  30.5000000000               79279.8549459344 
                 42.5000000000                  31.0000000000               75333.8571963812 
                 42.5000000000                  31.5000000000               70978.4924550082 
                 42.5000000000                  32.0000000000               66746.1706573603 
                 42.5000000000                  32.5000000000               62677.3016141835 
                 42.5000000000                  33.0000000000               58565.5485688153 
                 42.5000000000                  33.5000000000               54462.3172853943 
                 42.5000000000                  34.0000000000               50680.1664699299 
                 42.5000000000                  34.5000000000               47364.4478196840 
                 42.5000000000                  35.0000000000               44452.3505892693 
                 42.5000000000                  35.5000000000               41909.3081105834 
                 42.5000000000                  36.0000000000               39650.1791351615 
                 42.5000000000                  36.5000000000               37666.1538151602 
                 42.5000000000                  37.0000000000               36012.4660730317 
                 42.5000000000                  37.5000000000               34716.5530650748 
                 42.5000000000                  38.0000000000               33456.9940832792 
                 42.5000000000                  38.5000000000               31837.6258014173 
                 42.5000000000                  39.0000000000               29738.6625974180 
                 42.5000000000                  39.5000000000               26999.9035320753 
                 42.5000000000                  40.0000000000               23662.1481896131 
                 42.5000000000                  40.5000000000               19892.0354809666 
                 42.5000000000                  41.0000000000               15750.7214406097 
                 42.5000000000                  41.5000000000               11009.7055767188 
                 42.5000000000                  42.0000000000                6973.7387835151 
                 42.5000000000                  42.5000000000                5110.4442965026 
                 42.5000000000                  43.0000000000                4762.4425289895 
                 42.5000000000                  43.5000000000                5304.7323200302 
                 42.5000000000                  44.0000000000                6278.4546983592 
                 42.5000000000                  44.5000000000                7004.3589181703 
                 42.5000000000                  45.0000000000                7253.1380017931 
                 42.5000000000                  45.5000000000                6956.5790967612 
                 42.5000000000                  46.0000000000                6163.8049790988 
                 42.5000000000                  46.5000000000                5456.0378593692 
                 42.5000000000                  47.0000000000                5084.1432391913 
                 42.5000000000                  47.5000000000                4903.2144713699 
                 42.5000000000                  48.0000000000                4858.4119879858 
                 42.5000000000                  48.5000000000                4546.6687760302 
                 42.5000000000                  49.0000000000                3652.2587596856 
                 42.5000000000                  49.5000000000                2163.7822705234 
                 42.5000000000                  50.0000000000                   0.0000000000 
                 43.0000000000                   0.0000000000                   0.0000000000 
                 43.0000000000                   0.5000000000                3392.2477357628 
                 43.0000000000                   1.0000000000                6675.2088809065 
                 43.0000000000                   1.5000000000                9848.8707565174 
                 43.0000000000                   2.0000000000               12893.8196698911 
                 43.0000000000                   2.5000000000               15847.5874309745 
                 43.0000000000                   3.0000000000               18785.4248552316 
                 43.0000000000                   3.5000000000               21729.1676967397 
                 43.0000000000                   4.0000000000               24682.1022245614 
                 43.0000000000                   4.5000000000               27670.0775759478 
                 43.0000000000                   5.0000000000               30707.1594027360 
                 43.0000000000                   5.5000000000               33753.6334254925 
                 43.0000000000                   6.0000000000               36747.0886595552 
                 43.0000000000                   6.5000000000               39645.0166740683 
                 43.0000000000                   7.0000000000               42464.1644384634 
                 43.0000000000                   7.5000000000               45229.4094912063 
                 43.0000000000                   8.0000000000               47944.5071407065 
                 43.0000000000                   8.5000000000               50614.2310097146 
                 43.0000000000                   9.0000000000               53245.9552849073 
                 43.0000000000                   9.5000000000               55860.0962424918 
                 43.0000000000                  10.0000000000               58488.8337851926 
                 43.0000000000                  10.5000000000               61162.4682557262 
                 43.0000000000                  11.0000000000               63804.4182023895 
                 43.0000000000                  11.5000000000               66303.8866262150 
                 43.0000000000                  12.0000000000               68601.8602955424 
                 43.0000000000                  12.5000000000               70591.5254272860 
                 43.0000000000                  13.0000000000               72321.7748294749 
                 43.0000000000                  13.5000000000               73988.1613665919 
                 43.0000000000                  14.0000000000               75719.4336685704 
                 43.0000000000                  14.5000000000               77648.2915789590 
                 43.0000000000                  15.0000000000               79832.4493616050 
                 43.0000000000                  15.5000000000               82195.9651081091 
                 43.0000000000                  16.0000000000               84652.6470767475 
                 43.0000000000                  16.5000000000               87122.5615208528 
                 43.0000000000                  17.0000000000               89521.5991298802 
                 43.0000000000                  17.5000000000               91790.9922718275 
                 43.0000000000                  18.0000000000               93872.4044088236 
                 43.0000000000                  18.5000000000               95684.6090487545 
                 43.0000000000                  19.0000000000               97140.1206541897 
                 43.0000000000                  19.5000000000               98157.3657768346 
                 43.0000000000                  20.0000000000               98649.3446239484 
                 43.0000000000                  20.5000000000               98460.2929779386 
                 43.0000000000                  21.0000000000               97481.8417893968 
                 43.0000000000                  21.5000000000               96029.3531716506 
                 43.0000000000                  22.0000000000               94482.8785907142 
                 43.0000000000                  22.5000000000               93018.3311743299 
                 43.0000000000                  23.0000000000               91836.1643922480 
                 43.0000000000                  23.5000000000               90830.5299387889 
                 43.0000000000                  24.0000000000               89745.6536090494 
                 43.0000000000                  24.5000000000               88459.4204951221 
                 43.0000000000                  25.0000000000               86881.0539485484 
                 43.0000000000                  25.5000000000               85426.0705429434 
                 43.0000000000                  26.0000000000               84452.5116537751 
                 43.0000000000                  26.5000000000               83814.7309628909 
                 43.0000000000                  27.0000000000               83447.7032978677 
                 43.0000000000                  27.5000000000               83071.2846537210 
                 43.0000000000                  28.0000000000               82363.5056777911 
                 43.0000000000                  28.5000000000               81271.0656922325 
                 43.0000000000                  29.0000000000               79750.4332946072 
                 43.0000000000                  29.5000000000               77689.2748965019 
                 43.0000000000                  30.0000000000               75060.1317182964 
                 43.0000000000                  30.5000000000               71972.7446593274 
                 43.0000000000                  31.0000000000               68514.9204979707 
                 43.0000000000                  31.5000000000               64888.9768687983 
                 43.0000000000                  32.0000000000               61316.5066835320 
                 43.0000000000                  32.5000000000               57754.2919761352 
                 43.0000000000                  33.0000000000               54060.0578373271 
                 43.0000000000                  33.5000000000               50293.3492103331 
                 43.0000000000                  34.0000000000               46792.3188551581 
                 43.0000000000                  34.5000000000               43727.7023591905 
                 43.0000000000                  35.0000000000               41036.3334144803 
                 43.0000000000                  35.5000000000               38681.8261519750 
                 43.0000000000                  36.0000000000               36676.5737966565 
                 43.0000000000                  36.5000000000               35062.6092403909 
                 43.0000000000                  37.0000000000               33851.7731333722 
                 43.0000000000                  37.5000000000               33070.1839866986 
                 43.0000000000                  38.0000000000               32295.7644084350 
                 43.0000000000                  38.5000000000               31011.1124075806 
                 43.0000000000                  39.0000000000               29050.6354489678 
                 43.0000000000                  39.5000000000               26060.9702590491 
                 43.0000000000                  40.0000000000               22258.4980057323 
                 43.0000000000                  40.5000000000               18226.5296778253 
                 43.0000000000                  41.0000000000               14065.1494572488 
                 43.0000000000                  41.5000000000                9564.0198706428 
                 43.0000000000                  42.0000000000                5840.4651720652 
                 43.0000000000                  42.5000000000                4097.3627533498 
                 43.0000000000                  43.0000000000                3725.7799454966 
                 43.0000000000                  43.5000000000                4172.0763939347 
                 43.0000000000                  44.0000000000                5019.5906704437 
                 43.0000000000                  44.5000000000                5679.5604288418 
                 43.0000000000                  45.0000000000                5982.0873066571 
                 43.0000000000                  45.5000000000                5955.4347070621 
                 43.0000000000                  46.0000000000                5657.1863129297 
                 43.0000000000                  46.5000000000                5363.4286899114 
                 43.0000000000                  47.0000000000                5197.1557614569 
                 43.0000000000                  47.5000000000                5103.4537560644 
                 43.0000000000                  48.0000000000                5029.5358646621 
                 43.0000000000                  48.5000000000                4664.5021187105 
                 43.0000000000                  49.0000000000                3737.6066225051 
                 43.0000000000                  49.5000000000                2200.9965394093 
                 43.0000000000                  50.0000000000                   0.0000000000 
                 43.5000000000                   0.0000000000                   0.0000000000 
                 43.5000000000                   0.5000000000                3296.4919268493 
                 43.5000000000                   1.0000000000                6452.7780775077 
                 43.5000000000                   1.5000000000                9466.7311902364 
                 43.5000000000                   2.0000000000               12300.6646566605 
                 43.5000000000                   2.5000000000               15020.8405199556 
                 43.5000000000                   3.0000000000               17756.5956931499 
                 43.5000000000                   3.5000000000               20534.9314131564 
                 43.5000000000                   4.0000000000               23363.6731690077 
                 43.5000000000                   4.5000000000               26246.6132497354 
                 43.5000000000                   5.0000000000               29149.4610595825 
                 43.5000000000                   5.5000000000               32020.3038256565 
                 43.5000000000                   6.0000000000               34789.7762543615 
                 43.5000000000                   6.5000000000               37428.3305805520 
                 43.5000000000                   7.0000000000               40006.9880032556 
                 43.5000000000                   7.5000000000               42567.1108463443 
                 43.5000000000                   8.0000000000               45097.7563356329 
                 43.5000000000                   8.5000000000               47599.8935451722 
                 43.5000000000                   9.0000000000               50082.0137473944 
                 43.5000000000                   9.5000000000               52561.1898680037 
                 43.5000000000                  10.0000000000               55062.4758146651 
                 43.5000000000                  10.5000000000               57606.4670152672 
                 43.5000000000                  11.0000000000               60078.1290139617 
                 43.5000000000                  11.5000000000               62346.1224916267 
                 43.5000000000                  12.0000000000               64359.2536553556 
                 43.5000000000                  12.5000000000               65996.5430785878 
                 43.5000000000                  13.0000000000               67408.9518267140 
                 43.5000000000                  13.5000000000               68884.2412823917 
                 43.5000000000                  14.0000000000               70510.6065756134 
                 43.5000000000                  14.5000000000               72388.8533427560 
                 43.5000000000                  15.0000000000               74493.7130703236 
                 43.5000000000                  15.5000000000               76683.4264274089 
                 43.5000000000                  16.0000000000               78885.1210388445 
                 43.5000000000                  16.5000000000               81030.6885681861 
                 43.5000000000                  17.0000000000               83056.3568837491 
                 43.5000000000                  17.5000000000               84932.9422939657 
                 43.5000000000                  18.0000000000               86617.1098966703 
                 43.5000000000                  18.5000000000               88035.5211851942 
                 43.5000000000                  19.0000000000               89115.0653183190 
                 43.5000000000                  19.5000000000               89801.8394920648 
                 43.5000000000                  20.0000000000               90045.7043788268 
                 43.5000000000                  20.5000000000               89716.0999432819 
                 43.5000000000                  21.0000000000               88799.2941670558 
                 43.5000000000                  21.5000000000               87723.1334553823 
                 43.5000000000                  22.0000000000               86789.9137028972 
                 43.5000000000                  22.5000000000               86038.7926282389 
                 43.5000000000                  23.0000000000               85561.4033320969 
                 43.5000000000                  23.5000000000               85088.4226560348 
                 43.5000000000                  24.0000000000               84324.3256533319 
                 43.5000000000                  24.5000000000               83202.7672496591 
                 43.5000000000                  25.0000000000               81632.5923955964 
                 43.5000000000                  25.5000000000               80049.6422124661 
                 43.5000000000                  26.0000000000               78876.8796191082 
                 43.5000000000                  26.5000000000               78018.7731641698 
                 43.5000000000                  27.0000000000               77430.5525309051 
                 43.5000000000                  27.5000000000               76830.1509358870 
                 43.5000000000                  28.0000000000               75885.6666877515 
                 43.5000000000                  28.5000000000               74551.3080138082 
                 43.5000000000                  29.0000000000               72761.2565229071 
                 43.5000000000                  29.5000000000               70490.5593600600 
                 43.5000000000                  30.0000000000               67883.4714029769 
                 43.5000000000                  30.5000000000               65078.8187043091 
                 43.5000000000                  31.0000000000               62180.0390258682 
                 43.5000000000                  31.5000000000               59292.9570360123 
                 43.5000000000                  32.0000000000               56376.3972573642 
                 43.5000000000                  32.5000000000               53304.1077856651 
                 43.5000000000                  33.0000000000               49969.2882038886 
                 43.5000000000                  33.5000000000               46440.0215385793 
                 43.5000000000                  34.0000000000               43111.4851154596 
                 43.5000000000                  34.5000000000               40215.5975479807 
                 43.5000000000                  35.0000000000               37698.4733476099 
                 43.5000000000                  35.5000000000               35523.3199558515 
                 43.5000000000                  36.0000000000               33777.6705770787 
                 43.5000000000                  36.5000000000               32522.2334082756 
                 43.5000000000                  37.0000000000               31714.2481240768 
                 43.5000000000                  37.5000000000               31374.0106325654 
                 43.5000000000                  38.0000000000               31013.4586720258 
                 43.5000000000                  38.5000000000               30033.2178839159 
                 43.5000000000                  39.0000000000               28234.4001563863 
                 43.5000000000                  39.5000000000               25006.1049369034 
                 43.5000000000                  40.0000000000               20749.6295985310 
                 43.5000000000                  40.5000000000               16539.1386576617 
                 43.5000000000                  41.0000000000               12472.4273931586 
                 43.5000000000                  41.5000000000                8305.1094278816 
                 43.5000000000                  42.0000000000                4934.9043488089 
                 43.5000000000                  42.5000000000                3307.2170937827 
                 43.5000000000                  43.0000000000                2888.1231383155 
                 43.5000000000                  43.5000000000                3209.2364253987 
                 43.5000000000                  44.0000000000                3910.7106686474 
                 43.5000000000                  44.5000000000                4505.5673830136 
                 43.5000000000                  45.0000000000                4878.1338030574 
                 43.5000000000                  45.5000000000                5108.2827547791 
                 43.5000000000                  46.0000000000                5241.7178725828 
                 43.5000000000                  46.5000000000                5332.1950309870 
                 43.5000000000                  47.0000000000                5397.4253465972 
                 43.5000000000                  47.5000000000                5425.5554752318 
                 43.5000000000                  48.0000000000                5347.9549509884 
                 43.5000000000                  48.5000000000                4935.6396747628 
                 43.5000000000                  49.0000000000                3960.4293051406 
                 43.5000000000                  49.5000000000                2325.1187217008 
                 43.5000000000                  50.0000000000                   0.0000000000 
                 44.0000000000                   0.0000000000                   0.0000000000 
                 44.0000000000                   0.5000000000                3167.1570319931 
                 44.0000000000                   1.0000000000                6172.5010386137 
                 44.0000000000                   1.5000000000                9007.4135640723 
                 44.0000000000                   2.0000000000               11621.0100342124 
                 44.0000000000                   2.5000000000               14109.9591925163 
                 44.0000000000                   3.0000000000               16650.7151661946 
                 44.0000000000                   3.5000000000               19273.2789015200 
                 44.0000000000                   4.0000000000               21992.5296647413 
                 44.0000000000                   4.5000000000               24786.2497275433 
                 44.0000000000                   5.0000000000               27562.9922826468 
                 44.0000000000                   5.5000000000               30258.1341863936 
                 44.0000000000                   6.0000000000               32797.0067986439 
                 44.0000000000                   6.5000000000               35167.1138477776 
                 44.0000000000                   7.0000000000               37500.6111608718 
                 44.0000000000                   7.5000000000               39856.2924245210 
                 44.0000000000                   8.0000000000               42207.1872306700 
                 44.0000000000                   8.5000000000               44550.1960438313 
                 44.0000000000                   9.0000000000               46891.6173388998 
                 44.0000000000                   9.5000000000               49240.0755647717 
                 44.0000000000                  10.0000000000               51607.8187543577 
                 44.0000000000                  10.5000000000               53994.2548806228 
                 44.0000000000                  11.0000000000               56252.9771470836 
                 44.0000000000                  11.5000000000               58249.7700185643 
                 44.0000000000                  12.0000000000               59947.6471993388 
                 44.0000000000                  12.5000000000               61245.3960436936 
                 44.0000000000                  13.0000000000               62403.8421103029 
                 44.0000000000                  13.5000000000               63760.9404841394 
                 44.0000000000                  14.0000000000               65340.9444645308 
                 44.0000000000                  14.5000000000               67198.6612087061 
                 44.0000000000                  15.0000000000               69235.1313492200 
                 44.0000000000                  15.5000000000               71266.2500204219 
                 44.0000000000                  16.0000000000               73234.3787960657 
                 44.0000000000                  16.5000000000               75082.4310310980 
                 44.0000000000                  17.0000000000               76770.4306422292 
                 44.0000000000                  17.5000000000               78301.9092441007 
                 44.0000000000                  18.0000000000               79649.8377645036 
                 44.0000000000                  18.5000000000               80744.7840801841 
                 44.0000000000                  19.0000000000               81523.1771090461 
                 44.0000000000                  19.5000000000               81970.7481901071 
                 44.0000000000                  20.0000000000               82082.5812396987 
                 44.0000000000                  20.5000000000               81781.8761157744 
                 44.0000000000                  21.0000000000               81161.4540771382 
                 44.0000000000                  21.5000000000               80615.1429783716 
                 44.0000000000                  22.0000000000               80288.1493710788 
                 44.0000000000                  22.5000000000               80137.6892172595 
                 44.0000000000                  23.0000000000               80190.1775694383 
                 44.0000000000                  23.5000000000               80112.0742733259 
                 44.0000000000                  24.0000000000               79595.6210277248 
                 44.0000000000                  24.5000000000               78580.9689561623 
                 44.0000000000                  25.0000000000               76933.6940298117 
                 44.0000000000                  25.5000000000               75125.8101423253 
                 44.0000000000                  26.0000000000               73681.3601664923 
                 44.0000000000                  26.5000000000               72538.5702429564 
                 44.0000000000                  27.0000000000               71653.7102288774 
                 44.0000000000                  27.5000000000               70742.0537013122 
                 44.0000000000                  28.0000000000               69486.6336496259 
                 44.0000000000                  28.5000000000               67866.1925595082 
                 44.0000000000                  29.0000000000               65823.9553334086 
                 44.0000000000                  29.5000000000               63437.4788895814 
                 44.0000000000                  30.0000000000               60971.7963741114 
                 44.0000000000                  30.5000000000               58547.7716614734 
                 44.0000000000                  31.0000000000               56252.0194289696 
                 44.0000000000                  31.5000000000               54094.8824327186 
                 44.0000000000                  32.0000000000               51818.1535601155 
                 44.0000000000                  32.5000000000               49218.3318875544 
                 44.0000000000                  33.0000000000               46177.9442508493 
                 44.0000000000                  33.5000000000               42752.3303350764 
                 44.0000000000                  34.0000000000               39488.1963172490 
                 44.0000000000                  34.5000000000               36726.6258625209 
                 44.0000000000                  35.0000000000               34393.6737549377 
                 44.0000000000                  35.5000000000               32460.0237592815 
                 44.0000000000                  36.0000000000               31016.8789825129 
                 44.0000000000                  36.5000000000               30096.8775211072 
                 44.0000000000                  37.0000000000               29628.9126762360 
                 44.0000000000                  37.5000000000               29618.5943445889 
                 44.0000000000                  38.0000000000               29549.3198300752 
                 44.0000000000                  38.5000000000               28789.9702908637 
                 44.0000000000                  39.0000000000               27113.4345031001 
                 44.0000000000                  39.5000000000               23752.6759073676 
                 44.0000000000                  40.0000000000               19254.5200744153 
                 44.0000000000                  40.5000000000               15028.0611555215 
                 44.0000000000                  41.0000000000               11168.4871097531 
                 44.0000000000                  41.5000000000                7412.4709914686 
                 44.0000000000                  42.0000000000                4401.0893557842 
                 44.0000000000                  42.5000000000                2834.1053300245 
                 44.0000000000                  43.0000000000                2309.5184468085 
                 44.0000000000                  43.5000000000                2450.5242957814 
                 44.0000000000                  44.0000000000                2963.1185940901 
                 44.0000000000                  44.5000000000                3474.8879408793 
                 44.0000000000                  45.0000000000                3911.1655120404 
                 44.0000000000                  45.5000000000                4355.3961709376 
                 44.0000000000                  46.0000000000                4821.9515101832 
                 44.0000000000                  46.5000000000                5232.3573525986 
                 44.0000000000                  47.0000000000                5538.1446487694 
                 44.0000000000                  47.5000000000                5744.7528094959 
                 44.0000000000                  48.0000000000                5780.7529158460 
                 44.0000000000                  48.5000000000                5424.7847081433 
                 44.0000000000                  49.0000000000                4434.9308677704 
                 44.0000000000                  49.5000000000                2659.1504162877 
                 44.0000000000                  50.0000000000                   0.0000000000 
                 44.5000000000                   0.0000000000                   0.0000000000 
                 44.5000000000                   0.5000000000                2999.1479327366 
                 44.5000000000                   1.0000000000                5828.1242321391 
                 44.5000000000                   1.5000000000                8470.8649013481 
                 44.5000000000                   2.0000000000               10872.7751864979 
                 44.5000000000                   2.5000000000               13157.9029023147 
                 44.5000000000                   3.0000000000               15533.6141137038 
                 44.5000000000                   3.5000000000               18028.4618957682 
                 44.5000000000                   4.0000000000               20662.7102797264 
                 44.5000000000                   4.5000000000               23383.2078656010 
                 44.5000000000                   5.0000000000               26041.2872224988 
                 44.5000000000                   5.5000000000               28563.9615872772 
                 44.5000000000                   6.0000000000               30872.8225227514 
                 44.5000000000                   6.5000000000               32968.0348296835 
                 44.5000000000                   7.0000000000               35041.2471469299 
                 44.5000000000                   7.5000000000               37174.1431597198 
                 44.5000000000                   8.0000000000               39326.5430657590 
                 44.5000000000                   8.5000000000               41490.5013813128 
                 44.5000000000                   9.0000000000               43666.8803606238 
                 44.5000000000                   9.5000000000               45853.9518698703 
                 44.5000000000                  10.0000000000               48048.3215077132 
                 44.5000000000                  10.5000000000               50230.0736501394 
                 44.5000000000                  11.0000000000               52242.4797657647 
                 44.5000000000                  11.5000000000               53959.7644020714 
                 44.5000000000                  12.0000000000               55360.5067026818 
                 44.5000000000                  12.5000000000               56376.2006254458 
                 44.5000000000                  13.0000000000               57336.5933522549 
                 44.5000000000                  13.5000000000               58596.4657973280 
                 44.5000000000                  14.0000000000               60130.6494283176 
                 44.5000000000                  14.5000000000               61952.4167272476 
                 44.5000000000                  15.0000000000               63913.3333925139 
                 44.5000000000                  15.5000000000               65799.0824427971 
                 44.5000000000                  16.0000000000               67557.4822919648 
                 44.5000000000                  16.5000000000               69140.8174286663 
                 44.5000000000                  17.0000000000               70533.9907936291 
                 44.5000000000                  17.5000000000               71777.7244307619 
                 44.5000000000                  18.0000000000               72867.6207819684 
                 44.5000000000                  18.5000000000               73739.7125207218 
                 44.5000000000                  19.0000000000               74348.4129713305 
                 44.5000000000                  19.5000000000               74723.1889765604 
                 44.5000000000                  20.0000000000               74881.1556891861 
                 44.5000000000                  20.5000000000               74786.4110044450 
                 44.5000000000                  21.0000000000               74554.4476116568 
                 44.5000000000                  21.5000000000               74450.0455165965 
                 44.5000000000                  22.0000000000               74531.1820077304 
                 44.5000000000                  22.5000000000               74759.5106361661 
                 44.5000000000                  23.0000000000               75136.2134024556 
                 44.5000000000                  23.5000000000               75309.0740250234 
                 44.5000000000                  24.0000000000               74948.8405848553 
                 44.5000000000                  24.5000000000               73964.1031399184 
                 44.5000000000                  25.0000000000               72131.5392834780 
                 44.5000000000                  25.5000000000               69992.4027817599 
                 44.5000000000                  26.0000000000               68215.8043508457 
                 44.5000000000                  26.5000000000               66744.0059850506 
                 44.5000000000                  27.0000000000               65514.6840982654 
                 44.5000000000                  27.5000000000               64256.2951202882 
                 44.5000000000                  28.0000000000               62702.4126148176 
                 44.5000000000                  28.5000000000               60865.3907545995 
                 44.5000000000                  29.0000000000               58712.9608685020 
                 44.5000000000                  29.5000000000               56391.6749680818 
                 44.5000000000                  30.0000000000               54214.6380712340 
                 44.5000000000                  30.5000000000               52261.0583934237 
                 44.5000000000                  31.0000000000               50589.2302774160 
                 44.5000000000                  31.5000000000               49126.2475953921 
                 44.5000000000                  32.0000000000               47445.4976079147 
                 44.5000000000                  32.5000000000               45285.9996063250 
                 44.5000000000                  33.0000000000               42480.8929375741 
                 44.5000000000                  33.5000000000               39068.6998370677 
                 44.5000000000                  34.0000000000               35848.4160872169 
                 44.5000000000                  34.5000000000               33277.9326291474 
                 44.5000000000                  35.0000000000               31203.5061390249 
                 44.5000000000                  35.5000000000               29589.8679141152 
                 44.5000000000                  36.0000000000               28466.3397408327 
                 44.5000000000                  36.5000000000               27827.7604749501 
                 44.5000000000                  37.0000000000               27616.2531350632 
                 44.5000000000                  37.5000000000               27823.9323242377 
                 44.5000000000                  38.0000000000               27934.4462935443 
                 44.5000000000                  38.5000000000               27316.7674322285 
                 44.5000000000                  39.0000000000               25720.0708296646 
                 44.5000000000                  39.5000000000               22380.7366093851 
                 44.5000000000                  40.0000000000               17911.9267612895 
                 44.5000000000                  40.5000000000               13813.7409064180 
                 44.5000000000                  41.0000000000               10216.8756735062 
                 44.5000000000                  41.5000000000                6895.4950931618 
                 44.5000000000                  42.0000000000                4229.6136639967 
                 44.5000000000                  42.5000000000                2672.2084635743 
                 44.5000000000                  43.0000000000                1977.0921456102 
                 44.5000000000                  43.5000000000                1859.5533538338 
                 44.5000000000                  44.0000000000                2109.0719238621 
                 44.5000000000                  44.5000000000                2503.2696823457 
                 44.5000000000                  45.0000000000                2994.3352582037 
                 44.5000000000                  45.5000000000                3624.4462948416 
                 44.5000000000                  46.0000000000                4362.1695961280 
                 44.5000000000                  46.5000000000                5047.4110754077 
                 44.5000000000                  47.0000000000                5592.1224609075 
                 44.5000000000                  47.5000000000                6017.7019663582 
                 44.5000000000                  48.0000000000                6281.7734527271 
                 44.5000000000                  48.5000000000                6108.9773020532 
                 44.5000000000                  49.0000000000                5178.9049306351 
                 44.5000000000                  49.5000000000                3257.6437125365 
                 44.5000000000                  50.0000000000                   0.0000000000 
                 45.0000000000                   0.0000000000                   0.0000000000 
                 45.0000000000                   0.5000000000                2805.5747945481 
                 45.0000000000                   1.0000000000                5442.7139658963 
                 45.0000000000                   1.5000000000                7892.8884947065 
                 45.0000000000                   2.0000000000               10101.2218728584 
                 45.0000000000                   2.5000000000               12213.2383140795 
                 45.0000000000                   3.0000000000               14454.2774097240 
                 45.0000000000                   3.5000000000               16843.7953561542 
                 45.0000000000                   4.0000000000               19401.8629476233 
                 45.0000000000                   4.5000000000               22046.9130020900 
                 45.0000000000                   5.0000000000               24582.7849723187 
                 45.0000000000                   5.5000000000               26931.4057658101 
                 45.0000000000                   6.0000000000               29009.0508971183 
                 45.0000000000                   6.5000000000               30821.1977265941 
                 45.0000000000                   7.0000000000               32617.4033482017 
                 45.0000000000                   7.5000000000               34507.0451550161 
                 45.0000000000                   8.0000000000               36437.8593470948 
                 45.0000000000                   8.5000000000               38396.5005226958 
                 45.0000000000                   9.0000000000               40376.6485696039 
                 45.0000000000                   9.5000000000               42365.1496380319 
                 45.0000000000                  10.0000000000               44341.9053007356 
                 45.0000000000                  10.5000000000               46275.1130524194 
                 45.0000000000                  11.0000000000               48014.3295723816 
                 45.0000000000                  11.5000000000               49451.9483201037 
                 45.0000000000                  12.0000000000               50587.9007612828 
                 45.0000000000                  12.5000000000               51377.3464398748 
                 45.0000000000                  13.0000000000               52184.4545382885 
                 45.0000000000                  13.5000000000               53366.2116432511 
                 45.0000000000                  14.0000000000               54854.6647536979 
                 45.0000000000                  14.5000000000               56630.5677886105 
                 45.0000000000                  15.0000000000               58511.6855147246 
                 45.0000000000                  15.5000000000               60258.3646121782 
                 45.0000000000                  16.0000000000               61821.6838277852 
                 45.0000000000                  16.5000000000               63163.4035611948 
                 45.0000000000                  17.0000000000               64296.2278151455 
                 45.0000000000                  17.5000000000               65305.4266768244 
                 45.0000000000                  18.0000000000               66217.6957247072 
                 45.0000000000                  18.5000000000               66983.4930653575 
                 45.0000000000                  19.0000000000               67577.5626167339 
                 45.0000000000                  19.5000000000               68055.2098955901 
                 45.0000000000                  20.0000000000               68422.1086548117 
                 45.0000000000                  20.5000000000               68633.5964819714 
                 45.0000000000                  21.0000000000               68762.3761383413 
                 45.0000000000                  21.5000000000               68957.9670839090 
                 45.0000000000                  22.0000000000               69257.6041030637 
                 45.0000000000                  22.5000000000               69663.5352029204 
                 45.0000000000                  23.0000000000               70182.5519164832 
                 45.0000000000                  23.5000000000               70454.0544872379 
                 45.0000000000                  24.0000000000               70122.0004111466 
                 45.0000000000                  24.5000000000               69056.6577164090 
                 45.0000000000                  25.0000000000               66913.8197430583 
                 45.0000000000                  25.5000000000               64325.5635358464 
                 45.0000000000                  26.0000000000               62148.6598739824 
                 45.0000000000                  26.5000000000               60310.0706552169 
                 45.0000000000                  27.0000000000               58709.2736618669 
                 45.0000000000                  27.5000000000               57108.9084320124 
                 45.0000000000                  28.0000000000               55327.0738718450 
                 45.0000000000                  28.5000000000               53416.9417795659 
                 45.0000000000                  29.0000000000               51359.1269102281 
                 45.0000000000                  29.5000000000               49315.6524660916 
                 45.0000000000                  30.0000000000               47590.7990829047 
                 45.0000000000                  30.5000000000               46197.1715487495 
                 45.0000000000                  31.0000000000               45147.7882858817 
                 45.0000000000                  31.5000000000               44309.7920236029 
                 45.0000000000                  32.0000000000               43151.7798784187 
                 45.0000000000                  32.5000000000               41388.8953023722 
                 45.0000000000                  33.0000000000               38801.2759894873 
                 45.0000000000                  33.5000000000               35413.1554384007 
                 45.0000000000                  34.0000000000               32294.5767553783 
                 45.0000000000                  34.5000000000               29996.3155049485 
                 45.0000000000                  35.0000000000               28239.2878375634 
                 45.0000000000                  35.5000000000               26960.4378330989 
                 45.0000000000                  36.0000000000               26125.1859594110 
                 45.0000000000                  36.5000000000               25707.8498915233 
                 45.0000000000                  37.0000000000               25677.2525592906 
                 45.0000000000                  37.5000000000               26025.8894490572 
                 45.0000000000                  38.0000000000               26248.3575932385 
                 45.0000000000                  38.5000000000               25723.6567358092 
                 45.0000000000                  39.0000000000               24202.1765399619 
                 45.0000000000                  39.5000000000               20962.9312847897 
                 45.0000000000                  40.0000000000               16644.0509916597 
                 45.0000000000                  40.5000000000               12753.0489425354 
                 45.0000000000                  41.0000000000                9449.3027603050 
                 45.0000000000                  41.5000000000                6561.7668756394 
                 45.0000000000                  42.0000000000                4250.3922581324 
                 45.0000000000                  42.5000000000                2716.6627921388 
                 45.0000000000                  43.0000000000                1830.4866286427 
                 45.0000000000                  43.5000000000                1389.9563863154 
                 45.0000000000                  44.0000000000                1300.2911306141 
                 45.0000000000                  44.5000000000                1550.3221049912 
                 45.0000000000                  45.0000000000                2103.9173057200 
                 45.0000000000                  45.5000000000                2920.8744520260 
                 45.0000000000                  46.0000000000                3916.1867959248 
                 45.0000000000                  46.5000000000                4859.1210212822 
                 45.0000000000                  47.0000000000                5634.4073309889 
                 45.0000000000                  47.5000000000                6285.2575120856 
                 45.0000000000                  48.0000000000                6804.9743344670 
                 45.0000000000                  48.5000000000                6869.6445104376 
                 45.0000000000                  49.0000000000                6074.1631098576 
                 45.0000000000                  49.5000000000                4052.6804588155 
                 45.0000000000                  50.0000000000                   0.0000000000 
                 45.5000000000                   0.0000000000                   0.0000000000 
                 45.5000000000                   0.5000000000                2597.0150017726 
                 45.5000000000                   1.0000000000                5036.6598552965 
                 45.5000000000                   1.5000000000                7302.4032368659 
                 45.5000000000                   2.0000000000                9341.3682997862 
                 45.5000000000                   2.5000000000               11312.3202376150 
                 45.5000000000                   3.0000000000               13443.1676263315 
                 45.5000000000                   3.5000000000               15736.0201345630 
                 45.5000000000                   4.0000000000               18208.5383788012 
                 45.5000000000                   4.5000000000               20755.9649796651 
                 45.5000000000                   5.0000000000               23145.6023156790 
                 45.5000000000                   5.5000000000               25299.5710413097 
                 45.5000000000                   6.0000000000               27129.2837823188 
                 45.5000000000                   6.5000000000               28645.0748650089 
                 45.5000000000                   7.0000000000               30152.7892043019 
                 45.5000000000                   7.5000000000               31785.8652643034 
                 45.5000000000                   8.0000000000               33479.7503623139 
                 45.5000000000                   8.5000000000               35219.2860026627 
                 45.5000000000                   9.0000000000               36989.3156002971 
                 45.5000000000                   9.5000000000               38759.1207133448 
                 45.5000000000                  10.0000000000               40487.8856404233 
                 45.5000000000                  10.5000000000               42129.6763762636 
                 45.5000000000                  11.0000000000               43550.9264459209 
                 45.5000000000                  11.5000000000               44682.5265873266 
                 45.5000000000                  12.0000000000               45558.4838097816 
                 45.5000000000                  12.5000000000               46171.2423322747 
                 45.5000000000                  13.0000000000               46906.5521468030 
                 45.5000000000                  13.5000000000               48080.3468037092 
                 45.5000000000                  14.0000000000               49563.8886667288 
                 45.5000000000                  14.5000000000               51309.5904638242 
                 45.5000000000                  15.0000000000               53107.5633033982 
                 45.5000000000                  15.5000000000               54706.5665677778 
                 45.5000000000                  16.0000000000               56070.6481771640 
                 45.5000000000                  16.5000000000               57170.8097167164 
                 45.5000000000                  17.0000000000               58049.0035132832 
                 45.5000000000                  17.5000000000               58845.4215961596 
                 45.5000000000                  18.0000000000               59632.1919245405 
                 45.5000000000                  18.5000000000               60393.1450303354 
                 45.5000000000                  19.0000000000               61139.9562958481 
                 45.5000000000                  19.5000000000               61910.9100070634 
                 45.5000000000                  20.0000000000               62632.3017384554 
                 45.5000000000                  20.5000000000               63207.7290412836 
                 45.5000000000                  21.0000000000               63652.2522042636 
                 45.5000000000                  21.5000000000               64037.9132538482 
                 45.5000000000                  22.0000000000               64416.3795484331 
                 45.5000000000                  22.5000000000               64842.5622601278 
                 45.5000000000                  23.0000000000               65338.2010387356 
                 45.5000000000                  23.5000000000               65531.5782414043 
                 45.5000000000                  24.0000000000               65040.1440152354 
                 45.5000000000                  24.5000000000               63710.5752860594 
                 45.5000000000                  25.0000000000               61057.8740079756 
                 45.5000000000                  25.5000000000               57855.1891567817 
                 45.5000000000                  26.0000000000               55197.6904371110 
                 45.5000000000                  26.5000000000               52953.6194763649 
                 45.5000000000                  27.0000000000               50953.7054608166 
                 45.5000000000                  27.5000000000               49014.8075513355 
                 45.5000000000                  28.0000000000               47089.8292987179 
                 45.5000000000                  28.5000000000               45278.6982011644 
                 45.5000000000                  29.0000000000               43577.8407712651 
                 45.5000000000                  29.5000000000               42136.9256093320 
                 45.5000000000                  30.0000000000               41129.6440036824 
                 45.5000000000                  30.5000000000               40423.7019008764 
                 45.5000000000                  31.0000000000               39992.3589786697 
                 45.5000000000                  31.5000000000               39672.2648008158 
                 45.5000000000                  32.0000000000               38906.6207772576 
                 45.5000000000                  32.5000000000               37458.1928511305 
                 45.5000000000                  33.0000000000               35092.2256771318 
                 45.5000000000                  33.5000000000               31832.2633262026 
                 45.5000000000                  34.0000000000               28956.5589332430 
                 45.5000000000                  34.5000000000               27020.0301378567 
                 45.5000000000                  35.0000000000               25598.4751464294 
                 45.5000000000                  35.5000000000               24618.4635967288 
                 45.5000000000                  36.0000000000               24009.7992050609 
                 45.5000000000                  36.5000000000               23749.1400959237 
                 45.5000000000                  37.0000000000               23835.3599097149 
                 45.5000000000                  37.5000000000               24265.0904970674 
                 45.5000000000                  38.0000000000               24544.6786978880 
                 45.5000000000                  38.5000000000               24067.7003065488 
                 45.5000000000                  39.0000000000               22598.6958583228 
                 45.5000000000                  39.5000000000               19468.9957576887 
                 45.5000000000                  40.0000000000               15335.5943566551 
                 45.5000000000                  40.5000000000               11687.6055466868 
                 45.5000000000                  41.0000000000                8692.1662686513 
                 45.5000000000                  41.5000000000                6229.4980523126 
                 45.5000000000                  42.0000000000                4290.5145534149 
                 45.5000000000                  42.5000000000                2832.5765925666 
                 45.5000000000                  43.0000000000                1789.4676396464 
                 45.5000000000                  43.5000000000                 996.3209796532 
                 45.5000000000                  44.0000000000                 510.4545170661 
                 45.5000000000                  44.5000000000                 621.6480730864 
                 45.5000000000                  45.0000000000                1274.0708190321 
                 45.5000000000                  45.5000000000                2297.5264279074 
                 45.5000000000                  46.0000000000                3552.6882947033 
                 45.5000000000                  46.5000000000                4741.7303169869 
                 45.5000000000                  47.0000000000                5725.9135051191 
                 45.5000000000                  47.5000000000                6566.8898226490 
                 45.5000000000                  48.0000000000                7297.1021424877 
                 45.5000000000                  48.5000000000                7575.3981949017 
                 45.5000000000                  49.0000000000                6944.8926981525 
                 45.5000000000                  49.5000000000                4960.5990867782 
                 45.5000000000                  50.0000000000                   0.0000000000 
                 46.0000000000                   0.0000000000                   0.0000000000 
                 46.0000000000                   0.5000000000                2377.6343745544 
                 46.0000000000                   1.0000000000                4618.6905586638 
                 46.0000000000                   1.5000000000                6712.3868176046 
                 46.0000000000                   2.0000000000                8619.4501586599 
                 46.0000000000                   2.5000000000               10490.6043741778 
                 46.0000000000                   3.0000000000               12525.2145064874 
                 46.0000000000                   3.5000000000               14712.9044513136 
                 46.0000000000                   4.0000000000               17066.4213136174 
                 46.0000000000                   4.5000000000               19463.9905133648 
                 46.0000000000                   5.0000000000               21658.1900439248 
                 46.0000000000                   5.5000000000               23575.4206345608 
                 46.0000000000                   6.0000000000               25127.6767984424 
                 46.0000000000                   6.5000000000               26343.8986492404 
                 46.0000000000                   7.0000000000               27567.5883615697 
                 46.0000000000                   7.5000000000               28939.4539980866 
                 46.0000000000                   8.0000000000               30392.2271889050 
                 46.0000000000                   8.5000000000               31916.7244602469 
                 46.0000000000                   9.0000000000               33478.9181101667 
                 46.0000000000                   9.5000000000               35019.1307158229 
                 46.0000000000                  10.0000000000               36474.3649532546 
                 46.0000000000                  10.5000000000               37771.7118882976 
                 46.0000000000                  11.0000000000               38816.4049470440 
                 46.0000000000                  11.5000000000               39614.2046613196 
                 46.0000000000                  12.0000000000               40242.6368965494 
                 46.0000000000                  12.5000000000               40767.1127590190 
                 46.0000000000                  13.0000000000               41548.9539517670 
                 46.0000000000                  13.5000000000               42786.5876912323 
                 46.0000000000                  14.0000000000               44300.6694258559 
                 46.0000000000                  14.5000000000               46017.9764648458 
                 46.0000000000                  15.0000000000               47710.1058009794 
                 46.0000000000                  15.5000000000               49139.4722081508 
                 46.0000000000                  16.0000000000               50292.1060422131 
                 46.0000000000                  16.5000000000               51141.3363216958 
                 46.0000000000                  17.0000000000               51759.4721293388 
                 46.0000000000                  17.5000000000               52360.8009830878 
                 46.0000000000                  18.0000000000               53070.5997457897 
                 46.0000000000                  18.5000000000               53932.3773261903 
                 46.0000000000                  19.0000000000               55014.4724590394 
                 46.0000000000                  19.5000000000               56254.0087838825 
                 46.0000000000                  20.0000000000               57438.4500491861 
                 46.0000000000                  20.5000000000               58402.7087714356 
                 46.0000000000                  21.0000000000               59070.5011034353 
                 46.0000000000                  21.5000000000               59506.5329011265 
                 46.0000000000                  22.0000000000               59834.1520413996 
                 46.0000000000                  22.5000000000               60142.9832645533 
                 46.0000000000                  23.0000000000               60454.4477755893 
                 46.0000000000                  23.5000000000               60369.8999786202 
                 46.0000000000                  24.0000000000               59481.1226311738 
                 46.0000000000                  24.5000000000               57612.2242269672 
                 46.0000000000                  25.0000000000               54239.0933298298 
                 46.0000000000                  25.5000000000               50360.5301894173 
                 46.0000000000                  26.0000000000               47236.4505939133 
                 46.0000000000                  26.5000000000               44624.6292191757 
                 46.0000000000                  27.0000000000               42277.9970008641 
                 46.0000000000                  27.5000000000               40117.7116811167 
                 46.0000000000                  28.0000000000               38267.4113849031 
                 46.0000000000                  28.5000000000               36815.8688179110 
                 46.0000000000                  29.0000000000               35792.6567303168 
                 46.0000000000                  29.5000000000               35267.7073931930 
                 46.0000000000                  30.0000000000               35133.4893729581 
                 46.0000000000                  30.5000000000               35132.1266920083 
                 46.0000000000                  31.0000000000               35219.5333856669 
                 46.0000000000                  31.5000000000               35203.6488976493 
                 46.0000000000                  32.0000000000               34622.7004410842 
                 46.0000000000                  32.5000000000               33357.6919490068 
                 46.0000000000                  33.0000000000               31251.8992998545 
                 46.0000000000                  33.5000000000               28415.0529053498 
                 46.0000000000                  34.0000000000               26026.3608828845 
                 46.0000000000                  34.5000000000               24490.4395780099 
                 46.0000000000                  35.0000000000               23365.7005252140 
                 46.0000000000                  35.5000000000               22579.8945754285 
                 46.0000000000                  36.0000000000               22092.5136539779 
                 46.0000000000                  36.5000000000               21917.1493484412 
                 46.0000000000                  37.0000000000               22061.7031530539 
                 46.0000000000                  37.5000000000               22520.5688415902 
                 46.0000000000                  38.0000000000               22806.4798252182 
                 46.0000000000                  38.5000000000               22327.7842740412 
                 46.0000000000                  39.0000000000               20867.4915673393 
                 46.0000000000                  39.5000000000               17821.7210318067 
                 46.0000000000                  40.0000000000               13880.2571619232 
                 46.0000000000                  40.5000000000               10493.5591372857 
                 46.0000000000                  41.0000000000                7810.0961061022 
                 46.0000000000                  41.5000000000                5733.3145356180 
                 46.0000000000                  42.0000000000                4140.9038795117 
                 46.0000000000                  42.5000000000                2809.5065887480 
                 46.0000000000                  43.0000000000                1682.2924761157 
                 46.0000000000                  43.5000000000                 591.3690818591 
                 46.0000000000                  44.0000000000                -236.7982896007 
                 46.0000000000                  44.5000000000                -209.3763791749 
                 46.0000000000                  45.0000000000                 576.5187106799 
                 46.0000000000                  45.5000000000                1822.9965172776 
                 46.0000000000                  46.0000000000                3346.0122312091 
                 46.0000000000                  46.5000000000                4775.1676305890 
                 46.0000000000                  47.0000000000                5938.4628826894 
                 46.0000000000                  47.5000000000                6898.9121272410 
                 46.0000000000                  48.0000000000                7702.4646966738 
                 46.0000000000                  48.5000000000                8045.4299262631 
                 46.0000000000                  49.0000000000                7478.7109381135 
                 46.0000000000                  49.5000000000                5515.8007235020 
                 46.0000000000                  50.0000000000                   0.0000000000 
                 46.5000000000                   0.0000000000                   0.0000000000 
                 46.5000000000                   0.5000000000                2144.6280628455 
                 46.5000000000                   1.0000000000                4183.2773707799 
                 46.5000000000                   1.5000000000                6112.3916037386 
                 46.5000000000                   2.0000000000                7918.0013839566 
                 46.5000000000                   2.5000000000                9714.0253949839 
                 46.5000000000                   3.0000000000               11637.9330451266 
                 46.5000000000                   3.5000000000               13679.9151724926 
                 46.5000000000                   4.0000000000               15845.4842642403 
                 46.5000000000                   4.5000000000               18009.4638624849 
                 46.5000000000                   5.0000000000               19941.3122334806 
                 46.5000000000                   5.5000000000               21575.6611100667 
                 46.5000000000                   6.0000000000               22837.6024742666 
                 46.5000000000                   6.5000000000               23785.2232169939 
                 46.5000000000                   7.0000000000               24762.4074424318 
                 46.5000000000                   7.5000000000               25897.7949880714 
                 46.5000000000                   8.0000000000               27135.0273985753 
                 46.5000000000                   8.5000000000               28469.1953683510 
                 46.5000000000                   9.0000000000               29829.8056901294 
                 46.5000000000                   9.5000000000               31126.6429463480 
                 46.5000000000                  10.0000000000               32281.1833285215 
                 46.5000000000                  10.5000000000               33188.5520308774 
                 46.5000000000                  11.0000000000               33840.3922541172 
                 46.5000000000                  11.5000000000               34349.6538228111 
                 46.5000000000                  12.0000000000               34819.4062489030 
                 46.5000000000                  12.5000000000               35372.7711151338 
                 46.5000000000                  13.0000000000               36261.5463557496 
                 46.5000000000                  13.5000000000               37542.9429589175 
                 46.5000000000                  14.0000000000               39043.9880147675 
                 46.5000000000                  14.5000000000               40675.6144873658 
                 46.5000000000                  15.0000000000               42215.0965053097 
                 46.5000000000                  15.5000000000               43457.2211292427 
                 46.5000000000                  16.0000000000               44404.1988260816 
                 46.5000000000                  16.5000000000               45025.9457748143 
                 46.5000000000                  17.0000000000               45436.9770107645 
                 46.5000000000                  17.5000000000               45935.9200357726 
                 46.5000000000                  18.0000000000               46678.5081291202 
                 46.5000000000                  18.5000000000               47754.5016908223 
                 46.5000000000                  19.0000000000               49231.0298282623 
                 46.5000000000                  19.5000000000               50904.6663609767 
                 46.5000000000                  20.0000000000               52482.0629193994 
                 46.5000000000                  20.5000000000               53734.1808808515 
                 46.5000000000                  21.0000000000               54470.8848534486 
                 46.5000000000                  21.5000000000               54822.2689771108 
                 46.5000000000                  22.0000000000               55009.4014476253 
                 46.5000000000                  22.5000000000               55113.0169305822 
                 46.5000000000                  23.0000000000               55136.2781336411 
                 46.5000000000                  23.5000000000               54656.7604570241 
                 46.5000000000                  24.0000000000               53266.5795463645 
                 46.5000000000                  24.5000000000               50800.2978598924 
                 46.5000000000                  25.0000000000               46863.3276057032 
                 46.5000000000                  25.5000000000               42618.7679639485 
                 46.5000000000                  26.0000000000               39292.5213947222 
                 46.5000000000                  26.5000000000               36552.8849442901 
                 46.5000000000                  27.0000000000               34107.4883943867 
                 46.5000000000                  27.5000000000               32018.1283152053 
                 46.5000000000                  28.0000000000               30528.8235498147 
                 46.5000000000                  28.5000000000               29630.9984373521 
                 46.5000000000                  29.0000000000               29351.5546714104 
                 46.5000000000                  29.5000000000               29605.7757214701 
                 46.5000000000                  30.0000000000               30058.3335418262 
                 46.5000000000                  30.5000000000               30474.5339234068 
                 46.5000000000                  31.0000000000               30791.9659890803 
                 46.5000000000                  31.5000000000               30808.9341573610 
                 46.5000000000                  32.0000000000               30258.3501580321 
                 46.5000000000                  32.5000000000               29136.0382900329 
                 46.5000000000                  33.0000000000               27413.7595599044 
                 46.5000000000                  33.5000000000               25282.8861898386 
                 46.5000000000                  34.0000000000               23512.6456204701 
                 46.5000000000                  34.5000000000               22317.2891254208 
                 46.5000000000                  35.0000000000               21388.7560597269 
                 46.5000000000                  35.5000000000               20648.9341039722 
                 46.5000000000                  36.0000000000               20163.9708266019 
                 46.5000000000                  36.5000000000               20013.2924841004 
                 46.5000000000                  37.0000000000               20171.8524913794 
                 46.5000000000                  37.5000000000               20619.6994410926 
                 46.5000000000                  38.0000000000               20869.6243827165 
                 46.5000000000                  38.5000000000               20347.7252092060 
                 46.5000000000                  39.0000000000               18859.8400840453 
                 46.5000000000                  39.5000000000               15887.5498913076 
                 46.5000000000                  40.0000000000               12168.6721370397 
                 46.5000000000                  40.5000000000                9082.9948917605 
                 46.5000000000                  41.0000000000                6730.1051016762 
                 46.5000000000                  41.5000000000                5006.1275111654 
                 46.5000000000                  42.0000000000                3717.8237443468 
                 46.5000000000                  42.5000000000                2544.7024995674 
                 46.5000000000                  43.0000000000                1415.7020101319 
                 46.5000000000                  43.5000000000                 164.8275634037 
                 46.5000000000                  44.0000000000                -846.3541167919 
                 46.5000000000                  44.5000000000                -833.6473272011 
                 46.5000000000                  45.0000000000                  81.5099863150 
                 46.5000000000                  45.5000000000                1533.0996614929 
                 46.5000000000                  46.0000000000                3309.2205506775 
                 46.5000000000                  46.5000000000                4967.7852107546 
                 46.5000000000                  47.0000000000                6288.7651979073 
                 46.5000000000                  47.5000000000                7302.6396299917 
                 46.5000000000                  48.0000000000                8003.0660565325 
                 46.5000000000                  48.5000000000                8180.9506744584 
                 46.5000000000                  49.0000000000                7477.1963438019 
                 46.5000000000                  49.5000000000                5356.4506179147 
                 46.5000000000                  50.0000000000                   0.0000000000 
                 47.0000000000                   0.0000000000                   0.0000000000 
                 47.0000000000                   0.5000000000                1895.9626932245 
                 47.0000000000                   1.0000000000                3724.0196125637 
                 47.0000000000                   1.5000000000                5486.4003683733 
                 47.0000000000                   2.0000000000                7194.3364373378 
                 47.0000000000                   2.5000000000                8910.5154699194 
                 47.0000000000                   3.0000000000               10695.3487769008 
                 47.0000000000                   3.5000000000               12541.0086295701 
                 47.0000000000                   4.0000000000               14443.0376566104 
                 47.0000000000                   4.5000000000               16287.2293627072 
                 47.0000000000                   5.0000000000               17891.4586932158 
                 47.0000000000                   5.5000000000               19210.7041975052 
                 47.0000000000                   6.0000000000               20193.4407031465 
                 47.0000000000                   6.5000000000               20921.6628761163 
                 47.0000000000                   7.0000000000               21705.5884887659 
                 47.0000000000                   7.5000000000               22645.9451419437 
                 47.0000000000                   8.0000000000               23698.7999732921 
                 47.0000000000                   8.5000000000               24856.8594986367 
                 47.0000000000                   9.0000000000               26007.1714414661 
                 47.0000000000                   9.5000000000               27039.4061492210 
                 47.0000000000                  10.0000000000               27872.1840982972 
                 47.0000000000                  10.5000000000               28376.8396575210 
                 47.0000000000                  11.0000000000               28675.4813398332 
                 47.0000000000                  11.5000000000               28998.8111516846 
                 47.0000000000                  12.0000000000               29429.4036492996 
                 47.0000000000                  12.5000000000               30086.4954002471 
                 47.0000000000                  13.0000000000               31073.5884320319 
                 47.0000000000                  13.5000000000               32337.7751223909 
                 47.0000000000                  14.0000000000               33749.0788941905 
                 47.0000000000                  14.5000000000               35221.1721371271 
                 47.0000000000                  15.0000000000               36560.5662033854 
                 47.0000000000                  15.5000000000               37605.2369426654 
                 47.0000000000                  16.0000000000               38369.1440096316 
                 47.0000000000                  16.5000000000               38820.0920043207 
                 47.0000000000                  17.0000000000               39121.2439953911 
                 47.0000000000                  17.5000000000               39639.0627994723 
                 47.0000000000                  18.0000000000               40521.9352715159 
                 47.0000000000                  18.5000000000               41856.2493885763 
                 47.0000000000                  19.0000000000               43656.1980422044 
                 47.0000000000                  19.5000000000               45614.9890492622 
                 47.0000000000                  20.0000000000               47432.0617011589 
                 47.0000000000                  20.5000000000               48826.2619724717 
                 47.0000000000                  21.0000000000               49477.3342645890 
                 47.0000000000                  21.5000000000               49619.4910280882 
                 47.0000000000                  22.0000000000               49597.5983363980 
                 47.0000000000                  22.5000000000               49448.2690969178 
                 47.0000000000                  23.0000000000               49140.9463904484 
                 47.0000000000                  23.5000000000               48251.9460903240 
                 47.0000000000                  24.0000000000               46420.5517567175 
                 47.0000000000                  24.5000000000               43555.8943987240 
                 47.0000000000                  25.0000000000               39458.1958399218 
                 47.0000000000                  25.5000000000               35300.4210201933 
                 47.0000000000                  26.0000000000               32128.0713843064 
                 47.0000000000                  26.5000000000               29560.5886221026 
                 47.0000000000                  27.0000000000               27296.1054846229 
                 47.0000000000                  27.5000000000               25510.9667860288 
                 47.0000000000                  28.0000000000               24493.5474109728 
                 47.0000000000                  28.5000000000               24121.6614005486 
                 47.0000000000                  29.0000000000               24380.3043045903 
                 47.0000000000                  29.5000000000               25067.3366373528 
                 47.0000000000                  30.0000000000               25755.6017038841 
                 47.0000000000                  30.5000000000               26281.4455009824 
                 47.0000000000                  31.0000000000               26568.8557543108 
                 47.0000000000                  31.5000000000               26443.9540035712 
                 47.0000000000                  32.0000000000               25865.9747472356 
                 47.0000000000                  32.5000000000               24927.0063690086 
                 47.0000000000                  33.0000000000               23671.0394687465 
                 47.0000000000                  33.5000000000               22281.7971596305 
                 47.0000000000                  34.0000000000               21111.1756352554 
                 47.0000000000                  34.5000000000               20218.9266995678 
                 47.0000000000                  35.0000000000               19418.8931237923 
                 47.0000000000                  35.5000000000               18621.9098357736 
                 47.0000000000                  36.0000000000               18050.4260040131 
                 47.0000000000                  36.5000000000               17881.7744597071 
                 47.0000000000                  37.0000000000               18026.9263605434 
                 47.0000000000                  37.5000000000               18436.8389454931 
                 47.0000000000                  38.0000000000               18623.1192822314 
                 47.0000000000                  38.5000000000               18038.0396908965 
                 47.0000000000                  39.0000000000               16520.1320862831 
                 47.0000000000                  39.5000000000               13656.0027496369 
                 47.0000000000                  40.0000000000               10222.9645343618 
                 47.0000000000                  40.5000000000                7491.8248367378 
                 47.0000000000                  41.0000000000                5494.7986691344 
                 47.0000000000                  41.5000000000                4116.9028810980 
                 47.0000000000                  42.0000000000                3120.0514216440 
                 47.0000000000                  42.5000000000                2128.8321699435 
                 47.0000000000                  43.0000000000                1068.1876373920 
                 47.0000000000                  43.5000000000                -222.1874899815 
                 47.0000000000                  44.0000000000               -1296.0032992645 
                 47.0000000000                  44.5000000000               -1255.5590595875 
                 47.0000000000                  45.0000000000                -233.1783996203 
                 47.0000000000                  45.5000000000                1378.9537568185 
                 47.0000000000                  46.0000000000                3362.6742724203 
                 47.0000000000                  46.5000000000                5221.8123514281 
                 47.0000000000                  47.0000000000                6686.5388098451 
                 47.0000000000                  47.5000000000                7716.8496040979 
                 47.0000000000                  48.0000000000                8174.5498874899 
                 47.0000000000                  48.5000000000                7993.5204768835 
                 47.0000000000                  49.0000000000                7008.5136699284 
                 47.0000000000                  49.5000000000                4723.8905985969 
                 47.0000000000                  50.0000000000                   0.0000000000 
                 47.5000000000                   0.0000000000                   0.0000000000 
                 47.5000000000                   0.5000000000                1634.5047466055 
                 47.5000000000                   1.0000000000                3242.8484053685 
                 47.5000000000                   1.5000000000                4825.0220706979 
                 47.5000000000                   2.0000000000                6416.7804604345 
                 47.5000000000                   2.5000000000                8027.6349536756 
                 47.5000000000                   3.0000000000                9636.8968473004 
                 47.5000000000                   3.5000000000               11238.8973993735 
                 47.5000000000                   4.0000000000               12807.4258370399 
                 47.5000000000                   4.5000000000               14249.4289813764 
                 47.5000000000                   5.0000000000               15472.1616605566 
                 47.5000000000                   5.5000000000               16463.7248910342 
                 47.5000000000                   6.0000000000               17196.3693586028 
                 47.5000000000                   6.5000000000               17766.8937334485 
                 47.5000000000                   7.0000000000               18419.9305214285 
                 47.5000000000                   7.5000000000               19208.5541950156 
                 47.5000000000                   8.0000000000               20093.9520971044 
                 47.5000000000                   8.5000000000               21059.3534929662 
                 47.5000000000                   9.0000000000               21952.6847023102 
                 47.5000000000                   9.5000000000               22666.8817016837 
                 47.5000000000                  10.0000000000               23147.1879887764 
                 47.5000000000                  10.5000000000               23265.1872870593 
                 47.5000000000                  11.0000000000               23309.7042396861 
                 47.5000000000                  11.5000000000               23591.2921576604 
                 47.5000000000                  12.0000000000               24089.6547160039 
                 47.5000000000                  12.5000000000               24883.9310831803 
                 47.5000000000                  13.0000000000               25941.8022885795 
                 47.5000000000                  13.5000000000               27135.3833188946 
                 47.5000000000                  14.0000000000               28393.8947364347 
                 47.5000000000                  14.5000000000               29646.3170481442 
                 47.5000000000                  15.0000000000               30743.6688676915 
                 47.5000000000                  15.5000000000               31580.9751947707 
                 47.5000000000                  16.0000000000               32187.4878217443 
                 47.5000000000                  16.5000000000               32535.1801915542 
                 47.5000000000                  17.0000000000               32833.1998452275 
                 47.5000000000                  17.5000000000               33476.3478488203 
                 47.5000000000                  18.0000000000               34558.0194977488 
                 47.5000000000                  18.5000000000               36126.5630952466 
                 47.5000000000                  19.0000000000               38143.1714311846 
                 47.5000000000                  19.5000000000               40232.8501300822 
                 47.5000000000                  20.0000000000               42118.3102086791 
                 47.5000000000                  20.5000000000               43498.0600499857 
                 47.5000000000                  21.0000000000               43890.7094338003 
                 47.5000000000                  21.5000000000               43690.1692410962 
                 47.5000000000                  22.0000000000               43421.2781261311 
                 47.5000000000                  22.5000000000               43015.9007794265 
                 47.5000000000                  23.0000000000               42388.0558734004 
                 47.5000000000                  23.5000000000               41141.1718508347 
                 47.5000000000                  24.0000000000               39015.2989954177 
                 47.5000000000                  24.5000000000               36023.4288058502 
                 47.5000000000                  25.0000000000               32143.9699814791 
                 47.5000000000                  25.5000000000               28441.5609150854 
                 47.5000000000                  26.0000000000               25700.9513877123 
                 47.5000000000                  26.5000000000               23516.6561387661 
                 47.5000000000                  27.0000000000               21602.3307499317 
                 47.5000000000                  27.5000000000               20209.8002721955 
                 47.5000000000                  28.0000000000               19633.0021623660 
                 47.5000000000                  28.5000000000               19657.6070001763 
                 47.5000000000                  29.0000000000               20241.5476843044 
                 47.5000000000                  29.5000000000               21128.2742475247 
                 47.5000000000                  30.0000000000               21844.0372839423 
                 47.5000000000                  30.5000000000               22287.7701009655 
                 47.5000000000                  31.0000000000               22393.3377139409 
                 47.5000000000                  31.5000000000               22047.5694247631 
                 47.5000000000                  32.0000000000               21449.2625509630 
                 47.5000000000                  32.5000000000               20739.9603734539 
                 47.5000000000                  33.0000000000               19936.4215946981 
                 47.5000000000                  33.5000000000               19183.0510303387 
                 47.5000000000                  34.0000000000               18520.9680460819 
                 47.5000000000                  34.5000000000               17897.3279038836 
                 47.5000000000                  35.0000000000               17205.4842844034 
                 47.5000000000                  35.5000000000               16298.9752584456 
                 47.5000000000                  36.0000000000               15597.0012905632 
                 47.5000000000                  36.5000000000               15413.9116322764 
                 47.5000000000                  37.0000000000               15547.9862798178 
                 47.5000000000                  37.5000000000               15913.5089908014 
                 47.5000000000                  38.0000000000               16028.3465799785 
                 47.5000000000                  38.5000000000               15391.4582541916 
                 47.5000000000                  39.0000000000               13885.3186283185 
                 47.5000000000                  39.5000000000               11210.2205065424 
                 47.5000000000                  40.0000000000                8151.8792473778 
                 47.5000000000                  40.5000000000                5829.5058027798 
                 47.5000000000                  41.0000000000                4205.8758586535 
                 47.5000000000                  41.5000000000                3166.4440897016 
                 47.5000000000                  42.0000000000                2451.2580957752 
                 47.5000000000                  42.5000000000                1656.7075086311 
                 47.5000000000                  43.0000000000                 718.6585904368 
                 47.5000000000                  43.5000000000                -528.2315944625 
                 47.5000000000                  44.0000000000               -1593.5760197320 
                 47.5000000000                  44.5000000000               -1507.2793703948 
                 47.5000000000                  45.0000000000                -414.2951416287 
                 47.5000000000                  45.5000000000                1292.2838618037 
                 47.5000000000                  46.0000000000                3410.5859398878 
                 47.5000000000                  46.5000000000                5411.4811816999 
                 47.5000000000                  47.0000000000                6990.7479519721 
                 47.5000000000                  47.5000000000                8038.5895404591 
                 47.5000000000                  48.0000000000                8145.4331397176 
                 47.5000000000                  48.5000000000                7451.5822054679 
                 47.5000000000                  49.0000000000                6157.9203129845 
                 47.5000000000                  49.5000000000                3842.1740988197 
                 47.5000000000                  50.0000000000                   0.0000000000 
                 48.0000000000                   0.0000000000                   0.0000000000 
                 48.0000000000                   0.5000000000                1387.0476804078 
                 48.0000000000                   1.0000000000                2765.1710997236 
                 48.0000000000                   1.5000000000                4140.6091190739 
                 48.0000000000                   2.0000000000                5561.4447706489 
                 48.0000000000                   2.5000000000                6995.1941216339 
                 48.0000000000                   3.0000000000                8365.2636559165 
                 48.0000000000                   3.5000000000                9662.0207433781 
                 48.0000000000                   4.0000000000               10825.8707901140 
                 48.0000000000                   4.5000000000               11805.7638358903 
                 48.0000000000                   5.0000000000               12629.1050719190 
                 48.0000000000                   5.5000000000               13316.3678978993 
                 48.0000000000                   6.0000000000               13862.4381185743 
                 48.0000000000                   6.5000000000               14362.7476657760 
                 48.0000000000                   7.0000000000               14958.9975726738 
                 48.0000000000                   7.5000000000               15643.1743890087 
                 48.0000000000                   8.0000000000               16367.0106263348 
                 48.0000000000                   8.5000000000               17069.1536440990 
                 48.0000000000                   9.0000000000               17590.9838158686 
                 48.0000000000                   9.5000000000               17886.7929698590 
                 48.0000000000                  10.0000000000               17963.5569272311 
                 48.0000000000                  10.5000000000               17816.7920748630 
                 48.0000000000                  11.0000000000               17842.7621071407 
                 48.0000000000                  11.5000000000               18254.7077758722 
                 48.0000000000                  12.0000000000               18908.6628766893 
                 48.0000000000                  12.5000000000               19821.2931834744 
                 48.0000000000                  13.0000000000               20864.4831502335 
                 48.0000000000                  13.5000000000               21905.1266959014 
                 48.0000000000                  14.0000000000               22936.0898821962 
                 48.0000000000                  14.5000000000               23908.0642129479 
                 48.0000000000                  15.0000000000               24731.3507109076 
                 48.0000000000                  15.5000000000               25359.5380596606 
                 48.0000000000                  16.0000000000               25833.0721490855 
                 48.0000000000                  16.5000000000               26159.3947540306 
                 48.0000000000                  17.0000000000               26590.5099015316 
                 48.0000000000                  17.5000000000               27462.4585120045 
                 48.0000000000                  18.0000000000               28770.2359579095 
                 48.0000000000                  18.5000000000               30518.4190008658 
                 48.0000000000                  19.0000000000               32596.0736017538 
                 48.0000000000                  19.5000000000               34587.2920481694 
                 48.0000000000                  20.0000000000               36260.0163469491 
                 48.0000000000                  20.5000000000               37287.3060529589 
                 48.0000000000                  21.0000000000               37166.9028012743 
                 48.0000000000                  21.5000000000               36573.9653386901 
                 48.0000000000                  22.0000000000               36120.7844199052 
                 48.0000000000                  22.5000000000               35548.4877275378 
                 48.0000000000                  23.0000000000               34707.7638338344 
                 48.0000000000                  23.5000000000               33274.0395133711 
                 48.0000000000                  24.0000000000               31127.8208443247 
                 48.0000000000                  24.5000000000               28372.1090353176 
                 48.0000000000                  25.0000000000               25113.2444730241 
                 48.0000000000                  25.5000000000               22182.7238458868 
                 48.0000000000                  26.0000000000               20066.8494986723 
                 48.0000000000                  26.5000000000               18395.5311270762 
                 48.0000000000                  27.0000000000               16935.8680659334 
                 48.0000000000                  27.5000000000               15969.3205705654 
                 48.0000000000                  28.0000000000               15754.1640657310 
                 48.0000000000                  28.5000000000               16030.2458333293 
                 48.0000000000                  29.0000000000               16733.8717034062 
                 48.0000000000                  29.5000000000               17568.8026799518 
                 48.0000000000                  30.0000000000               18068.1600859909 
                 48.0000000000                  30.5000000000               18206.7214170141 
                 48.0000000000                  31.0000000000               17994.2874393436 
                 48.0000000000                  31.5000000000               17497.0166362085 
                 48.0000000000                  32.0000000000               17022.3853857416 
                 48.0000000000                  32.5000000000               16610.6692777606 
                 48.0000000000                  33.0000000000               16208.6875444050 
                 48.0000000000                  33.5000000000               15866.7180644491 
                 48.0000000000                  34.0000000000               15470.2180304103 
                 48.0000000000                  34.5000000000               14958.1853230419 
                 48.0000000000                  35.0000000000               14278.8365281437 
                 48.0000000000                  35.5000000000               13302.3659775338 
                 48.0000000000                  36.0000000000               12581.3091469947 
                 48.0000000000                  36.5000000000               12453.4468974366 
                 48.0000000000                  37.0000000000               12616.7772784141 
                 48.0000000000                  37.5000000000               12954.5363441230 
                 48.0000000000                  38.0000000000               13023.9351820325 
                 48.0000000000                  38.5000000000               12407.2711805220 
                 48.0000000000                  39.0000000000               11031.2200401262 
                 48.0000000000                  39.5000000000                8688.6598475820 
                 48.0000000000                  40.0000000000                6109.9361542043 
                 48.0000000000                  40.5000000000                4235.3340418697 
                 48.0000000000                  41.0000000000                2983.7605768895 
                 48.0000000000                  41.5000000000                2248.8178470009 
                 48.0000000000                  42.0000000000                1774.8533787530 
                 48.0000000000                  42.5000000000                1172.2662841507 
                 48.0000000000                  43.0000000000                 394.8267053746 
                 48.0000000000                  43.5000000000                -703.0924516257 
                 48.0000000000                  44.0000000000               -1659.5484501547 
                 48.0000000000                  44.5000000000               -1542.6037502654 
                 48.0000000000                  45.0000000000                -464.1379833660 
                 48.0000000000                  45.5000000000                1229.7718753338 
                 48.0000000000                  46.0000000000                3357.8044016934 
                 48.0000000000                  46.5000000000                5377.5601820433 
                 48.0000000000                  47.0000000000                6965.4514754983 
                 48.0000000000                  47.5000000000                7963.7972108391 
                 48.0000000000                  48.0000000000                7697.4842416618 
                 48.0000000000                  48.5000000000                6536.3569144704 
                 48.0000000000                  49.0000000000                5079.3767423196 
                 48.0000000000                  49.5000000000                2948.0767836682 
                 48.0000000000                  50.0000000000                   0.0000000000 
                 48.5000000000                   0.0000000000                   0.0000000000 
                 48.5000000000                   0.5000000000                1170.4521293566 
                 48.5000000000                   1.0000000000                2300.3907108539 
                 48.5000000000                   1.5000000000                3425.1790997011 
                 48.5000000000                   2.0000000000                4587.0321631211 
                 48.5000000000                   2.5000000000                5744.3359269586 
                 48.5000000000                   3.0000000000                6815.8562106522 
                 48.5000000000                   3.5000000000                7775.3633797375 
                 48.5000000000                   4.0000000000                8528.6555227184 
                 48.5000000000                   4.5000000000                9069.3692287313 
                 48.5000000000                   5.0000000000                9533.4324909044 
                 48.5000000000                   5.5000000000                9966.6197462284 
                 48.5000000000                   6.0000000000               10384.8937368631 
                 48.5000000000                   6.5000000000               10863.2794356670 
                 48.5000000000                   7.0000000000               11420.9278933707 
                 48.5000000000                   7.5000000000               11999.2122416914 
                 48.5000000000                   8.0000000000               12526.2367030687 
                 48.5000000000                   8.5000000000               12886.6918774189 
                 48.5000000000                   9.0000000000               13008.7212437814 
                 48.5000000000                   9.5000000000               12949.7958235248 
                 48.5000000000                  10.0000000000               12773.2841001102 
                 48.5000000000                  10.5000000000               12610.4787611099 
                 48.5000000000                  11.0000000000               12757.4288128990 
                 48.5000000000                  11.5000000000               13259.3575216240 
                 48.5000000000                  12.0000000000               13970.3711139420 
                 48.5000000000                  12.5000000000               14854.9034826012 
                 48.5000000000                  13.0000000000               15763.9573323791 
                 48.5000000000                  13.5000000000               16595.7875687267 
                 48.5000000000                  14.0000000000               17370.3579429709 
                 48.5000000000                  14.5000000000               18055.6741505492 
                 48.5000000000                  15.0000000000               18612.3981820648 
                 48.5000000000                  15.5000000000               19044.2623589378 
                 48.5000000000                  16.0000000000               19401.8260551993 
                 48.5000000000                  16.5000000000               19744.3693236347 
                 48.5000000000                  17.0000000000               20316.9159353409 
                 48.5000000000                  17.5000000000               21338.4135468904 
                 48.5000000000                  18.0000000000               22742.6488493656 
                 48.5000000000                  18.5000000000               24506.0493331210 
                 48.5000000000                  19.0000000000               26458.2724774960 
                 48.5000000000                  19.5000000000               28178.0856561304 
                 48.5000000000                  20.0000000000               29470.0714749540 
                 48.5000000000                  20.5000000000               30005.0942456400 
                 48.5000000000                  21.0000000000               29413.2298098686 
                 48.5000000000                  21.5000000000               28568.7154283189 
                 48.5000000000                  22.0000000000               28035.5310474352 
                 48.5000000000                  22.5000000000               27411.0290683226 
                 48.5000000000                  23.0000000000               26486.9257893465 
                 48.5000000000                  23.5000000000               25052.1186343113 
                 48.5000000000                  24.0000000000               23132.5342080773 
                 48.5000000000                  24.5000000000               20875.8919808463 
                 48.5000000000                  25.0000000000               18449.6202853313 
                 48.5000000000                  25.5000000000               16390.7949346468 
                 48.5000000000                  26.0000000000               14925.9856297104 
                 48.5000000000                  26.5000000000               13780.1509104450 
                 48.5000000000                  27.0000000000               12791.6626570248 
                 48.5000000000                  27.5000000000               12212.2837023803 
                 48.5000000000                  28.0000000000               12238.3446389734 
                 48.5000000000                  28.5000000000               12619.9343238163 
                 48.5000000000                  29.0000000000               13251.3921634667 
                 48.5000000000                  29.5000000000               13823.3763161593 
                 48.5000000000                  30.0000000000               13971.5148389516 
                 48.5000000000                  30.5000000000               13762.1132147526 
                 48.5000000000                  31.0000000000               13354.6440407832 
                 48.5000000000                  31.5000000000               12961.0230008665 
                 48.5000000000                  32.0000000000               12732.5498296039 
                 48.5000000000                  32.5000000000               12580.7395153813 
                 48.5000000000                  33.0000000000               12436.7492881565 
                 48.5000000000                  33.5000000000               12249.5695537280 
                 48.5000000000                  34.0000000000               11919.0154280070 
                 48.5000000000                  34.5000000000               11436.0651955001 
                 48.5000000000                  35.0000000000               10783.9778443002 
                 48.5000000000                  35.5000000000                9951.4169178238 
                 48.5000000000                  36.0000000000                9402.2611452917 
                 48.5000000000                  36.5000000000                9352.9899644581 
                 48.5000000000                  37.0000000000                9540.1975163675 
                 48.5000000000                  37.5000000000                9831.1921736025 
                 48.5000000000                  38.0000000000                9868.4796725240 
                 48.5000000000                  38.5000000000                9342.2643604659 
                 48.5000000000                  39.0000000000                8205.7513510944 
                 48.5000000000                  39.5000000000                6302.4689678601 
                 48.5000000000                  40.0000000000                4251.7579941282 
                 48.5000000000                  40.5000000000                2819.7395105353 
                 48.5000000000                  41.0000000000                1910.5820820658 
                 48.5000000000                  41.5000000000                1423.7105428227 
                 48.5000000000                  42.0000000000                1133.2555948477 
                 48.5000000000                  42.5000000000                 709.3212340630 
                 48.5000000000                  43.0000000000                 119.7300490554 
                 48.5000000000                  43.5000000000                -717.0940333057 
                 48.5000000000                  44.0000000000               -1447.3082460912 
                 48.5000000000                  44.5000000000               -1331.2686920697 
                 48.5000000000                  45.0000000000                -386.7305448807 
                 48.5000000000                  45.5000000000                1149.9704167792 
                 48.5000000000                  46.0000000000                3112.9547499248 
                 48.5000000000                  46.5000000000                4967.2248832723 
                 48.5000000000                  47.0000000000                6379.1917174566 
                 48.5000000000                  47.5000000000                7161.7358523936 
                 48.5000000000                  48.0000000000                6665.2426775890 
                 48.5000000000                  48.5000000000                5380.2529671783 
                 48.5000000000                  49.0000000000                4011.0307374807 
                 48.5000000000                  49.5000000000                2251.7998943907 
                 48.5000000000                  50.0000000000                   0.0000000000 
                 49.0000000000                   0.0000000000                   0.0000000000 
                 49.0000000000                   0.5000000000                 930.0929831210 
                 49.0000000000                   1.0000000000                1771.0909801398 
                 49.0000000000                   1.5000000000                2589.1202247716 
                 49.0000000000                   2.0000000000                3415.0965127073 
                 49.0000000000                   2.5000000000                4223.2580440728 
                 49.0000000000                   3.0000000000                4963.2972914554 
                 49.0000000000                   3.5000000000                5596.4178041600 
                 49.0000000000                   4.0000000000                5994.8463789670 
                 49.0000000000                   4.5000000000                6178.0053840189 
                 49.0000000000                   5.0000000000                6358.6741596120 
                 49.0000000000                   5.5000000000                6591.5052313391 
                 49.0000000000                   6.0000000000                6901.6133695294 
                 49.0000000000                   6.5000000000                7337.8046388110 
                 49.0000000000                   7.0000000000                7815.2660245438 
                 49.0000000000                   7.5000000000                8252.2779013513 
                 49.0000000000                   8.0000000000                8556.5221034602 
                 49.0000000000                   8.5000000000                8588.1029281281 
                 49.0000000000                   9.0000000000                8428.0901414644 
                 49.0000000000                   9.5000000000                8223.7974132937 
                 49.0000000000                  10.0000000000                8034.3173274331 
                 49.0000000000                  10.5000000000                7999.5347747619 
                 49.0000000000                  11.0000000000                8218.1446525784 
                 49.0000000000                  11.5000000000                8650.5885542427 
                 49.0000000000                  12.0000000000                9233.2390273389 
                 49.0000000000                  12.5000000000                9920.7214318646 
                 49.0000000000                  13.0000000000               10595.9848971648 
                 49.0000000000                  13.5000000000               11187.9651295988 
                 49.0000000000                  14.0000000000               11712.8713567299 
                 49.0000000000                  14.5000000000               12140.9217916959 
                 49.0000000000                  15.0000000000               12461.9250309749 
                 49.0000000000                  15.5000000000               12716.6439152690 
                 49.0000000000                  16.0000000000               12958.8881592485 
                 49.0000000000                  16.5000000000               13274.1659688236 
                 49.0000000000                  17.0000000000               13850.2056980540 
                 49.0000000000                  17.5000000000               14799.3226917577 
                 49.0000000000                  18.0000000000               16053.5154693122 
                 49.0000000000                  18.5000000000               17587.6119746941 
                 49.0000000000                  19.0000000000               19213.2940357639 
                 49.0000000000                  19.5000000000               20545.0527433169 
                 49.0000000000                  20.0000000000               21436.2216122186 
                 49.0000000000                  20.5000000000               21623.4855077332 
                 49.0000000000                  21.0000000000               20866.0487480810 
                 49.0000000000                  21.5000000000               20014.2298053681 
                 49.0000000000                  22.0000000000               19527.6948327972 
                 49.0000000000                  22.5000000000               18967.3044846451 
                 49.0000000000                  23.0000000000               18085.7542950757 
                 49.0000000000                  23.5000000000               16807.3678028935 
                 49.0000000000                  24.0000000000               15283.2931359611 
                 49.0000000000                  24.5000000000               13649.9620854162 
                 49.0000000000                  25.0000000000               12073.3943600819 
                 49.0000000000                  25.5000000000               10824.6796671592 
                 49.0000000000                  26.0000000000                9946.7495160180 
                 49.0000000000                  26.5000000000                9272.6609106481 
                 49.0000000000                  27.0000000000                8705.9110644324 
                 49.0000000000                  27.5000000000                8435.7565372402 
                 49.0000000000                  28.0000000000                8592.7712723503 
                 49.0000000000                  28.5000000000                8963.6560772171 
                 49.0000000000                  29.0000000000                9385.3543802301 
                 49.0000000000                  29.5000000000                9587.8708206056 
                 49.0000000000                  30.0000000000                9414.1909388535 
                 49.0000000000                  30.5000000000                9029.0299141596 
                 49.0000000000                  31.0000000000                8684.5784910988 
                 49.0000000000                  31.5000000000                8560.3529931617 
                 49.0000000000                  32.0000000000                8560.1771081686 
                 49.0000000000                  32.5000000000                8561.0341866529 
                 49.0000000000                  33.0000000000                8528.6860538132 
                 49.0000000000                  33.5000000000                8370.0090465234 
                 49.0000000000                  34.0000000000                8072.5151699336 
                 49.0000000000                  34.5000000000                7680.2750546706 
                 49.0000000000                  35.0000000000                7194.2050663226 
                 49.0000000000                  35.5000000000                6669.6945266904 
                 49.0000000000                  36.0000000000                6365.6495971830 
                 49.0000000000                  36.5000000000                6376.2741460555 
                 49.0000000000                  37.0000000000                6547.3556518580 
                 49.0000000000                  37.5000000000                6753.5221394890 
                 49.0000000000                  38.0000000000                6750.3201916011 
                 49.0000000000                  38.5000000000                6347.6767533766 
                 49.0000000000                  39.0000000000                5509.3132282140 
                 49.0000000000                  39.5000000000                4102.3832249946 
                 49.0000000000                  40.0000000000                2607.1634499968 
                 49.0000000000                  40.5000000000                1612.2083043495 
                 49.0000000000                  41.0000000000                1017.0124574680 
                 49.0000000000                  41.5000000000                 732.4523701861 
                 49.0000000000                  42.0000000000                 583.7339032019 
                 49.0000000000                  42.5000000000                 324.9245815575 
                 49.0000000000                  43.0000000000                 -60.4240266534 
                 49.0000000000                  43.5000000000                -584.2901505060 
                 49.0000000000                  44.0000000000               -1030.6090739313 
                 49.0000000000                  44.5000000000                -932.6463164139 
                 49.0000000000                  45.0000000000                -226.2821439625 
                 49.0000000000                  45.5000000000                 994.3195117687 
                 49.0000000000                  46.0000000000                2594.6104832331 
                 49.0000000000                  46.5000000000                4081.0629730926 
                 49.0000000000                  47.0000000000                5137.9871912347 
                 49.0000000000                  47.5000000000                5602.0055454947 
                 49.0000000000                  48.0000000000                5058.1361518322 
                 49.0000000000                  48.5000000000                3983.4732350443 
                 49.0000000000                  49.0000000000                2918.4063213843 
                 49.0000000000                  49.5000000000                1630.9908411450 
                 49.0000000000                  50.0000000000                   0.0000000000 
                 49.5000000000                   0.0000000000                   0.0000000000 
                 49.5000000000                   0.5000000000                 582.5983359486 
                 49.5000000000                   1.0000000000                1052.4329129721 
                 49.5000000000                   1.5000000000                1502.4083229434 
                 49.5000000000                   2.0000000000                1937.1118496629 
                 49.5000000000                   2.5000000000                2349.8544750461 
                 49.5000000000                   3.0000000000                2734.0503787679 
                 49.5000000000                   3.5000000000                3059.8390122276 
                 49.5000000000                   4.0000000000                3183.4719196371 
                 49.5000000000                   4.5000000000                3130.2592399080 
                 49.5000000000                   5.0000000000                3137.6104713086 
                 49.5000000000                   5.5000000000                3224.5160593954 
                 49.5000000000                   6.0000000000                3409.4582807474 
                 49.5000000000                   6.5000000000                3732.2640250045 
                 49.5000000000                   7.0000000000                4052.7764129091 
                 49.5000000000                   7.5000000000                4314.6495909901 
                 49.5000000000                   8.0000000000                4439.6298589750 
                 49.5000000000                   8.5000000000                4272.8575141508 
                 49.5000000000                   9.0000000000                4019.0716070171 
                 49.5000000000                   9.5000000000                3845.7774208870 
                 49.5000000000                  10.0000000000                3732.0868175252 
                 49.5000000000                  10.5000000000                3794.0444849161 
                 49.5000000000                  11.0000000000                3995.9982174887 
                 49.5000000000                  11.5000000000                4262.6727148889 
                 49.5000000000                  12.0000000000                4607.4147399340 
                 49.5000000000                  12.5000000000                4995.0678599863 
                 49.5000000000                  13.0000000000                5360.3040246484 
                 49.5000000000                  13.5000000000                5672.6001603402 
                 49.5000000000                  14.0000000000                5942.3901993794 
                 49.5000000000                  14.5000000000                6135.0401613033 
                 49.5000000000                  15.0000000000                6255.3260067663 
                 49.5000000000                  15.5000000000                6358.3550423895 
                 49.5000000000                  16.0000000000                6472.6672074507 
                 49.5000000000                  16.5000000000                6676.5632613054 
                 49.5000000000                  17.0000000000                7088.6400189012 
                 49.5000000000                  17.5000000000                7730.6515527949 
                 49.5000000000                  18.0000000000                8556.6061251477 
                 49.5000000000                  18.5000000000                9571.7858728572 
                 49.5000000000                  19.0000000000               10607.4925230990 
                 49.5000000000                  19.5000000000               11375.1863889239 
                 49.5000000000                  20.0000000000               11826.7671246307 
                 49.5000000000                  20.5000000000               11796.5609940719 
                 49.5000000000                  21.0000000000               11155.3889125281 
                 49.5000000000                  21.5000000000               10567.9273741182 
                 49.5000000000                  22.0000000000               10300.2191168014 
                 49.5000000000                  22.5000000000                9966.8639700282 
                 49.5000000000                  23.0000000000                9337.2118117559 
                 49.5000000000                  23.5000000000                8459.2955244522 
                 49.5000000000                  24.0000000000                7550.3778780870 
                 49.5000000000                  24.5000000000                6658.9458644427 
                 49.5000000000                  25.0000000000                5912.2372583173 
                 49.5000000000                  25.5000000000                5385.1686232717 
                 49.5000000000                  26.0000000000                5015.2801386815 
                 49.5000000000                  26.5000000000                4738.0444142820 
                 49.5000000000                  27.0000000000                4516.8655923110 
                 49.5000000000                  27.5000000000                4472.6724297899 
                 49.5000000000                  28.0000000000                4662.9162635617 
                 49.5000000000                  28.5000000000                4953.0313666874 
                 49.5000000000                  29.0000000000                5117.7920817173 
                 49.5000000000                  29.5000000000                4970.0580197808 
                 49.5000000000                  30.0000000000                4647.4764557692 
                 49.5000000000                  30.5000000000                4311.3155072138 
                 49.5000000000                  31.0000000000                4138.8277429425 
                 49.5000000000                  31.5000000000                4231.3167643947 
                 49.5000000000                  32.0000000000                4350.0271346309 
                 49.5000000000                  32.5000000000                4409.5150924381 
                 49.5000000000                  33.0000000000                4425.6187755219 
                 49.5000000000                  33.5000000000                4289.9353671323 
                 49.5000000000                  34.0000000000                4068.2359213058 
                 49.5000000000                  34.5000000000                3833.7811314182 
                 49.5000000000                  35.0000000000                3570.2564749978 
                 49.5000000000                  35.5000000000                3346.8373274475 
                 49.5000000000                  36.0000000000                3256.6340598505 
                 49.5000000000                  36.5000000000                3306.6604583166 
                 49.5000000000                  37.0000000000                3437.4056071987 
                 49.5000000000                  37.5000000000                3545.9800042050 
                 49.5000000000                  38.0000000000                3514.8025655698 
                 49.5000000000                  38.5000000000                3282.3501334533 
                 49.5000000000                  39.0000000000                2821.5264216197 
                 49.5000000000                  39.5000000000                2015.6867561622 
                 49.5000000000                  40.0000000000                1164.9978406790 
                 49.5000000000                  40.5000000000                 643.8735053660 
                 49.5000000000                  41.0000000000                 351.8470460323 
                 49.5000000000                  41.5000000000                 234.3056157341 
                 49.5000000000                  42.0000000000                 190.2087416537 
                 49.5000000000                  42.5000000000                  75.6370383710 
                 49.5000000000                  43.0000000000                -111.9644584342 
                 49.5000000000                  43.5000000000                -337.5458883966 
                 49.5000000000                  44.0000000000                -505.7073073770 
                 49.5000000000                  44.5000000000                -437.8739878227 
                 49.5000000000                  45.0000000000                 -50.2098824944 
                 49.5000000000                  45.5000000000                 684.4853657748 
                 49.5000000000                  46.0000000000                1677.2830176383 
                 49.5000000000                  46.5000000000                2563.2184400341 
                 49.5000000000                  47.0000000000                3119.3028141366 
                 49.5000000000                  47.5000000000                3262.9089299043 
                 49.5000000000                  48.0000000000                2842.2875472826 
                 49.5000000000                  48.5000000000                2202.6751078640 
                 49.5000000000                  49.0000000000                1613.1968236118 
                 49.5000000000                  49.5000000000                 916.0026057475 
                 49.5000000000                  50.0000000000                   0.0000000000 
                 50.0000000000                   0.0000000000                   0.0000000000 
                 50.0000000000                   0.5000000000                   0.0000000000 
                 50.0000000000                   1.0000000000                   0.0000000000 
                 50.0000000000                   1.5000000000                   0.0000000000 
                 50.0000000000                   2.0000000000                   0.0000000000 
                 50.0000000000                   2.5000000000                   0.0000000000 
                 50.0000000000                   3.0000000000                   0.0000000000 
                 50.0000000000                   3.5000000000                   0.0000000000 
                 50.0000000000                   4.0000000000                   0.0000000000 
                 50.0000000000                   4.5000000000                   0.0000000000 
                 50.0000000000                   5.0000000000                   0.0000000000 
                 50.0000000000                   5.5000000000                   0.0000000000 
                 50.0000000000                   6.0000000000                   0.0000000000 
                 50.0000000000                   6.5000000000                   0.0000000000 
                 50.0000000000                   7.0000000000                   0.0000000000 
                 50.0000000000                   7.5000000000                   0.0000000000 
                 50.0000000000                   8.0000000000                   0.0000000000 
                 50.0000000000                   8.5000000000                   0.0000000000 
                 50.0000000000                   9.0000000000                   0.0000000000 
                 50.0000000000                   9.5000000000                   0.0000000000 
                 50.0000000000                  10.0000000000                   0.0000000000 
                 50.0000000000                  10.5000000000                   0.0000000000 
                 50.0000000000                  11.0000000000                   0.0000000000 
                 50.0000000000                  11.5000000000                   0.0000000000 
                 50.0000000000                  12.0000000000                   0.0000000000 
                 50.0000000000                  12.5000000000                   0.0000000000 
                 50.0000000000                  13.0000000000                   0.0000000000 
                 50.0000000000                  13.5000000000                   0.0000000000 
                 50.0000000000                  14.0000000000                   0.0000000000 
                 50.0000000000                  14.5000000000                   0.0000000000 
                 50.0000000000                  15.0000000000                   0.0000000000 
                 50.0000000000                  15.5000000000                   0.0000000000 
                 50.0000000000                  16.0000000000                   0.0000000000 
                 50.0000000000                  16.5000000000                   0.0000000000 
                 50.0000000000                  17.0000000000                   0.0000000000 
                 50.0000000000                  17.5000000000                   0.0000000000 
                 50.0000000000                  18.0000000000                   0.0000000000 
                 50.0000000000                  18.5000000000                   0.0000000000 
                 50.0000000000                  19.0000000000                   0.0000000000 
                 50.0000000000                  19.5000000000                   0.0000000000 
                 50.0000000000                  20.0000000000                   0.0000000000 
                 50.0000000000                  20.5000000000                   0.0000000000 
                 50.0000000000                  21.0000000000                   0.0000000000 
                 50.0000000000                  21.5000000000                   0.0000000000 
                 50.0000000000                  22.0000000000                   0.0000000000 
                 50.0000000000                  22.5000000000                   0.0000000000 
                 50.0000000000                  23.0000000000                   0.0000000000 
                 50.0000000000                  23.5000000000                   0.0000000000 
                 50.0000000000                  24.0000000000                   0.0000000000 
                 50.0000000000                  24.5000000000                   0.0000000000 
                 50.0000000000                  25.0000000000                   0.0000000000 
                 50.0000000000                  25.5000000000                   0.0000000000 
                 50.0000000000                  26.0000000000                   0.0000000000 
                 50.0000000000                  26.5000000000                   0.0000000000 
                 50.0000000000                  27.0000000000                   0.0000000000 
                 50.0000000000                  27.5000000000                   0.0000000000 
                 50.0000000000                  28.0000000000                   0.0000000000 
                 50.0000000000                  28.5000000000                   0.0000000000 
                 50.0000000000                  29.0000000000                   0.0000000000 
                 50.0000000000                  29.5000000000                   0.0000000000 
                 50.0000000000                  30.0000000000                   0.0000000000 
                 50.0000000000                  30.5000000000                   0.0000000000 
                 50.0000000000                  31.0000000000                   0.0000000000 
                 50.0000000000                  31.5000000000                   0.0000000000 
                 50.0000000000                  32.0000000000                   0.0000000000 
                 50.0000000000                  32.5000000000                   0.0000000000 
                 50.0000000000                  33.0000000000                   0.0000000000 
                 50.0000000000                  33.5000000000                   0.0000000000 
                 50.0000000000                  34.0000000000                   0.0000000000 
                 50.0000000000                  34.5000000000                   0.0000000000 
                 50.0000000000                  35.0000000000                   0.0000000000 
                 50.0000000000                  35.5000000000                   0.0000000000 
                 50.0000000000                  36.0000000000                   0.0000000000 
                 50.0000000000                  36.5000000000                   0.0000000000 
                 50.0000000000                  37.0000000000                   0.0000000000 
                 50.0000000000                  37.5000000000                   0.0000000000 
                 50.0000000000                  38.0000000000                   0.0000000000 
                 50.0000000000                  38.5000000000                   0.0000000000 
                 50.0000000000                  39.0000000000                   0.0000000000 
                 50.0000000000                  39.5000000000                   0.0000000000 
                 50.0000000000                  40.0000000000                   0.0000000000 
                 50.0000000000                  40.5000000000                   0.0000000000 
                 50.0000000000                  41.0000000000                   0.0000000000 
                 50.0000000000                  41.5000000000                   0.0000000000 
                 50.0000000000                  42.0000000000                   0.0000000000 
                 50.0000000000                  42.5000000000                   0.0000000000 
                 50.0000000000                  43.0000000000                   0.0000000000 
                 50.0000000000                  43.5000000000                   0.0000000000 
                 50.0000000000                  44.0000000000                   0.0000000000 
                 50.0000000000                  44.5000000000                   0.0000000000 
                 50.0000000000                  45.0000000000                   0.0000000000 
                 50.0000000000                  45.5000000000                   0.0000000000 
                 50.0000000000                  46.0000000000                   0.0000000000 
                 50.0000000000                  46.5000000000                   0.0000000000 
                 50.0000000000                  47.0000000000                   0.0000000000 
                 50.0000000000                  47.5000000000                   0.0000000000 
                 50.0000000000                  48.0000000000                   0.0000000000 
                 50.0000000000                  48.5000000000                   0.0000000000 
                 50.0000000000                  49.0000000000                   0.0000000000 
                 50.0000000000                  49.5000000000                   0.0000000000 
                 50.0000000000                  50.0000000000                   0.0000000000 
