                  0.0000000000                   0.0000000000                   0.0000000000 
                  0.0000000000                   0.5000000000                   0.0000000000 
                  0.0000000000                   1.0000000000                   0.0000000000 
                  0.0000000000                   1.5000000000                   0.0000000000 
                  0.0000000000                   2.0000000000                   0.0000000000 
                  0.0000000000                   2.5000000000                   0.0000000000 
                  0.0000000000                   3.0000000000                   0.0000000000 
                  0.0000000000                   3.5000000000                   0.0000000000 
                  0.0000000000                   4.0000000000                   0.0000000000 
                  0.0000000000                   4.5000000000                   0.0000000000 
                  0.0000000000                   5.0000000000                   0.0000000000 
                  0.0000000000                   5.5000000000                   0.0000000000 
                  0.0000000000                   6.0000000000                   0.0000000000 
                  0.0000000000                   6.5000000000                   0.0000000000 
                  0.0000000000                   7.0000000000                   0.0000000000 
                  0.0000000000                   7.5000000000                   0.0000000000 
                  0.0000000000                   8.0000000000                   0.0000000000 
                  0.0000000000                   8.5000000000                   0.0000000000 
                  0.0000000000                   9.0000000000                   0.0000000000 
                  0.0000000000                   9.5000000000                   0.0000000000 
                  0.0000000000                  10.0000000000                   0.0000000000 
                  0.0000000000                  10.5000000000                   0.0000000000 
                  0.0000000000                  11.0000000000                   0.0000000000 
                  0.0000000000                  11.5000000000                   0.0000000000 
                  0.0000000000                  12.0000000000                   0.0000000000 
                  0.0000000000                  12.5000000000                   0.0000000000 
                  0.0000000000                  13.0000000000                   0.0000000000 
                  0.0000000000                  13.5000000000                   0.0000000000 
                  0.0000000000                  14.0000000000                   0.0000000000 
                  0.0000000000                  14.5000000000                   0.0000000000 
                  0.0000000000                  15.0000000000                   0.0000000000 
                  0.0000000000                  15.5000000000                   0.0000000000 
                  0.0000000000                  16.0000000000                   0.0000000000 
                  0.0000000000                  16.5000000000                   0.0000000000 
                  0.0000000000                  17.0000000000                   0.0000000000 
                  0.0000000000                  17.5000000000                   0.0000000000 
                  0.0000000000                  18.0000000000                   0.0000000000 
                  0.0000000000                  18.5000000000                   0.0000000000 
                  0.0000000000                  19.0000000000                   0.0000000000 
                  0.0000000000                  19.5000000000                   0.0000000000 
                  0.0000000000                  20.0000000000                   0.0000000000 
                  0.0000000000                  20.5000000000                   0.0000000000 
                  0.0000000000                  21.0000000000                   0.0000000000 
                  0.0000000000                  21.5000000000                   0.0000000000 
                  0.0000000000                  22.0000000000                   0.0000000000 
                  0.0000000000                  22.5000000000                   0.0000000000 
                  0.0000000000                  23.0000000000                   0.0000000000 
                  0.0000000000                  23.5000000000                   0.0000000000 
                  0.0000000000                  24.0000000000                   0.0000000000 
                  0.0000000000                  24.5000000000                   0.0000000000 
                  0.0000000000                  25.0000000000                   0.0000000000 
                  0.0000000000                  25.5000000000                   0.0000000000 
                  0.0000000000                  26.0000000000                   0.0000000000 
                  0.0000000000                  26.5000000000                   0.0000000000 
                  0.0000000000                  27.0000000000                   0.0000000000 
                  0.0000000000                  27.5000000000                   0.0000000000 
                  0.0000000000                  28.0000000000                   0.0000000000 
                  0.0000000000                  28.5000000000                   0.0000000000 
                  0.0000000000                  29.0000000000                   0.0000000000 
                  0.0000000000                  29.5000000000                   0.0000000000 
                  0.0000000000                  30.0000000000                   0.0000000000 
                  0.0000000000                  30.5000000000                   0.0000000000 
                  0.0000000000                  31.0000000000                   0.0000000000 
                  0.0000000000                  31.5000000000                   0.0000000000 
                  0.0000000000                  32.0000000000                   0.0000000000 
                  0.0000000000                  32.5000000000                   0.0000000000 
                  0.0000000000                  33.0000000000                   0.0000000000 
                  0.0000000000                  33.5000000000                   0.0000000000 
                  0.0000000000                  34.0000000000                   0.0000000000 
                  0.0000000000                  34.5000000000                   0.0000000000 
                  0.0000000000                  35.0000000000                   0.0000000000 
                  0.0000000000                  35.5000000000                   0.0000000000 
                  0.0000000000                  36.0000000000                   0.0000000000 
                  0.0000000000                  36.5000000000                   0.0000000000 
                  0.0000000000                  37.0000000000                   0.0000000000 
                  0.0000000000                  37.5000000000                   0.0000000000 
                  0.0000000000                  38.0000000000                   0.0000000000 
                  0.0000000000                  38.5000000000                   0.0000000000 
                  0.0000000000                  39.0000000000                   0.0000000000 
                  0.0000000000                  39.5000000000                   0.0000000000 
                  0.0000000000                  40.0000000000                   0.0000000000 
                  0.0000000000                  40.5000000000                   0.0000000000 
                  0.0000000000                  41.0000000000                   0.0000000000 
                  0.0000000000                  41.5000000000                   0.0000000000 
                  0.0000000000                  42.0000000000                   0.0000000000 
                  0.0000000000                  42.5000000000                   0.0000000000 
                  0.0000000000                  43.0000000000                   0.0000000000 
                  0.0000000000                  43.5000000000                   0.0000000000 
                  0.0000000000                  44.0000000000                   0.0000000000 
                  0.0000000000                  44.5000000000                   0.0000000000 
                  0.0000000000                  45.0000000000                   0.0000000000 
                  0.0000000000                  45.5000000000                   0.0000000000 
                  0.0000000000                  46.0000000000                   0.0000000000 
                  0.0000000000                  46.5000000000                   0.0000000000 
                  0.0000000000                  47.0000000000                   0.0000000000 
                  0.0000000000                  47.5000000000                   0.0000000000 
                  0.0000000000                  48.0000000000                   0.0000000000 
                  0.0000000000                  48.5000000000                   0.0000000000 
                  0.0000000000                  49.0000000000                   0.0000000000 
                  0.0000000000                  49.5000000000                   0.0000000000 
                  0.0000000000                  50.0000000000                   0.0000000000 
                  0.5000000000                   0.0000000000                   0.0000000000 
                  0.5000000000                   0.5000000000                 150.3714295160 
                  0.5000000000                   1.0000000000                 318.0578114573 
                  0.5000000000                   1.5000000000                 540.0194893339 
                  0.5000000000                   2.0000000000                 929.7071381172 
                  0.5000000000                   2.5000000000                1421.2539924742 
                  0.5000000000                   3.0000000000                1845.5529726566 
                  0.5000000000                   3.5000000000                2235.8319687941 
                  0.5000000000                   4.0000000000                2407.6466006460 
                  0.5000000000                   4.5000000000                2320.7867225942 
                  0.5000000000                   5.0000000000                2317.3331608465 
                  0.5000000000                   5.5000000000                2430.7167819937 
                  0.5000000000                   6.0000000000                2538.0761962195 
                  0.5000000000                   6.5000000000                2629.7449549077 
                  0.5000000000                   7.0000000000                2653.1334317100 
                  0.5000000000                   7.5000000000                2575.2477930513 
                  0.5000000000                   8.0000000000                2117.4534552351 
                  0.5000000000                   8.5000000000                1370.4548669338 
                  0.5000000000                   9.0000000000                1217.6475542424 
                  0.5000000000                   9.5000000000                1701.9807881345 
                  0.5000000000                  10.0000000000                2384.9496641776 
                  0.5000000000                  10.5000000000                3267.6077873597 
                  0.5000000000                  11.0000000000                4154.8173756201 
                  0.5000000000                  11.5000000000                4978.6057495870 
                  0.5000000000                  12.0000000000                5866.4291960822 
                  0.5000000000                  12.5000000000                6909.9211719237 
                  0.5000000000                  13.0000000000                8022.1762215325 
                  0.5000000000                  13.5000000000                9087.1375499389 
                  0.5000000000                  14.0000000000               10142.4679735440 
                  0.5000000000                  14.5000000000               11124.5437337785 
                  0.5000000000                  15.0000000000               11995.4959774439 
                  0.5000000000                  15.5000000000               12779.1915260316 
                  0.5000000000                  16.0000000000               13439.7229670340 
                  0.5000000000                  16.5000000000               13855.0202419054 
                  0.5000000000                  17.0000000000               14003.7176222678 
                  0.5000000000                  17.5000000000               13982.9519633157 
                  0.5000000000                  18.0000000000               13774.8320400810 
                  0.5000000000                  18.5000000000               13233.1017867566 
                  0.5000000000                  19.0000000000               12493.0017959582 
                  0.5000000000                  19.5000000000               11954.5892056450 
                  0.5000000000                  20.0000000000               11651.1325055869 
                  0.5000000000                  20.5000000000               11471.9547326888 
                  0.5000000000                  21.0000000000               11397.1855832919 
                  0.5000000000                  21.5000000000               11316.0198801448 
                  0.5000000000                  22.0000000000               11195.0422663297 
                  0.5000000000                  22.5000000000               11082.3015606854 
                  0.5000000000                  23.0000000000               11021.2033228760 
                  0.5000000000                  23.5000000000               11025.0394627991 
                  0.5000000000                  24.0000000000               11063.6715120051 
                  0.5000000000                  24.5000000000               11110.0441245097 
                  0.5000000000                  25.0000000000               11107.3598529776 
                  0.5000000000                  25.5000000000               11084.4634643103 
                  0.5000000000                  26.0000000000               11092.0133286988 
                  0.5000000000                  26.5000000000               11096.6148553240 
                  0.5000000000                  27.0000000000               11073.1039420138 
                  0.5000000000                  27.5000000000               10964.1376253872 
                  0.5000000000                  28.0000000000               10711.2360974936 
                  0.5000000000                  28.5000000000               10304.3467880555 
                  0.5000000000                  29.0000000000                9619.4161179052 
                  0.5000000000                  29.5000000000                8813.8996322007 
                  0.5000000000                  30.0000000000                8251.4734932224 
                  0.5000000000                  30.5000000000                7918.2305468182 
                  0.5000000000                  31.0000000000                7804.4688680487 
                  0.5000000000                  31.5000000000                7891.7420842481 
                  0.5000000000                  32.0000000000                7944.6572605846 
                  0.5000000000                  32.5000000000                7894.1965020951 
                  0.5000000000                  33.0000000000                7767.0225392294 
                  0.5000000000                  33.5000000000                7496.1187274635 
                  0.5000000000                  34.0000000000                7123.9795673523 
                  0.5000000000                  34.5000000000                6731.2764345580 
                  0.5000000000                  35.0000000000                6347.0111728891 
                  0.5000000000                  35.5000000000                6013.5200890322 
                  0.5000000000                  36.0000000000                5726.0433215609 
                  0.5000000000                  36.5000000000                5455.1093794555 
                  0.5000000000                  37.0000000000                5185.7861242998 
                  0.5000000000                  37.5000000000                4880.4058495583 
                  0.5000000000                  38.0000000000                4515.1936109376 
                  0.5000000000                  38.5000000000                4093.9916520127 
                  0.5000000000                  39.0000000000                3623.1533590054 
                  0.5000000000                  39.5000000000                3118.4354210130 
                  0.5000000000                  40.0000000000                2659.7102571870 
                  0.5000000000                  40.5000000000                2295.4050433703 
                  0.5000000000                  41.0000000000                1989.6537958760 
                  0.5000000000                  41.5000000000                1629.5820820045 
                  0.5000000000                  42.0000000000                1270.0647881059 
                  0.5000000000                  42.5000000000                1088.8445676804 
                  0.5000000000                  43.0000000000                1042.4172458505 
                  0.5000000000                  43.5000000000                1123.2444760324 
                  0.5000000000                  44.0000000000                1300.2128072424 
                  0.5000000000                  44.5000000000                1395.2002695444 
                  0.5000000000                  45.0000000000                1386.7192111652 
                  0.5000000000                  45.5000000000                1290.7513091839 
                  0.5000000000                  46.0000000000                1076.1610719276 
                  0.5000000000                  46.5000000000                 860.6286415229 
                  0.5000000000                  47.0000000000                 694.6402458622 
                  0.5000000000                  47.5000000000                 550.2450416237 
                  0.5000000000                  48.0000000000                 463.9929073327 
                  0.5000000000                  48.5000000000                 375.0752949765 
                  0.5000000000                  49.0000000000                 248.6594059208 
                  0.5000000000                  49.5000000000                 124.6860435158 
                  0.5000000000                  50.0000000000                   0.0000000000 
                  1.0000000000                   0.0000000000                   0.0000000000 
                  1.0000000000                   0.5000000000                 287.5213269952 
                  1.0000000000                   1.0000000000                 615.7448711244 
                  1.0000000000                   1.5000000000                1038.3203014056 
                  1.0000000000                   2.0000000000                1661.1036752453 
                  1.0000000000                   2.5000000000                2404.0629957451 
                  1.0000000000                   3.0000000000                3085.3660819832 
                  1.0000000000                   3.5000000000                3688.1669081343 
                  1.0000000000                   4.0000000000                4053.8048470563 
                  1.0000000000                   4.5000000000                4171.9990291849 
                  1.0000000000                   5.0000000000                4323.1604554935 
                  1.0000000000                   5.5000000000                4547.5197043943 
                  1.0000000000                   6.0000000000                4738.0920392787 
                  1.0000000000                   6.5000000000                4861.0058481729 
                  1.0000000000                   7.0000000000                4869.9684940702 
                  1.0000000000                   7.5000000000                4706.5313864899 
                  1.0000000000                   8.0000000000                4121.8148309097 
                  1.0000000000                   8.5000000000                3322.2444124594 
                  1.0000000000                   9.0000000000                3246.7508813987 
                  1.0000000000                   9.5000000000                3986.3039134294 
                  1.0000000000                  10.0000000000                5098.0120768727 
                  1.0000000000                  10.5000000000                6499.2887309632 
                  1.0000000000                  11.0000000000                7970.4161105789 
                  1.0000000000                  11.5000000000                9430.3607058390 
                  1.0000000000                  12.0000000000               11004.1708464203 
                  1.0000000000                  12.5000000000               12785.7649642894 
                  1.0000000000                  13.0000000000               14683.9566837421 
                  1.0000000000                  13.5000000000               16571.7381969007 
                  1.0000000000                  14.0000000000               18454.9900142902 
                  1.0000000000                  14.5000000000               20266.3113180874 
                  1.0000000000                  15.0000000000               21947.6122469312 
                  1.0000000000                  15.5000000000               23484.8971465504 
                  1.0000000000                  16.0000000000               24819.0240313160 
                  1.0000000000                  16.5000000000               25800.6843476789 
                  1.0000000000                  17.0000000000               26377.0655681347 
                  1.0000000000                  17.5000000000               26626.1251828304 
                  1.0000000000                  18.0000000000               26511.9477913288 
                  1.0000000000                  18.5000000000               25830.0025179483 
                  1.0000000000                  19.0000000000               24749.6566288727 
                  1.0000000000                  19.5000000000               23871.1259359449 
                  1.0000000000                  20.0000000000               23326.4601396229 
                  1.0000000000                  20.5000000000               22975.6757121236 
                  1.0000000000                  21.0000000000               22776.3732379122 
                  1.0000000000                  21.5000000000               22580.7807239232 
                  1.0000000000                  22.0000000000               22335.7731056838 
                  1.0000000000                  22.5000000000               22095.0326938060 
                  1.0000000000                  23.0000000000               21913.0439882065 
                  1.0000000000                  23.5000000000               21827.6874506954 
                  1.0000000000                  24.0000000000               21813.9868606589 
                  1.0000000000                  24.5000000000               21821.3585147066 
                  1.0000000000                  25.0000000000               21785.2823959338 
                  1.0000000000                  25.5000000000               21732.3719336168 
                  1.0000000000                  26.0000000000               21711.3054322162 
                  1.0000000000                  26.5000000000               21681.2713733458 
                  1.0000000000                  27.0000000000               21599.9324805714 
                  1.0000000000                  27.5000000000               21374.4744217497 
                  1.0000000000                  28.0000000000               20907.4823361522 
                  1.0000000000                  28.5000000000               20167.1921107672 
                  1.0000000000                  29.0000000000               19033.3135119715 
                  1.0000000000                  29.5000000000               17734.3251342701 
                  1.0000000000                  30.0000000000               16734.2822763957 
                  1.0000000000                  30.5000000000               16067.3496849366 
                  1.0000000000                  31.0000000000               15704.3418270931 
                  1.0000000000                  31.5000000000               15584.4467007863 
                  1.0000000000                  32.0000000000               15440.2681642011 
                  1.0000000000                  32.5000000000               15169.0295891615 
                  1.0000000000                  33.0000000000               14802.0596528004 
                  1.0000000000                  33.5000000000               14300.9697358143 
                  1.0000000000                  34.0000000000               13669.8316915926 
                  1.0000000000                  34.5000000000               12978.8755946976 
                  1.0000000000                  35.0000000000               12292.8198295125 
                  1.0000000000                  35.5000000000               11660.9773453488 
                  1.0000000000                  36.0000000000               11103.7856338293 
                  1.0000000000                  36.5000000000               10598.2854757720 
                  1.0000000000                  37.0000000000               10105.3169016367 
                  1.0000000000                  37.5000000000                9575.2438550294 
                  1.0000000000                  38.0000000000                8942.8896371734 
                  1.0000000000                  38.5000000000                8176.4963791222 
                  1.0000000000                  39.0000000000                7289.6566751884 
                  1.0000000000                  39.5000000000                6287.2675383618 
                  1.0000000000                  40.0000000000                5341.4673207634 
                  1.0000000000                  40.5000000000                4606.4530773480 
                  1.0000000000                  41.0000000000                4014.7546634648 
                  1.0000000000                  41.5000000000                3443.5159501369 
                  1.0000000000                  42.0000000000                2930.7099337549 
                  1.0000000000                  42.5000000000                2622.7525030011 
                  1.0000000000                  43.0000000000                2498.0121476821 
                  1.0000000000                  43.5000000000                2537.4663533572 
                  1.0000000000                  44.0000000000                2681.8189861504 
                  1.0000000000                  44.5000000000                2752.1014032455 
                  1.0000000000                  45.0000000000                2702.8414540769 
                  1.0000000000                  45.5000000000                2560.5038975787 
                  1.0000000000                  46.0000000000                2315.0777208792 
                  1.0000000000                  46.5000000000                2011.5350094448 
                  1.0000000000                  47.0000000000                1690.5309551889 
                  1.0000000000                  47.5000000000                1365.5722597716 
                  1.0000000000                  48.0000000000                1063.6748836427 
                  1.0000000000                  48.5000000000                 776.9900479204 
                  1.0000000000                  49.0000000000                 496.0997249399 
                  1.0000000000                  49.5000000000                 235.5643651550 
                  1.0000000000                  50.0000000000                   0.0000000000 
                  1.5000000000                   0.0000000000                   0.0000000000 
                  1.5000000000                   0.5000000000                 408.4148390003 
                  1.5000000000                   1.0000000000                 880.4583681142 
                  1.5000000000                   1.5000000000                1462.0799511182 
                  1.5000000000                   2.0000000000                2223.4799367138 
                  1.5000000000                   2.5000000000                3095.5507152637 
                  1.5000000000                   3.0000000000                3932.4023295212 
                  1.5000000000                   3.5000000000                4697.6072848283 
                  1.5000000000                   4.0000000000                5295.8150729993 
                  1.5000000000                   4.5000000000                5716.4956089914 
                  1.5000000000                   5.0000000000                6100.2357648315 
                  1.5000000000                   5.5000000000                6470.3441722222 
                  1.5000000000                   6.0000000000                6754.2455309655 
                  1.5000000000                   6.5000000000                6917.3469948005 
                  1.5000000000                   7.0000000000                6935.0910665122 
                  1.5000000000                   7.5000000000                6761.7579930642 
                  1.5000000000                   8.0000000000                6213.1461236617 
                  1.5000000000                   8.5000000000                5538.4397636112 
                  1.5000000000                   9.0000000000                5608.1699320265 
                  1.5000000000                   9.5000000000                6530.5099851491 
                  1.5000000000                  10.0000000000                7911.6349290896 
                  1.5000000000                  10.5000000000                9642.5432408088 
                  1.5000000000                  11.0000000000               11505.8427972860 
                  1.5000000000                  11.5000000000               13420.9749259486 
                  1.5000000000                  12.0000000000               15498.2356893579 
                  1.5000000000                  12.5000000000               17824.4904605153 
                  1.5000000000                  13.0000000000               20321.5643762802 
                  1.5000000000                  13.5000000000               22870.9315306512 
                  1.5000000000                  14.0000000000               25456.9558480583 
                  1.5000000000                  14.5000000000               28001.1451940982 
                  1.5000000000                  15.0000000000               30423.6715981515 
                  1.5000000000                  15.5000000000               32677.3205177862 
                  1.5000000000                  16.0000000000               34692.5292263028 
                  1.5000000000                  16.5000000000               36315.4991400847 
                  1.5000000000                  17.0000000000               37463.3999732766 
                  1.5000000000                  17.5000000000               38171.4823464248 
                  1.5000000000                  18.0000000000               38379.9839638164 
                  1.5000000000                  18.5000000000               37832.2461025084 
                  1.5000000000                  19.0000000000               36678.9705439741 
                  1.5000000000                  19.5000000000               35642.5130651153 
                  1.5000000000                  20.0000000000               34944.1919951199 
                  1.5000000000                  20.5000000000               34448.4375781210 
                  1.5000000000                  21.0000000000               34118.5051525516 
                  1.5000000000                  21.5000000000               33793.3009709421 
                  1.5000000000                  22.0000000000               33408.7297007072 
                  1.5000000000                  22.5000000000               33013.5795755729 
                  1.5000000000                  23.0000000000               32663.7076652637 
                  1.5000000000                  23.5000000000               32427.4908215775 
                  1.5000000000                  24.0000000000               32297.4042398522 
                  1.5000000000                  24.5000000000               32211.8517404416 
                  1.5000000000                  25.0000000000               32107.1909498116 
                  1.5000000000                  25.5000000000               32003.9160203409 
                  1.5000000000                  26.0000000000               31939.0202392224 
                  1.5000000000                  26.5000000000               31862.5853621340 
                  1.5000000000                  27.0000000000               31720.8299874330 
                  1.5000000000                  27.5000000000               31395.1122042416 
                  1.5000000000                  28.0000000000               30758.8115361716 
                  1.5000000000                  28.5000000000               29773.0304305866 
                  1.5000000000                  29.0000000000               28331.2779552300 
                  1.5000000000                  29.5000000000               26687.9185682121 
                  1.5000000000                  30.0000000000               25338.3345450896 
                  1.5000000000                  30.5000000000               24341.0771636766 
                  1.5000000000                  31.0000000000               23648.2974759808 
                  1.5000000000                  31.5000000000               23177.3269546409 
                  1.5000000000                  32.0000000000               22674.0268635990 
                  1.5000000000                  32.5000000000               22040.7449797012 
                  1.5000000000                  33.0000000000               21338.9611649551 
                  1.5000000000                  33.5000000000               20569.8756972447 
                  1.5000000000                  34.0000000000               19693.0217162488 
                  1.5000000000                  34.5000000000               18745.5463562289 
                  1.5000000000                  35.0000000000               17803.3007418333 
                  1.5000000000                  35.5000000000               16914.6100105556 
                  1.5000000000                  36.0000000000               16130.1802017395 
                  1.5000000000                  36.5000000000               15440.1278971053 
                  1.5000000000                  37.0000000000               14782.6334732285 
                  1.5000000000                  37.5000000000               14094.6247402283 
                  1.5000000000                  38.0000000000               13264.3282598350 
                  1.5000000000                  38.5000000000               12214.7479095022 
                  1.5000000000                  39.0000000000               10958.7432537319 
                  1.5000000000                  39.5000000000                9477.6317283369 
                  1.5000000000                  40.0000000000                8051.2914293459 
                  1.5000000000                  40.5000000000                6967.4621933406 
                  1.5000000000                  41.0000000000                6137.5764986043 
                  1.5000000000                  41.5000000000                5434.2979751107 
                  1.5000000000                  42.0000000000                4850.5716502301 
                  1.5000000000                  42.5000000000                4460.0196723359 
                  1.5000000000                  43.0000000000                4248.3689752137 
                  1.5000000000                  43.5000000000                4190.0527760074 
                  1.5000000000                  44.0000000000                4220.5467338928 
                  1.5000000000                  44.5000000000                4196.9239425288 
                  1.5000000000                  45.0000000000                4070.5329979918 
                  1.5000000000                  45.5000000000                3882.7847301232 
                  1.5000000000                  46.0000000000                3638.6852534550 
                  1.5000000000                  46.5000000000                3288.6257974535 
                  1.5000000000                  47.0000000000                2837.4488525153 
                  1.5000000000                  47.5000000000                2324.5771970237 
                  1.5000000000                  48.0000000000                1762.0099522792 
                  1.5000000000                  48.5000000000                1228.6185295193 
                  1.5000000000                  49.0000000000                 767.1086102771 
                  1.5000000000                  49.5000000000                 354.5562123140 
                  1.5000000000                  50.0000000000                   0.0000000000 
                  2.0000000000                   0.0000000000                   0.0000000000 
                  2.0000000000                   0.5000000000                 527.2593986107 
                  2.0000000000                   1.0000000000                1147.1491247957 
                  2.0000000000                   1.5000000000                1883.5046018208 
                  2.0000000000                   2.0000000000                2753.3467803329 
                  2.0000000000                   2.5000000000                3710.8090436084 
                  2.0000000000                   3.0000000000                4673.8821427918 
                  2.0000000000                   3.5000000000                5593.7095778193 
                  2.0000000000                   4.0000000000                6429.9425670603 
                  2.0000000000                   4.5000000000                7157.0966793975 
                  2.0000000000                   5.0000000000                7785.8973096316 
                  2.0000000000                   5.5000000000                8324.6099039388 
                  2.0000000000                   6.0000000000                8731.4908702410 
                  2.0000000000                   6.5000000000                8970.5937015072 
                  2.0000000000                   7.0000000000                9032.6810088048 
                  2.0000000000                   7.5000000000                8892.9305096829 
                  2.0000000000                   8.0000000000                8420.9891760859 
                  2.0000000000                   8.5000000000                7885.8581824855 
                  2.0000000000                   9.0000000000                8085.8817112994 
                  2.0000000000                   9.5000000000                9135.5127532263 
                  2.0000000000                  10.0000000000               10688.2369681750 
                  2.0000000000                  10.5000000000               12626.4197757206 
                  2.0000000000                  11.0000000000               14742.9845438280 
                  2.0000000000                  11.5000000000               16963.0633948511 
                  2.0000000000                  12.0000000000               19388.1310319515 
                  2.0000000000                  12.5000000000               22110.2764634529 
                  2.0000000000                  13.0000000000               25086.9804784960 
                  2.0000000000                  13.5000000000               28214.1157477484 
                  2.0000000000                  14.0000000000               31451.0620587933 
                  2.0000000000                  14.5000000000               34696.8467739399 
                  2.0000000000                  15.0000000000               37822.0587356313 
                  2.0000000000                  15.5000000000               40757.2636526547 
                  2.0000000000                  16.0000000000               43457.6185799444 
                  2.0000000000                  16.5000000000               45784.6460118161 
                  2.0000000000                  17.0000000000               47605.0118693274 
                  2.0000000000                  17.5000000000               48893.4508045380 
                  2.0000000000                  18.0000000000               49586.4933225572 
                  2.0000000000                  18.5000000000               49384.3623436548 
                  2.0000000000                  19.0000000000               48366.2285215438 
                  2.0000000000                  19.5000000000               47306.4995099183 
                  2.0000000000                  20.0000000000               46516.0870955661 
                  2.0000000000                  20.5000000000               45887.0988885005 
                  2.0000000000                  21.0000000000               45415.5198898326 
                  2.0000000000                  21.5000000000               44948.9334028957 
                  2.0000000000                  22.0000000000               44407.4825732623 
                  2.0000000000                  22.5000000000               43825.1014912193 
                  2.0000000000                  23.0000000000               43259.5960039657 
                  2.0000000000                  23.5000000000               42820.6122189735 
                  2.0000000000                  24.0000000000               42523.8962537612 
                  2.0000000000                  24.5000000000               42297.2659154499 
                  2.0000000000                  25.0000000000               42087.1086547319 
                  2.0000000000                  25.5000000000               41918.3725460507 
                  2.0000000000                  26.0000000000               41811.3451723028 
                  2.0000000000                  26.5000000000               41698.3250359462 
                  2.0000000000                  27.0000000000               41514.0328322409 
                  2.0000000000                  27.5000000000               41117.2568805853 
                  2.0000000000                  28.0000000000               40359.2975473196 
                  2.0000000000                  28.5000000000               39198.6936390836 
                  2.0000000000                  29.0000000000               37541.3818684051 
                  2.0000000000                  29.5000000000               35645.4165858204 
                  2.0000000000                  30.0000000000               34006.8780950082 
                  2.0000000000                  30.5000000000               32700.3864976315 
                  2.0000000000                  31.0000000000               31661.9343602984 
                  2.0000000000                  31.5000000000               30760.0170116760 
                  2.0000000000                  32.0000000000               29755.8954822287 
                  2.0000000000                  32.5000000000               28607.6829109519 
                  2.0000000000                  33.0000000000               27432.4651348296 
                  2.0000000000                  33.5000000000               26299.5294345339 
                  2.0000000000                  34.0000000000               25150.0745420946 
                  2.0000000000                  34.5000000000               23966.3154353132 
                  2.0000000000                  35.0000000000               22800.9640065069 
                  2.0000000000                  35.5000000000               21695.0089007140 
                  2.0000000000                  36.0000000000               20743.6671411511 
                  2.0000000000                  36.5000000000               19946.5215170180 
                  2.0000000000                  37.0000000000               19201.9431363983 
                  2.0000000000                  37.5000000000               18428.4765303423 
                  2.0000000000                  38.0000000000               17459.6585704547 
                  2.0000000000                  38.5000000000               16174.9884868499 
                  2.0000000000                  39.0000000000               14596.8937963937 
                  2.0000000000                  39.5000000000               12679.0426627806 
                  2.0000000000                  40.0000000000               10807.7437806405 
                  2.0000000000                  40.5000000000                9411.3134934983 
                  2.0000000000                  41.0000000000                8381.2154577677 
                  2.0000000000                  41.5000000000                7582.6720076360 
                  2.0000000000                  42.0000000000                6963.7198113331 
                  2.0000000000                  42.5000000000                6520.9165608062 
                  2.0000000000                  43.0000000000                6238.1763116095 
                  2.0000000000                  43.5000000000                6087.0502764463 
                  2.0000000000                  44.0000000000                5991.0376772041 
                  2.0000000000                  44.5000000000                5833.9812903185 
                  2.0000000000                  45.0000000000                5577.8183850786 
                  2.0000000000                  45.5000000000                5280.4215787967 
                  2.0000000000                  46.0000000000                4971.7382079976 
                  2.0000000000                  46.5000000000                4547.5398958430 
                  2.0000000000                  47.0000000000                3977.9952358900 
                  2.0000000000                  47.5000000000                3306.6328299722 
                  2.0000000000                  48.0000000000                2517.3145328307 
                  2.0000000000                  48.5000000000                1751.5598299601 
                  2.0000000000                  49.0000000000                1099.9408871415 
                  2.0000000000                  49.5000000000                 511.4552602739 
                  2.0000000000                  50.0000000000                   0.0000000000 
                  2.5000000000                   0.0000000000                   0.0000000000 
                  2.5000000000                   0.5000000000                 651.0882432568 
                  2.5000000000                   1.0000000000                1429.6776696391 
                  2.5000000000                   1.5000000000                2333.9838071201 
                  2.5000000000                   2.0000000000                3346.6323172199 
                  2.5000000000                   2.5000000000                4428.9446368257 
                  2.5000000000                   3.0000000000                5533.0290865025 
                  2.5000000000                   3.5000000000                6615.8672271286 
                  2.5000000000                   4.0000000000                7659.9502566076 
                  2.5000000000                   4.5000000000                8631.0052515284 
                  2.5000000000                   5.0000000000                9482.6648283547 
                  2.5000000000                   5.5000000000               10206.7422539343 
                  2.5000000000                   6.0000000000               10781.6519895601 
                  2.5000000000                   6.5000000000               11167.8336010106 
                  2.5000000000                   7.0000000000               11339.2519268413 
                  2.5000000000                   7.5000000000               11285.8693409661 
                  2.5000000000                   8.0000000000               10912.6068232402 
                  2.5000000000                   8.5000000000               10487.4954054356 
                  2.5000000000                   9.0000000000               10778.3149659044 
                  2.5000000000                   9.5000000000               11913.8713477064 
                  2.5000000000                  10.0000000000               13575.5803828635 
                  2.5000000000                  10.5000000000               15647.5375804232 
                  2.5000000000                  11.0000000000               17929.4650119576 
                  2.5000000000                  11.5000000000               20352.0051144044 
                  2.5000000000                  12.0000000000               23014.3526292972 
                  2.5000000000                  12.5000000000               26019.3709872996 
                  2.5000000000                  13.0000000000               29375.7408855959 
                  2.5000000000                  13.5000000000               32989.4144149341 
                  2.5000000000                  14.0000000000               36775.1757324172 
                  2.5000000000                  14.5000000000               40605.6485683414 
                  2.5000000000                  15.0000000000               44307.0949339000 
                  2.5000000000                  15.5000000000               47797.4728946398 
                  2.5000000000                  16.0000000000               51064.5971062998 
                  2.5000000000                  16.5000000000               54004.5783317479 
                  2.5000000000                  17.0000000000               56462.6005847620 
                  2.5000000000                  17.5000000000               58358.9625527600 
                  2.5000000000                  18.0000000000               59627.2063219225 
                  2.5000000000                  18.5000000000               59950.2931454196 
                  2.5000000000                  19.0000000000               59310.6546264268 
                  2.5000000000                  19.5000000000               58448.1945805634 
                  2.5000000000                  20.0000000000               57733.5486668604 
                  2.5000000000                  20.5000000000               57094.1942803924 
                  2.5000000000                  21.0000000000               56564.8971099296 
                  2.5000000000                  21.5000000000               56025.6055667628 
                  2.5000000000                  22.0000000000               55386.2152008073 
                  2.5000000000                  22.5000000000               54654.6615586056 
                  2.5000000000                  23.0000000000               53887.4314517654 
                  2.5000000000                  23.5000000000               53248.2396822080 
                  2.5000000000                  24.0000000000               52783.9687180497 
                  2.5000000000                  24.5000000000               52407.9115430132 
                  2.5000000000                  25.0000000000               52075.4885401280 
                  2.5000000000                  25.5000000000               51830.2782679756 
                  2.5000000000                  26.0000000000               51684.4241659518 
                  2.5000000000                  26.5000000000               51544.9991005109 
                  2.5000000000                  27.0000000000               51335.2347183708 
                  2.5000000000                  27.5000000000               50891.8211266822 
                  2.5000000000                  28.0000000000               50046.4742828645 
                  2.5000000000                  28.5000000000               48757.1625584805 
                  2.5000000000                  29.0000000000               46937.8341987945 
                  2.5000000000                  29.5000000000               44838.3302271457 
                  2.5000000000                  30.0000000000               42947.6388429423 
                  2.5000000000                  30.5000000000               41358.0440888210 
                  2.5000000000                  31.0000000000               40020.6927470151 
                  2.5000000000                  31.5000000000               38740.9156158978 
                  2.5000000000                  32.0000000000               37226.1060795625 
                  2.5000000000                  32.5000000000               35495.2501031019 
                  2.5000000000                  33.0000000000               33732.5753771734 
                  2.5000000000                  33.5000000000               32097.2048571867 
                  2.5000000000                  34.0000000000               30600.0076182082 
                  2.5000000000                  34.5000000000               29169.6318168128 
                  2.5000000000                  35.0000000000               27765.4642497840 
                  2.5000000000                  35.5000000000               26414.1980713364 
                  2.5000000000                  36.0000000000               25304.4850725661 
                  2.5000000000                  36.5000000000               24425.9560548013 
                  2.5000000000                  37.0000000000               23592.8821147540 
                  2.5000000000                  37.5000000000               22724.0513182659 
                  2.5000000000                  38.0000000000               21594.4684754324 
                  2.5000000000                  38.5000000000               20045.9367938688 
                  2.5000000000                  39.0000000000               18136.7274365271 
                  2.5000000000                  39.5000000000               15811.8579851756 
                  2.5000000000                  40.0000000000               13548.7523225479 
                  2.5000000000                  40.5000000000               11879.9097115376 
                  2.5000000000                  41.0000000000               10673.5690170508 
                  2.5000000000                  41.5000000000                9781.2886736298 
                  2.5000000000                  42.0000000000                9118.4368794718 
                  2.5000000000                  42.5000000000                8629.9847350434 
                  2.5000000000                  43.0000000000                8291.4165675186 
                  2.5000000000                  43.5000000000                8087.2454923249 
                  2.5000000000                  44.0000000000                7922.8529327043 
                  2.5000000000                  44.5000000000                7649.0871097611 
                  2.5000000000                  45.0000000000                7235.5277016517 
                  2.5000000000                  45.5000000000                6750.4929722047 
                  2.5000000000                  46.0000000000                6240.0701636501 
                  2.5000000000                  46.5000000000                5642.9700882157 
                  2.5000000000                  47.0000000000                4930.8301457058 
                  2.5000000000                  47.5000000000                4129.0028040283 
                  2.5000000000                  48.0000000000                3220.1981273327 
                  2.5000000000                  48.5000000000                2315.3783895182 
                  2.5000000000                  49.0000000000                1494.3104769652 
                  2.5000000000                  49.5000000000                 720.4588289814 
                  2.5000000000                  50.0000000000                   0.0000000000 
                  3.0000000000                   0.0000000000                   0.0000000000 
                  3.0000000000                   0.5000000000                 770.2299610552 
                  3.0000000000                   1.0000000000                1702.9007347171 
                  3.0000000000                   1.5000000000                2778.4110395206 
                  3.0000000000                   2.0000000000                3970.7277400024 
                  3.0000000000                   2.5000000000                5230.2403735986 
                  3.0000000000                   3.0000000000                6504.8520164071 
                  3.0000000000                   3.5000000000                7765.3711216244 
                  3.0000000000                   4.0000000000                9000.3385649349 
                  3.0000000000                   4.5000000000               10172.9757686422 
                  3.0000000000                   5.0000000000               11228.7138591102 
                  3.0000000000                   5.5000000000               12151.9355889500 
                  3.0000000000                   6.0000000000               12937.5052336988 
                  3.0000000000                   6.5000000000               13546.5855375781 
                  3.0000000000                   7.0000000000               13918.5323401714 
                  3.0000000000                   7.5000000000               14040.1390749607 
                  3.0000000000                   8.0000000000               13833.2436631407 
                  3.0000000000                   8.5000000000               13540.2225071325 
                  3.0000000000                   9.0000000000               13911.6210330031 
                  3.0000000000                   9.5000000000               15110.1579293461 
                  3.0000000000                  10.0000000000               16845.4646685159 
                  3.0000000000                  10.5000000000               19010.0273874466 
                  3.0000000000                  11.0000000000               21409.6825794004 
                  3.0000000000                  11.5000000000               23976.5321115253 
                  3.0000000000                  12.0000000000               26807.8719962247 
                  3.0000000000                  12.5000000000               30011.7671168533 
                  3.0000000000                  13.0000000000               33640.7304315813 
                  3.0000000000                  13.5000000000               37600.5279368427 
                  3.0000000000                  14.0000000000               41747.3325821903 
                  3.0000000000                  14.5000000000               45937.8670592205 
                  3.0000000000                  15.0000000000               50000.2999589689 
                  3.0000000000                  15.5000000000               53849.1323518829 
                  3.0000000000                  16.0000000000               57479.7110744539 
                  3.0000000000                  16.5000000000               60826.1647067260 
                  3.0000000000                  17.0000000000               63768.0663740005 
                  3.0000000000                  17.5000000000               66205.5074598718 
                  3.0000000000                  18.0000000000               68052.5620377848 
                  3.0000000000                  18.5000000000               68999.7606141662 
                  3.0000000000                  19.0000000000               68957.4991943739 
                  3.0000000000                  19.5000000000               68566.4344041966 
                  3.0000000000                  20.0000000000               68193.4741408944 
                  3.0000000000                  20.5000000000               67788.6974553841 
                  3.0000000000                  21.0000000000               67405.7903057931 
                  3.0000000000                  21.5000000000               66966.8808566902 
                  3.0000000000                  22.0000000000               66389.4039550144 
                  3.0000000000                  22.5000000000               65650.7777794334 
                  3.0000000000                  23.0000000000               64792.1357687630 
                  3.0000000000                  23.5000000000               64032.2107972105 
                  3.0000000000                  24.0000000000               63459.9771587499 
                  3.0000000000                  24.5000000000               62974.9010834931 
                  3.0000000000                  25.0000000000               62534.6664378859 
                  3.0000000000                  25.5000000000               62207.4019892643 
                  3.0000000000                  26.0000000000               62015.2059763649 
                  3.0000000000                  26.5000000000               61845.4657139088 
                  3.0000000000                  27.0000000000               61612.4982378121 
                  3.0000000000                  27.5000000000               61133.0012929444 
                  3.0000000000                  28.0000000000               60218.8853546271 
                  3.0000000000                  28.5000000000               58825.4980187190 
                  3.0000000000                  29.0000000000               56869.7219225765 
                  3.0000000000                  29.5000000000               54583.2152853484 
                  3.0000000000                  30.0000000000               52447.5309438043 
                  3.0000000000                  30.5000000000               50590.0959690797 
                  3.0000000000                  31.0000000000               49023.0454130966 
                  3.0000000000                  31.5000000000               47525.2460483546 
                  3.0000000000                  32.0000000000               45677.0868582819 
                  3.0000000000                  32.5000000000               43479.3791878315 
                  3.0000000000                  33.0000000000               41150.3155288510 
                  3.0000000000                  33.5000000000               38946.4100181341 
                  3.0000000000                  34.0000000000               37069.2418304871 
                  3.0000000000                  34.5000000000               35415.1257601521 
                  3.0000000000                  35.0000000000               33760.3471563136 
                  3.0000000000                  35.5000000000               32060.0592551661 
                  3.0000000000                  36.0000000000               30652.5395207713 
                  3.0000000000                  36.5000000000               29549.9490549862 
                  3.0000000000                  37.0000000000               28439.1696846135 
                  3.0000000000                  37.5000000000               27286.6196623097 
                  3.0000000000                  38.0000000000               25836.0319435092 
                  3.0000000000                  38.5000000000               23898.6431305827 
                  3.0000000000                  39.0000000000               21588.4376195536 
                  3.0000000000                  39.5000000000               18854.6968644210 
                  3.0000000000                  40.0000000000               16240.7320326241 
                  3.0000000000                  40.5000000000               14331.2435622933 
                  3.0000000000                  41.0000000000               12956.1239281533 
                  3.0000000000                  41.5000000000               11951.0291971779 
                  3.0000000000                  42.0000000000               11211.2400393156 
                  3.0000000000                  42.5000000000               10656.2347575787 
                  3.0000000000                  43.0000000000               10258.3341040577 
                  3.0000000000                  43.5000000000               10023.6179967925 
                  3.0000000000                  44.0000000000                9843.7342190142 
                  3.0000000000                  44.5000000000                9499.7334293470 
                  3.0000000000                  45.0000000000                8943.5818689597 
                  3.0000000000                  45.5000000000                8236.9972462579 
                  3.0000000000                  46.0000000000                7429.4271549742 
                  3.0000000000                  46.5000000000                6569.4726369586 
                  3.0000000000                  47.0000000000                5675.5480698274 
                  3.0000000000                  47.5000000000                4751.3153194018 
                  3.0000000000                  48.0000000000                3795.8393683835 
                  3.0000000000                  48.5000000000                2833.4368985752 
                  3.0000000000                  49.0000000000                1884.7085446104 
                  3.0000000000                  49.5000000000                 942.3354607738 
                  3.0000000000                  50.0000000000                   0.0000000000 
                  3.5000000000                   0.0000000000                   0.0000000000 
                  3.5000000000                   0.5000000000                 889.1889036528 
                  3.5000000000                   1.0000000000                1976.6502351918 
                  3.5000000000                   1.5000000000                3230.7110545707 
                  3.5000000000                   2.0000000000                4619.0187850423 
                  3.5000000000                   2.5000000000                6077.8510237535 
                  3.5000000000                   3.0000000000                7543.3923984658 
                  3.5000000000                   3.5000000000                8992.0644870362 
                  3.5000000000                   4.0000000000               10416.4180293512 
                  3.5000000000                   4.5000000000               11780.6020043372 
                  3.5000000000                   5.0000000000               13031.8847548352 
                  3.5000000000                   5.5000000000               14157.2009824250 
                  3.5000000000                   6.0000000000               15171.0173527798 
                  3.5000000000                   6.5000000000               16041.5414031982 
                  3.5000000000                   7.0000000000               16680.4833586918 
                  3.5000000000                   7.5000000000               17063.7944206138 
                  3.5000000000                   8.0000000000               17112.8753004484 
                  3.5000000000                   8.5000000000               17021.6524536952 
                  3.5000000000                   9.0000000000               17505.2542741573 
                  3.5000000000                   9.5000000000               18765.2921881032 
                  3.5000000000                  10.0000000000               20554.6388567990 
                  3.5000000000                  10.5000000000               22782.8784745449 
                  3.5000000000                  11.0000000000               25263.2393786472 
                  3.5000000000                  11.5000000000               27926.5166871735 
                  3.5000000000                  12.0000000000               30861.6254048981 
                  3.5000000000                  12.5000000000               34181.1840859697 
                  3.5000000000                  13.0000000000               37980.7103653004 
                  3.5000000000                  13.5000000000               42152.1167480200 
                  3.5000000000                  14.0000000000               46497.7680926386 
                  3.5000000000                  14.5000000000               50878.3091005350 
                  3.5000000000                  15.0000000000               55140.7843834221 
                  3.5000000000                  15.5000000000               59205.1463949539 
                  3.5000000000                  16.0000000000               63070.7793558520 
                  3.5000000000                  16.5000000000               66701.8975667469 
                  3.5000000000                  17.0000000000               70013.2937968743 
                  3.5000000000                  17.5000000000               72907.1500785487 
                  3.5000000000                  18.0000000000               75290.9753856715 
                  3.5000000000                  18.5000000000               76873.5853958039 
                  3.5000000000                  19.0000000000               77521.0671628845 
                  3.5000000000                  19.5000000000               77757.2039682153 
                  3.5000000000                  20.0000000000               77907.0774297809 
                  3.5000000000                  20.5000000000               77929.6104937914 
                  3.5000000000                  21.0000000000               77883.7536645434 
                  3.5000000000                  21.5000000000               77728.8005080764 
                  3.5000000000                  22.0000000000               77393.2453236840 
                  3.5000000000                  22.5000000000               76818.9148905804 
                  3.5000000000                  23.0000000000               76015.1289710477 
                  3.5000000000                  23.5000000000               75245.9197140089 
                  3.5000000000                  24.0000000000               74642.6441813478 
                  3.5000000000                  24.5000000000               74094.5181356695 
                  3.5000000000                  25.0000000000               73565.3166534567 
                  3.5000000000                  25.5000000000               73155.6331373315 
                  3.5000000000                  26.0000000000               72908.5091277114 
                  3.5000000000                  26.5000000000               72699.2143400715 
                  3.5000000000                  27.0000000000               72439.4407991993 
                  3.5000000000                  27.5000000000               71929.5826554656 
                  3.5000000000                  28.0000000000               70962.9153492766 
                  3.5000000000                  28.5000000000               69488.9009252283 
                  3.5000000000                  29.0000000000               67416.8289503134 
                  3.5000000000                  29.5000000000               64947.8522255651 
                  3.5000000000                  30.0000000000               62553.0073715299 
                  3.5000000000                  30.5000000000               60417.7274043839 
                  3.5000000000                  31.0000000000               58667.2229779103 
                  3.5000000000                  31.5000000000               57100.2830649148 
                  3.5000000000                  32.0000000000               55154.6003412609 
                  3.5000000000                  32.5000000000               52743.2888069606 
                  3.5000000000                  33.0000000000               49992.0667007620 
                  3.5000000000                  33.5000000000               47244.9845586574 
                  3.5000000000                  34.0000000000               45073.9106186137 
                  3.5000000000                  34.5000000000               43349.0466562969 
                  3.5000000000                  35.0000000000               41431.7228429122 
                  3.5000000000                  35.5000000000               39287.5216355170 
                  3.5000000000                  36.0000000000               37538.5469707995 
                  3.5000000000                  36.5000000000               35986.1170637926 
                  3.5000000000                  37.0000000000               34195.0063394268 
                  3.5000000000                  37.5000000000               32383.6867068617 
                  3.5000000000                  38.0000000000               30323.8782432418 
                  3.5000000000                  38.5000000000               27821.4138450585 
                  3.5000000000                  39.0000000000               25046.5112534474 
                  3.5000000000                  39.5000000000               21916.3262454485 
                  3.5000000000                  40.0000000000               18991.4053512553 
                  3.5000000000                  40.5000000000               16862.8597181094 
                  3.5000000000                  41.0000000000               15308.3858551080 
                  3.5000000000                  41.5000000000               14158.1329628506 
                  3.5000000000                  42.0000000000               13302.3708622579 
                  3.5000000000                  42.5000000000               12649.9091979669 
                  3.5000000000                  43.0000000000               12176.0035328507 
                  3.5000000000                  43.5000000000               11903.1052088725 
                  3.5000000000                  44.0000000000               11708.0919621710 
                  3.5000000000                  44.5000000000               11306.0931799963 
                  3.5000000000                  45.0000000000               10619.5939395076 
                  3.5000000000                  45.5000000000                9688.4815235250 
                  3.5000000000                  46.0000000000                8563.1227461102 
                  3.5000000000                  46.5000000000                7415.4401555396 
                  3.5000000000                  47.0000000000                6326.3229438270 
                  3.5000000000                  47.5000000000                5279.9509705893 
                  3.5000000000                  48.0000000000                4282.1024956514 
                  3.5000000000                  48.5000000000                3276.2756752531 
                  3.5000000000                  49.0000000000                2225.2724620827 
                  3.5000000000                  49.5000000000                1138.8903549217 
                  3.5000000000                  50.0000000000                   0.0000000000 
                  4.0000000000                   0.0000000000                   0.0000000000 
                  4.0000000000                   0.5000000000                1014.5875518524 
                  4.0000000000                   1.0000000000                2265.3668318746 
                  4.0000000000                   1.5000000000                3709.7340746735 
                  4.0000000000                   2.0000000000                5308.8179132790 
                  4.0000000000                   2.5000000000                6981.4868118690 
                  4.0000000000                   3.0000000000                8648.5302554869 
                  4.0000000000                   3.5000000000               10290.4745107807 
                  4.0000000000                   4.0000000000               11903.3297040411 
                  4.0000000000                   4.5000000000               13452.3320430889 
                  4.0000000000                   5.0000000000               14888.1062539152 
                  4.0000000000                   5.5000000000               16202.4369392276 
                  4.0000000000                   6.0000000000               17428.6748008690 
                  4.0000000000                   6.5000000000               18561.8851506830 
                  4.0000000000                   7.0000000000               19515.5207040041 
                  4.0000000000                   7.5000000000               20255.5053203969 
                  4.0000000000                   8.0000000000               20698.1019633827 
                  4.0000000000                   8.5000000000               20947.9882540702 
                  4.0000000000                   9.0000000000               21620.8569853488 
                  4.0000000000                   9.5000000000               22961.6268647683 
                  4.0000000000                  10.0000000000               24798.6471119469 
                  4.0000000000                  10.5000000000               27074.4712394612 
                  4.0000000000                  11.0000000000               29617.8924329891 
                  4.0000000000                  11.5000000000               32351.0655702301 
                  4.0000000000                  12.0000000000               35342.2805309951 
                  4.0000000000                  12.5000000000               38679.9203145211 
                  4.0000000000                  13.0000000000               42493.4601576872 
                  4.0000000000                  13.5000000000               46697.3993747098 
                  4.0000000000                  14.0000000000               51073.0066792541 
                  4.0000000000                  14.5000000000               55499.6011632872 
                  4.0000000000                  15.0000000000               59843.5519706113 
                  4.0000000000                  15.5000000000               64021.7512397734 
                  4.0000000000                  16.0000000000               68030.8993813455 
                  4.0000000000                  16.5000000000               71858.0325884300 
                  4.0000000000                  17.0000000000               75454.9083720313 
                  4.0000000000                  17.5000000000               78737.9073740107 
                  4.0000000000                  18.0000000000               81614.1867845645 
                  4.0000000000                  18.5000000000               83823.3614646638 
                  4.0000000000                  19.0000000000               85199.0793517988 
                  4.0000000000                  19.5000000000               86138.0292364564 
                  4.0000000000                  20.0000000000               86915.8952364922 
                  4.0000000000                  20.5000000000               87501.3617799111 
                  4.0000000000                  21.0000000000               87953.9836429015 
                  4.0000000000                  21.5000000000               88265.7002122083 
                  4.0000000000                  22.0000000000               88375.7175255182 
                  4.0000000000                  22.5000000000               88191.7609866509 
                  4.0000000000                  23.0000000000               87653.5623280925 
                  4.0000000000                  23.5000000000               87016.2831986053 
                  4.0000000000                  24.0000000000               86460.0324340789 
                  4.0000000000                  24.5000000000               85890.6792053384 
                  4.0000000000                  25.0000000000               85283.0225678115 
                  4.0000000000                  25.5000000000               84777.5487858688 
                  4.0000000000                  26.0000000000               84450.8161629044 
                  4.0000000000                  26.5000000000               84175.4427650893 
                  4.0000000000                  27.0000000000               83870.0411972302 
                  4.0000000000                  27.5000000000               83329.9453037616 
                  4.0000000000                  28.0000000000               82331.5457199877 
                  4.0000000000                  28.5000000000               80814.0619114678 
                  4.0000000000                  29.0000000000               78662.9862495745 
                  4.0000000000                  29.5000000000               75990.8736614255 
                  4.0000000000                  30.0000000000               73243.7715563717 
                  4.0000000000                  30.5000000000               70719.1336452111 
                  4.0000000000                  31.0000000000               68717.4167058572 
                  4.0000000000                  31.5000000000               67196.8168987615 
                  4.0000000000                  32.0000000000               65546.9613766277 
                  4.0000000000                  32.5000000000               63576.8895080544 
                  4.0000000000                  33.0000000000               61255.9579663652 
                  4.0000000000                  33.5000000000               58900.9496879969 
                  4.0000000000                  34.0000000000               57498.6261437644 
                  4.0000000000                  34.5000000000               56796.7696211787 
                  4.0000000000                  35.0000000000               55481.3583219639 
                  4.0000000000                  35.5000000000               52495.1543221759 
                  4.0000000000                  36.0000000000               48722.0481559758 
                  4.0000000000                  36.5000000000               45109.6913046024 
                  4.0000000000                  37.0000000000               41439.2167684182 
                  4.0000000000                  37.5000000000               38143.8372494430 
                  4.0000000000                  38.0000000000               35017.6679337130 
                  4.0000000000                  38.5000000000               31766.4462953438 
                  4.0000000000                  39.0000000000               28520.1550986586 
                  4.0000000000                  39.5000000000               25090.6383992386 
                  4.0000000000                  40.0000000000               21933.5726544708 
                  4.0000000000                  40.5000000000               19582.9416757214 
                  4.0000000000                  41.0000000000               17804.0128183794 
                  4.0000000000                  41.5000000000               16445.0954880023 
                  4.0000000000                  42.0000000000               15415.3885909789 
                  4.0000000000                  42.5000000000               14628.2339281105 
                  4.0000000000                  43.0000000000               14054.5250408112 
                  4.0000000000                  43.5000000000               13721.7029781002 
                  4.0000000000                  44.0000000000               13491.6187507869 
                  4.0000000000                  44.5000000000               13023.9705830992 
                  4.0000000000                  45.0000000000               12213.9530058306 
                  4.0000000000                  45.5000000000               11077.9694217237 
                  4.0000000000                  46.0000000000                9659.5350845777 
                  4.0000000000                  46.5000000000                8237.8128412034 
                  4.0000000000                  47.0000000000                6953.0617308335 
                  4.0000000000                  47.5000000000                5771.3717204107 
                  4.0000000000                  48.0000000000                4703.8158690935 
                  4.0000000000                  48.5000000000                3636.5599869654 
                  4.0000000000                  49.0000000000                2491.3949044555 
                  4.0000000000                  49.5000000000                1288.8599359865 
                  4.0000000000                  50.0000000000                   0.0000000000 
                  4.5000000000                   0.0000000000                   0.0000000000 
                  4.5000000000                   0.5000000000                1145.8122252435 
                  4.5000000000                   1.0000000000                2569.0845863092 
                  4.5000000000                   1.5000000000                4212.9293624091 
                  4.5000000000                   2.0000000000                6033.5048392460 
                  4.5000000000                   2.5000000000                7930.1317548544 
                  4.5000000000                   3.0000000000                9805.2341705447 
                  4.5000000000                   3.5000000000               11644.9462322335 
                  4.5000000000                   4.0000000000               13451.7040371831 
                  4.5000000000                   4.5000000000               15190.2817894483 
                  4.5000000000                   5.0000000000               16807.9737266700 
                  4.5000000000                   5.5000000000               18300.4525616760 
                  4.5000000000                   6.0000000000               19703.6132945679 
                  4.5000000000                   6.5000000000               21050.1135062999 
                  4.5000000000                   7.0000000000               22308.4576578354 
                  4.5000000000                   7.5000000000               23441.2736241873 
                  4.5000000000                   8.0000000000               24365.9977157311 
                  4.5000000000                   8.5000000000               25102.6131109996 
                  4.5000000000                   9.0000000000               26081.2076010118 
                  4.5000000000                   9.5000000000               27556.3291240767 
                  4.5000000000                  10.0000000000               29465.4375973400 
                  4.5000000000                  10.5000000000               31793.5365874012 
                  4.5000000000                  11.0000000000               34401.1555669849 
                  4.5000000000                  11.5000000000               37200.3035630686 
                  4.5000000000                  12.0000000000               40228.7324962633 
                  4.5000000000                  12.5000000000               43523.6127336340 
                  4.5000000000                  13.0000000000               47228.0963886031 
                  4.5000000000                  13.5000000000               51328.9388718395 
                  4.5000000000                  14.0000000000               55629.7085066412 
                  4.5000000000                  14.5000000000               60024.3341063729 
                  4.5000000000                  15.0000000000               64389.9221019531 
                  4.5000000000                  15.5000000000               68632.6531526052 
                  4.5000000000                  16.0000000000               72742.3808992854 
                  4.5000000000                  16.5000000000               76720.7481790101 
                  4.5000000000                  17.0000000000               80555.6676910469 
                  4.5000000000                  17.5000000000               84185.9620249366 
                  4.5000000000                  18.0000000000               87518.6695712876 
                  4.5000000000                  18.5000000000               90331.1722899695 
                  4.5000000000                  19.0000000000               92438.1301661775 
                  4.5000000000                  19.5000000000               94102.6608968583 
                  4.5000000000                  20.0000000000               95548.3198273535 
                  4.5000000000                  20.5000000000               96760.7093045999 
                  4.5000000000                  21.0000000000               97799.5250462932 
                  4.5000000000                  21.5000000000               98685.1994108698 
                  4.5000000000                  22.0000000000               99364.9099550797 
                  4.5000000000                  22.5000000000               99723.0903627372 
                  4.5000000000                  23.0000000000               99626.4504419125 
                  4.5000000000                  23.5000000000               99256.0222414009 
                  4.5000000000                  24.0000000000               98819.8982320028 
                  4.5000000000                  24.5000000000               98274.3072800481 
                  4.5000000000                  25.0000000000               97608.8159360894 
                  4.5000000000                  25.5000000000               97005.4846557018 
                  4.5000000000                  26.0000000000               96581.9351077178 
                  4.5000000000                  26.5000000000               96218.2894348130 
                  4.5000000000                  27.0000000000               95844.6361508858 
                  4.5000000000                  27.5000000000               95264.6844003182 
                  4.5000000000                  28.0000000000               94250.3769486763 
                  4.5000000000                  28.5000000000               92733.7806378921 
                  4.5000000000                  29.0000000000               90599.2833560990 
                  4.5000000000                  29.5000000000               87809.4065154198 
                  4.5000000000                  30.0000000000               84690.7803685113 
                  4.5000000000                  30.5000000000               81670.2511327597 
                  4.5000000000                  31.0000000000               79239.6928313874 
                  4.5000000000                  31.5000000000               77668.3812304109 
                  4.5000000000                  32.0000000000               76515.7605591364 
                  4.5000000000                  32.5000000000               75494.8170315326 
                  4.5000000000                  33.0000000000               74450.0152055956 
                  4.5000000000                  33.5000000000               73465.4750355013 
                  4.5000000000                  34.0000000000               73364.2809670991 
                  4.5000000000                  34.5000000000               73700.4086967077 
                  4.5000000000                  35.0000000000               73017.4694431786 
                  4.5000000000                  35.5000000000               69692.6096375402 
                  4.5000000000                  36.0000000000               63903.3687061803 
                  4.5000000000                  36.5000000000               57360.0370635290 
                  4.5000000000                  37.0000000000               50755.2243837770 
                  4.5000000000                  37.5000000000               44827.3567633357 
                  4.5000000000                  38.0000000000               39891.9638855554 
                  4.5000000000                  38.5000000000               35686.8619604874 
                  4.5000000000                  39.0000000000               31994.4487110893 
                  4.5000000000                  39.5000000000               28468.3293036991 
                  4.5000000000                  40.0000000000               25259.0518806598 
                  4.5000000000                  40.5000000000               22697.0797003744 
                  4.5000000000                  41.0000000000               20639.6653300594 
                  4.5000000000                  41.5000000000               18979.7068810533 
                  4.5000000000                  42.0000000000               17682.4544940574 
                  4.5000000000                  42.5000000000               16705.1813704314 
                  4.5000000000                  43.0000000000               15994.3449903817 
                  4.5000000000                  43.5000000000               15561.2509069139 
                  4.5000000000                  44.0000000000               15250.8925326430 
                  4.5000000000                  44.5000000000               14682.8487426146 
                  4.5000000000                  45.0000000000               13733.8150774500 
                  4.5000000000                  45.5000000000               12413.7392921892 
                  4.5000000000                  46.0000000000               10765.0400513317 
                  4.5000000000                  46.5000000000                9111.8074729368 
                  4.5000000000                  47.0000000000                7630.5048505931 
                  4.5000000000                  47.5000000000                6286.4185087867 
                  4.5000000000                  48.0000000000                5087.2956543433 
                  4.5000000000                  48.5000000000                3909.7810658777 
                  4.5000000000                  49.0000000000                2665.7855894337 
                  4.5000000000                  49.5000000000                1371.6531821990 
                  4.5000000000                  50.0000000000                   0.0000000000 
                  5.0000000000                   0.0000000000                   0.0000000000 
                  5.0000000000                   0.5000000000                1287.2391846041 
                  5.0000000000                   1.0000000000                2890.5126110680 
                  5.0000000000                   1.5000000000                4736.1888863127 
                  5.0000000000                   2.0000000000                6777.6922569954 
                  5.0000000000                   2.5000000000                8898.0204082527 
                  5.0000000000                   3.0000000000               10982.7263875027 
                  5.0000000000                   3.5000000000               13024.3282808274 
                  5.0000000000                   4.0000000000               15033.9287226919 
                  5.0000000000                   4.5000000000               16976.5733291265 
                  5.0000000000                   5.0000000000               18790.9032117865 
                  5.0000000000                   5.5000000000               20470.4081297511 
                  5.0000000000                   6.0000000000               22033.2793573055 
                  5.0000000000                   6.5000000000               23536.6380837561 
                  5.0000000000                   7.0000000000               25035.0024600605 
                  5.0000000000                   7.5000000000               26504.1879972169 
                  5.0000000000                   8.0000000000               27866.3790722934 
                  5.0000000000                   8.5000000000               29108.1533914700 
                  5.0000000000                   9.0000000000               30468.5232668945 
                  5.0000000000                   9.5000000000               32153.1247470439 
                  5.0000000000                  10.0000000000               34190.1578451607 
                  5.0000000000                  10.5000000000               36600.0271369041 
                  5.0000000000                  11.0000000000               39282.4384438392 
                  5.0000000000                  11.5000000000               42151.3029944309 
                  5.0000000000                  12.0000000000               45215.9003950301 
                  5.0000000000                  12.5000000000               48484.0113525079 
                  5.0000000000                  13.0000000000               52111.3440464167 
                  5.0000000000                  13.5000000000               56135.4419440504 
                  5.0000000000                  14.0000000000               60386.5844173692 
                  5.0000000000                  14.5000000000               64770.0524983383 
                  5.0000000000                  15.0000000000               69168.5577791712 
                  5.0000000000                  15.5000000000               73487.3050520343 
                  5.0000000000                  16.0000000000               77716.5716202960 
                  5.0000000000                  16.5000000000               81864.9714652232 
                  5.0000000000                  17.0000000000               85942.5197295171 
                  5.0000000000                  17.5000000000               89910.1829396921 
                  5.0000000000                  18.0000000000               93679.2165856149 
                  5.0000000000                  18.5000000000               97060.9311596423 
                  5.0000000000                  19.0000000000               99869.8941008477 
                  5.0000000000                  19.5000000000              102248.3503938405 
                  5.0000000000                  20.0000000000              104357.5261805758 
                  5.0000000000                  20.5000000000              106196.2087432366 
                  5.0000000000                  21.0000000000              107820.2121738141 
                  5.0000000000                  21.5000000000              109269.2141514969 
                  5.0000000000                  22.0000000000              110494.0434490923 
                  5.0000000000                  22.5000000000              111365.2241359156 
                  5.0000000000                  23.0000000000              111725.0611622946 
                  5.0000000000                  23.5000000000              111682.0084952605 
                  5.0000000000                  24.0000000000              111424.0122276948 
                  5.0000000000                  24.5000000000              110950.0677143767 
                  5.0000000000                  25.0000000000              110267.9988846258 
                  5.0000000000                  25.5000000000              109599.6660780671 
                  5.0000000000                  26.0000000000              109099.2183779058 
                  5.0000000000                  26.5000000000              108655.6082600144 
                  5.0000000000                  27.0000000000              108207.2964402057 
                  5.0000000000                  27.5000000000              107569.2794627217 
                  5.0000000000                  28.0000000000              106532.1113856628 
                  5.0000000000                  28.5000000000              105045.8482293343 
                  5.0000000000                  29.0000000000              103050.7283350530 
                  5.0000000000                  29.5000000000              100385.3610204176 
                  5.0000000000                  30.0000000000               97135.4175417744 
                  5.0000000000                  30.5000000000               93736.2055190746 
                  5.0000000000                  31.0000000000               90795.7965085238 
                  5.0000000000                  31.5000000000               88910.3869856076 
                  5.0000000000                  32.0000000000               87978.9918674614 
                  5.0000000000                  32.5000000000               87590.5694759986 
                  5.0000000000                  33.0000000000               87273.7807660695 
                  5.0000000000                  33.5000000000               86831.6233723373 
                  5.0000000000                  34.0000000000               86849.0108611432 
                  5.0000000000                  34.5000000000               86933.8106604610 
                  5.0000000000                  35.0000000000               86060.7679751251 
                  5.0000000000                  35.5000000000               83461.8239790247 
                  5.0000000000                  36.0000000000               78269.1824924157 
                  5.0000000000                  36.5000000000               70795.9079396916 
                  5.0000000000                  37.0000000000               61963.0460595000 
                  5.0000000000                  37.5000000000               52709.3613032709 
                  5.0000000000                  38.0000000000               45062.6055524068 
                  5.0000000000                  38.5000000000               39694.2957348289 
                  5.0000000000                  39.0000000000               35580.9670055311 
                  5.0000000000                  39.5000000000               32123.8364344710 
                  5.0000000000                  40.0000000000               29050.2193383749 
                  5.0000000000                  40.5000000000               26358.8510007434 
                  5.0000000000                  41.0000000000               24029.3088444474 
                  5.0000000000                  41.5000000000               22007.8288039084 
                  5.0000000000                  42.0000000000               20347.2633880837 
                  5.0000000000                  42.5000000000               19103.6754902560 
                  5.0000000000                  43.0000000000               18192.0555607272 
                  5.0000000000                  43.5000000000               17591.8773611693 
                  5.0000000000                  44.0000000000               17131.0114023488 
                  5.0000000000                  44.5000000000               16398.3825530260 
                  5.0000000000                  45.0000000000               15263.9100174693 
                  5.0000000000                  45.5000000000               13751.6637793810 
                  5.0000000000                  46.0000000000               11913.7212218685 
                  5.0000000000                  46.5000000000               10063.8675220810 
                  5.0000000000                  47.0000000000                8384.0456912336 
                  5.0000000000                  47.5000000000                6850.0208953983 
                  5.0000000000                  48.0000000000                5460.9009306956 
                  5.0000000000                  48.5000000000                4124.0881334832 
                  5.0000000000                  49.0000000000                2769.8696766880 
                  5.0000000000                  49.5000000000                1400.8180239753 
                  5.0000000000                  50.0000000000                   0.0000000000 
                  5.5000000000                   0.0000000000                   0.0000000000 
                  5.5000000000                   0.5000000000                1448.3802888615 
                  5.5000000000                   1.0000000000                3239.6590548087 
                  5.5000000000                   1.5000000000                5284.5799778728 
                  5.5000000000                   2.0000000000                7535.9192324981 
                  5.5000000000                   2.5000000000                9867.7197941892 
                  5.5000000000                   3.0000000000               12155.4305225446 
                  5.5000000000                   3.5000000000               14397.3997760719 
                  5.5000000000                   4.0000000000               16612.9400991046 
                  5.5000000000                   4.5000000000               18768.8670138344 
                  5.5000000000                   5.0000000000               20795.7526766797 
                  5.5000000000                   5.5000000000               22679.2561869439 
                  5.5000000000                   6.0000000000               24407.1179544171 
                  5.5000000000                   6.5000000000               26050.1899438348 
                  5.5000000000                   7.0000000000               27747.1557467323 
                  5.5000000000                   7.5000000000               29494.3533262438 
                  5.5000000000                   8.0000000000               31222.7153282531 
                  5.5000000000                   8.5000000000               32910.4042258854 
                  5.5000000000                   9.0000000000               34657.5719253674 
                  5.5000000000                   9.5000000000               36607.4772777198 
                  5.5000000000                  10.0000000000               38831.7769498165 
                  5.5000000000                  10.5000000000               41370.4960396733 
                  5.5000000000                  11.0000000000               44159.0481646516 
                  5.5000000000                  11.5000000000               47120.5662277364 
                  5.5000000000                  12.0000000000               50243.1835451052 
                  5.5000000000                  12.5000000000               53525.6863162980 
                  5.5000000000                  13.0000000000               57139.4613706551 
                  5.5000000000                  13.5000000000               61145.7630907118 
                  5.5000000000                  14.0000000000               65393.2074775587 
                  5.5000000000                  14.5000000000               69802.0417966482 
                  5.5000000000                  15.0000000000               74263.5094427739 
                  5.5000000000                  15.5000000000               78690.5431207597 
                  5.5000000000                  16.0000000000               83076.9868999776 
                  5.5000000000                  16.5000000000               87433.1345456491 
                  5.5000000000                  17.0000000000               91782.4421648393 
                  5.5000000000                  17.5000000000               96101.6426595522 
                  5.5000000000                  18.0000000000              100306.4744897628 
                  5.5000000000                  18.5000000000              104240.4418152493 
                  5.5000000000                  19.0000000000              107722.4193838164 
                  5.5000000000                  19.5000000000              110794.8968289372 
                  5.5000000000                  20.0000000000              113560.2769209018 
                  5.5000000000                  20.5000000000              116017.9141317341 
                  5.5000000000                  21.0000000000              118213.2536463465 
                  5.5000000000                  21.5000000000              120194.6057972585 
                  5.5000000000                  22.0000000000              121912.7767041123 
                  5.5000000000                  22.5000000000              123236.1232082747 
                  5.5000000000                  23.0000000000              124010.8715111182 
                  5.5000000000                  23.5000000000              124295.4747420233 
                  5.5000000000                  24.0000000000              124242.7625439005 
                  5.5000000000                  24.5000000000              123873.4191405959 
                  5.5000000000                  25.0000000000              123208.7262631919 
                  5.5000000000                  25.5000000000              122506.0891405613 
                  5.5000000000                  26.0000000000              121950.5723306990 
                  5.5000000000                  26.5000000000              121435.1669420079 
                  5.5000000000                  27.0000000000              120902.7903759193 
                  5.5000000000                  27.5000000000              120181.0026700791 
                  5.5000000000                  28.0000000000              119092.0883332586 
                  5.5000000000                  28.5000000000              117637.3891977813 
                  5.5000000000                  29.0000000000              115864.6579247457 
                  5.5000000000                  29.5000000000              113548.3874957668 
                  5.5000000000                  30.0000000000              110502.3930602777 
                  5.5000000000                  30.5000000000              107013.2027421414 
                  5.5000000000                  31.0000000000              103548.4404603271 
                  5.5000000000                  31.5000000000              101111.3920817315 
                  5.5000000000                  32.0000000000              100156.6834240945 
                  5.5000000000                  32.5000000000               99971.9176924537 
                  5.5000000000                  33.0000000000               99490.8917191423 
                  5.5000000000                  33.5000000000               98479.1691505467 
                  5.5000000000                  34.0000000000               97817.1224410643 
                  5.5000000000                  34.5000000000               97303.7974682699 
                  5.5000000000                  35.0000000000               96275.0329017978 
                  5.5000000000                  35.5000000000               94450.2798203150 
                  5.5000000000                  36.0000000000               90593.6080679394 
                  5.5000000000                  36.5000000000               83940.4299947067 
                  5.5000000000                  37.0000000000               74368.5403661228 
                  5.5000000000                  37.5000000000               61562.7501718871 
                  5.5000000000                  38.0000000000               50430.9197878726 
                  5.5000000000                  38.5000000000               43921.6117199868 
                  5.5000000000                  39.0000000000               39456.7133534622 
                  5.5000000000                  39.5000000000               36115.7491543603 
                  5.5000000000                  40.0000000000               33240.3308997384 
                  5.5000000000                  40.5000000000               30509.1049640589 
                  5.5000000000                  41.0000000000               27973.6335616077 
                  5.5000000000                  41.5000000000               25596.9992557489 
                  5.5000000000                  42.0000000000               23529.3717865237 
                  5.5000000000                  42.5000000000               21957.1798600759 
                  5.5000000000                  43.0000000000               20765.2794498851 
                  5.5000000000                  43.5000000000               19909.3179452917 
                  5.5000000000                  44.0000000000               19211.5035452840 
                  5.5000000000                  44.5000000000               18236.6043504307 
                  5.5000000000                  45.0000000000               16856.9434201596 
                  5.5000000000                  45.5000000000               15119.1109374381 
                  5.5000000000                  46.0000000000               13084.6581176456 
                  5.5000000000                  46.5000000000               11041.3835963804 
                  5.5000000000                  47.0000000000                9161.0411640816 
                  5.5000000000                  47.5000000000                7424.3453752210 
                  5.5000000000                  48.0000000000                5821.4839118608 
                  5.5000000000                  48.5000000000                4305.3622394654 
                  5.5000000000                  49.0000000000                2837.0445174379 
                  5.5000000000                  49.5000000000                1405.1052005427 
                  5.5000000000                  50.0000000000                   0.0000000000 
                  6.0000000000                   0.0000000000                   0.0000000000 
                  6.0000000000                   0.5000000000                1642.9613262362 
                  6.0000000000                   1.0000000000                3630.9276736537 
                  6.0000000000                   1.5000000000                5864.9660756418 
                  6.0000000000                   2.0000000000                8304.8760929606 
                  6.0000000000                   2.5000000000               10826.2382185044 
                  6.0000000000                   3.0000000000               13302.0526050357 
                  6.0000000000                   3.5000000000               15734.7854413563 
                  6.0000000000                   4.0000000000               18150.2818911999 
                  6.0000000000                   4.5000000000               20522.2603918206 
                  6.0000000000                   5.0000000000               22779.4583540045 
                  6.0000000000                   5.5000000000               24900.0741700558 
                  6.0000000000                   6.0000000000               26835.0354448615 
                  6.0000000000                   6.5000000000               28635.9066803907 
                  6.0000000000                   7.0000000000               30500.5973878970 
                  6.0000000000                   7.5000000000               32459.6076586742 
                  6.0000000000                   8.0000000000               34464.8319924993 
                  6.0000000000                   8.5000000000               36517.0314825786 
                  6.0000000000                   9.0000000000               38634.6502832092 
                  6.0000000000                   9.5000000000               40898.4773834568 
                  6.0000000000                  10.0000000000               43384.3610075705 
                  6.0000000000                  10.5000000000               46126.1313633221 
                  6.0000000000                  11.0000000000               49080.9058248536 
                  6.0000000000                  11.5000000000               52185.3310214106 
                  6.0000000000                  12.0000000000               55413.9683556936 
                  6.0000000000                  12.5000000000               58749.7943929589 
                  6.0000000000                  13.0000000000               62369.4170436351 
                  6.0000000000                  13.5000000000               66367.8224322413 
                  6.0000000000                  14.0000000000               70623.0206260974 
                  6.0000000000                  14.5000000000               75074.4424670941 
                  6.0000000000                  15.0000000000               79630.4596272939 
                  6.0000000000                  15.5000000000               84213.4516382886 
                  6.0000000000                  16.0000000000               88815.8413820664 
                  6.0000000000                  16.5000000000               93442.7659117898 
                  6.0000000000                  17.0000000000               98113.4995565907 
                  6.0000000000                  17.5000000000              102808.8499745476 
                  6.0000000000                  18.0000000000              107453.2332360936 
                  6.0000000000                  18.5000000000              111923.0006605962 
                  6.0000000000                  19.0000000000              116054.8085995358 
                  6.0000000000                  19.5000000000              119819.0478169066 
                  6.0000000000                  20.0000000000              123261.3932051052 
                  6.0000000000                  20.5000000000              126368.6832698074 
                  6.0000000000                  21.0000000000              129152.0598199715 
                  6.0000000000                  21.5000000000              131646.3381635018 
                  6.0000000000                  22.0000000000              133812.3995998342 
                  6.0000000000                  22.5000000000              135535.8315698373 
                  6.0000000000                  23.0000000000              136683.4755579956 
                  6.0000000000                  23.5000000000              137280.0809804027 
                  6.0000000000                  24.0000000000              137442.6834687573 
                  6.0000000000                  24.5000000000              137200.2791646307 
                  6.0000000000                  25.0000000000              136577.2953326527 
                  6.0000000000                  25.5000000000              135859.2436092596 
                  6.0000000000                  26.0000000000              135259.0204889080 
                  6.0000000000                  26.5000000000              134672.9863525786 
                  6.0000000000                  27.0000000000              134034.4009912288 
                  6.0000000000                  27.5000000000              133158.3620843547 
                  6.0000000000                  28.0000000000              131909.6444728751 
                  6.0000000000                  28.5000000000              130379.2230044161 
                  6.0000000000                  29.0000000000              128785.5786022438 
                  6.0000000000                  29.5000000000              127021.4160227191 
                  6.0000000000                  30.0000000000              124748.5176320687 
                  6.0000000000                  30.5000000000              122064.8041617528 
                  6.0000000000                  31.0000000000              119022.0420276263 
                  6.0000000000                  31.5000000000              116474.3790363838 
                  6.0000000000                  32.0000000000              115351.0390635469 
                  6.0000000000                  32.5000000000              114873.4476674114 
                  6.0000000000                  33.0000000000              113477.6863428995 
                  6.0000000000                  33.5000000000              110897.3718064399 
                  6.0000000000                  34.0000000000              108682.5873061959 
                  6.0000000000                  34.5000000000              107138.8702093566 
                  6.0000000000                  35.0000000000              105686.4915197495 
                  6.0000000000                  35.5000000000              104241.4078618262 
                  6.0000000000                  36.0000000000              101492.4722269476 
                  6.0000000000                  36.5000000000               96228.7929015829 
                  6.0000000000                  37.0000000000               87728.4897926182 
                  6.0000000000                  37.5000000000               71684.9875630847 
                  6.0000000000                  38.0000000000               56242.8020485128 
                  6.0000000000                  38.5000000000               48690.5949633283 
                  6.0000000000                  39.0000000000               43762.6819955862 
                  6.0000000000                  39.5000000000               40399.6378804787 
                  6.0000000000                  40.0000000000               37674.9832671800 
                  6.0000000000                  40.5000000000               34998.9180408187 
                  6.0000000000                  41.0000000000               32421.6077275980 
                  6.0000000000                  41.5000000000               29829.0893683296 
                  6.0000000000                  42.0000000000               27380.0452526541 
                  6.0000000000                  42.5000000000               25401.0663800347 
                  6.0000000000                  43.0000000000               23802.4473115700 
                  6.0000000000                  43.5000000000               22553.6568204095 
                  6.0000000000                  44.0000000000               21500.8289772947 
                  6.0000000000                  44.5000000000               20192.8969685708 
                  6.0000000000                  45.0000000000               18500.7733211465 
                  6.0000000000                  45.5000000000               16486.8891034200 
                  6.0000000000                  46.0000000000               14221.8034790313 
                  6.0000000000                  46.5000000000               11970.6851592827 
                  6.0000000000                  47.0000000000                9891.3654049427 
                  6.0000000000                  47.5000000000                7961.7488741930 
                  6.0000000000                  48.0000000000                6154.5079326058 
                  6.0000000000                  48.5000000000                4466.3429976664 
                  6.0000000000                  49.0000000000                2889.9133087798 
                  6.0000000000                  49.5000000000                1400.8923603347 
                  6.0000000000                  50.0000000000                   0.0000000000 
                  6.5000000000                   0.0000000000                   0.0000000000 
                  6.5000000000                   0.5000000000                1893.0186267633 
                  6.5000000000                   1.0000000000                4082.3555023911 
                  6.5000000000                   1.5000000000                6490.1068308451 
                  6.5000000000                   2.0000000000                9089.3690002287 
                  6.5000000000                   2.5000000000               11771.0253392479 
                  6.5000000000                   3.0000000000               14416.4598908595 
                  6.5000000000                   3.5000000000               17026.2735614029 
                  6.5000000000                   4.0000000000               19625.0419970029 
                  6.5000000000                   4.5000000000               22198.4617015953 
                  6.5000000000                   5.0000000000               24689.0192572540 
                  6.5000000000                   5.5000000000               27068.6881149176 
                  6.5000000000                   6.0000000000               29273.8729425404 
                  6.5000000000                   6.5000000000               31306.9680230253 
                  6.5000000000                   7.0000000000               33345.0184532227 
                  6.5000000000                   7.5000000000               35464.0456042821 
                  6.5000000000                   8.0000000000               37658.5270154533 
                  6.5000000000                   8.5000000000               39973.5416366267 
                  6.5000000000                   9.0000000000               42420.0291666912 
                  6.5000000000                   9.5000000000               45024.7786024399 
                  6.5000000000                  10.0000000000               47833.5436981262 
                  6.5000000000                  10.5000000000               50855.7611470877 
                  6.5000000000                  11.0000000000               54046.2962320295 
                  6.5000000000                  11.5000000000               57354.8797242780 
                  6.5000000000                  12.0000000000               60752.2177670448 
                  6.5000000000                  12.5000000000               64196.8665382834 
                  6.5000000000                  13.0000000000               67849.4291102049 
                  6.5000000000                  13.5000000000               71846.2139067130 
                  6.5000000000                  14.0000000000               76115.7234204696 
                  6.5000000000                  14.5000000000               80623.2848852708 
                  6.5000000000                  15.0000000000               85306.5499370375 
                  6.5000000000                  15.5000000000               90098.8943845141 
                  6.5000000000                  16.0000000000               94984.7900174597 
                  6.5000000000                  16.5000000000               99958.7812570603 
                  6.5000000000                  17.0000000000              105011.1706432758 
                  6.5000000000                  17.5000000000              110112.3274085397 
                  6.5000000000                  18.0000000000              115203.8277469784 
                  6.5000000000                  18.5000000000              120191.7842284004 
                  6.5000000000                  19.0000000000              124945.4596518637 
                  6.5000000000                  19.5000000000              129389.8147746028 
                  6.5000000000                  20.0000000000              133511.0359610117 
                  6.5000000000                  20.5000000000              137275.9502991757 
                  6.5000000000                  21.0000000000              140640.6223487026 
                  6.5000000000                  21.5000000000              143602.1816247045 
                  6.5000000000                  22.0000000000              146145.3916816420 
                  6.5000000000                  22.5000000000              148191.7192231403 
                  6.5000000000                  23.0000000000              149641.6954354105 
                  6.5000000000                  23.5000000000              150507.5364702061 
                  6.5000000000                  24.0000000000              150870.5888861996 
                  6.5000000000                  24.5000000000              150753.3521652224 
                  6.5000000000                  25.0000000000              150174.5134351719 
                  6.5000000000                  25.5000000000              149439.6777682758 
                  6.5000000000                  26.0000000000              148789.1971583284 
                  6.5000000000                  26.5000000000              148128.2115605919 
                  6.5000000000                  27.0000000000              147385.7038926982 
                  6.5000000000                  27.5000000000              146326.9350878937 
                  6.5000000000                  28.0000000000              144828.3945535200 
                  6.5000000000                  28.5000000000              143083.1676064415 
                  6.5000000000                  29.0000000000              141459.6200057452 
                  6.5000000000                  29.5000000000              140130.6783341431 
                  6.5000000000                  30.0000000000              138825.9489619267 
                  6.5000000000                  30.5000000000              137444.3858657153 
                  6.5000000000                  31.0000000000              135658.5308618568 
                  6.5000000000                  31.5000000000              133428.9980985666 
                  6.5000000000                  32.0000000000              131608.8477015241 
                  6.5000000000                  32.5000000000              130028.4967043844 
                  6.5000000000                  33.0000000000              127418.2988989972 
                  6.5000000000                  33.5000000000              123424.7071995247 
                  6.5000000000                  34.0000000000              119575.7098333539 
                  6.5000000000                  34.5000000000              116724.4558736204 
                  6.5000000000                  35.0000000000              114552.6237693710 
                  6.5000000000                  35.5000000000              113039.8521680303 
                  6.5000000000                  36.0000000000              110971.9290947668 
                  6.5000000000                  36.5000000000              106977.3291130515 
                  6.5000000000                  37.0000000000              100345.7747247300 
                  6.5000000000                  37.5000000000               83141.5523310894 
                  6.5000000000                  38.0000000000               64194.2039012267 
                  6.5000000000                  38.5000000000               54837.6347074811 
                  6.5000000000                  39.0000000000               48954.0068297162 
                  6.5000000000                  39.5000000000               45104.5709478400 
                  6.5000000000                  40.0000000000               42279.0000356404 
                  6.5000000000                  40.5000000000               39697.6733596738 
                  6.5000000000                  41.0000000000               37263.3036831191 
                  6.5000000000                  41.5000000000               34753.7931291352 
                  6.5000000000                  42.0000000000               32138.9216884024 
                  6.5000000000                  42.5000000000               29710.2008254948 
                  6.5000000000                  43.0000000000               27539.3866491790 
                  6.5000000000                  43.5000000000               25694.9100268195 
                  6.5000000000                  44.0000000000               24098.0204227084 
                  6.5000000000                  44.5000000000               22332.5620018600 
                  6.5000000000                  45.0000000000               20246.8429100461 
                  6.5000000000                  45.5000000000               17873.3325161839 
                  6.5000000000                  46.0000000000               15283.7041862878 
                  6.5000000000                  46.5000000000               12774.5880503317 
                  6.5000000000                  47.0000000000               10498.9905050573 
                  6.5000000000                  47.5000000000                8405.2673039322 
                  6.5000000000                  48.0000000000                6452.7403811157 
                  6.5000000000                  48.5000000000                4636.6008783278 
                  6.5000000000                  49.0000000000                2958.4405685682 
                  6.5000000000                  49.5000000000                1407.2154713477 
                  6.5000000000                  50.0000000000                   0.0000000000 
                  7.0000000000                   0.0000000000                   0.0000000000 
                  7.0000000000                   0.5000000000                2177.7273070629 
                  7.0000000000                   1.0000000000                4572.8990914895 
                  7.0000000000                   1.5000000000                7147.8672703227 
                  7.0000000000                   2.0000000000                9889.9803519219 
                  7.0000000000                   2.5000000000               12712.7461862452 
                  7.0000000000                   3.0000000000               15514.6911654989 
                  7.0000000000                   3.5000000000               18290.7934038851 
                  7.0000000000                   4.0000000000               21055.0577109479 
                  7.0000000000                   4.5000000000               23802.1150329541 
                  7.0000000000                   5.0000000000               26498.7393130456 
                  7.0000000000                   5.5000000000               29116.1611595179 
                  7.0000000000                   6.0000000000               31605.5254476379 
                  7.0000000000                   6.5000000000               33943.7873298034 
                  7.0000000000                   7.0000000000               36228.8356552257 
                  7.0000000000                   7.5000000000               38546.5611893382 
                  7.0000000000                   8.0000000000               40933.1611218323 
                  7.0000000000                   8.5000000000               43461.7073952373 
                  7.0000000000                   9.0000000000               46180.2632834738 
                  7.0000000000                   9.5000000000               49098.0765658962 
                  7.0000000000                  10.0000000000               52224.7820061672 
                  7.0000000000                  10.5000000000               55552.1644129754 
                  7.0000000000                  11.0000000000               59025.5098501465 
                  7.0000000000                  11.5000000000               62595.3512703797 
                  7.0000000000                  12.0000000000               66227.9678241166 
                  7.0000000000                  12.5000000000               69862.9983422470 
                  7.0000000000                  13.0000000000               73626.8165822912 
                  7.0000000000                  13.5000000000               77676.8632544161 
                  7.0000000000                  14.0000000000               82001.0869553257 
                  7.0000000000                  14.5000000000               86596.2825374018 
                  7.0000000000                  15.0000000000               91433.9918313754 
                  7.0000000000                  15.5000000000               96464.6221429048 
                  7.0000000000                  16.0000000000              101664.7501233101 
                  7.0000000000                  16.5000000000              107018.1183152510 
                  7.0000000000                  17.0000000000              112490.7939791812 
                  7.0000000000                  17.5000000000              118037.4509360027 
                  7.0000000000                  18.0000000000              123606.8084967399 
                  7.0000000000                  18.5000000000              129124.8243174952 
                  7.0000000000                  19.0000000000              134469.4491812961 
                  7.0000000000                  19.5000000000              139522.1336108126 
                  7.0000000000                  20.0000000000              144227.6109588012 
                  7.0000000000                  20.5000000000              148537.4791358232 
                  7.0000000000                  21.0000000000              152374.7151794002 
                  7.0000000000                  21.5000000000              155708.2044215834 
                  7.0000000000                  22.0000000000              158536.9807771831 
                  7.0000000000                  22.5000000000              160818.1066607009 
                  7.0000000000                  23.0000000000              162484.2813148305 
                  7.0000000000                  23.5000000000              163544.3597448967 
                  7.0000000000                  24.0000000000              164052.7121026552 
                  7.0000000000                  24.5000000000              164018.2960121205 
                  7.0000000000                  25.0000000000              163446.4406609578 
                  7.0000000000                  25.5000000000              162657.3767191808 
                  7.0000000000                  26.0000000000              161922.5402215962 
                  7.0000000000                  26.5000000000              161164.7676955558 
                  7.0000000000                  27.0000000000              160342.9853548380 
                  7.0000000000                  27.5000000000              159181.3980969405 
                  7.0000000000                  28.0000000000              157498.9927670136 
                  7.0000000000                  28.5000000000              155525.1025896237 
                  7.0000000000                  29.0000000000              153648.1258936071 
                  7.0000000000                  29.5000000000              152205.5055685361 
                  7.0000000000                  30.0000000000              151079.3369212953 
                  7.0000000000                  30.5000000000              149984.4980252641 
                  7.0000000000                  31.0000000000              148379.6574669282 
                  7.0000000000                  31.5000000000              145933.1506695895 
                  7.0000000000                  32.0000000000              143347.1537575519 
                  7.0000000000                  32.5000000000              140802.9529430951 
                  7.0000000000                  33.0000000000              137668.4076682170 
                  7.0000000000                  33.5000000000              133690.2831214104 
                  7.0000000000                  34.0000000000              129538.2621984263 
                  7.0000000000                  34.5000000000              125975.8782120537 
                  7.0000000000                  35.0000000000              123230.9307440194 
                  7.0000000000                  35.5000000000              121420.8844020860 
                  7.0000000000                  36.0000000000              119514.3150885169 
                  7.0000000000                  36.5000000000              116166.9096661116 
                  7.0000000000                  37.0000000000              110544.1872270792 
                  7.0000000000                  37.5000000000               94365.5910651753 
                  7.0000000000                  38.0000000000               74518.6029764382 
                  7.0000000000                  38.5000000000               63010.0705564346 
                  7.0000000000                  39.0000000000               55705.1259196696 
                  7.0000000000                  39.5000000000               50813.4780624564 
                  7.0000000000                  40.0000000000               47455.2341577030 
                  7.0000000000                  40.5000000000               44824.3517544877 
                  7.0000000000                  41.0000000000               42542.6413977035 
                  7.0000000000                  41.5000000000               40314.7386054776 
                  7.0000000000                  42.0000000000               37835.0538166579 
                  7.0000000000                  42.5000000000               35090.1973487154 
                  7.0000000000                  43.0000000000               32298.9212551084 
                  7.0000000000                  43.5000000000               29682.6164498584 
                  7.0000000000                  44.0000000000               27304.6398566597 
                  7.0000000000                  44.5000000000               24910.5957184472 
                  7.0000000000                  45.0000000000               22323.2826209549 
                  7.0000000000                  45.5000000000               19466.5845243495 
                  7.0000000000                  46.0000000000               16403.9025817428 
                  7.0000000000                  46.5000000000               13550.3552502351 
                  7.0000000000                  47.0000000000               11067.6914569923 
                  7.0000000000                  47.5000000000                8829.4197660887 
                  7.0000000000                  48.0000000000                6785.3898215633 
                  7.0000000000                  48.5000000000                4876.1618078930 
                  7.0000000000                  49.0000000000                3086.3181028954 
                  7.0000000000                  49.5000000000                1447.6074729527 
                  7.0000000000                  50.0000000000                   0.0000000000 
                  7.5000000000                   0.0000000000                   0.0000000000 
                  7.5000000000                   0.5000000000                2452.9340105870 
                  7.5000000000                   1.0000000000                5055.1617957207 
                  7.5000000000                   1.5000000000                7797.5221098902 
                  7.5000000000                   2.0000000000               10680.5459565131 
                  7.5000000000                   2.5000000000               13640.2286573234 
                  7.5000000000                   3.0000000000               16594.3123142692 
                  7.5000000000                   3.5000000000               19532.6875593381 
                  7.5000000000                   4.0000000000               22455.4109128098 
                  7.5000000000                   4.5000000000               25361.2920429185 
                  7.5000000000                   5.0000000000               28239.4567734167 
                  7.5000000000                   5.5000000000               31067.7300342787 
                  7.5000000000                   6.0000000000               33821.1200958652 
                  7.5000000000                   6.5000000000               36476.2820204914 
                  7.5000000000                   7.0000000000               39062.5523178342 
                  7.5000000000                   7.5000000000               41643.5488350166 
                  7.5000000000                   8.0000000000               44268.2090747000 
                  7.5000000000                   8.5000000000               47018.5003827217 
                  7.5000000000                   9.0000000000               49983.1400163592 
                  7.5000000000                   9.5000000000               53179.7855979312 
                  7.5000000000                  10.0000000000               56600.2888574068 
                  7.5000000000                  10.5000000000               60233.5183091895 
                  7.5000000000                  11.0000000000               64022.8245123929 
                  7.5000000000                  11.5000000000               67912.7406072912 
                  7.5000000000                  12.0000000000               71856.1484030051 
                  7.5000000000                  12.5000000000               75774.8594301702 
                  7.5000000000                  13.0000000000               79749.0031934890 
                  7.5000000000                  13.5000000000               83933.8971143262 
                  7.5000000000                  14.0000000000               88373.7498624892 
                  7.5000000000                  14.5000000000               93101.7856502918 
                  7.5000000000                  15.0000000000               98127.5404351676 
                  7.5000000000                  15.5000000000              103423.4370503509 
                  7.5000000000                  16.0000000000              108959.9049761882 
                  7.5000000000                  16.5000000000              114712.8426879008 
                  7.5000000000                  17.0000000000              120635.0550475866 
                  7.5000000000                  17.5000000000              126665.8287915820 
                  7.5000000000                  18.0000000000              132746.8056971589 
                  7.5000000000                  18.5000000000              138805.2235884400 
                  7.5000000000                  19.0000000000              144700.2108518671 
                  7.5000000000                  19.5000000000              150266.7410730539 
                  7.5000000000                  20.0000000000              155427.3240083773 
                  7.5000000000                  20.5000000000              160131.1348634738 
                  7.5000000000                  21.0000000000              164294.4659179243 
                  7.5000000000                  21.5000000000              167878.8921524040 
                  7.5000000000                  22.0000000000              170890.7207766201 
                  7.5000000000                  22.5000000000              173315.9445309335 
                  7.5000000000                  23.0000000000              175115.9358685828 
                  7.5000000000                  23.5000000000              176298.5424130508 
                  7.5000000000                  24.0000000000              176898.2692502170 
                  7.5000000000                  24.5000000000              176904.1558047317 
                  7.5000000000                  25.0000000000              176298.7727287066 
                  7.5000000000                  25.5000000000              175412.0654981753 
                  7.5000000000                  26.0000000000              174546.9035474215 
                  7.5000000000                  26.5000000000              173655.9796125667 
                  7.5000000000                  27.0000000000              172750.1173559166 
                  7.5000000000                  27.5000000000              171530.2553461771 
                  7.5000000000                  28.0000000000              169726.1668181457 
                  7.5000000000                  28.5000000000              167526.7711470202 
                  7.5000000000                  29.0000000000              165227.1513722085 
                  7.5000000000                  29.5000000000              163220.4914775737 
                  7.5000000000                  30.0000000000              161563.9489351580 
                  7.5000000000                  30.5000000000              159897.6189216357 
                  7.5000000000                  31.0000000000              157619.2096555406 
                  7.5000000000                  31.5000000000              154640.9740659664 
                  7.5000000000                  32.0000000000              151667.0561650948 
                  7.5000000000                  32.5000000000              148786.1538762629 
                  7.5000000000                  33.0000000000              145649.7897799608 
                  7.5000000000                  33.5000000000              142097.9408735003 
                  7.5000000000                  34.0000000000              138223.2993269499 
                  7.5000000000                  34.5000000000              134482.8519320455 
                  7.5000000000                  35.0000000000              131374.2872091582 
                  7.5000000000                  35.5000000000              129192.4871150276 
                  7.5000000000                  36.0000000000              127128.8864344195 
                  7.5000000000                  36.5000000000              123989.3373029660 
                  7.5000000000                  37.0000000000              118913.6892609792 
                  7.5000000000                  37.5000000000              104733.1710436084 
                  7.5000000000                  38.0000000000               85964.4773752534 
                  7.5000000000                  38.5000000000               73102.2181434061 
                  7.5000000000                  39.0000000000               64238.6619375555 
                  7.5000000000                  39.5000000000               57879.5412175539 
                  7.5000000000                  40.0000000000               53621.8072119723 
                  7.5000000000                  40.5000000000               50767.2256123346 
                  7.5000000000                  41.0000000000               48535.4169908679 
                  7.5000000000                  41.5000000000               46589.0555000501 
                  7.5000000000                  42.0000000000               44394.6490781952 
                  7.5000000000                  42.5000000000               41535.9178052618 
                  7.5000000000                  43.0000000000               38219.0298123235 
                  7.5000000000                  43.5000000000               34721.3416656932 
                  7.5000000000                  44.0000000000               31332.2015913521 
                  7.5000000000                  44.5000000000               28150.2841413374 
                  7.5000000000                  45.0000000000               24969.6384684384 
                  7.5000000000                  45.5000000000               21513.5332523260 
                  7.5000000000                  46.0000000000               17852.3543323693 
                  7.5000000000                  46.5000000000               14592.7150311928 
                  7.5000000000                  47.0000000000               11883.4328714569 
                  7.5000000000                  47.5000000000                9480.0288487757 
                  7.5000000000                  48.0000000000                7322.1679146204 
                  7.5000000000                  48.5000000000                5285.2470643754 
                  7.5000000000                  49.0000000000                3334.5609746743 
                  7.5000000000                  49.5000000000                1550.8259779206 
                  7.5000000000                  50.0000000000                   0.0000000000 
                  8.0000000000                   0.0000000000                   0.0000000000 
                  8.0000000000                   0.5000000000                2699.4167701361 
                  8.0000000000                   1.0000000000                5497.7576132294 
                  8.0000000000                   1.5000000000                8404.1118402632 
                  8.0000000000                   2.0000000000               11427.9271448802 
                  8.0000000000                   2.5000000000               14526.1870544320 
                  8.0000000000                   3.0000000000               17635.9873223316 
                  8.0000000000                   3.5000000000               20743.6378317977 
                  8.0000000000                   4.0000000000               23833.3884630400 
                  8.0000000000                   4.5000000000               26898.0501688781 
                  8.0000000000                   5.0000000000               29941.1147322893 
                  8.0000000000                   5.5000000000               32951.5005489425 
                  8.0000000000                   6.0000000000               35932.5552088339 
                  8.0000000000                   6.5000000000               38878.5658431456 
                  8.0000000000                   7.0000000000               41779.0893638464 
                  8.0000000000                   7.5000000000               44670.6944030075 
                  8.0000000000                   8.0000000000               47588.8648651989 
                  8.0000000000                   8.5000000000               50595.7334646117 
                  8.0000000000                   9.0000000000               53803.8617694928 
                  8.0000000000                   9.5000000000               57254.1258398834 
                  8.0000000000                  10.0000000000               60945.6457809316 
                  8.0000000000                  10.5000000000               64889.2905350611 
                  8.0000000000                  11.0000000000               69042.8624557757 
                  8.0000000000                  11.5000000000               73338.9886405536 
                  8.0000000000                  12.0000000000               77704.1003200438 
                  8.0000000000                  12.5000000000               82027.2457741496 
                  8.0000000000                  13.0000000000               86321.2710393827 
                  8.0000000000                  13.5000000000               90731.6567444603 
                  8.0000000000                  14.0000000000               95361.0275563284 
                  8.0000000000                  14.5000000000              100280.9226518274 
                  8.0000000000                  15.0000000000              105544.9208328770 
                  8.0000000000                  15.5000000000              111149.5214896983 
                  8.0000000000                  16.0000000000              117059.3024921942 
                  8.0000000000                  16.5000000000              123246.9323341325 
                  8.0000000000                  17.0000000000              129657.9983508389 
                  8.0000000000                  17.5000000000              136215.9666707086 
                  8.0000000000                  18.0000000000              142843.6711292075 
                  8.0000000000                  18.5000000000              149448.1000565463 
                  8.0000000000                  19.0000000000              155841.6390713388 
                  8.0000000000                  19.5000000000              161817.5778536940 
                  8.0000000000                  20.0000000000              167303.7708610177 
                  8.0000000000                  20.5000000000              172261.1467438124 
                  8.0000000000                  21.0000000000              176605.4722872344 
                  8.0000000000                  21.5000000000              180299.1800923094 
                  8.0000000000                  22.0000000000              183363.9543435272 
                  8.0000000000                  22.5000000000              185815.4534957568 
                  8.0000000000                  23.0000000000              187658.5348400146 
                  8.0000000000                  23.5000000000              188915.5129454639 
                  8.0000000000                  24.0000000000              189590.2239540539 
                  8.0000000000                  24.5000000000              189634.6153175433 
                  8.0000000000                  25.0000000000              188979.5347425916 
                  8.0000000000                  25.5000000000              187937.4306924875 
                  8.0000000000                  26.0000000000              186858.0211154516 
                  8.0000000000                  26.5000000000              185750.7421218124 
                  8.0000000000                  27.0000000000              184696.4498725486 
                  8.0000000000                  27.5000000000              183393.3532290456 
                  8.0000000000                  28.0000000000              181475.0165949768 
                  8.0000000000                  28.5000000000              179048.8258448252 
                  8.0000000000                  29.0000000000              176239.9985435163 
                  8.0000000000                  29.5000000000              173476.1773637477 
                  8.0000000000                  30.0000000000              171077.5132983168 
                  8.0000000000                  30.5000000000              168728.0689147813 
                  8.0000000000                  31.0000000000              165859.7116219652 
                  8.0000000000                  31.5000000000              162453.5750137573 
                  8.0000000000                  32.0000000000              159140.7510675337 
                  8.0000000000                  32.5000000000              156009.3865471827 
                  8.0000000000                  33.0000000000              152862.1306302850 
                  8.0000000000                  33.5000000000              149564.0709608952 
                  8.0000000000                  34.0000000000              145871.1621933533 
                  8.0000000000                  34.5000000000              142009.0954569011 
                  8.0000000000                  35.0000000000              138541.8201507516 
                  8.0000000000                  35.5000000000              135874.9429821500 
                  8.0000000000                  36.0000000000              133445.3080304856 
                  8.0000000000                  36.5000000000              130291.9000648534 
                  8.0000000000                  37.0000000000              125782.3840858635 
                  8.0000000000                  37.5000000000              114622.8840523177 
                  8.0000000000                  38.0000000000               98880.8916781334 
                  8.0000000000                  38.5000000000               86068.3413220424 
                  8.0000000000                  39.0000000000               75952.4412230388 
                  8.0000000000                  39.5000000000               67556.3809670360 
                  8.0000000000                  40.0000000000               61646.8369861191 
                  8.0000000000                  40.5000000000               58114.6385338065 
                  8.0000000000                  41.0000000000               55557.4977792019 
                  8.0000000000                  41.5000000000               53662.4524752746 
                  8.0000000000                  42.0000000000               51767.5134743990 
                  8.0000000000                  42.5000000000               49062.5025917528 
                  8.0000000000                  43.0000000000               45608.1488894334 
                  8.0000000000                  43.5000000000               41429.1537845521 
                  8.0000000000                  44.0000000000               36883.4150777878 
                  8.0000000000                  44.5000000000               32752.6152972432 
                  8.0000000000                  45.0000000000               28911.7445775801 
                  8.0000000000                  45.5000000000               24714.9808559938 
                  8.0000000000                  46.0000000000               20257.9149731850 
                  8.0000000000                  46.5000000000               16438.1684122119 
                  8.0000000000                  47.0000000000               13371.6111023025 
                  8.0000000000                  47.5000000000               10658.5005732970 
                  8.0000000000                  48.0000000000                8256.8953654519 
                  8.0000000000                  48.5000000000                5978.2301367823 
                  8.0000000000                  49.0000000000                3768.1622137603 
                  8.0000000000                  49.5000000000                1747.3200445529 
                  8.0000000000                  50.0000000000                   0.0000000000 
                  8.5000000000                   0.0000000000                   0.0000000000 
                  8.5000000000                   0.5000000000                2907.6359702236 
                  8.5000000000                   1.0000000000                5886.1372168484 
                  8.5000000000                   1.5000000000                8951.0878924700 
                  8.5000000000                   2.0000000000               12115.3685540873 
                  8.5000000000                   2.5000000000               15355.2071781656 
                  8.5000000000                   3.0000000000               18628.4260287964 
                  8.5000000000                   3.5000000000               21919.5258307693 
                  8.5000000000                   4.0000000000               25203.4958465558 
                  8.5000000000                   4.5000000000               28449.6906325837 
                  8.5000000000                   5.0000000000               31650.8706510882 
                  8.5000000000                   5.5000000000               34813.8592341771 
                  8.5000000000                   6.0000000000               37968.9955011339 
                  8.5000000000                   6.5000000000               41152.8871378306 
                  8.5000000000                   7.0000000000               44363.6530202835 
                  8.5000000000                   7.5000000000               47607.2084512278 
                  8.5000000000                   8.0000000000               50889.6049661530 
                  8.5000000000                   8.5000000000               54217.7772804745 
                  8.5000000000                   9.0000000000               57679.7061428557 
                  8.5000000000                   9.5000000000               61354.6376692496 
                  8.5000000000                  10.0000000000               65282.0479080531 
                  8.5000000000                  10.5000000000               69529.6861661284 
                  8.5000000000                  11.0000000000               74098.5871981998 
                  8.5000000000                  11.5000000000               78888.8806834549 
                  8.5000000000                  12.0000000000               83778.3503055102 
                  8.5000000000                  12.5000000000               88614.6503168715 
                  8.5000000000                  13.0000000000               93337.0702573307 
                  8.5000000000                  13.5000000000               98080.4175154729 
                  8.5000000000                  14.0000000000              102999.6631498867 
                  8.5000000000                  14.5000000000              108195.7240867137 
                  8.5000000000                  15.0000000000              113759.3128253841 
                  8.5000000000                  15.5000000000              119713.6596037112 
                  8.5000000000                  16.0000000000              126022.1987760692 
                  8.5000000000                  16.5000000000              132659.6259017696 
                  8.5000000000                  17.0000000000              139576.9995642577 
                  8.5000000000                  17.5000000000              146675.8163867978 
                  8.5000000000                  18.0000000000              153841.4607276545 
                  8.5000000000                  18.5000000000              160943.6751556712 
                  8.5000000000                  19.0000000000              167730.2445154318 
                  8.5000000000                  19.5000000000              173978.6968426084 
                  8.5000000000                  20.0000000000              179655.0361565587 
                  8.5000000000                  20.5000000000              184737.1646702397 
                  8.5000000000                  21.0000000000              189145.7780777728 
                  8.5000000000                  21.5000000000              192845.8448569122 
                  8.5000000000                  22.0000000000              195872.7178214255 
                  8.5000000000                  22.5000000000              198263.4693492000 
                  8.5000000000                  23.0000000000              200076.2189936850 
                  8.5000000000                  23.5000000000              201376.2800227625 
                  8.5000000000                  24.0000000000              202130.1466271733 
                  8.5000000000                  24.5000000000              202238.2978376640 
                  8.5000000000                  25.0000000000              201569.5388800858 
                  8.5000000000                  25.5000000000              200357.9028746305 
                  8.5000000000                  26.0000000000              198992.7097158211 
                  8.5000000000                  26.5000000000              197579.3168833159 
                  8.5000000000                  27.0000000000              196273.3430791110 
                  8.5000000000                  27.5000000000              194815.9615246067 
                  8.5000000000                  28.0000000000              192765.7701681698 
                  8.5000000000                  28.5000000000              190121.3960543089 
                  8.5000000000                  29.0000000000              186831.1204588336 
                  8.5000000000                  29.5000000000              183303.7408391414 
                  8.5000000000                  30.0000000000              180130.1330930900 
                  8.5000000000                  30.5000000000              177129.9352152726 
                  8.5000000000                  31.0000000000              173781.7184171210 
                  8.5000000000                  31.5000000000              170044.7425178656 
                  8.5000000000                  32.0000000000              166424.6899768861 
                  8.5000000000                  32.5000000000              163033.7121956648 
                  8.5000000000                  33.0000000000              159775.4755515801 
                  8.5000000000                  33.5000000000              156525.1103104448 
                  8.5000000000                  34.0000000000              152836.9396735575 
                  8.5000000000                  34.5000000000              148737.9791545053 
                  8.5000000000                  35.0000000000              144754.8015362209 
                  8.5000000000                  35.5000000000              141352.9113988607 
                  8.5000000000                  36.0000000000              138244.5257635598 
                  8.5000000000                  36.5000000000              134743.2195377801 
                  8.5000000000                  37.0000000000              130307.7891493774 
                  8.5000000000                  37.5000000000              122133.7946015151 
                  8.5000000000                  38.0000000000              110858.7837266662 
                  8.5000000000                  38.5000000000              100071.4999837346 
                  8.5000000000                  39.0000000000               90084.1738935891 
                  8.5000000000                  39.5000000000               80258.5335845512 
                  8.5000000000                  40.0000000000               72225.1302193577 
                  8.5000000000                  40.5000000000               67125.5714181053 
                  8.5000000000                  41.0000000000               63595.0718768392 
                  8.5000000000                  41.5000000000               61247.4488423116 
                  8.5000000000                  42.0000000000               59401.7703729244 
                  8.5000000000                  42.5000000000               56993.4209186587 
                  8.5000000000                  43.0000000000               53850.1420672863 
                  8.5000000000                  43.5000000000               49667.1109591683 
                  8.5000000000                  44.0000000000               44452.6152740961 
                  8.5000000000                  44.5000000000               39418.6099159323 
                  8.5000000000                  45.0000000000               34820.2214245776 
                  8.5000000000                  45.5000000000               29885.9880331497 
                  8.5000000000                  46.0000000000               24618.6665908312 
                  8.5000000000                  46.5000000000               19947.9288292067 
                  8.5000000000                  47.0000000000               16120.7960138790 
                  8.5000000000                  47.5000000000               12757.8814178637 
                  8.5000000000                  48.0000000000                9820.6025362562 
                  8.5000000000                  48.5000000000                7089.6847349307 
                  8.5000000000                  49.0000000000                4476.1708233297 
                  8.5000000000                  49.5000000000                2088.2386594976 
                  8.5000000000                  50.0000000000                   0.0000000000 
                  9.0000000000                   0.0000000000                   0.0000000000 
                  9.0000000000                   0.5000000000                3093.0437247662 
                  9.0000000000                   1.0000000000                6243.9248439462 
                  9.0000000000                   1.5000000000                9465.2641560237 
                  9.0000000000                   2.0000000000               12769.1097540704 
                  9.0000000000                   2.5000000000               16150.4709136744 
                  9.0000000000                   3.0000000000               19589.9960620303 
                  9.0000000000                   3.5000000000               23071.6373552174 
                  9.0000000000                   4.0000000000               26573.3248469705 
                  9.0000000000                   4.5000000000               30041.1278869261 
                  9.0000000000                   5.0000000000               33434.1717869954 
                  9.0000000000                   5.5000000000               36769.8485457662 
                  9.0000000000                   6.0000000000               40093.9617404145 
                  9.0000000000                   6.5000000000               43484.5389139391 
                  9.0000000000                   7.0000000000               46987.0982553714 
                  9.0000000000                   7.5000000000               50587.8673053336 
                  9.0000000000                   8.0000000000               54257.6511628506 
                  9.0000000000                   8.5000000000               57954.5479952006 
                  9.0000000000                   9.0000000000               61712.8331350795 
                  9.0000000000                   9.5000000000               65631.0976103620 
                  9.0000000000                  10.0000000000               69800.6737142036 
                  9.0000000000                  10.5000000000               74354.0887659958 
                  9.0000000000                  11.0000000000               79334.7635702594 
                  9.0000000000                  11.5000000000               84598.1006482946 
                  9.0000000000                  12.0000000000               89969.7716270048 
                  9.0000000000                  12.5000000000               95277.4484423008 
                  9.0000000000                  13.0000000000              100432.8526038781 
                  9.0000000000                  13.5000000000              105562.8918059250 
                  9.0000000000                  14.0000000000              110841.1009938403 
                  9.0000000000                  14.5000000000              116380.7954570159 
                  9.0000000000                  15.0000000000              122296.1532045121 
                  9.0000000000                  15.5000000000              128631.0725521753 
                  9.0000000000                  16.0000000000              135347.1682936050 
                  9.0000000000                  16.5000000000              142420.0602739275 
                  9.0000000000                  17.0000000000              149795.4668981318 
                  9.0000000000                  17.5000000000              157340.9977387106 
                  9.0000000000                  18.0000000000              164905.7593792787 
                  9.0000000000                  18.5000000000              172327.0315550315 
                  9.0000000000                  19.0000000000              179338.3306224595 
                  9.0000000000                  19.5000000000              185747.0833304012 
                  9.0000000000                  20.0000000000              191543.6674726658 
                  9.0000000000                  20.5000000000              196713.7860447789 
                  9.0000000000                  21.0000000000              201191.2398180625 
                  9.0000000000                  21.5000000000              204941.6513133274 
                  9.0000000000                  22.0000000000              207995.6644443323 
                  9.0000000000                  22.5000000000              210390.7239803346 
                  9.0000000000                  23.0000000000              212200.0011916947 
                  9.0000000000                  23.5000000000              213530.9159558156 
                  9.0000000000                  24.0000000000              214351.8569543070 
                  9.0000000000                  24.5000000000              214532.3064178307 
                  9.0000000000                  25.0000000000              213927.5582294886 
                  9.0000000000                  25.5000000000              212672.1268806642 
                  9.0000000000                  26.0000000000              211114.2547065143 
                  9.0000000000                  26.5000000000              209435.8081457221 
                  9.0000000000                  27.0000000000              207839.0884146676 
                  9.0000000000                  27.5000000000              206119.1901867500 
                  9.0000000000                  28.0000000000              203821.8384221409 
                  9.0000000000                  28.5000000000              200862.7544838903 
                  9.0000000000                  29.0000000000              197088.9259319048 
                  9.0000000000                  29.5000000000              192924.1867617486 
                  9.0000000000                  30.0000000000              189149.4823978673 
                  9.0000000000                  30.5000000000              185698.7267664876 
                  9.0000000000                  31.0000000000              182122.2212968606 
                  9.0000000000                  31.5000000000              178292.3495026216 
                  9.0000000000                  32.0000000000              174506.0515509934 
                  9.0000000000                  32.5000000000              170907.1192766703 
                  9.0000000000                  33.0000000000              167497.9904950353 
                  9.0000000000                  33.5000000000              164142.2332871175 
                  9.0000000000                  34.0000000000              160249.0130085286 
                  9.0000000000                  34.5000000000              155667.3169198293 
                  9.0000000000                  35.0000000000              150799.4401016585 
                  9.0000000000                  35.5000000000              146105.1882869480 
                  9.0000000000                  36.0000000000              141770.2537283291 
                  9.0000000000                  36.5000000000              137482.6992417215 
                  9.0000000000                  37.0000000000              132665.4132597540 
                  9.0000000000                  37.5000000000              126267.9684555969 
                  9.0000000000                  38.0000000000              118366.5554395048 
                  9.0000000000                  38.5000000000              109884.3149412980 
                  9.0000000000                  39.0000000000              101018.8228048331 
                  9.0000000000                  39.5000000000               91400.8444278894 
                  9.0000000000                  40.0000000000               82543.6436505022 
                  9.0000000000                  40.5000000000               76157.8054716002 
                  9.0000000000                  41.0000000000               71623.1118331623 
                  9.0000000000                  41.5000000000               68569.8876905140 
                  9.0000000000                  42.0000000000               66346.8483893753 
                  9.0000000000                  42.5000000000               63856.8707375450 
                  9.0000000000                  43.0000000000               60750.8679242551 
                  9.0000000000                  43.5000000000               56628.5547531579 
                  9.0000000000                  44.0000000000               51317.9328555327 
                  9.0000000000                  44.5000000000               45883.8210436061 
                  9.0000000000                  45.0000000000               40782.2951776160 
                  9.0000000000                  45.5000000000               35545.0338045983 
                  9.0000000000                  46.0000000000               30070.6423994737 
                  9.0000000000                  46.5000000000               24831.1050863665 
                  9.0000000000                  47.0000000000               20152.2979911055 
                  9.0000000000                  47.5000000000               15939.8160924963 
                  9.0000000000                  48.0000000000               12187.7016081808 
                  9.0000000000                  48.5000000000                8763.4520190945 
                  9.0000000000                  49.0000000000                5571.9377394974 
                  9.0000000000                  49.5000000000                2642.3346179978 
                  9.0000000000                  50.0000000000                   0.0000000000 
                  9.5000000000                   0.0000000000                   0.0000000000 
                  9.5000000000                   0.5000000000                3277.7014727590 
                  9.5000000000                   1.0000000000                6602.4426217234 
                  9.5000000000                   1.5000000000                9981.4383734067 
                  9.5000000000                   2.0000000000               13424.2671218783 
                  9.5000000000                   2.5000000000               16945.5279569474 
                  9.5000000000                   3.0000000000               20549.6228157092 
                  9.5000000000                   3.5000000000               24221.7262901646 
                  9.5000000000                   4.0000000000               27947.1986791646 
                  9.5000000000                   4.5000000000               31660.9582939202 
                  9.5000000000                   5.0000000000               35290.8771565353 
                  9.5000000000                   5.5000000000               38849.8977359113 
                  9.5000000000                   6.0000000000               42382.0916410685 
                  9.5000000000                   6.5000000000               45995.4893406991 
                  9.5000000000                   7.0000000000               49791.7361820857 
                  9.5000000000                   7.5000000000               53748.4643183709 
                  9.5000000000                   8.0000000000               57805.2093291055 
                  9.5000000000                   8.5000000000               61892.0974450759 
                  9.5000000000                   9.0000000000               65996.9741526852 
                  9.5000000000                   9.5000000000               70211.2978075437 
                  9.5000000000                  10.0000000000               74655.3615981774 
                  9.5000000000                  10.5000000000               79519.0381266772 
                  9.5000000000                  11.0000000000               84864.0226414845 
                  9.5000000000                  11.5000000000               90490.8775219624 
                  9.5000000000                  12.0000000000               96203.9869551829 
                  9.5000000000                  12.5000000000              101852.8993469496 
                  9.5000000000                  13.0000000000              107375.5814454014 
                  9.5000000000                  13.5000000000              112896.6508057099 
                  9.5000000000                  14.0000000000              118570.2259257950 
                  9.5000000000                  14.5000000000              124501.9277011866 
                  9.5000000000                  15.0000000000              130814.4632406504 
                  9.5000000000                  15.5000000000              137557.6868803685 
                  9.5000000000                  16.0000000000              144683.7552085489 
                  9.5000000000                  16.5000000000              152162.0753853570 
                  9.5000000000                  17.0000000000              159915.4679926927 
                  9.5000000000                  17.5000000000              167774.1796581225 
                  9.5000000000                  18.0000000000              175569.0748433842 
                  9.5000000000                  18.5000000000              183131.2117998028 
                  9.5000000000                  19.0000000000              190231.5547090101 
                  9.5000000000                  19.5000000000              196731.2662721887 
                  9.5000000000                  20.0000000000              202625.7984976069 
                  9.5000000000                  20.5000000000              207898.7416902775 
                  9.5000000000                  21.0000000000              212497.1248331455 
                  9.5000000000                  21.5000000000              216385.3702905904 
                  9.5000000000                  22.0000000000              219576.2998433045 
                  9.5000000000                  22.5000000000              222088.4042434954 
                  9.5000000000                  23.0000000000              223971.7518975693 
                  9.5000000000                  23.5000000000              225355.2876561618 
                  9.5000000000                  24.0000000000              226241.6722682894 
                  9.5000000000                  24.5000000000              226504.4617575417 
                  9.5000000000                  25.0000000000              226024.8560193930 
                  9.5000000000                  25.5000000000              224857.6758247197 
                  9.5000000000                  26.0000000000              223254.1223324584 
                  9.5000000000                  26.5000000000              221413.5616227788 
                  9.5000000000                  27.0000000000              219549.2035911819 
                  9.5000000000                  27.5000000000              217496.6256302700 
                  9.5000000000                  28.0000000000              214832.0966122624 
                  9.5000000000                  28.5000000000              211440.6950432943 
                  9.5000000000                  29.0000000000              207137.7656588293 
                  9.5000000000                  29.5000000000              202429.8644604216 
                  9.5000000000                  30.0000000000              198243.9778280679 
                  9.5000000000                  30.5000000000              194562.3543329572 
                  9.5000000000                  31.0000000000              190994.3592305723 
                  9.5000000000                  31.5000000000              187323.8309754302 
                  9.5000000000                  32.0000000000              183603.1579594495 
                  9.5000000000                  32.5000000000              179959.4810741976 
                  9.5000000000                  33.0000000000              176483.8728324492 
                  9.5000000000                  33.5000000000              173024.8227985646 
                  9.5000000000                  34.0000000000              168846.6981640674 
                  9.5000000000                  34.5000000000              163589.7249206124 
                  9.5000000000                  35.0000000000              157400.5268765771 
                  9.5000000000                  35.5000000000              150649.7781155393 
                  9.5000000000                  36.0000000000              144512.9008963140 
                  9.5000000000                  36.5000000000              139332.5317563064 
                  9.5000000000                  37.0000000000              134345.0009520088 
                  9.5000000000                  37.5000000000              129028.2913017103 
                  9.5000000000                  38.0000000000              122888.7265402455 
                  9.5000000000                  38.5000000000              115778.2930792525 
                  9.5000000000                  39.0000000000              107880.1565180950 
                  9.5000000000                  39.5000000000               99092.0050357908 
                  9.5000000000                  40.0000000000               90617.6216120507 
                  9.5000000000                  40.5000000000               83896.9339254352 
                  9.5000000000                  41.0000000000               78780.2540080857 
                  9.5000000000                  41.5000000000               75095.0582916325 
                  9.5000000000                  42.0000000000               72271.9743348355 
                  9.5000000000                  42.5000000000               69315.0555283965 
                  9.5000000000                  43.0000000000               65829.1043763358 
                  9.5000000000                  43.5000000000               61451.8264537804 
                  9.5000000000                  44.0000000000               56129.0814168648 
                  9.5000000000                  44.5000000000               50690.3502652310 
                  9.5000000000                  45.0000000000               45486.9330291535 
                  9.5000000000                  45.5000000000               40343.3481191736 
                  9.5000000000                  46.0000000000               35182.9821404750 
                  9.5000000000                  46.5000000000               29962.4229880398 
                  9.5000000000                  47.0000000000               24825.3252641491 
                  9.5000000000                  47.5000000000               19902.1572736021 
                  9.5000000000                  48.0000000000               15265.7957970873 
                  9.5000000000                  48.5000000000               10999.5461760802 
                  9.5000000000                  49.0000000000                7085.2200780055 
                  9.5000000000                  49.5000000000                3436.1205309043 
                  9.5000000000                  50.0000000000                   0.0000000000 
                 10.0000000000                   0.0000000000                   0.0000000000 
                 10.0000000000                   0.5000000000                3475.2854034071 
                 10.0000000000                   1.0000000000                6982.5020439226 
                 10.0000000000                   1.5000000000               10522.0606184846 
                 10.0000000000                   2.0000000000               14101.9958472189 
                 10.0000000000                   2.5000000000               17758.5068719781 
                 10.0000000000                   3.0000000000               21520.3970979088 
                 10.0000000000                   3.5000000000               25375.0887283361 
                 10.0000000000                   4.0000000000               29316.5094254953 
                 10.0000000000                   4.5000000000               33280.1346612490 
                 10.0000000000                   5.0000000000               37178.5535623890 
                 10.0000000000                   5.5000000000               41017.3797564562 
                 10.0000000000                   6.0000000000               44822.6282970437 
                 10.0000000000                   6.5000000000               48714.1507390577 
                 10.0000000000                   7.0000000000               52836.6372218531 
                 10.0000000000                   7.5000000000               57162.0940434242 
                 10.0000000000                   8.0000000000               61614.7789367097 
                 10.0000000000                   8.5000000000               66118.9884374626 
                 10.0000000000                   9.0000000000               70638.0894873990 
                 10.0000000000                   9.5000000000               75242.3092118796 
                 10.0000000000                  10.0000000000               80030.3663702537 
                 10.0000000000                  10.5000000000               85196.2283841158 
                 10.0000000000                  11.0000000000               90783.0852787563 
                 10.0000000000                  11.5000000000               96579.4725931242 
                 10.0000000000                  12.0000000000              102452.2099317619 
                 10.0000000000                  12.5000000000              108316.3613050572 
                 10.0000000000                  13.0000000000              114161.0920210222 
                 10.0000000000                  13.5000000000              120098.6915965888 
                 10.0000000000                  14.0000000000              126228.3373203761 
                 10.0000000000                  14.5000000000              132623.4525096698 
                 10.0000000000                  15.0000000000              139391.9931802934 
                 10.0000000000                  15.5000000000              146575.2548599711 
                 10.0000000000                  16.0000000000              154113.5968309543 
                 10.0000000000                  16.5000000000              161964.8060615874 
                 10.0000000000                  17.0000000000              170022.2301092519 
                 10.0000000000                  17.5000000000              178084.6331298690 
                 10.0000000000                  18.0000000000              185986.7132218264 
                 10.0000000000                  18.5000000000              193580.8699797170 
                 10.0000000000                  19.0000000000              200690.6169767322 
                 10.0000000000                  19.5000000000              207231.8050182271 
                 10.0000000000                  20.0000000000              213203.2990175236 
                 10.0000000000                  20.5000000000              218582.4958359036 
                 10.0000000000                  21.0000000000              223324.2326847881 
                 10.0000000000                  21.5000000000              227390.7142758821 
                 10.0000000000                  22.0000000000              230776.5181934524 
                 10.0000000000                  22.5000000000              233472.0613805079 
                 10.0000000000                  23.0000000000              235488.9295565960 
                 10.0000000000                  23.5000000000              236961.9748216732 
                 10.0000000000                  24.0000000000              237931.2114973401 
                 10.0000000000                  24.5000000000              238293.9874043599 
                 10.0000000000                  25.0000000000              237968.4314743671 
                 10.0000000000                  25.5000000000              236945.9433183243 
                 10.0000000000                  26.0000000000              235378.7672416737 
                 10.0000000000                  26.5000000000              233448.8495662503 
                 10.0000000000                  27.0000000000              231347.4528701752 
                 10.0000000000                  27.5000000000              228938.3567186821 
                 10.0000000000                  28.0000000000              225841.6426150931 
                 10.0000000000                  28.5000000000              221940.0972654864 
                 10.0000000000                  29.0000000000              217059.3690230203 
                 10.0000000000                  29.5000000000              211830.1740518739 
                 10.0000000000                  30.0000000000              207330.1918378037 
                 10.0000000000                  30.5000000000              203559.2066161896 
                 10.0000000000                  31.0000000000              200155.1368735029 
                 10.0000000000                  31.5000000000              196827.7662084206 
                 10.0000000000                  32.0000000000              193398.5327608133 
                 10.0000000000                  32.5000000000              189936.9534583296 
                 10.0000000000                  33.0000000000              186587.1610275550 
                 10.0000000000                  33.5000000000              183188.5759056440 
                 10.0000000000                  34.0000000000              178859.6697840112 
                 10.0000000000                  34.5000000000              172997.4058204544 
                 10.0000000000                  35.0000000000              165185.6341659345 
                 10.0000000000                  35.5000000000              155382.5055551069 
                 10.0000000000                  36.0000000000              146931.4287239587 
                 10.0000000000                  36.5000000000              141177.9819930200 
                 10.0000000000                  37.0000000000              136271.0174448280 
                 10.0000000000                  37.5000000000              131762.9561578104 
                 10.0000000000                  38.0000000000              126711.9654776930 
                 10.0000000000                  38.5000000000              120499.1733263249 
                 10.0000000000                  39.0000000000              113349.3086845995 
                 10.0000000000                  39.5000000000              105278.0085755454 
                 10.0000000000                  40.0000000000               97248.9050569383 
                 10.0000000000                  40.5000000000               90467.6665299137 
                 10.0000000000                  41.0000000000               84991.1522616664 
                 10.0000000000                  41.5000000000               80763.1685112982 
                 10.0000000000                  42.0000000000               77333.3571523529 
                 10.0000000000                  42.5000000000               73867.8189760062 
                 10.0000000000                  43.0000000000               70001.6366504333 
                 10.0000000000                  43.5000000000               65442.7775696989 
                 10.0000000000                  44.0000000000               60158.4776420674 
                 10.0000000000                  44.5000000000               54765.7614566869 
                 10.0000000000                  45.0000000000               49550.9654693088 
                 10.0000000000                  45.5000000000               44527.3308442010 
                 10.0000000000                  46.0000000000               39695.8521890472 
                 10.0000000000                  46.5000000000               34702.5967132727 
                 10.0000000000                  47.0000000000               29476.7159076254 
                 10.0000000000                  47.5000000000               24170.0559257123 
                 10.0000000000                  48.0000000000               18794.0302149081 
                 10.0000000000                  48.5000000000               13686.9941601819 
                 10.0000000000                  49.0000000000                9001.8435780883 
                 10.0000000000                  49.5000000000                4504.9776495340 
                 10.0000000000                  50.0000000000                   0.0000000000 
                 10.5000000000                   0.0000000000                   0.0000000000 
                 10.5000000000                   0.5000000000                3706.4768972745 
                 10.5000000000                   1.0000000000                7413.4535706512 
                 10.5000000000                   1.5000000000               11119.4678033114 
                 10.5000000000                   2.0000000000               14832.8801373462 
                 10.5000000000                   2.5000000000               18613.5161330676 
                 10.5000000000                   3.0000000000               22516.4180533176 
                 10.5000000000                   3.5000000000               26532.6904649490 
                 10.5000000000                   4.0000000000               30664.4884098420 
                 10.5000000000                   4.5000000000               34865.6773570249 
                 10.5000000000                   5.0000000000               39058.4983343686 
                 10.5000000000                   5.5000000000               43245.3656339127 
                 10.5000000000                   6.0000000000               47442.0635190076 
                 10.5000000000                   6.5000000000               51719.8273620930 
                 10.5000000000                   7.0000000000               56199.2423278080 
                 10.5000000000                   7.5000000000               60878.1144342787 
                 10.5000000000                   8.0000000000               65700.7743325229 
                 10.5000000000                   8.5000000000               70636.7157013324 
                 10.5000000000                   9.0000000000               75672.9711029792 
                 10.5000000000                   9.5000000000               80829.9527638383 
                 10.5000000000                  10.0000000000               86136.6625844798 
                 10.5000000000                  10.5000000000               91588.4686941564 
                 10.5000000000                  11.0000000000               97137.5901101836 
                 10.5000000000                  11.5000000000              102795.8968005582 
                 10.5000000000                  12.0000000000              108604.4467826451 
                 10.5000000000                  12.5000000000              114564.0166443740 
                 10.5000000000                  13.0000000000              120727.2079155674 
                 10.5000000000                  13.5000000000              127142.7836617195 
                 10.5000000000                  14.0000000000              133815.9050971995 
                 10.5000000000                  14.5000000000              140765.4075177405 
                 10.5000000000                  15.0000000000              148051.7804156952 
                 10.5000000000                  15.5000000000              155702.0493052940 
                 10.5000000000                  16.0000000000              163653.2471716319 
                 10.5000000000                  16.5000000000              171841.3295235466 
                 10.5000000000                  17.0000000000              180119.4935073118 
                 10.5000000000                  17.5000000000              188276.3459154174 
                 10.5000000000                  18.0000000000              196180.3939176740 
                 10.5000000000                  18.5000000000              203721.8397775544 
                 10.5000000000                  19.0000000000              210789.5690514646 
                 10.5000000000                  19.5000000000              217345.4586427440 
                 10.5000000000                  20.0000000000              223381.2420532987 
                 10.5000000000                  20.5000000000              228868.3900569686 
                 10.5000000000                  21.0000000000              233767.3834946045 
                 10.5000000000                  21.5000000000              238040.2200690831 
                 10.5000000000                  22.0000000000              241666.3141040938 
                 10.5000000000                  22.5000000000              244610.6171901503 
                 10.5000000000                  23.0000000000              246831.6571671679 
                 10.5000000000                  23.5000000000              248439.5802208338 
                 10.5000000000                  24.0000000000              249514.0594921843 
                 10.5000000000                  24.5000000000              249989.9682276837 
                 10.5000000000                  25.0000000000              249826.4126988458 
                 10.5000000000                  25.5000000000              248985.6315671825 
                 10.5000000000                  26.0000000000              247527.7460580327 
                 10.5000000000                  26.5000000000              245588.0855799342 
                 10.5000000000                  27.0000000000              243314.1449464704 
                 10.5000000000                  27.5000000000              240561.1590172934 
                 10.5000000000                  28.0000000000              236987.5753861114 
                 10.5000000000                  28.5000000000              232497.6821407475 
                 10.5000000000                  29.0000000000              226933.9057267359 
                 10.5000000000                  29.5000000000              221133.7944065734 
                 10.5000000000                  30.0000000000              216377.1519902424 
                 10.5000000000                  30.5000000000              212618.2858216729 
                 10.5000000000                  31.0000000000              209465.1097765478 
                 10.5000000000                  31.5000000000              206596.3197638709 
                 10.5000000000                  32.0000000000              203672.7158896492 
                 10.5000000000                  32.5000000000              200666.3165600050 
                 10.5000000000                  33.0000000000              197721.7957978509 
                 10.5000000000                  33.5000000000              194672.6226791264 
                 10.5000000000                  34.0000000000              190533.4733566100 
                 10.5000000000                  34.5000000000              184484.4462637759 
                 10.5000000000                  35.0000000000              175288.6752422288 
                 10.5000000000                  35.5000000000              161730.5511875913 
                 10.5000000000                  36.0000000000              150295.9182323166 
                 10.5000000000                  36.5000000000              143976.1410901062 
                 10.5000000000                  37.0000000000              138993.5362530948 
                 10.5000000000                  37.5000000000              134847.2947026510 
                 10.5000000000                  38.0000000000              130317.2083428761 
                 10.5000000000                  38.5000000000              124597.1205963709 
                 10.5000000000                  39.0000000000              117923.2490149978 
                 10.5000000000                  39.5000000000              110371.6541337283 
                 10.5000000000                  40.0000000000              102731.0126064495 
                 10.5000000000                  40.5000000000               95993.6816737762 
                 10.5000000000                  41.0000000000               90293.5787670395 
                 10.5000000000                  41.5000000000               85634.7375139522 
                 10.5000000000                  42.0000000000               81674.3879357012 
                 10.5000000000                  42.5000000000               77756.7885157575 
                 10.5000000000                  43.0000000000               73581.9504483899 
                 10.5000000000                  43.5000000000               68929.8213719056 
                 10.5000000000                  44.0000000000               63743.4450280969 
                 10.5000000000                  44.5000000000               58406.0294475420 
                 10.5000000000                  45.0000000000               53140.6332721731 
                 10.5000000000                  45.5000000000               48086.1556565869 
                 10.5000000000                  46.0000000000               43348.5938263486 
                 10.5000000000                  46.5000000000               38509.1352128688 
                 10.5000000000                  47.0000000000               33369.3753279902 
                 10.5000000000                  47.5000000000               28010.5108348901 
                 10.5000000000                  48.0000000000               22269.9944993599 
                 10.5000000000                  48.5000000000               16569.6664209537 
                 10.5000000000                  49.0000000000               11199.7905751585 
                 10.5000000000                  49.5000000000                5809.1778914336 
                 10.5000000000                  50.0000000000                   0.0000000000 
                 11.0000000000                   0.0000000000                   0.0000000000 
                 11.0000000000                   0.5000000000                3956.4971355001 
                 11.0000000000                   1.0000000000                7875.8269416653 
                 11.0000000000                   1.5000000000               11759.7317794957 
                 11.0000000000                   2.0000000000               15614.6958353709 
                 11.0000000000                   2.5000000000               19520.8308274491 
                 11.0000000000                   3.0000000000               23559.4130231704 
                 11.0000000000                   3.5000000000               27727.4443635545 
                 11.0000000000                   4.0000000000               32030.8771787217 
                 11.0000000000                   4.5000000000               36444.9646565682 
                 11.0000000000                   5.0000000000               40916.2371903243 
                 11.0000000000                   5.5000000000               45446.3688264775 
                 11.0000000000                   6.0000000000               50050.1762800391 
                 11.0000000000                   6.5000000000               54741.5418433212 
                 11.0000000000                   7.0000000000               59573.3634483135 
                 11.0000000000                   7.5000000000               64567.7481613652 
                 11.0000000000                   8.0000000000               69709.3502924063 
                 11.0000000000                   8.5000000000               75012.1857340412 
                 11.0000000000                   9.0000000000               80491.1319443696 
                 11.0000000000                   9.5000000000               86124.1506766941 
                 11.0000000000                  10.0000000000               91870.1570304998 
                 11.0000000000                  10.5000000000               97568.9663734282 
                 11.0000000000                  11.0000000000              103126.1242228752 
                 11.0000000000                  11.5000000000              108728.6397516948 
                 11.0000000000                  12.0000000000              114549.6727059140 
                 11.0000000000                  12.5000000000              120677.3721779347 
                 11.0000000000                  13.0000000000              127209.0726382045 
                 11.0000000000                  13.5000000000              134129.9839566321 
                 11.0000000000                  14.0000000000              141368.0857052440 
                 11.0000000000                  14.5000000000              148886.4406972061 
                 11.0000000000                  15.0000000000              156697.3780670920 
                 11.0000000000                  15.5000000000              164810.1492228167 
                 11.0000000000                  16.0000000000              173149.1106681057 
                 11.0000000000                  16.5000000000              181623.2917662551 
                 11.0000000000                  17.0000000000              190062.5227845874 
                 11.0000000000                  17.5000000000              198264.7329903569 
                 11.0000000000                  18.0000000000              206134.0799122253 
                 11.0000000000                  18.5000000000              213602.1904522525 
                 11.0000000000                  19.0000000000              220613.2878853721 
                 11.0000000000                  19.5000000000              227162.7069578032 
                 11.0000000000                  20.0000000000              233241.6581445732 
                 11.0000000000                  20.5000000000              238821.2437525833 
                 11.0000000000                  21.0000000000              243867.5713491612 
                 11.0000000000                  21.5000000000              248345.9249456281 
                 11.0000000000                  22.0000000000              252226.8241519941 
                 11.0000000000                  22.5000000000              255458.9597104034 
                 11.0000000000                  23.0000000000              257967.3061881950 
                 11.0000000000                  23.5000000000              259823.1704606242 
                 11.0000000000                  24.0000000000              261114.7521892475 
                 11.0000000000                  24.5000000000              261804.6633569038 
                 11.0000000000                  25.0000000000              261871.5288187476 
                 11.0000000000                  25.5000000000              261263.8132119618 
                 11.0000000000                  26.0000000000              259982.5904713270 
                 11.0000000000                  26.5000000000              258115.6851937097 
                 11.0000000000                  27.0000000000              255774.6136289807 
                 11.0000000000                  27.5000000000              252789.3702212897 
                 11.0000000000                  28.0000000000              248817.8844591421 
                 11.0000000000                  28.5000000000              243774.3740582074 
                 11.0000000000                  29.0000000000              237459.2570384514 
                 11.0000000000                  29.5000000000              230987.0031034920 
                 11.0000000000                  30.0000000000              225973.6269065498 
                 11.0000000000                  30.5000000000              222279.0866365039 
                 11.0000000000                  31.0000000000              219390.1499218635 
                 11.0000000000                  31.5000000000              216949.8542882322 
                 11.0000000000                  32.0000000000              214540.0132590900 
                 11.0000000000                  32.5000000000              212051.7544066367 
                 11.0000000000                  33.0000000000              209590.7051756612 
                 11.0000000000                  33.5000000000              206960.4029192022 
                 11.0000000000                  34.0000000000              203092.5496906154 
                 11.0000000000                  34.5000000000              196980.8117594615 
                 11.0000000000                  35.0000000000              186683.0449458375 
                 11.0000000000                  35.5000000000              169933.7784054591 
                 11.0000000000                  36.0000000000              155665.2096959944 
                 11.0000000000                  36.5000000000              148428.4291630982 
                 11.0000000000                  37.0000000000              143026.9610908566 
                 11.0000000000                  37.5000000000              138796.4503818506 
                 11.0000000000                  38.0000000000              134354.5625072472 
                 11.0000000000                  38.5000000000              128806.4880232372 
                 11.0000000000                  39.0000000000              122366.9475479663 
                 11.0000000000                  39.5000000000              115127.3806962330 
                 11.0000000000                  40.0000000000              107736.5018339852 
                 11.0000000000                  40.5000000000              101017.5217485146 
                 11.0000000000                  41.0000000000               95122.0818752573 
                 11.0000000000                  41.5000000000               90085.7012833061 
                 11.0000000000                  42.0000000000               85666.9061519626 
                 11.0000000000                  42.5000000000               81376.9755796180 
                 11.0000000000                  43.0000000000               76986.3369792508 
                 11.0000000000                  43.5000000000               72361.6132185670 
                 11.0000000000                  44.0000000000               67388.5487666618 
                 11.0000000000                  44.5000000000               62154.8736981149 
                 11.0000000000                  45.0000000000               56797.9649346805 
                 11.0000000000                  45.5000000000               51505.6365342645 
                 11.0000000000                  46.0000000000               46448.8488149844 
                 11.0000000000                  46.5000000000               41393.2637841567 
                 11.0000000000                  47.0000000000               36163.0218823496 
                 11.0000000000                  47.5000000000               30742.8586433349 
                 11.0000000000                  48.0000000000               24905.4102623131 
                 11.0000000000                  48.5000000000               18937.1878558086 
                 11.0000000000                  49.0000000000               13061.5986026867 
                 11.0000000000                  49.5000000000                6907.9711613348 
                 11.0000000000                  50.0000000000                   0.0000000000 
                 11.5000000000                   0.0000000000                   0.0000000000 
                 11.5000000000                   0.5000000000                4192.1747126511 
                 11.5000000000                   1.0000000000                8325.2339098103 
                 11.5000000000                   1.5000000000               12400.3499021427 
                 11.5000000000                   2.0000000000               16417.0471762672 
                 11.5000000000                   2.5000000000               20466.5872945671 
                 11.5000000000                   3.0000000000               24651.6328773315 
                 11.5000000000                   3.5000000000               28976.0156404729 
                 11.5000000000                   4.0000000000               33446.7384311796 
                 11.5000000000                   4.5000000000               38053.6966047062 
                 11.5000000000                   5.0000000000               42765.1125199443 
                 11.5000000000                   5.5000000000               47580.3153240051 
                 11.5000000000                   6.0000000000               52507.8319001236 
                 11.5000000000                   6.5000000000               57539.2147908464 
                 11.5000000000                   7.0000000000               62678.5585968480 
                 11.5000000000                   7.5000000000               67943.6216176699 
                 11.5000000000                   8.0000000000               73345.8125828752 
                 11.5000000000                   8.5000000000               78908.6169593590 
                 11.5000000000                   9.0000000000               84648.0876229489 
                 11.5000000000                   9.5000000000               90532.3928932818 
                 11.5000000000                  10.0000000000               96494.8885295225 
                 11.5000000000                  10.5000000000              102411.8408091555 
                 11.5000000000                  11.0000000000              108230.2607481471 
                 11.5000000000                  11.5000000000              114100.4264479240 
                 11.5000000000                  12.0000000000              120205.1436611085 
                 11.5000000000                  12.5000000000              126696.3340281160 
                 11.5000000000                  13.0000000000              133682.1649484351 
                 11.5000000000                  13.5000000000              141115.0794179044 
                 11.5000000000                  14.0000000000              148891.9045251411 
                 11.5000000000                  14.5000000000              156941.7411628651 
                 11.5000000000                  15.0000000000              165250.9910569882 
                 11.5000000000                  15.5000000000              173803.2030969491 
                 11.5000000000                  16.0000000000              182496.3284960004 
                 11.5000000000                  16.5000000000              191217.4152975427 
                 11.5000000000                  17.0000000000              199783.8456225933 
                 11.5000000000                  17.5000000000              208011.8540692406 
                 11.5000000000                  18.0000000000              215843.3385577849 
                 11.5000000000                  18.5000000000              223246.1259368148 
                 11.5000000000                  19.0000000000              230198.0309724229 
                 11.5000000000                  19.5000000000              236720.3882281340 
                 11.5000000000                  20.0000000000              242816.9087033303 
                 11.5000000000                  20.5000000000              248464.8478086301 
                 11.5000000000                  21.0000000000              253639.1904451798 
                 11.5000000000                  21.5000000000              258311.0790540446 
                 11.5000000000                  22.0000000000              262447.4252342264 
                 11.5000000000                  22.5000000000              265991.4494341633 
                 11.5000000000                  23.0000000000              268863.4527113940 
                 11.5000000000                  23.5000000000              271105.6971701565 
                 11.5000000000                  24.0000000000              272782.8690724538 
                 11.5000000000                  24.5000000000              273857.3696753680 
                 11.5000000000                  25.0000000000              274291.2397749338 
                 11.5000000000                  25.5000000000              274002.3148961604 
                 11.5000000000                  26.0000000000              272967.7040260168 
                 11.5000000000                  26.5000000000              271258.7946872162 
                 11.5000000000                  27.0000000000              268973.8544483164 
                 11.5000000000                  27.5000000000              265928.4681171041 
                 11.5000000000                  28.0000000000              261743.0624312974 
                 11.5000000000                  28.5000000000              256289.5884270588 
                 11.5000000000                  29.0000000000              249228.3043829282 
                 11.5000000000                  29.5000000000              241996.2077331078 
                 11.5000000000                  30.0000000000              236698.9504933557 
                 11.5000000000                  30.5000000000              233076.6497145724 
                 11.5000000000                  31.0000000000              230421.7707898380 
                 11.5000000000                  31.5000000000              228313.6288556092 
                 11.5000000000                  32.0000000000              226286.8294713253 
                 11.5000000000                  32.5000000000              224191.3473366557 
                 11.5000000000                  33.0000000000              222094.1143104467 
                 11.5000000000                  33.5000000000              219757.5292688946 
                 11.5000000000                  34.0000000000              216017.7661273639 
                 11.5000000000                  34.5000000000              209702.0691645263 
                 11.5000000000                  35.0000000000              198395.9216845644 
                 11.5000000000                  35.5000000000              179346.2090481302 
                 11.5000000000                  36.0000000000              162927.5583819081 
                 11.5000000000                  36.5000000000              154600.0898901533 
                 11.5000000000                  37.0000000000              148482.5071905464 
                 11.5000000000                  37.5000000000              143821.5176238524 
                 11.5000000000                  38.0000000000              139135.5095356339 
                 11.5000000000                  38.5000000000              133478.3626590017 
                 11.5000000000                  39.0000000000              127053.0487099994 
                 11.5000000000                  39.5000000000              119952.1550760494 
                 11.5000000000                  40.0000000000              112690.2458593747 
                 11.5000000000                  40.5000000000              105928.4479663220 
                 11.5000000000                  41.0000000000               99817.0635368817 
                 11.5000000000                  41.5000000000               94403.7365562439 
                 11.5000000000                  42.0000000000               89548.6010351481 
                 11.5000000000                  42.5000000000               84931.9318421819 
                 11.5000000000                  43.0000000000               80386.7627235459 
                 11.5000000000                  43.5000000000               75866.7879780481 
                 11.5000000000                  44.0000000000               71204.0997486711 
                 11.5000000000                  44.5000000000               66158.9674457961 
                 11.5000000000                  45.0000000000               60724.4106577040 
                 11.5000000000                  45.5000000000               55037.3944703545 
                 11.5000000000                  46.0000000000               49277.4541541511 
                 11.5000000000                  46.5000000000               43591.3498783179 
                 11.5000000000                  47.0000000000               37982.2227924571 
                 11.5000000000                  47.5000000000               32339.8009768830 
                 11.5000000000                  48.0000000000               26467.5201807267 
                 11.5000000000                  48.5000000000               20429.2894123222 
                 11.5000000000                  49.0000000000               14241.0405644769 
                 11.5000000000                  49.5000000000                7574.6918650992 
                 11.5000000000                  50.0000000000                   0.0000000000 
                 12.0000000000                   0.0000000000                   0.0000000000 
                 12.0000000000                   0.5000000000                4405.3883733370 
                 12.0000000000                   1.0000000000                8746.6912535358 
                 12.0000000000                   1.5000000000               13022.2999342567 
                 12.0000000000                   2.0000000000               17221.5595840216 
                 12.0000000000                   2.5000000000               21435.6124787810 
                 12.0000000000                   3.0000000000               25779.5038882080 
                 12.0000000000                   3.5000000000               30263.9765700305 
                 12.0000000000                   4.0000000000               34898.5464674933 
                 12.0000000000                   4.5000000000               39687.3249067830 
                 12.0000000000                   5.0000000000               44615.7412183345 
                 12.0000000000                   5.5000000000               49678.3615421385 
                 12.0000000000                   6.0000000000               54875.5300376642 
                 12.0000000000                   6.5000000000               60179.3686321906 
                 12.0000000000                   7.0000000000               65562.3553094975 
                 12.0000000000                   7.5000000000               71040.0485290212 
                 12.0000000000                   8.0000000000               76637.2529264345 
                 12.0000000000                   8.5000000000               82381.1405317602 
                 12.0000000000                   9.0000000000               88288.2832132435 
                 12.0000000000                   9.5000000000               94331.9827135415 
                 12.0000000000                  10.0000000000              100459.4685046970 
                 12.0000000000                  10.5000000000              106588.8641739170 
                 12.0000000000                  11.0000000000              112716.6764304954 
                 12.0000000000                  11.5000000000              118975.7140241150 
                 12.0000000000                  12.0000000000              125517.0983678485 
                 12.0000000000                  12.5000000000              132517.8012689232 
                 12.0000000000                  13.0000000000              140059.6089235870 
                 12.0000000000                  13.5000000000              148044.7124883998 
                 12.0000000000                  14.0000000000              156367.5466172057 
                 12.0000000000                  14.5000000000              164947.5554218144 
                 12.0000000000                  15.0000000000              173752.9588471548 
                 12.0000000000                  15.5000000000              182744.2216117811 
                 12.0000000000                  16.0000000000              191785.5184575922 
                 12.0000000000                  16.5000000000              200719.9552718055 
                 12.0000000000                  17.0000000000              209366.8173850525 
                 12.0000000000                  17.5000000000              217590.8413519881 
                 12.0000000000                  18.0000000000              225366.3017592497 
                 12.0000000000                  18.5000000000              232685.8620628683 
                 12.0000000000                  19.0000000000              239559.8647640743 
                 12.0000000000                  19.5000000000              246035.6092262151 
                 12.0000000000                  20.0000000000              252130.9692725111 
                 12.0000000000                  20.5000000000              257834.0589645840 
                 12.0000000000                  21.0000000000              263129.1259456937 
                 12.0000000000                  21.5000000000              267992.0736073057 
                 12.0000000000                  22.0000000000              272390.5491328756 
                 12.0000000000                  22.5000000000              276274.4510133610 
                 12.0000000000                  23.0000000000              279577.9247372263 
                 12.0000000000                  23.5000000000              282316.8260776421 
                 12.0000000000                  24.0000000000              284512.7484344359 
                 12.0000000000                  24.5000000000              286106.6299205488 
                 12.0000000000                  25.0000000000              287026.3214936007 
                 12.0000000000                  25.5000000000              287162.1633251150 
                 12.0000000000                  26.0000000000              286482.2087064662 
                 12.0000000000                  26.5000000000              285046.4987670570 
                 12.0000000000                  27.0000000000              282946.2911153517 
                 12.0000000000                  27.5000000000              279999.2452509020 
                 12.0000000000                  28.0000000000              275791.0193069077 
                 12.0000000000                  28.5000000000              270119.1581951422 
                 12.0000000000                  29.0000000000              262360.2160103529 
                 12.0000000000                  29.5000000000              254311.6274312834 
                 12.0000000000                  30.0000000000              248720.4178953597 
                 12.0000000000                  30.5000000000              245150.7907677742 
                 12.0000000000                  31.0000000000              242663.4064208685 
                 12.0000000000                  31.5000000000              240793.2330153458 
                 12.0000000000                  32.0000000000              239045.6632326762 
                 12.0000000000                  32.5000000000              237248.4197523745 
                 12.0000000000                  33.0000000000              235430.1464086300 
                 12.0000000000                  33.5000000000              233317.2785748443 
                 12.0000000000                  34.0000000000              229693.0903832422 
                 12.0000000000                  34.5000000000              223313.4619618840 
                 12.0000000000                  35.0000000000              211416.8422156349 
                 12.0000000000                  35.5000000000              190526.2451582040 
                 12.0000000000                  36.0000000000              172115.8190166774 
                 12.0000000000                  36.5000000000              162488.5089486177 
                 12.0000000000                  37.0000000000              155254.5595903866 
                 12.0000000000                  37.5000000000              149794.0547758078 
                 12.0000000000                  38.0000000000              144543.0560233638 
                 12.0000000000                  38.5000000000              138507.2333617644 
                 12.0000000000                  39.0000000000              131888.0045699593 
                 12.0000000000                  39.5000000000              124774.0336798241 
                 12.0000000000                  40.0000000000              117547.6636997641 
                 12.0000000000                  40.5000000000              110703.8543360249 
                 12.0000000000                  41.0000000000              104375.8974252690 
                 12.0000000000                  41.5000000000               98593.9310395902 
                 12.0000000000                  42.0000000000               93310.2446844129 
                 12.0000000000                  42.5000000000               88383.9869758387 
                 12.0000000000                  43.0000000000               83697.9808441354 
                 12.0000000000                  43.5000000000               79283.3562093718 
                 12.0000000000                  44.0000000000               74942.1923671751 
                 12.0000000000                  44.5000000000               70127.6575258286 
                 12.0000000000                  45.0000000000               64664.3869616678 
                 12.0000000000                  45.5000000000               58506.6677102104 
                 12.0000000000                  46.0000000000               51701.7561882570 
                 12.0000000000                  46.5000000000               45037.8179096282 
                 12.0000000000                  47.0000000000               38897.8072218241 
                 12.0000000000                  47.5000000000               33011.0388445633 
                 12.0000000000                  48.0000000000               27210.0471565694 
                 12.0000000000                  48.5000000000               21256.4838700336 
                 12.0000000000                  49.0000000000               14921.3015416242 
                 12.0000000000                  49.5000000000                7961.8599721020 
                 12.0000000000                  50.0000000000                   0.0000000000 
                 12.5000000000                   0.0000000000                   0.0000000000 
                 12.5000000000                   0.5000000000                4592.6895833864 
                 12.5000000000                   1.0000000000                9130.3995438780 
                 12.5000000000                   1.5000000000               13611.2943869853 
                 12.5000000000                   2.0000000000               18018.1654772117 
                 12.5000000000                   2.5000000000               22425.6425054174 
                 12.5000000000                   3.0000000000               26944.2730698054 
                 12.5000000000                   3.5000000000               31594.9902880629 
                 12.5000000000                   4.0000000000               36393.1557384999 
                 12.5000000000                   4.5000000000               41356.2908610506 
                 12.5000000000                   5.0000000000               46481.7388029507 
                 12.5000000000                   5.5000000000               51756.6719977202 
                 12.5000000000                   6.0000000000               57169.6775560479 
                 12.5000000000                   6.5000000000               62676.8982478384 
                 12.5000000000                   7.0000000000               68236.4076365895 
                 12.5000000000                   7.5000000000               73866.4101815110 
                 12.5000000000                   8.0000000000               79598.2370522506 
                 12.5000000000                   8.5000000000               85456.6463882394 
                 12.5000000000                   9.0000000000               91460.4275982705 
                 12.5000000000                   9.5000000000               97602.6563765202 
                 12.5000000000                  10.0000000000              103856.1254098256 
                 12.5000000000                  10.5000000000              110190.4800562997 
                 12.5000000000                  11.0000000000              116661.9423747263 
                 12.5000000000                  11.5000000000              123390.3251247725 
                 12.5000000000                  12.0000000000              130491.8431994885 
                 12.5000000000                  12.5000000000              138139.0358260489 
                 12.5000000000                  13.0000000000              146325.3846785246 
                 12.5000000000                  13.5000000000              154893.7406381708 
                 12.5000000000                  14.0000000000              163771.8006903658 
                 12.5000000000                  14.5000000000              172891.9517153599 
                 12.5000000000                  15.0000000000              182222.1596947935 
                 12.5000000000                  15.5000000000              191678.7954987919 
                 12.5000000000                  16.0000000000              201060.0814512492 
                 12.5000000000                  16.5000000000              210193.5608979462 
                 12.5000000000                  17.0000000000              218911.7405409678 
                 12.5000000000                  17.5000000000              227100.0874081265 
                 12.5000000000                  18.0000000000              234776.1311820255 
                 12.5000000000                  18.5000000000              241975.2150636528 
                 12.5000000000                  19.0000000000              248743.0122246345 
                 12.5000000000                  19.5000000000              255148.3269508380 
                 12.5000000000                  20.0000000000              261220.7646213736 
                 12.5000000000                  20.5000000000              266957.7691293218 
                 12.5000000000                  21.0000000000              272359.9720321878 
                 12.5000000000                  21.5000000000              277414.7923849367 
                 12.5000000000                  22.0000000000              282082.1321792759 
                 12.5000000000                  22.5000000000              286319.1521657741 
                 12.5000000000                  23.0000000000              290089.7475178624 
                 12.5000000000                  23.5000000000              293377.5874053439 
                 12.5000000000                  24.0000000000              296144.0341523377 
                 12.5000000000                  24.5000000000              298311.9280743785 
                 12.5000000000                  25.0000000000              299796.4175339724 
                 12.5000000000                  25.5000000000              300483.8383209117 
                 12.5000000000                  26.0000000000              300332.4705704360 
                 12.5000000000                  26.5000000000              299374.3467843090 
                 12.5000000000                  27.0000000000              297670.9924892175 
                 12.5000000000                  27.5000000000              295046.6624782134 
                 12.5000000000                  28.0000000000              291075.8335462992 
                 12.5000000000                  28.5000000000              285495.5560561883 
                 12.5000000000                  29.0000000000              277289.5971727733 
                 12.5000000000                  29.5000000000              268470.8920986161 
                 12.5000000000                  30.0000000000              262497.1924355956 
                 12.5000000000                  30.5000000000              258844.2616585451 
                 12.5000000000                  31.0000000000              256350.3973922520 
                 12.5000000000                  31.5000000000              254563.6504050995 
                 12.5000000000                  32.0000000000              252980.4273206620 
                 12.5000000000                  32.5000000000              251382.2340948593 
                 12.5000000000                  33.0000000000              249764.7030674097 
                 12.5000000000                  33.5000000000              247804.5174196757 
                 12.5000000000                  34.0000000000              244261.6272116358 
                 12.5000000000                  34.5000000000              237913.1043998661 
                 12.5000000000                  35.0000000000              226141.1782085142 
                 12.5000000000                  35.5000000000              204686.3238384125 
                 12.5000000000                  36.0000000000              184313.5161612600 
                 12.5000000000                  36.5000000000              172403.0599330172 
                 12.5000000000                  37.0000000000              163381.5552203333 
                 12.5000000000                  37.5000000000              156594.4016478517 
                 12.5000000000                  38.0000000000              150413.8203569861 
                 12.5000000000                  38.5000000000              143746.4290910626 
                 12.5000000000                  39.0000000000              136750.4681821974 
                 12.5000000000                  39.5000000000              129492.8866226580 
                 12.5000000000                  40.0000000000              122228.9181333530 
                 12.5000000000                  40.5000000000              115289.1680560560 
                 12.5000000000                  41.0000000000              108772.5932524928 
                 12.5000000000                  41.5000000000              102674.3757911479 
                 12.5000000000                  42.0000000000               97001.7120977698 
                 12.5000000000                  42.5000000000               91763.7995160043 
                 12.5000000000                  43.0000000000               86893.8290025026 
                 12.5000000000                  43.5000000000               82478.9368118076 
                 12.5000000000                  44.0000000000               78327.8381829639 
                 12.5000000000                  44.5000000000               73681.3184549941 
                 12.5000000000                  45.0000000000               68205.2465512288 
                 12.5000000000                  45.5000000000               61563.8256411144 
                 12.5000000000                  46.0000000000               53498.6233165337 
                 12.5000000000                  46.5000000000               45648.7484714044 
                 12.5000000000                  47.0000000000               38974.1388399950 
                 12.5000000000                  47.5000000000               32931.2616833240 
                 12.5000000000                  48.0000000000               27325.9500646728 
                 12.5000000000                  48.5000000000               21557.4458367330 
                 12.5000000000                  49.0000000000               15168.3146847586 
                 12.5000000000                  49.5000000000                8058.1896352752 
                 12.5000000000                  50.0000000000                   0.0000000000 
                 13.0000000000                   0.0000000000                   0.0000000000 
                 13.0000000000                   0.5000000000                4754.7292281405 
                 13.0000000000                   1.0000000000                9470.9927656104 
                 13.0000000000                   1.5000000000               14148.4575897456 
                 13.0000000000                   2.0000000000               18773.0946965638 
                 13.0000000000                   2.5000000000               23395.9872037639 
                 13.0000000000                   3.0000000000               28105.1562450304 
                 13.0000000000                   3.5000000000               32930.8316863597 
                 13.0000000000                   4.0000000000               37897.2666486302 
                 13.0000000000                   4.5000000000               43033.8650916202 
                 13.0000000000                   5.0000000000               48344.6024754416 
                 13.0000000000                   5.5000000000               53808.8014282872 
                 13.0000000000                   6.0000000000               59403.9831297482 
                 13.0000000000                   6.5000000000               65076.0698237642 
                 13.0000000000                   7.0000000000               70780.9717413388 
                 13.0000000000                   7.5000000000               76540.0865867376 
                 13.0000000000                   8.0000000000               82384.8981751461 
                 13.0000000000                   8.5000000000               88338.0840658095 
                 13.0000000000                   9.0000000000               94426.2738567750 
                 13.0000000000                   9.5000000000              100666.0731959385 
                 13.0000000000                  10.0000000000              107058.6957830446 
                 13.0000000000                  10.5000000000              113618.4532908216 
                 13.0000000000                  11.0000000000              120444.8874888478 
                 13.0000000000                  11.5000000000              127654.1152680663 
                 13.0000000000                  12.0000000000              135342.4113934209 
                 13.0000000000                  12.5000000000              143664.2504374794 
                 13.0000000000                  13.0000000000              152507.8988376164 
                 13.0000000000                  13.5000000000              161655.7742377310 
                 13.0000000000                  14.0000000000              171074.9375740615 
                 13.0000000000                  14.5000000000              180731.5342670034 
                 13.0000000000                  15.0000000000              190575.6622186190 
                 13.0000000000                  15.5000000000              200437.0381512488 
                 13.0000000000                  16.0000000000              210126.4648829797 
                 13.0000000000                  16.5000000000              219468.7241716242 
                 13.0000000000                  17.0000000000              228214.6128546111 
                 13.0000000000                  17.5000000000              236317.9575031952 
                 13.0000000000                  18.0000000000              243899.4224469225 
                 13.0000000000                  18.5000000000              251016.8212319889 
                 13.0000000000                  19.0000000000              257729.9846532262 
                 13.0000000000                  19.5000000000              264115.9069409742 
                 13.0000000000                  20.0000000000              270208.5031882543 
                 13.0000000000                  20.5000000000              276007.0299399138 
                 13.0000000000                  21.0000000000              281534.5241395541 
                 13.0000000000                  21.5000000000              286795.2191981457 
                 13.0000000000                  22.0000000000              291735.2736105623 
                 13.0000000000                  22.5000000000              296306.8429434313 
                 13.0000000000                  23.0000000000              300475.8773201777 
                 13.0000000000                  23.5000000000              304195.5132645968 
                 13.0000000000                  24.0000000000              307407.2547533101 
                 13.0000000000                  24.5000000000              310044.0208195951 
                 13.0000000000                  25.0000000000              312042.0944821471 
                 13.0000000000                  25.5000000000              313297.2288497853 
                 13.0000000000                  26.0000000000              313743.5266348853 
                 13.0000000000                  26.5000000000              313387.0871299819 
                 13.0000000000                  27.0000000000              312246.2654958864 
                 13.0000000000                  27.5000000000              310118.7073129254 
                 13.0000000000                  28.0000000000              306552.0183844137 
                 13.0000000000                  28.5000000000              301209.9781361503 
                 13.0000000000                  29.0000000000              292710.3480980464 
                 13.0000000000                  29.5000000000              283208.9429330536 
                 13.0000000000                  30.0000000000              276771.9401786144 
                 13.0000000000                  30.5000000000              272862.1312223008 
                 13.0000000000                  31.0000000000              270150.6343630311 
                 13.0000000000                  31.5000000000              268193.0899320593 
                 13.0000000000                  32.0000000000              266505.5424350983 
                 13.0000000000                  32.5000000000              264824.4791449496 
                 13.0000000000                  33.0000000000              263147.1226399381 
                 13.0000000000                  33.5000000000              261170.1075270495 
                 13.0000000000                  34.0000000000              257598.8016017473 
                 13.0000000000                  34.5000000000              251149.4670375717 
                 13.0000000000                  35.0000000000              239752.2045669970 
                 13.0000000000                  35.5000000000              219614.1293412088 
                 13.0000000000                  36.0000000000              198650.5570643267 
                 13.0000000000                  36.5000000000              184092.5473219999 
                 13.0000000000                  37.0000000000              172837.9909391697 
                 13.0000000000                  37.5000000000              164209.4098617644 
                 13.0000000000                  38.0000000000              156691.7339866918 
                 13.0000000000                  38.5000000000              149135.7079100211 
                 13.0000000000                  39.0000000000              141582.7081004734 
                 13.0000000000                  39.5000000000              134043.6598772311 
                 13.0000000000                  40.0000000000              126647.5274396424 
                 13.0000000000                  40.5000000000              119575.2841800417 
                 13.0000000000                  41.0000000000              112880.7087477072 
                 13.0000000000                  41.5000000000              106540.3442442418 
                 13.0000000000                  42.0000000000              100572.0168524184 
                 13.0000000000                  42.5000000000               95042.6416710327 
                 13.0000000000                  43.0000000000               89932.0988904428 
                 13.0000000000                  43.5000000000               85346.8629846337 
                 13.0000000000                  44.0000000000               81093.9450225830 
                 13.0000000000                  44.5000000000               76337.6809537313 
                 13.0000000000                  45.0000000000               70624.7712264037 
                 13.0000000000                  45.5000000000               63372.1332887617 
                 13.0000000000                  46.0000000000               54266.5842181070 
                 13.0000000000                  46.5000000000               45602.4320005988 
                 13.0000000000                  47.0000000000               38648.5546638354 
                 13.0000000000                  47.5000000000               32625.9245156839 
                 13.0000000000                  48.0000000000               27236.8249948541 
                 13.0000000000                  48.5000000000               21617.8694677424 
                 13.0000000000                  49.0000000000               15192.2715060698 
                 13.0000000000                  49.5000000000                7992.2684018051 
                 13.0000000000                  50.0000000000                   0.0000000000 
                 13.5000000000                   0.0000000000                   0.0000000000 
                 13.5000000000                   0.5000000000                4896.5548240638 
                 13.5000000000                   1.0000000000                9772.3258090234 
                 13.5000000000                   1.5000000000               14629.2242892510 
                 13.5000000000                   2.0000000000               19462.9311528691 
                 13.5000000000                   2.5000000000               24306.3353042209 
                 13.5000000000                   3.0000000000               29217.4660472266 
                 13.5000000000                   3.5000000000               34228.4177043340 
                 13.5000000000                   4.0000000000               39372.6263508185 
                 13.5000000000                   4.5000000000               44688.0614844032 
                 13.5000000000                   5.0000000000               50179.7557870034 
                 13.5000000000                   5.5000000000               55821.5522378588 
                 13.5000000000                   6.0000000000               61584.9984026598 
                 13.5000000000                   6.5000000000               67415.6347176420 
                 13.5000000000                   7.0000000000               73274.1265523739 
                 13.5000000000                   7.5000000000               79178.7086137713 
                 13.5000000000                   8.0000000000               85154.6559874470 
                 13.5000000000                   8.5000000000               91225.1307772670 
                 13.5000000000                   9.0000000000               97429.2053997535 
                 13.5000000000                   9.5000000000              103805.7925764965 
                 13.5000000000                  10.0000000000              110383.1939206852 
                 13.5000000000                  10.5000000000              117205.0841385618 
                 13.5000000000                  11.0000000000              124389.2308843750 
                 13.5000000000                  11.5000000000              132049.6359731268 
                 13.5000000000                  12.0000000000              140270.7453168962 
                 13.5000000000                  12.5000000000              149197.5800768342 
                 13.5000000000                  13.0000000000              158636.6458725893 
                 13.5000000000                  13.5000000000              168309.7585584192 
                 13.5000000000                  14.0000000000              178220.8984009659 
                 13.5000000000                  14.5000000000              188372.8018065389 
                 13.5000000000                  15.0000000000              198644.5543700214 
                 13.5000000000                  15.5000000000              208846.8357059003 
                 13.5000000000                  16.0000000000              218820.2476979742 
                 13.5000000000                  16.5000000000              228209.9012623947 
                 13.5000000000                  17.0000000000              236822.8320179913 
                 13.5000000000                  17.5000000000              244857.7698329083 
                 13.5000000000                  18.0000000000              252441.0172615806 
                 13.5000000000                  18.5000000000              259590.6564736126 
                 13.5000000000                  19.0000000000              266366.1805183743 
                 13.5000000000                  19.5000000000              272845.8608232973 
                 13.5000000000                  20.0000000000              279059.4981570815 
                 13.5000000000                  20.5000000000              285005.6243033059 
                 13.5000000000                  21.0000000000              290721.9548309782 
                 13.5000000000                  21.5000000000              296215.2914712400 
                 13.5000000000                  22.0000000000              301423.5696572686 
                 13.5000000000                  22.5000000000              306286.2779622729 
                 13.5000000000                  23.0000000000              310744.8137008586 
                 13.5000000000                  23.5000000000              314738.5185049187 
                 13.5000000000                  24.0000000000              318231.1299650283 
                 13.5000000000                  24.5000000000              321183.7972619603 
                 13.5000000000                  25.0000000000              323560.9117234368 
                 13.5000000000                  25.5000000000              325268.8015468540 
                 13.5000000000                  26.0000000000              326220.3201692380 
                 13.5000000000                  26.5000000000              326403.1055627780 
                 13.5000000000                  27.0000000000              325804.5857474752 
                 13.5000000000                  27.5000000000              324185.6554010547 
                 13.5000000000                  28.0000000000              321045.5116073813 
                 13.5000000000                  28.5000000000              315946.9182869840 
                 13.5000000000                  29.0000000000              307186.0911803442 
                 13.5000000000                  29.5000000000              297082.8609344178 
                 13.5000000000                  30.0000000000              290181.6074874885 
                 13.5000000000                  30.5000000000              285890.2344041683 
                 13.5000000000                  31.0000000000              282758.8745577440 
                 13.5000000000                  31.5000000000              280325.7248474025 
                 13.5000000000                  32.0000000000              278160.0496671383 
                 13.5000000000                  32.5000000000              276045.9061189868 
                 13.5000000000                  33.0000000000              273985.7401078891 
                 13.5000000000                  33.5000000000              271755.2311030692 
                 13.5000000000                  34.0000000000              268097.8035823361 
                 13.5000000000                  34.5000000000              261647.6697171502 
                 13.5000000000                  35.0000000000              250701.9838771606 
                 13.5000000000                  35.5000000000              232608.4356315013 
                 13.5000000000                  36.0000000000              212630.8209047232 
                 13.5000000000                  36.5000000000              196501.0333977328 
                 13.5000000000                  37.0000000000              183213.3773128160 
                 13.5000000000                  37.5000000000              172514.6740776722 
                 13.5000000000                  38.0000000000              163331.8299309877 
                 13.5000000000                  38.5000000000              154663.6897133500 
                 13.5000000000                  39.0000000000              146393.6607386073 
                 13.5000000000                  39.5000000000              138448.5299817768 
                 13.5000000000                  40.0000000000              130822.2672966347 
                 13.5000000000                  40.5000000000              123556.4531741005 
                 13.5000000000                  41.0000000000              116665.8268655862 
                 13.5000000000                  41.5000000000              110123.9399584148 
                 13.5000000000                  42.0000000000              103933.5154681902 
                 13.5000000000                  42.5000000000               98142.4613593721 
                 13.5000000000                  43.0000000000               92746.0106038772 
                 13.5000000000                  43.5000000000               87846.4887739532 
                 13.5000000000                  44.0000000000               83235.8934477580 
                 13.5000000000                  44.5000000000               78085.2637133915 
                 13.5000000000                  45.0000000000               71897.7722664820 
                 13.5000000000                  45.5000000000               63998.6170177972 
                 13.5000000000                  46.0000000000               54318.5775107281 
                 13.5000000000                  46.5000000000               45440.6212004390 
                 13.5000000000                  47.0000000000               38521.8268529352 
                 13.5000000000                  47.5000000000               32633.9305673804 
                 13.5000000000                  48.0000000000               27395.8170192759 
                 13.5000000000                  48.5000000000               21833.3500980967 
                 13.5000000000                  49.0000000000               15338.3163352033 
                 13.5000000000                  49.5000000000                8022.6962137197 
                 13.5000000000                  50.0000000000                   0.0000000000 
                 14.0000000000                   0.0000000000                   0.0000000000 
                 14.0000000000                   0.5000000000                5023.1828847755 
                 14.0000000000                   1.0000000000               10043.5629291921 
                 14.0000000000                   1.5000000000               15066.7717763346 
                 14.0000000000                   2.0000000000               20101.0058705252 
                 14.0000000000                   2.5000000000               25165.2356313837 
                 14.0000000000                   3.0000000000               30286.6398446545 
                 14.0000000000                   3.5000000000               35492.9464373585 
                 14.0000000000                   4.0000000000               40824.7786846109 
                 14.0000000000                   4.5000000000               46323.9718950401 
                 14.0000000000                   5.0000000000               51989.0156882362 
                 14.0000000000                   5.5000000000               57793.3211129607 
                 14.0000000000                   6.0000000000               63712.7222230014 
                 14.0000000000                   6.5000000000               69700.1777374906 
                 14.0000000000                   7.0000000000               75726.3498906473 
                 14.0000000000                   7.5000000000               81799.8954820455 
                 14.0000000000                   8.0000000000               87930.0713866395 
                 14.0000000000                   8.5000000000               94138.4789775041 
                 14.0000000000                   9.0000000000              100478.7144668928 
                 14.0000000000                   9.5000000000              107015.4805222592 
                 14.0000000000                  10.0000000000              113806.3057870116 
                 14.0000000000                  10.5000000000              120920.3268748650 
                 14.0000000000                  11.0000000000              128479.2612278285 
                 14.0000000000                  11.5000000000              136581.1062363694 
                 14.0000000000                  12.0000000000              145290.8687472087 
                 14.0000000000                  12.5000000000              154750.4405161105 
                 14.0000000000                  13.0000000000              164691.3688627270 
                 14.0000000000                  13.5000000000              174788.9912828556 
                 14.0000000000                  14.0000000000              185115.5045687041 
                 14.0000000000                  14.5000000000              195688.3389965548 
                 14.0000000000                  15.0000000000              206352.8098487128 
                 14.0000000000                  15.5000000000              216906.3095688757 
                 14.0000000000                  16.0000000000              226976.9592768367 
                 14.0000000000                  16.5000000000              236168.1490536320 
                 14.0000000000                  17.0000000000              244656.7691460713 
                 14.0000000000                  17.5000000000              252732.2850136240 
                 14.0000000000                  18.0000000000              260403.1455273991 
                 14.0000000000                  18.5000000000              267669.9353926334 
                 14.0000000000                  19.0000000000              274591.3473052989 
                 14.0000000000                  19.5000000000              281245.4641345087 
                 14.0000000000                  20.0000000000              287655.4207785733 
                 14.0000000000                  20.5000000000              293824.1869873957 
                 14.0000000000                  21.0000000000              299787.9328021329 
                 14.0000000000                  21.5000000000              305540.1882515420 
                 14.0000000000                  22.0000000000              311010.9092365176 
                 14.0000000000                  22.5000000000              316128.2484457400 
                 14.0000000000                  23.0000000000              320817.1277388659 
                 14.0000000000                  23.5000000000              325008.7789160547 
                 14.0000000000                  24.0000000000              328686.4199434557 
                 14.0000000000                  24.5000000000              331851.3404213596 
                 14.0000000000                  25.0000000000              334497.8544156455 
                 14.0000000000                  25.5000000000              336547.8641189154 
                 14.0000000000                  26.0000000000              337906.3702945223 
                 14.0000000000                  26.5000000000              338536.6470258484 
                 14.0000000000                  27.0000000000              338400.3988093792 
                 14.0000000000                  27.5000000000              337242.6074190775 
                 14.0000000000                  28.0000000000              334534.3973513980 
                 14.0000000000                  28.5000000000              329768.9663153298 
                 14.0000000000                  29.0000000000              320916.6733964689 
                 14.0000000000                  29.5000000000              310355.4954788529 
                 14.0000000000                  30.0000000000              302976.9216117405 
                 14.0000000000                  30.5000000000              298133.0072504744 
                 14.0000000000                  31.0000000000              294342.6785611972 
                 14.0000000000                  31.5000000000              291198.8951614961 
                 14.0000000000                  32.0000000000              288330.8072625955 
                 14.0000000000                  32.5000000000              285611.8806420154 
                 14.0000000000                  33.0000000000              283061.9940297388 
                 14.0000000000                  33.5000000000              280441.1832919078 
                 14.0000000000                  34.0000000000              276610.6875043423 
                 14.0000000000                  34.5000000000              270354.0373601785 
                 14.0000000000                  35.0000000000              260248.0926798442 
                 14.0000000000                  35.5000000000              244115.0324939027 
                 14.0000000000                  36.0000000000              225416.9607816520 
                 14.0000000000                  36.5000000000              208675.8205099718 
                 14.0000000000                  37.0000000000              193877.9211780818 
                 14.0000000000                  37.5000000000              181129.0070214922 
                 14.0000000000                  38.0000000000              170107.3682433488 
                 14.0000000000                  38.5000000000              160215.5907074735 
                 14.0000000000                  39.0000000000              151136.8213390824 
                 14.0000000000                  39.5000000000              142712.3779123675 
                 14.0000000000                  40.0000000000              134797.0050604824 
                 14.0000000000                  40.5000000000              127297.9205339837 
                 14.0000000000                  41.0000000000              120204.4307602579 
                 14.0000000000                  41.5000000000              113484.1779103435 
                 14.0000000000                  42.0000000000              107102.4269953975 
                 14.0000000000                  42.5000000000              101055.4605424599 
                 14.0000000000                  43.0000000000               95326.1837762502 
                 14.0000000000                  43.5000000000               90007.6720198348 
                 14.0000000000                  44.0000000000               84904.0976590353 
                 14.0000000000                  44.5000000000               79250.0461974346 
                 14.0000000000                  45.0000000000               72590.6409830705 
                 14.0000000000                  45.5000000000               64265.6871928141 
                 14.0000000000                  46.0000000000               54403.9821687216 
                 14.0000000000                  46.5000000000               45643.4868927356 
                 14.0000000000                  47.0000000000               38907.4879025760 
                 14.0000000000                  47.5000000000               33167.5798417731 
                 14.0000000000                  48.0000000000               28025.2357638096 
                 14.0000000000                  48.5000000000               22452.0302186867 
                 14.0000000000                  49.0000000000               15817.2471032938 
                 14.0000000000                  49.5000000000                8268.5639016690 
                 14.0000000000                  50.0000000000                   0.0000000000 
                 14.5000000000                   0.0000000000                   0.0000000000 
                 14.5000000000                   0.5000000000                5138.0420582073 
                 14.5000000000                   1.0000000000               10291.3497527885 
                 14.5000000000                   1.5000000000               15470.3202807918 
                 14.5000000000                   2.0000000000               20698.5086019960 
                 14.5000000000                   2.5000000000               25986.0849432205 
                 14.5000000000                   3.0000000000               31330.3102998767 
                 14.5000000000                   3.5000000000               36750.2934916838 
                 14.5000000000                   4.0000000000               42286.3676999023 
                 14.5000000000                   4.5000000000               47964.1599890676 
                 14.5000000000                   5.0000000000               53772.5362897244 
                 14.5000000000                   5.5000000000               59704.6931535501 
                 14.5000000000                   6.0000000000               65757.9966017793 
                 14.5000000000                   6.5000000000               71915.4983324662 
                 14.5000000000                   7.0000000000               78152.4919789070 
                 14.5000000000                   7.5000000000               84443.6464036744 
                 14.5000000000                   8.0000000000               90771.6735943714 
                 14.5000000000                   8.5000000000               97139.2558651390 
                 14.5000000000                   9.0000000000              103619.5572823422 
                 14.5000000000                   9.5000000000              110324.3084018674 
                 14.5000000000                  10.0000000000              117347.0242225973 
                 14.5000000000                  10.5000000000              124794.8071586108 
                 14.5000000000                  11.0000000000              132778.9070825195 
                 14.5000000000                  11.5000000000              141344.9522387425 
                 14.5000000000                  12.0000000000              150518.6380568800 
                 14.5000000000                  12.5000000000              160391.5235802807 
                 14.5000000000                  13.0000000000              170632.9506099582 
                 14.5000000000                  13.5000000000              180972.9613723065 
                 14.5000000000                  14.0000000000              191575.8111957197 
                 14.5000000000                  14.5000000000              202498.0718656593 
                 14.5000000000                  15.0000000000              213587.7349779703 
                 14.5000000000                  15.5000000000              224366.0900994405 
                 14.5000000000                  16.0000000000              234295.3856381259 
                 14.5000000000                  16.5000000000              243346.2972652068 
                 14.5000000000                  17.0000000000              251889.2159680054 
                 14.5000000000                  17.5000000000              260075.4444663879 
                 14.5000000000                  18.0000000000              267889.1515003712 
                 14.5000000000                  18.5000000000              275338.2069049955 
                 14.5000000000                  19.0000000000              282467.2835045664 
                 14.5000000000                  19.5000000000              289350.1555127110 
                 14.5000000000                  20.0000000000              296016.3314889933 
                 14.5000000000                  20.5000000000              302472.0348343746 
                 14.5000000000                  21.0000000000              308733.7610259850 
                 14.5000000000                  21.5000000000              314775.2762945669 
                 14.5000000000                  22.0000000000              320520.3073638651 
                 14.5000000000                  22.5000000000              325891.2408340286 
                 14.5000000000                  23.0000000000              330772.7749783628 
                 14.5000000000                  23.5000000000              335067.3225940303 
                 14.5000000000                  24.0000000000              338806.4382498937 
                 14.5000000000                  24.5000000000              342053.2773603282 
                 14.5000000000                  25.0000000000              344850.7784235380 
                 14.5000000000                  25.5000000000              347163.7165266665 
                 14.5000000000                  26.0000000000              348875.1383432531 
                 14.5000000000                  26.5000000000              349904.2915240517 
                 14.5000000000                  27.0000000000              350189.6191119538 
                 14.5000000000                  27.5000000000              349471.9694548053 
                 14.5000000000                  28.0000000000              347220.1388660168 
                 14.5000000000                  28.5000000000              342910.0482278031 
                 14.5000000000                  29.0000000000              334340.4673855537 
                 14.5000000000                  29.5000000000              323532.0589537020 
                 14.5000000000                  30.0000000000              315442.2713651909 
                 14.5000000000                  30.5000000000              309752.6199720216 
                 14.5000000000                  31.0000000000              305074.8014523159 
                 14.5000000000                  31.5000000000              301065.7944937146 
                 14.5000000000                  32.0000000000              297396.7215041615 
                 14.5000000000                  32.5000000000              293977.4856587186 
                 14.5000000000                  33.0000000000              290893.6867975435 
                 14.5000000000                  33.5000000000              287858.5549380546 
                 14.5000000000                  34.0000000000              283712.4667139498 
                 14.5000000000                  34.5000000000              277481.9002556046 
                 14.5000000000                  35.0000000000              268150.4881812942 
                 14.5000000000                  35.5000000000              253845.8385587303 
                 14.5000000000                  36.0000000000              236583.0613819704 
                 14.5000000000                  36.5000000000              219861.4951146954 
                 14.5000000000                  37.0000000000              204215.6889746382 
                 14.5000000000                  37.5000000000              189749.0077746222 
                 14.5000000000                  38.0000000000              176905.2048953686 
                 14.5000000000                  38.5000000000              165765.4337820104 
                 14.5000000000                  39.0000000000              155830.2956785483 
                 14.5000000000                  39.5000000000              146864.6962636394 
                 14.5000000000                  40.0000000000              138604.6822423037 
                 14.5000000000                  40.5000000000              130841.7524702209 
                 14.5000000000                  41.0000000000              123546.3734312894 
                 14.5000000000                  41.5000000000              116683.5810636680 
                 14.5000000000                  42.0000000000              110152.3584563053 
                 14.5000000000                  42.5000000000              103854.0179592356 
                 14.5000000000                  43.0000000000               97749.4004519889 
                 14.5000000000                  43.5000000000               91916.8155298575 
                 14.5000000000                  44.0000000000               86205.8022445181 
                 14.5000000000                  44.5000000000               80008.4018092036 
                 14.5000000000                  45.0000000000               72976.4448262156 
                 14.5000000000                  45.5000000000               64564.2557306642 
                 14.5000000000                  46.0000000000               54991.6438937159 
                 14.5000000000                  46.5000000000               46580.5353755475 
                 14.5000000000                  47.0000000000               40015.7002573540 
                 14.5000000000                  47.5000000000               34362.0895781055 
                 14.5000000000                  48.0000000000               29246.6672429894 
                 14.5000000000                  48.5000000000               23603.3238466682 
                 14.5000000000                  49.0000000000               16750.1975383357 
                 14.5000000000                  49.5000000000                8810.7533340597 
                 14.5000000000                  50.0000000000                   0.0000000000 
                 15.0000000000                   0.0000000000                   0.0000000000 
                 15.0000000000                   0.5000000000                5248.3801201798 
                 15.0000000000                   1.0000000000               10529.8849660024 
                 15.0000000000                   1.5000000000               15859.8704390466 
                 15.0000000000                   2.0000000000               21278.2097039836 
                 15.0000000000                   2.5000000000               26788.0670953347 
                 15.0000000000                   3.0000000000               32356.8790047714 
                 15.0000000000                   3.5000000000               37993.6010433913 
                 15.0000000000                   4.0000000000               43729.9686480753 
                 15.0000000000                   4.5000000000               49567.6705201242 
                 15.0000000000                   5.0000000000               55495.1575908377 
                 15.0000000000                   5.5000000000               61534.3055374077 
                 15.0000000000                   6.0000000000               67717.9363381771 
                 15.0000000000                   6.5000000000               74061.5596809594 
                 15.0000000000                   7.0000000000               80512.5500179456 
                 15.0000000000                   7.5000000000               87004.7051009761 
                 15.0000000000                   8.0000000000               93505.0255600600 
                 15.0000000000                   8.5000000000              100004.4912380095 
                 15.0000000000                   9.0000000000              106619.3251954015 
                 15.0000000000                   9.5000000000              113510.0692929051 
                 15.0000000000                  10.0000000000              120799.5606691520 
                 15.0000000000                  10.5000000000              128645.8163507469 
                 15.0000000000                  11.0000000000              137110.5715176701 
                 15.0000000000                  11.5000000000              146142.7981322177 
                 15.0000000000                  12.0000000000              155722.9346819449 
                 15.0000000000                  12.5000000000              165843.1258730230 
                 15.0000000000                  13.0000000000              176210.3722491324 
                 15.0000000000                  13.5000000000              186713.2910666706 
                 15.0000000000                  14.0000000000              197557.6106998487 
                 15.0000000000                  14.5000000000              208926.1455410828 
                 15.0000000000                  15.0000000000              220496.6726820398 
                 15.0000000000                  15.5000000000              231365.4818046302 
                 15.0000000000                  16.0000000000              241216.6269859937 
                 15.0000000000                  16.5000000000              250333.2172402764 
                 15.0000000000                  17.0000000000              258971.1337143628 
                 15.0000000000                  17.5000000000              267264.0081980458 
                 15.0000000000                  18.0000000000              275249.2921718574 
                 15.0000000000                  18.5000000000              282911.4081426437 
                 15.0000000000                  19.0000000000              290266.4497271954 
                 15.0000000000                  19.5000000000              297388.2109293555 
                 15.0000000000                  20.0000000000              304319.3597710956 
                 15.0000000000                  20.5000000000              311057.7687427417 
                 15.0000000000                  21.0000000000              317603.7692468379 
                 15.0000000000                  21.5000000000              323909.4583836112 
                 15.0000000000                  22.0000000000              329894.9186528889 
                 15.0000000000                  22.5000000000              335480.4258737079 
                 15.0000000000                  23.0000000000              340511.4962672514 
                 15.0000000000                  23.5000000000              344870.8667334564 
                 15.0000000000                  24.0000000000              348640.4345394773 
                 15.0000000000                  24.5000000000              351926.9326530151 
                 15.0000000000                  25.0000000000              354811.1183256903 
                 15.0000000000                  25.5000000000              357303.0905704333 
                 15.0000000000                  26.0000000000              359265.8625139997 
                 15.0000000000                  26.5000000000              360575.4592001601 
                 15.0000000000                  27.0000000000              361152.8298146534 
                 15.0000000000                  27.5000000000              360735.2140935481 
                 15.0000000000                  28.0000000000              358800.9929597366 
                 15.0000000000                  28.5000000000              354807.0038026777 
                 15.0000000000                  29.0000000000              346814.3330629522 
                 15.0000000000                  29.5000000000              336278.9806271172 
                 15.0000000000                  30.0000000000              327582.4053487529 
                 15.0000000000                  30.5000000000              320981.4610931628 
                 15.0000000000                  31.0000000000              315393.4028619444 
                 15.0000000000                  31.5000000000              310507.1842236596 
                 15.0000000000                  32.0000000000              306034.9866538508 
                 15.0000000000                  32.5000000000              301883.7704711856 
                 15.0000000000                  33.0000000000              298186.8291041306 
                 15.0000000000                  33.5000000000              294713.0666096365 
                 15.0000000000                  34.0000000000              290225.1057349396 
                 15.0000000000                  34.5000000000              283808.0397197540 
                 15.0000000000                  35.0000000000              274834.5084783979 
                 15.0000000000                  35.5000000000              261850.6656072634 
                 15.0000000000                  36.0000000000              245941.0085512901 
                 15.0000000000                  36.5000000000              229551.1198223852 
                 15.0000000000                  37.0000000000              213437.3252547583 
                 15.0000000000                  37.5000000000              197731.6426435260 
                 15.0000000000                  38.0000000000              183372.7668571940 
                 15.0000000000                  38.5000000000              171090.9533979581 
                 15.0000000000                  39.0000000000              160327.7148768293 
                 15.0000000000                  39.5000000000              150779.2745692226 
                 15.0000000000                  40.0000000000              142113.3054260657 
                 15.0000000000                  40.5000000000              134056.9501202176 
                 15.0000000000                  41.0000000000              126561.8348682909 
                 15.0000000000                  41.5000000000              119605.6758283474 
                 15.0000000000                  42.0000000000              113000.2706707978 
                 15.0000000000                  42.5000000000              106493.9995212329 
                 15.0000000000                  43.0000000000              100020.4291303173 
                 15.0000000000                  43.5000000000               93618.2666795711 
                 15.0000000000                  44.0000000000               87206.2426306892 
                 15.0000000000                  44.5000000000               80475.0115948046 
                 15.0000000000                  45.0000000000               73217.4160634269 
                 15.0000000000                  45.5000000000               65081.0885751601 
                 15.0000000000                  46.0000000000               56278.2255247000 
                 15.0000000000                  46.5000000000               48400.5047579455 
                 15.0000000000                  47.0000000000               41947.0733304153 
                 15.0000000000                  47.5000000000               36320.5540260334 
                 15.0000000000                  48.0000000000               31202.6444622686 
                 15.0000000000                  48.5000000000               25488.4085017344 
                 15.0000000000                  49.0000000000               18377.6523053460 
                 15.0000000000                  49.5000000000                9869.6040990527 
                 15.0000000000                  50.0000000000                   0.0000000000 
                 15.5000000000                   0.0000000000                   0.0000000000 
                 15.5000000000                   0.5000000000                5362.4990832953 
                 15.5000000000                   1.0000000000               10775.6537665059 
                 15.5000000000                   1.5000000000               16258.8355267494 
                 15.5000000000                   2.0000000000               21866.4710734000 
                 15.5000000000                   2.5000000000               27591.4130790544 
                 15.5000000000                   3.0000000000               33369.6190992740 
                 15.5000000000                   3.5000000000               39200.2864076425 
                 15.5000000000                   4.0000000000               45106.5498126607 
                 15.5000000000                   4.5000000000               51083.3746406358 
                 15.5000000000                   5.0000000000               57129.2693274774 
                 15.5000000000                   5.5000000000               63281.1524550330 
                 15.5000000000                   6.0000000000               69605.9864098645 
                 15.5000000000                   6.5000000000               76119.7221445160 
                 15.5000000000                   7.0000000000               82711.4372072117 
                 15.5000000000                   7.5000000000               89304.7760936897 
                 15.5000000000                   8.0000000000               95881.7653275848 
                 15.5000000000                   8.5000000000              102453.3879975156 
                 15.5000000000                   9.0000000000              109195.2665122433 
                 15.5000000000                   9.5000000000              116293.9353023622 
                 15.5000000000                  10.0000000000              123890.5752792100 
                 15.5000000000                  10.5000000000              132194.1704371850 
                 15.5000000000                  11.0000000000              141162.8403029356 
                 15.5000000000                  11.5000000000              150619.2468384815 
                 15.5000000000                  12.0000000000              160518.2652506347 
                 15.5000000000                  12.5000000000              170780.2958804452 
                 15.5000000000                  13.0000000000              181261.4897905269 
                 15.5000000000                  13.5000000000              192010.7675299703 
                 15.5000000000                  14.0000000000              203235.4324352165 
                 15.5000000000                  14.5000000000              215266.2948054340 
                 15.5000000000                  15.0000000000              227392.4565471575 
                 15.5000000000                  15.5000000000              238394.6899121341 
                 15.5000000000                  16.0000000000              248332.1498987427 
                 15.5000000000                  16.5000000000              257557.7954915972 
                 15.5000000000                  17.0000000000              266260.8284764417 
                 15.5000000000                  17.5000000000              274668.0464379581 
                 15.5000000000                  18.0000000000              282842.3372997130 
                 15.5000000000                  18.5000000000              290720.4766102817 
                 15.5000000000                  19.0000000000              298285.8603797039 
                 15.5000000000                  19.5000000000              305623.9823625064 
                 15.5000000000                  20.0000000000              312771.1200319843 
                 15.5000000000                  20.5000000000              319717.0199404364 
                 15.5000000000                  21.0000000000              326454.9817563934 
                 15.5000000000                  21.5000000000              332916.9013961312 
                 15.5000000000                  22.0000000000              339031.2174118743 
                 15.5000000000                  22.5000000000              344726.1702817060 
                 15.5000000000                  23.0000000000              349858.9358507273 
                 15.5000000000                  23.5000000000              354330.7875583488 
                 15.5000000000                  24.0000000000              358220.4123529348 
                 15.5000000000                  24.5000000000              361619.0165319856 
                 15.5000000000                  25.0000000000              364601.6048686425 
                 15.5000000000                  25.5000000000              367189.8090890988 
                 15.5000000000                  26.0000000000              369250.5345770728 
                 15.5000000000                  26.5000000000              370645.1183561547 
                 15.5000000000                  27.0000000000              371288.6804250315 
                 15.5000000000                  27.5000000000              370922.6398577348 
                 15.5000000000                  28.0000000000              369045.4277471555 
                 15.5000000000                  28.5000000000              365121.1776936533 
                 15.5000000000                  29.0000000000              357697.8661650916 
                 15.5000000000                  29.5000000000              347882.5783986069 
                 15.5000000000                  30.0000000000              339097.9571086207 
                 15.5000000000                  30.5000000000              331868.8306996514 
                 15.5000000000                  31.0000000000              325548.5771976896 
                 15.5000000000                  31.5000000000              319902.8085812951 
                 15.5000000000                  32.0000000000              314693.6713649675 
                 15.5000000000                  32.5000000000              309850.5277037675 
                 15.5000000000                  33.0000000000              305500.9684337644 
                 15.5000000000                  33.5000000000              301495.2081028816 
                 15.5000000000                  34.0000000000              296638.9739037221 
                 15.5000000000                  34.5000000000              289951.9471774929 
                 15.5000000000                  35.0000000000              280971.1313820681 
                 15.5000000000                  35.5000000000              268681.4170132651 
                 15.5000000000                  36.0000000000              253795.4126156369 
                 15.5000000000                  36.5000000000              237803.5336702480 
                 15.5000000000                  37.0000000000              221303.3816447122 
                 15.5000000000                  37.5000000000              204639.2635053149 
                 15.5000000000                  38.0000000000              189148.3820157819 
                 15.5000000000                  38.5000000000              175940.8823851781 
                 15.5000000000                  39.0000000000              164445.5261674433 
                 15.5000000000                  39.5000000000              154317.1327931789 
                 15.5000000000                  40.0000000000              145203.6879111921 
                 15.5000000000                  40.5000000000              136825.4606353850 
                 15.5000000000                  41.0000000000              129125.8891852496 
                 15.5000000000                  41.5000000000              122102.7501033401 
                 15.5000000000                  42.0000000000              115481.2885477709 
                 15.5000000000                  42.5000000000              108835.6710284888 
                 15.5000000000                  43.0000000000              102057.8936970743 
                 15.5000000000                  43.5000000000               95119.7163616070 
                 15.5000000000                  44.0000000000               88024.9519241526 
                 15.5000000000                  44.5000000000               80848.8181419101 
                 15.5000000000                  45.0000000000               73534.5937237089 
                 15.5000000000                  45.5000000000               65864.7832020323 
                 15.5000000000                  46.0000000000               57984.4553752413 
                 15.5000000000                  46.5000000000               50737.1223595814 
                 15.5000000000                  47.0000000000               44452.1284410243 
                 15.5000000000                  47.5000000000               38886.7251916715 
                 15.5000000000                  48.0000000000               33814.0711592131 
                 15.5000000000                  48.5000000000               28098.5102777054 
                 15.5000000000                  49.0000000000               20767.3328634592 
                 15.5000000000                  49.5000000000               11553.6943759535 
                 15.5000000000                  50.0000000000                   0.0000000000 
                 16.0000000000                   0.0000000000                   0.0000000000 
                 16.0000000000                   0.5000000000                5484.6620168217 
                 16.0000000000                   1.0000000000               11037.1785307189 
                 16.0000000000                   1.5000000000               16678.9731442190 
                 16.0000000000                   2.0000000000               22476.3290932888 
                 16.0000000000                   2.5000000000               28408.8785335481 
                 16.0000000000                   3.0000000000               34380.3995448557 
                 16.0000000000                   3.5000000000               40382.5943714808 
                 16.0000000000                   4.0000000000               46433.6324457074 
                 16.0000000000                   4.5000000000               52530.5095575507 
                 16.0000000000                   5.0000000000               58685.6876751828 
                 16.0000000000                   5.5000000000               64940.1103145366 
                 16.0000000000                   6.0000000000               71386.1898153448 
                 16.0000000000                   6.5000000000               78023.9898969609 
                 16.0000000000                   7.0000000000               84679.2941727898 
                 16.0000000000                   7.5000000000               91296.3043319572 
                 16.0000000000                   8.0000000000               97898.2146754225 
                 16.0000000000                   8.5000000000              104519.0962055251 
                 16.0000000000                   9.0000000000              111383.9100736646 
                 16.0000000000                   9.5000000000              118696.5866982808 
                 16.0000000000                  10.0000000000              126613.0992859269 
                 16.0000000000                  10.5000000000              135402.9746596721 
                 16.0000000000                  11.0000000000              144886.9034638172 
                 16.0000000000                  11.5000000000              154736.7162091620 
                 16.0000000000                  12.0000000000              164917.7703573472 
                 16.0000000000                  12.5000000000              175316.4069257172 
                 16.0000000000                  13.0000000000              185952.8010445490 
                 16.0000000000                  13.5000000000              197024.9541757626 
                 16.0000000000                  14.0000000000              208737.0588686006 
                 16.0000000000                  14.5000000000              221562.7156232161 
                 16.0000000000                  15.0000000000              234340.3291576226 
                 16.0000000000                  15.5000000000              245555.1032131383 
                 16.0000000000                  16.0000000000              255617.9547072534 
                 16.0000000000                  16.5000000000              264929.1014608016 
                 16.0000000000                  17.0000000000              273701.1193642666 
                 16.0000000000                  17.5000000000              282259.1456379119 
                 16.0000000000                  18.0000000000              290660.2353779634 
                 16.0000000000                  18.5000000000              298765.4072911282 
                 16.0000000000                  19.0000000000              306543.4725135986 
                 16.0000000000                  19.5000000000              314081.6418817639 
                 16.0000000000                  20.0000000000              321393.3786679523 
                 16.0000000000                  20.5000000000              328467.5088552619 
                 16.0000000000                  21.0000000000              335285.4290171118 
                 16.0000000000                  21.5000000000              341768.2418215183 
                 16.0000000000                  22.0000000000              347873.7522333714 
                 16.0000000000                  22.5000000000              353571.6490396946 
                 16.0000000000                  23.0000000000              358766.3361986916 
                 16.0000000000                  23.5000000000              363393.5080024137 
                 16.0000000000                  24.0000000000              367491.6544239873 
                 16.0000000000                  24.5000000000              371086.9980725734 
                 16.0000000000                  25.0000000000              374201.6569992893 
                 16.0000000000                  25.5000000000              376842.6684446647 
                 16.0000000000                  26.0000000000              378894.0057175519 
                 16.0000000000                  26.5000000000              380224.0553632113 
                 16.0000000000                  27.0000000000              380769.8230643382 
                 16.0000000000                  27.5000000000              380303.4873042740 
                 16.0000000000                  28.0000000000              378369.9183156872 
                 16.0000000000                  28.5000000000              374507.9227093189 
                 16.0000000000                  29.0000000000              367649.4440748402 
                 16.0000000000                  29.5000000000              358609.9404889652 
                 16.0000000000                  30.0000000000              349986.7579483573 
                 16.0000000000                  30.5000000000              342372.1479055529 
                 16.0000000000                  31.0000000000              335472.0060039339 
                 16.0000000000                  31.5000000000              329170.3265103244 
                 16.0000000000                  32.0000000000              323276.5591002634 
                 16.0000000000                  32.5000000000              317769.8508411648 
                 16.0000000000                  33.0000000000              312768.6331172641 
                 16.0000000000                  33.5000000000              308140.6475555312 
                 16.0000000000                  34.0000000000              302806.9260550500 
                 16.0000000000                  34.5000000000              295781.9915811153 
                 16.0000000000                  35.0000000000              286598.4221296704 
                 16.0000000000                  35.5000000000              274551.0919171080 
                 16.0000000000                  36.0000000000              260328.7014603748 
                 16.0000000000                  36.5000000000              244802.5888809044 
                 16.0000000000                  37.0000000000              228134.1259707188 
                 16.0000000000                  37.5000000000              210719.3149223489 
                 16.0000000000                  38.0000000000              194376.1044266816 
                 16.0000000000                  38.5000000000              180452.8402822009 
                 16.0000000000                  39.0000000000              168294.9641551822 
                 16.0000000000                  39.5000000000              157577.5214370337 
                 16.0000000000                  40.0000000000              147972.3962685381 
                 16.0000000000                  40.5000000000              139232.6609745381 
                 16.0000000000                  41.0000000000              131309.1561386997 
                 16.0000000000                  41.5000000000              124211.3542599985 
                 16.0000000000                  42.0000000000              117584.3235285980 
                 16.0000000000                  42.5000000000              110846.6594314457 
                 16.0000000000                  43.0000000000              103844.6823817732 
                 16.0000000000                  43.5000000000               96470.6971919751 
                 16.0000000000                  44.0000000000               88818.2238962325 
                 16.0000000000                  44.5000000000               81339.3857181778 
                 16.0000000000                  45.0000000000               74098.7900787859 
                 16.0000000000                  45.5000000000               66909.9744437620 
                 16.0000000000                  46.0000000000               59831.7276516622 
                 16.0000000000                  46.5000000000               53183.3112792809 
                 16.0000000000                  47.0000000000               47142.7781001436 
                 16.0000000000                  47.5000000000               41700.1096570258 
                 16.0000000000                  48.0000000000               36735.9010180921 
                 16.0000000000                  48.5000000000               31107.1297578914 
                 16.0000000000                  49.0000000000               23670.5044707407 
                 16.0000000000                  49.5000000000               13786.9984207672 
                 16.0000000000                  50.0000000000                   0.0000000000 
                 16.5000000000                   0.0000000000                   0.0000000000 
                 16.5000000000                   0.5000000000                5621.0251895774 
                 16.5000000000                   1.0000000000               11327.5970549115 
                 16.5000000000                   1.5000000000               17143.0451925547 
                 16.5000000000                   2.0000000000               23139.4831313340 
                 16.5000000000                   2.5000000000               29275.2182104835 
                 16.5000000000                   3.0000000000               35426.5686405946 
                 16.5000000000                   3.5000000000               41585.2146095937 
                 16.5000000000                   4.0000000000               47765.2766877809 
                 16.5000000000                   4.5000000000               53969.6827877579 
                 16.5000000000                   5.0000000000               60226.0638581454 
                 16.5000000000                   5.5000000000               66569.0909354937 
                 16.5000000000                   6.0000000000               73087.2097465842 
                 16.5000000000                   6.5000000000               79742.2383383721 
                 16.5000000000                   7.0000000000               86353.2774524826 
                 16.5000000000                   7.5000000000               92933.6776358600 
                 16.5000000000                   8.0000000000               99537.6517262046 
                 16.5000000000                   8.5000000000              106215.6442129521 
                 16.5000000000                   9.0000000000              113224.0294426202 
                 16.5000000000                   9.5000000000              120770.4191850632 
                 16.5000000000                  10.0000000000              129022.2625736881 
                 16.5000000000                  10.5000000000              138304.3380034260 
                 16.5000000000                  11.0000000000              148278.5282119945 
                 16.5000000000                  11.5000000000              158480.5877045238 
                 16.5000000000                  12.0000000000              168934.2840163583 
                 16.5000000000                  12.5000000000              179531.4386696845 
                 16.5000000000                  13.0000000000              190453.5539858111 
                 16.5000000000                  13.5000000000              202016.1810775308 
                 16.5000000000                  14.0000000000              214375.6205758854 
                 16.5000000000                  14.5000000000              228103.5312902159 
                 16.5000000000                  15.0000000000              241503.4578786493 
                 16.5000000000                  15.5000000000              252812.4432314541 
                 16.5000000000                  16.0000000000              262901.2401662107 
                 16.5000000000                  16.5000000000              272235.9872309584 
                 16.5000000000                  17.0000000000              281108.2513799910 
                 16.5000000000                  17.5000000000              289912.8846548757 
                 16.5000000000                  18.0000000000              298618.9228364279 
                 16.5000000000                  18.5000000000              307006.0280993123 
                 16.5000000000                  19.0000000000              315029.0819140467 
                 16.5000000000                  19.5000000000              322758.6128906356 
                 16.5000000000                  20.0000000000              330204.6204502835 
                 16.5000000000                  20.5000000000              337338.9745712779 
                 16.5000000000                  21.0000000000              344085.7172615416 
                 16.5000000000                  21.5000000000              350364.9430002724 
                 16.5000000000                  22.0000000000              356229.8355580888 
                 16.5000000000                  22.5000000000              361750.1650555232 
                 16.5000000000                  23.0000000000              366957.8474292129 
                 16.5000000000                  23.5000000000              371842.7641303029 
                 16.5000000000                  24.0000000000              376315.2958397777 
                 16.5000000000                  24.5000000000              380277.6608792685 
                 16.5000000000                  25.0000000000              383626.1368172282 
                 16.5000000000                  25.5000000000              386304.8467645360 
                 16.5000000000                  26.0000000000              388256.4807525760 
                 16.5000000000                  26.5000000000              389396.5569366667 
                 16.5000000000                  27.0000000000              389712.3428565151 
                 16.5000000000                  27.5000000000              389038.3850898959 
                 16.5000000000                  28.0000000000              386994.4279050184 
                 16.5000000000                  28.5000000000              383213.8317770712 
                 16.5000000000                  29.0000000000              376937.0785737945 
                 16.5000000000                  29.5000000000              368673.2743928129 
                 16.5000000000                  30.0000000000              360294.7329172985 
                 16.5000000000                  30.5000000000              352425.3013508631 
                 16.5000000000                  31.0000000000              345039.8430298205 
                 16.5000000000                  31.5000000000              338150.1013727177 
                 16.5000000000                  32.0000000000              331619.2019527596 
                 16.5000000000                  32.5000000000              325460.8137896284 
                 16.5000000000                  33.0000000000              319806.4461004864 
                 16.5000000000                  33.5000000000              314509.9340660840 
                 16.5000000000                  34.0000000000              308578.5218471567 
                 16.5000000000                  34.5000000000              301099.3356567011 
                 16.5000000000                  35.0000000000              291584.9467964995 
                 16.5000000000                  35.5000000000              279483.7856203689 
                 16.5000000000                  36.0000000000              265579.6908388302 
                 16.5000000000                  36.5000000000              250517.8179336326 
                 16.5000000000                  37.0000000000              234046.2160766889 
                 16.5000000000                  37.5000000000              216334.5826047929 
                 16.5000000000                  38.0000000000              199473.4179340563 
                 16.5000000000                  38.5000000000              184960.3575912510 
                 16.5000000000                  39.0000000000              172109.3195003020 
                 16.5000000000                  39.5000000000              160694.3583853928 
                 16.5000000000                  40.0000000000              150491.0378767900 
                 16.5000000000                  40.5000000000              141326.3945965778 
                 16.5000000000                  41.0000000000              133145.2436879243 
                 16.5000000000                  41.5000000000              125945.6268165835 
                 16.5000000000                  42.0000000000              119300.0896610435 
                 16.5000000000                  42.5000000000              112502.1192594320 
                 16.5000000000                  43.0000000000              105364.2994248444 
                 16.5000000000                  43.5000000000               97712.5359646062 
                 16.5000000000                  44.0000000000               89702.8344815357 
                 16.5000000000                  44.5000000000               82073.4600155562 
                 16.5000000000                  45.0000000000               74961.2199117353 
                 16.5000000000                  45.5000000000               68167.6020442920 
                 16.5000000000                  46.0000000000               61693.9932538675 
                 16.5000000000                  46.5000000000               55527.2693250705 
                 16.5000000000                  47.0000000000               49731.6368619291 
                 16.5000000000                  47.5000000000               44429.8724796609 
                 16.5000000000                  48.0000000000               39588.9877188816 
                 16.5000000000                  48.5000000000               34091.3394212944 
                 16.5000000000                  49.0000000000               26664.1256461390 
                 16.5000000000                  49.5000000000               16354.7255685534 
                 16.5000000000                  50.0000000000                   0.0000000000 
                 17.0000000000                   0.0000000000                   0.0000000000 
                 17.0000000000                   0.5000000000                5775.3107649570 
                 17.0000000000                   1.0000000000               11647.1080525381 
                 17.0000000000                   1.5000000000               17640.7150437902 
                 17.0000000000                   2.0000000000               23815.6655773225 
                 17.0000000000                   2.5000000000               30109.2395988161 
                 17.0000000000                   3.0000000000               36395.6656757587 
                 17.0000000000                   3.5000000000               42670.3837406620 
                 17.0000000000                   4.0000000000               48942.3607188636 
                 17.0000000000                   4.5000000000               55225.1217861065 
                 17.0000000000                   5.0000000000               61557.6132317229 
                 17.0000000000                   5.5000000000               67964.4324249098 
                 17.0000000000                   6.0000000000               74489.2412459117 
                 17.0000000000                   6.5000000000               81077.9975480279 
                 17.0000000000                   7.0000000000               87627.4234858552 
                 17.0000000000                   7.5000000000               94197.5600021700 
                 17.0000000000                   8.0000000000              100846.2538739331 
                 17.0000000000                   8.5000000000              107648.4081651164 
                 17.0000000000                   9.0000000000              114864.0519818533 
                 17.0000000000                   9.5000000000              122691.3612158128 
                 17.0000000000                  10.0000000000              131308.4073140084 
                 17.0000000000                  10.5000000000              141038.0907137290 
                 17.0000000000                  11.0000000000              151428.2904006206 
                 17.0000000000                  11.5000000000              161962.2319930650 
                 17.0000000000                  12.0000000000              172728.0164002405 
                 17.0000000000                  12.5000000000              183683.7938012489 
                 17.0000000000                  13.0000000000              195122.1315558426 
                 17.0000000000                  13.5000000000              207377.3031981285 
                 17.0000000000                  14.0000000000              220540.6585133276 
                 17.0000000000                  14.5000000000              235005.6928757583 
                 17.0000000000                  15.0000000000              248715.4190472409 
                 17.0000000000                  15.5000000000              260002.5417055929 
                 17.0000000000                  16.0000000000              270058.4272603956 
                 17.0000000000                  16.5000000000              279439.5030681942 
                 17.0000000000                  17.0000000000              288549.2437989110 
                 17.0000000000                  17.5000000000              297725.2018078913 
                 17.0000000000                  18.0000000000              306802.5949321453 
                 17.0000000000                  18.5000000000              315507.6017610034 
                 17.0000000000                  19.0000000000              323753.2491234170 
                 17.0000000000                  19.5000000000              331622.8452366539 
                 17.0000000000                  20.0000000000              339146.2570429125 
                 17.0000000000                  20.5000000000              346246.9988236362 
                 17.0000000000                  21.0000000000              352770.3218608556 
                 17.0000000000                  21.5000000000              358664.7221157095 
                 17.0000000000                  22.0000000000              364126.6767993800 
                 17.0000000000                  22.5000000000              369365.9696411076 
                 17.0000000000                  23.0000000000              374631.8214127238 
                 17.0000000000                  23.5000000000              379931.4412647760 
                 17.0000000000                  24.0000000000              384938.5517315396 
                 17.0000000000                  24.5000000000              389391.6086708066 
                 17.0000000000                  25.0000000000              393029.3242895615 
                 17.0000000000                  25.5000000000              395717.8814973452 
                 17.0000000000                  26.0000000000              397482.7831742482 
                 17.0000000000                  26.5000000000              398326.4849505716 
                 17.0000000000                  27.0000000000              398286.1130997656 
                 17.0000000000                  27.5000000000              397275.7865772023 
                 17.0000000000                  28.0000000000              395019.8312654525 
                 17.0000000000                  28.5000000000              391251.2309675441 
                 17.0000000000                  29.0000000000              385505.1536931525 
                 17.0000000000                  29.5000000000              378025.6336067950 
                 17.0000000000                  30.0000000000              369994.4705487535 
                 17.0000000000                  30.5000000000              362013.1743979864 
                 17.0000000000                  31.0000000000              354249.2612900388 
                 17.0000000000                  31.5000000000              346829.2764985675 
                 17.0000000000                  32.0000000000              339705.4375995437 
                 17.0000000000                  32.5000000000              332905.6391615841 
                 17.0000000000                  33.0000000000              326570.3961350665 
                 17.0000000000                  33.5000000000              320556.6062732745 
                 17.0000000000                  34.0000000000              313931.4904446657 
                 17.0000000000                  34.5000000000              305862.2403512684 
                 17.0000000000                  35.0000000000              295869.4378280588 
                 17.0000000000                  35.5000000000              283454.2453617592 
                 17.0000000000                  36.0000000000              269530.1011542864 
                 17.0000000000                  36.5000000000              254808.2206876756 
                 17.0000000000                  37.0000000000              238835.5147028218 
                 17.0000000000                  37.5000000000              221574.3185215906 
                 17.0000000000                  38.0000000000              204779.4829885036 
                 17.0000000000                  38.5000000000              189802.8741128153 
                 17.0000000000                  39.0000000000              176207.1882077942 
                 17.0000000000                  39.5000000000              163880.2075827194 
                 17.0000000000                  40.0000000000              152866.0725874383 
                 17.0000000000                  40.5000000000              143180.5226318073 
                 17.0000000000                  41.0000000000              134695.3571612430 
                 17.0000000000                  41.5000000000              127348.4219090913 
                 17.0000000000                  42.0000000000              120643.1666304891 
                 17.0000000000                  42.5000000000              113794.2758972365 
                 17.0000000000                  43.0000000000              106593.1440210754 
                 17.0000000000                  43.5000000000               98865.7019844848 
                 17.0000000000                  44.0000000000               90792.5652690287 
                 17.0000000000                  44.5000000000               83180.2753222746 
                 17.0000000000                  45.0000000000               76206.5836163534 
                 17.0000000000                  45.5000000000               69687.5694305563 
                 17.0000000000                  46.0000000000               63587.5942643214 
                 17.0000000000                  46.5000000000               57743.2188408822 
                 17.0000000000                  47.0000000000               52141.0290436967 
                 17.0000000000                  47.5000000000               46936.8215969548 
                 17.0000000000                  48.0000000000               42134.9897527983 
                 17.0000000000                  48.5000000000               36648.8825660280 
                 17.0000000000                  49.0000000000               29124.5167624218 
                 17.0000000000                  49.5000000000               18347.2343461981 
                 17.0000000000                  50.0000000000                   0.0000000000 
                 17.5000000000                   0.0000000000                   0.0000000000 
                 17.5000000000                   0.5000000000                5937.7240513919 
                 17.5000000000                   1.0000000000               11966.3514420736 
                 17.5000000000                   1.5000000000               18109.5083861628 
                 17.5000000000                   2.0000000000               24402.8487220097 
                 17.5000000000                   2.5000000000               30780.0995151547 
                 17.5000000000                   3.0000000000               37138.0048611176 
                 17.5000000000                   3.5000000000               43472.7066693388 
                 17.5000000000                   4.0000000000               49788.3462044201 
                 17.5000000000                   4.5000000000               56107.9001731921 
                 17.5000000000                   5.0000000000               62476.6319209311 
                 17.5000000000                   5.5000000000               68911.4012705286 
                 17.5000000000                   6.0000000000               75413.5593392643 
                 17.5000000000                   6.5000000000               81957.1665727383 
                 17.5000000000                   7.0000000000               88527.3878736015 
                 17.5000000000                   7.5000000000               95179.0114363016 
                 17.5000000000                   8.0000000000              101973.0820484304 
                 17.5000000000                   8.5000000000              109018.5131017958 
                 17.5000000000                   9.0000000000              116541.8286982943 
                 17.5000000000                   9.5000000000              124715.6763085013 
                 17.5000000000                  10.0000000000              133723.4039299700 
                 17.5000000000                  10.5000000000              143840.8002367738 
                 17.5000000000                  11.0000000000              154595.2271726537 
                 17.5000000000                  11.5000000000              165500.8113543700 
                 17.5000000000                  12.0000000000              176686.1811709616 
                 17.5000000000                  12.5000000000              188200.7667965064 
                 17.5000000000                  13.0000000000              200336.4852938004 
                 17.5000000000                  13.5000000000              213328.3481588041 
                 17.5000000000                  14.0000000000              227175.9637671985 
                 17.5000000000                  14.5000000000              241934.0121330685 
                 17.5000000000                  15.0000000000              255656.4605710159 
                 17.5000000000                  15.5000000000              267025.6489565343 
                 17.5000000000                  16.0000000000              277200.7954408892 
                 17.5000000000                  16.5000000000              286846.6926734925 
                 17.5000000000                  17.0000000000              296389.4916387748 
                 17.5000000000                  17.5000000000              306002.2330870574 
                 17.5000000000                  18.0000000000              315434.6722205226 
                 17.5000000000                  18.5000000000              324372.9419510019 
                 17.5000000000                  19.0000000000              332704.8713125561 
                 17.5000000000                  19.5000000000              340581.2891082530 
                 17.5000000000                  20.0000000000              348053.7886928706 
                 17.5000000000                  20.5000000000              354993.6777862456 
                 17.5000000000                  21.0000000000              361226.5202487462 
                 17.5000000000                  21.5000000000              366776.1818014876 
                 17.5000000000                  22.0000000000              371942.0591055574 
                 17.5000000000                  22.5000000000              377060.6122654539 
                 17.5000000000                  23.0000000000              382595.5827216499 
                 17.5000000000                  23.5000000000              388448.0698841039 
                 17.5000000000                  24.0000000000              393992.7639106163 
                 17.5000000000                  24.5000000000              398835.9567496170 
                 17.5000000000                  25.0000000000              402635.0194366685 
                 17.5000000000                  25.5000000000              405243.8694527037 
                 17.5000000000                  26.0000000000              406739.1234159129 
                 17.5000000000                  26.5000000000              407199.4804668673 
                 17.5000000000                  27.0000000000              406695.1270251385 
                 17.5000000000                  27.5000000000              405213.9883838084 
                 17.5000000000                  28.0000000000              402611.2389198526 
                 17.5000000000                  28.5000000000              398726.5644235529 
                 17.5000000000                  29.0000000000              393361.9685664883 
                 17.5000000000                  29.5000000000              386603.0062662140 
                 17.5000000000                  30.0000000000              379030.9952952594 
                 17.5000000000                  30.5000000000              371126.8005531901 
                 17.5000000000                  31.0000000000              363149.2107009512 
                 17.5000000000                  31.5000000000              355295.3367003015 
                 17.5000000000                  32.0000000000              347631.0302704397 
                 17.5000000000                  32.5000000000              340202.0979402026 
                 17.5000000000                  33.0000000000              333140.4457824621 
                 17.5000000000                  33.5000000000              326325.0762556775 
                 17.5000000000                  34.0000000000              318902.6583258078 
                 17.5000000000                  34.5000000000              310117.2759608962 
                 17.5000000000                  35.0000000000              299496.6493034482 
                 17.5000000000                  35.5000000000              286560.9074750220 
                 17.5000000000                  36.0000000000              272372.6861085658 
                 17.5000000000                  36.5000000000              257824.1236895660 
                 17.5000000000                  37.0000000000              242474.0637877603 
                 17.5000000000                  37.5000000000              226223.6666984129 
                 17.5000000000                  38.0000000000              210033.5564431415 
                 17.5000000000                  38.5000000000              194836.8499124384 
                 17.5000000000                  39.0000000000              180592.6711934796 
                 17.5000000000                  39.5000000000              167223.9165169749 
                 17.5000000000                  40.0000000000              155195.3870891008 
                 17.5000000000                  40.5000000000              144890.8993012955 
                 17.5000000000                  41.0000000000              136051.7600550844 
                 17.5000000000                  41.5000000000              128510.2008466043 
                 17.5000000000                  42.0000000000              121701.3971962975 
                 17.5000000000                  42.5000000000              114796.2097128787 
                 17.5000000000                  43.0000000000              107583.1129607703 
                 17.5000000000                  43.5000000000               99944.9675498714 
                 17.5000000000                  44.0000000000               92056.7641822472 
                 17.5000000000                  44.5000000000               84614.9942075603 
                 17.5000000000                  45.0000000000               77805.8312815137 
                 17.5000000000                  45.5000000000               71496.1829804918 
                 17.5000000000                  46.0000000000               65626.5811600398 
                 17.5000000000                  46.5000000000               59982.5839147763 
                 17.5000000000                  47.0000000000               54500.9504496184 
                 17.5000000000                  47.5000000000               49313.4352213569 
                 17.5000000000                  48.0000000000               44413.3300900208 
                 17.5000000000                  48.5000000000               38730.0207533447 
                 17.5000000000                  49.0000000000               30859.7462092761 
                 17.5000000000                  49.5000000000               19383.0215809823 
                 17.5000000000                  50.0000000000                   0.0000000000 
                 18.0000000000                   0.0000000000                   0.0000000000 
                 18.0000000000                   0.5000000000                6092.5415125945 
                 18.0000000000                   1.0000000000               12255.7245869747 
                 18.0000000000                   1.5000000000               18511.3707912740 
                 18.0000000000                   2.0000000000               24878.5997065285 
                 18.0000000000                   2.5000000000               31299.7615038068 
                 18.0000000000                   3.0000000000               37696.2311965272 
                 18.0000000000                   3.5000000000               44063.2768943686 
                 18.0000000000                   4.0000000000               50401.2843992297 
                 18.0000000000                   4.5000000000               56738.7838278242 
                 18.0000000000                   5.0000000000               63126.4133764129 
                 18.0000000000                   5.5000000000               69577.6608749789 
                 18.0000000000                   6.0000000000               76074.9541037782 
                 18.0000000000                   6.5000000000               82612.4326244791 
                 18.0000000000                   7.0000000000               89236.7119191079 
                 18.0000000000                   7.5000000000               96008.8633442092 
                 18.0000000000                   8.0000000000              103011.4926589431 
                 18.0000000000                   8.5000000000              110410.8846574079 
                 18.0000000000                   9.0000000000              118358.5928166125 
                 18.0000000000                   9.5000000000              126955.5067595426 
                 18.0000000000                  10.0000000000              136389.7665847974 
                 18.0000000000                  10.5000000000              146876.4812582337 
                 18.0000000000                  11.0000000000              157980.7212980550 
                 18.0000000000                  11.5000000000              169301.8884195939 
                 18.0000000000                  12.0000000000              180998.5089563113 
                 18.0000000000                  12.5000000000              193221.0561459742 
                 18.0000000000                  13.0000000000              206167.9956807565 
                 18.0000000000                  13.5000000000              219855.3446224944 
                 18.0000000000                  14.0000000000              234174.6609558413 
                 18.0000000000                  14.5000000000              248927.1113640720 
                 18.0000000000                  15.0000000000              262521.8486694121 
                 18.0000000000                  15.5000000000              274061.9022592657 
                 18.0000000000                  16.0000000000              284540.6899673318 
                 18.0000000000                  16.5000000000              294661.2161567709 
                 18.0000000000                  17.0000000000              304795.2525950354 
                 18.0000000000                  17.5000000000              314882.6003756548 
                 18.0000000000                  18.0000000000              324588.5696412965 
                 18.0000000000                  18.5000000000              333602.3276979990 
                 18.0000000000                  19.0000000000              341840.6574073465 
                 18.0000000000                  19.5000000000              349549.7743662809 
                 18.0000000000                  20.0000000000              356820.3138348668 
                 18.0000000000                  20.5000000000              363504.7178982876 
                 18.0000000000                  21.0000000000              369448.1662067472 
                 18.0000000000                  21.5000000000              374771.5282834598 
                 18.0000000000                  22.0000000000              379847.5415999939 
                 18.0000000000                  22.5000000000              385085.7445198445 
                 18.0000000000                  23.0000000000              391166.4069094018 
                 18.0000000000                  23.5000000000              397744.7744600244 
                 18.0000000000                  24.0000000000              403768.4865242220 
                 18.0000000000                  24.5000000000              408830.9002792165 
                 18.0000000000                  25.0000000000              412606.5476456890 
                 18.0000000000                  25.5000000000              414984.4987875928 
                 18.0000000000                  26.0000000000              416105.2780959702 
                 18.0000000000                  26.5000000000              416090.9089069248 
                 18.0000000000                  27.0000000000              415023.6946816240 
                 18.0000000000                  27.5000000000              412967.1326149536 
                 18.0000000000                  28.0000000000              409911.0022272895 
                 18.0000000000                  28.5000000000              405801.6211796810 
                 18.0000000000                  29.0000000000              400641.4902738374 
                 18.0000000000                  29.5000000000              394423.9910063737 
                 18.0000000000                  30.0000000000              387302.1764922538 
                 18.0000000000                  30.5000000000              379606.8355286368 
                 18.0000000000                  31.0000000000              371585.1961193029 
                 18.0000000000                  31.5000000000              363440.3791305051 
                 18.0000000000                  32.0000000000              355327.4283359318 
                 18.0000000000                  32.5000000000              347302.6105100149 
                 18.0000000000                  33.0000000000              339478.0282664676 
                 18.0000000000                  33.5000000000              331768.5485302939 
                 18.0000000000                  34.0000000000              323440.4741632098 
                 18.0000000000                  34.5000000000              313842.4155468150 
                 18.0000000000                  35.0000000000              302512.1213676038 
                 18.0000000000                  35.5000000000              288992.5350266782 
                 18.0000000000                  36.0000000000              274485.4964756610 
                 18.0000000000                  36.5000000000              260026.5553431654 
                 18.0000000000                  37.0000000000              245277.5826992367 
                 18.0000000000                  37.5000000000              230166.4794774132 
                 18.0000000000                  38.0000000000              214799.0557761058 
                 18.0000000000                  38.5000000000              199588.0377552667 
                 18.0000000000                  39.0000000000              184863.0755042701 
                 18.0000000000                  39.5000000000              170504.9678943818 
                 18.0000000000                  40.0000000000              157406.9522705558 
                 18.0000000000                  40.5000000000              146453.9164938658 
                 18.0000000000                  41.0000000000              137239.1398026960 
                 18.0000000000                  41.5000000000              129471.7102824272 
                 18.0000000000                  42.0000000000              122531.2005668041 
                 18.0000000000                  42.5000000000              115564.7325120949 
                 18.0000000000                  43.0000000000              108379.0606857337 
                 18.0000000000                  43.5000000000              100921.9093702469 
                 18.0000000000                  44.0000000000               93339.7256861840 
                 18.0000000000                  44.5000000000               86168.1137089224 
                 18.0000000000                  45.0000000000               79567.8289740631 
                 18.0000000000                  45.5000000000               73457.5330144271 
                 18.0000000000                  46.0000000000               67771.7983413511 
                 18.0000000000                  46.5000000000               62271.2205635878 
                 18.0000000000                  47.0000000000               56855.6982610213 
                 18.0000000000                  47.5000000000               51619.5218097893 
                 18.0000000000                  48.0000000000               46523.3377680025 
                 18.0000000000                  48.5000000000               40515.8688579045 
                 18.0000000000                  49.0000000000               32169.8942166892 
                 18.0000000000                  49.5000000000               19986.9788635387 
                 18.0000000000                  50.0000000000                   0.0000000000 
                 18.5000000000                   0.0000000000                   0.0000000000 
                 18.5000000000                   0.5000000000                6224.1840304291 
                 18.5000000000                   1.0000000000               12492.0923198331 
                 18.5000000000                   1.5000000000               18829.5648773611 
                 18.5000000000                   2.0000000000               25247.7714565153 
                 18.5000000000                   2.5000000000               31699.7170414992 
                 18.5000000000                   3.0000000000               38124.4327415393 
                 18.5000000000                   3.5000000000               44514.3869381529 
                 18.5000000000                   4.0000000000               50866.9176477560 
                 18.5000000000                   4.5000000000               57215.3741844755 
                 18.5000000000                   5.0000000000               63617.6800179281 
                 18.5000000000                   5.5000000000               70090.4744823941 
                 18.5000000000                   6.0000000000               76608.6878004208 
                 18.5000000000                   6.5000000000               83178.2222616956 
                 18.5000000000                   7.0000000000               89889.9549361375 
                 18.5000000000                   7.5000000000               96816.5688433465 
                 18.5000000000                   8.0000000000              104085.1490771229 
                 18.5000000000                   8.5000000000              111979.5923827801 
                 18.5000000000                   9.0000000000              120496.9538442912 
                 18.5000000000                   9.5000000000              129590.5582104275 
                 18.5000000000                  10.0000000000              139494.5598836485 
                 18.5000000000                  10.5000000000              150361.4092357656 
                 18.5000000000                  11.0000000000              161857.2180165304 
                 18.5000000000                  11.5000000000              173694.6719436703 
                 18.5000000000                  12.0000000000              186021.0245282635 
                 18.5000000000                  12.5000000000              199092.5755098228 
                 18.5000000000                  13.0000000000              212864.6009019605 
                 18.5000000000                  13.5000000000              227058.7488132394 
                 18.5000000000                  14.0000000000              241606.9873748549 
                 18.5000000000                  14.5000000000              256182.2995880800 
                 18.5000000000                  15.0000000000              269652.9275141535 
                 18.5000000000                  15.5000000000              281533.9101404687 
                 18.5000000000                  16.0000000000              292531.0492271729 
                 18.5000000000                  16.5000000000              303339.0913609136 
                 18.5000000000                  17.0000000000              314176.8998567038 
                 18.5000000000                  17.5000000000              324631.1993628019 
                 18.5000000000                  18.0000000000              334374.1086212193 
                 18.5000000000                  18.5000000000              343200.3723743068 
                 18.5000000000                  19.0000000000              351070.9160758494 
                 18.5000000000                  19.5000000000              358337.2540775395 
                 18.5000000000                  20.0000000000              365173.5868491948 
                 18.5000000000                  20.5000000000              371467.4880609400 
                 18.5000000000                  21.0000000000              377149.7465695643 
                 18.5000000000                  21.5000000000              382479.4139872422 
                 18.5000000000                  22.0000000000              387862.0927799515 
                 18.5000000000                  22.5000000000              393729.7602323191 
                 18.5000000000                  23.0000000000              400863.1371781787 
                 18.5000000000                  23.5000000000              408299.5617647463 
                 18.5000000000                  24.0000000000              414541.9815660914 
                 18.5000000000                  24.5000000000              419488.9364636079 
                 18.5000000000                  25.0000000000              422958.8588859830 
                 18.5000000000                  25.5000000000              424929.9439129113 
                 18.5000000000                  26.0000000000              425573.1284304052 
                 18.5000000000                  26.5000000000              425012.7408443539 
                 18.5000000000                  27.0000000000              423309.8866634609 
                 18.5000000000                  27.5000000000              420579.6236509825 
                 18.5000000000                  28.0000000000              416948.5836311593 
                 18.5000000000                  28.5000000000              412464.2027421225 
                 18.5000000000                  29.0000000000              407284.8630570921 
                 18.5000000000                  29.5000000000              401380.8165307711 
                 18.5000000000                  30.0000000000              394628.3301785709 
                 18.5000000000                  30.5000000000              387224.2253050419 
                 18.5000000000                  31.0000000000              379348.3471092996 
                 18.5000000000                  31.5000000000              371112.9111638203 
                 18.5000000000                  32.0000000000              362683.4453500493 
                 18.5000000000                  32.5000000000              354118.3235275383 
                 18.5000000000                  33.0000000000              345500.2151089438 
                 18.5000000000                  33.5000000000              336799.0345334784 
                 18.5000000000                  34.0000000000              327463.9425438686 
                 18.5000000000                  34.5000000000              316990.2938707191 
                 18.5000000000                  35.0000000000              304956.9574710622 
                 18.5000000000                  35.5000000000              290935.8018044442 
                 18.5000000000                  36.0000000000              276185.2724077107 
                 18.5000000000                  36.5000000000              261781.3574456927 
                 18.5000000000                  37.0000000000              247455.3590560948 
                 18.5000000000                  37.5000000000              233273.7385773734 
                 18.5000000000                  38.0000000000              218713.8511178357 
                 18.5000000000                  38.5000000000              203608.6364916443 
                 18.5000000000                  39.0000000000              188575.2069978293 
                 18.5000000000                  39.5000000000              173437.6750204821 
                 18.5000000000                  40.0000000000              159404.0218704380 
                 18.5000000000                  40.5000000000              147867.8555497409 
                 18.5000000000                  41.0000000000              138284.3261208681 
                 18.5000000000                  41.5000000000              130256.6994434291 
                 18.5000000000                  42.0000000000              123142.9815935852 
                 18.5000000000                  42.5000000000              116096.5101174039 
                 18.5000000000                  43.0000000000              108954.9508593237 
                 18.5000000000                  43.5000000000              101724.2434872477 
                 18.5000000000                  44.0000000000               94509.3728113070 
                 18.5000000000                  44.5000000000               87669.1626482734 
                 18.5000000000                  45.0000000000               81320.9617317324 
                 18.5000000000                  45.5000000000               75427.5900132416 
                 18.5000000000                  46.0000000000               69923.3801097498 
                 18.5000000000                  46.5000000000               64554.5438098869 
                 18.5000000000                  47.0000000000               59190.5559940140 
                 18.5000000000                  47.5000000000               53886.2224423930 
                 18.5000000000                  48.0000000000               48558.9524367217 
                 18.5000000000                  48.5000000000               42187.8613796526 
                 18.5000000000                  49.0000000000               33350.5350492205 
                 18.5000000000                  49.5000000000               20481.8501202139 
                 18.5000000000                  50.0000000000                   0.0000000000 
                 19.0000000000                   0.0000000000                   0.0000000000 
                 19.0000000000                   0.5000000000                6309.1305305872 
                 19.0000000000                   1.0000000000               12649.8804601961 
                 19.0000000000                   1.5000000000               19047.4434403520 
                 19.0000000000                   2.0000000000               25513.3810089335 
                 19.0000000000                   2.5000000000               32004.0554303671 
                 19.0000000000                   3.0000000000               38460.2900375069 
                 19.0000000000                   3.5000000000               44873.4110235154 
                 19.0000000000                   4.0000000000               51237.8653505095 
                 19.0000000000                   4.5000000000               57592.4882505369 
                 19.0000000000                   5.0000000000               64009.6135787738 
                 19.0000000000                   5.5000000000               70514.5331872661 
                 19.0000000000                   6.0000000000               77090.2570088716 
                 19.0000000000                   6.5000000000               83760.8411372899 
                 19.0000000000                   7.0000000000               90639.3054809443 
                 19.0000000000                   7.5000000000               97813.4568184071 
                 19.0000000000                   8.0000000000              105472.2170445610 
                 19.0000000000                   8.5000000000              113963.4986393600 
                 19.0000000000                   9.0000000000              123097.6476907906 
                 19.0000000000                   9.5000000000              132704.2335131684 
                 19.0000000000                  10.0000000000              143079.3695727791 
                 19.0000000000                  10.5000000000              154394.1400444942 
                 19.0000000000                  11.0000000000              166417.8623409130 
                 19.0000000000                  11.5000000000              178905.5053431180 
                 19.0000000000                  12.0000000000              191973.5765398197 
                 19.0000000000                  12.5000000000              205827.7385169460 
                 19.0000000000                  13.0000000000              220151.1843153647 
                 19.0000000000                  13.5000000000              234561.5783727421 
                 19.0000000000                  14.0000000000              249130.7264752391 
                 19.0000000000                  14.5000000000              263589.3478897359 
                 19.0000000000                  15.0000000000              277201.3234771019 
                 19.0000000000                  15.5000000000              289667.4806128080 
                 19.0000000000                  16.0000000000              301424.8370636835 
                 19.0000000000                  16.5000000000              313094.1440204554 
                 19.0000000000                  17.0000000000              324550.2757176296 
                 19.0000000000                  17.5000000000              335089.7806028399 
                 19.0000000000                  18.0000000000              344585.3529243608 
                 19.0000000000                  18.5000000000              352963.8493885692 
                 19.0000000000                  19.0000000000              360219.6603191072 
                 19.0000000000                  19.5000000000              366800.4307803695 
                 19.0000000000                  20.0000000000              372994.7319298481 
                 19.0000000000                  20.5000000000              378790.3108774377 
                 19.0000000000                  21.0000000000              384320.5715037567 
                 19.0000000000                  21.5000000000              390027.9233328969 
                 19.0000000000                  22.0000000000              396286.8398599210 
                 19.0000000000                  22.5000000000              403513.4107933856 
                 19.0000000000                  23.0000000000              412188.5767961783 
                 19.0000000000                  23.5000000000              420378.4960779077 
                 19.0000000000                  24.0000000000              426440.3788446257 
                 19.0000000000                  24.5000000000              430832.4435994293 
                 19.0000000000                  25.0000000000              433657.3003475939 
                 19.0000000000                  25.5000000000              435045.5181603317 
                 19.0000000000                  26.0000000000              435096.4511822417 
                 19.0000000000                  26.5000000000              433926.8094407939 
                 19.0000000000                  27.0000000000              431586.5994965858 
                 19.0000000000                  27.5000000000              428176.9571477367 
                 19.0000000000                  28.0000000000              423909.0417830844 
                 19.0000000000                  28.5000000000              418923.9945585276 
                 19.0000000000                  29.0000000000              413449.8825064331 
                 19.0000000000                  29.5000000000              407519.6070519884 
                 19.0000000000                  30.0000000000              400936.4504735841 
                 19.0000000000                  30.5000000000              393776.0542632205 
                 19.0000000000                  31.0000000000              386165.2444981446 
                 19.0000000000                  31.5000000000              378077.6427650676 
                 19.0000000000                  32.0000000000              369506.7534953518 
                 19.0000000000                  32.5000000000              360477.2278931226 
                 19.0000000000                  33.0000000000              351054.9844915858 
                 19.0000000000                  33.5000000000              341260.1650577445 
                 19.0000000000                  34.0000000000              330826.5511209526 
                 19.0000000000                  34.5000000000              319461.1576415343 
                 19.0000000000                  35.0000000000              306827.0191154492 
                 19.0000000000                  35.5000000000              292583.0256384530 
                 19.0000000000                  36.0000000000              277807.9604161120 
                 19.0000000000                  36.5000000000              263441.4252042999 
                 19.0000000000                  37.0000000000              249298.4216271132 
                 19.0000000000                  37.5000000000              235505.9774445198 
                 19.0000000000                  38.0000000000              221353.3269016085 
                 19.0000000000                  38.5000000000              206352.0954326541 
                 19.0000000000                  39.0000000000              191157.4944924039 
                 19.0000000000                  39.5000000000              175679.3971024935 
                 19.0000000000                  40.0000000000              161185.1938689173 
                 19.0000000000                  40.5000000000              149227.1292044841 
                 19.0000000000                  41.0000000000              139284.7373050998 
                 19.0000000000                  41.5000000000              130922.3130089640 
                 19.0000000000                  42.0000000000              123535.2711009109 
                 19.0000000000                  42.5000000000              116361.4884946474 
                 19.0000000000                  43.0000000000              109261.8522129923 
                 19.0000000000                  43.5000000000              102270.4656354953 
                 19.0000000000                  44.0000000000               95443.1143664604 
                 19.0000000000                  44.5000000000               88965.3744563869 
                 19.0000000000                  45.0000000000               82902.1198430420 
                 19.0000000000                  45.5000000000               77251.6337698638 
                 19.0000000000                  46.0000000000               71948.4788661807 
                 19.0000000000                  46.5000000000               66723.9577265305 
                 19.0000000000                  47.0000000000               61423.1455205821 
                 19.0000000000                  47.5000000000               56074.9993841047 
                 19.0000000000                  48.0000000000               50570.4590099500 
                 19.0000000000                  48.5000000000               43915.1801299715 
                 19.0000000000                  49.0000000000               34694.8954293518 
                 19.0000000000                  49.5000000000               21279.0219784049 
                 19.0000000000                  50.0000000000                   0.0000000000 
                 19.5000000000                   0.0000000000                   0.0000000000 
                 19.5000000000                   0.5000000000                6346.5781406613 
                 19.5000000000                   1.0000000000               12735.4035646443 
                 19.5000000000                   1.5000000000               19184.0570157747 
                 19.5000000000                   2.0000000000               25708.6539993178 
                 19.5000000000                   2.5000000000               32257.5964154890 
                 19.5000000000                   3.0000000000               38758.2193929802 
                 19.5000000000                   3.5000000000               45203.8156344911 
                 19.5000000000                   4.0000000000               51585.6089076056 
                 19.5000000000                   4.5000000000               57950.0069347548 
                 19.5000000000                   5.0000000000               64392.4755906763 
                 19.5000000000                   5.5000000000               70951.9575030792 
                 19.5000000000                   6.0000000000               77639.2769158485 
                 19.5000000000                   6.5000000000               84508.0863502514 
                 19.5000000000                   7.0000000000               91661.5976941021 
                 19.5000000000                   7.5000000000               99193.8484897057 
                 19.5000000000                   8.0000000000              107325.5140940425 
                 19.5000000000                   8.5000000000              116341.5189797959 
                 19.5000000000                   9.0000000000              125969.6736804707 
                 19.5000000000                   9.5000000000              136033.3102437867 
                 19.5000000000                  10.0000000000              146852.8664895237 
                 19.5000000000                  10.5000000000              158671.6980199236 
                 19.5000000000                  11.0000000000              171257.4454241236 
                 19.5000000000                  11.5000000000              184325.2862020840 
                 19.5000000000                  12.0000000000              197982.2227185740 
                 19.5000000000                  12.5000000000              212293.3371139415 
                 19.5000000000                  13.0000000000              226904.8736703609 
                 19.5000000000                  13.5000000000              241526.2978078307 
                 19.5000000000                  14.0000000000              256256.3249292327 
                 19.5000000000                  14.5000000000              270902.2489375031 
                 19.5000000000                  15.0000000000              284875.4305177863 
                 19.5000000000                  15.5000000000              297937.6444113850 
                 19.5000000000                  16.0000000000              310429.2111838438 
                 19.5000000000                  16.5000000000              322841.3539123849 
                 19.5000000000                  17.0000000000              334744.5638660790 
                 19.5000000000                  17.5000000000              345281.7296796995 
                 19.5000000000                  18.0000000000              354509.1796383629 
                 19.5000000000                  18.5000000000              362455.3102515176 
                 19.5000000000                  19.0000000000              369151.9273911576 
                 19.5000000000                  19.5000000000              375133.5402975819 
                 19.5000000000                  20.0000000000              380786.1079833815 
                 19.5000000000                  20.5000000000              386224.3035736241 
                 19.5000000000                  21.0000000000              391854.1010454161 
                 19.5000000000                  21.5000000000              398267.1632079431 
                 19.5000000000                  22.0000000000              405707.4651670026 
                 19.5000000000                  22.5000000000              414457.2834760087 
                 19.5000000000                  23.0000000000              424544.7795412521 
                 19.5000000000                  23.5000000000              433275.6408140184 
                 19.5000000000                  24.0000000000              438970.2414442004 
                 19.5000000000                  24.5000000000              442757.1710192576 
                 19.5000000000                  25.0000000000              444920.2683603791 
                 19.5000000000                  25.5000000000              445526.5539114369 
                 19.5000000000                  26.0000000000              444831.8430497088 
                 19.5000000000                  26.5000000000              442964.2519765780 
                 19.5000000000                  27.0000000000              439976.7401176424 
                 19.5000000000                  27.5000000000              435931.7426223964 
                 19.5000000000                  28.0000000000              431019.6312185243 
                 19.5000000000                  28.5000000000              425473.1853903527 
                 19.5000000000                  29.0000000000              419508.0702958166 
                 19.5000000000                  29.5000000000              413198.5547098945 
                 19.5000000000                  30.0000000000              406459.4085904977 
                 19.5000000000                  30.5000000000              399317.4190101011 
                 19.5000000000                  31.0000000000              391886.2267559154 
                 19.5000000000                  31.5000000000              384042.1092732793 
                 19.5000000000                  32.0000000000              375465.2102210501 
                 19.5000000000                  32.5000000000              366055.8740211211 
                 19.5000000000                  33.0000000000              355847.2506009595 
                 19.5000000000                  33.5000000000              344884.1167168703 
                 19.5000000000                  34.0000000000              333289.2651922177 
                 19.5000000000                  34.5000000000              321064.4515756571 
                 19.5000000000                  35.0000000000              307983.7106464484 
                 19.5000000000                  35.5000000000              293840.2937106433 
                 19.5000000000                  36.0000000000              279311.1288261432 
                 19.5000000000                  36.5000000000              265018.3009911695 
                 19.5000000000                  37.0000000000              250880.2881503960 
                 19.5000000000                  37.5000000000              236971.9936895361 
                 19.5000000000                  38.0000000000              222714.1278742031 
                 19.5000000000                  38.5000000000              207664.8758165788 
                 19.5000000000                  39.0000000000              192390.0068850323 
                 19.5000000000                  39.5000000000              177013.6246826149 
                 19.5000000000                  40.0000000000              162619.4235605616 
                 19.5000000000                  40.5000000000              150484.9885161484 
                 19.5000000000                  41.0000000000              140238.7605007580 
                 19.5000000000                  41.5000000000              131481.1975831748 
                 19.5000000000                  42.0000000000              123716.5441741236 
                 19.5000000000                  42.5000000000              116367.2570117167 
                 19.5000000000                  43.0000000000              109304.0686620740 
                 19.5000000000                  43.5000000000              102550.2493125232 
                 19.5000000000                  44.0000000000               96103.0800237119 
                 19.5000000000                  44.5000000000               89984.8036769213 
                 19.5000000000                  45.0000000000               84209.6543211343 
                 19.5000000000                  45.5000000000               78806.3475650017 
                 19.5000000000                  46.0000000000               73709.6216652900 
                 19.5000000000                  46.5000000000               68633.7230053594 
                 19.5000000000                  47.0000000000               63404.7887934710 
                 19.5000000000                  47.5000000000               58044.8992764857 
                 19.5000000000                  48.0000000000               52451.9746084733 
                 19.5000000000                  48.5000000000               45653.9538720524 
                 19.5000000000                  49.0000000000               36232.8310346991 
                 19.5000000000                  49.5000000000               22477.4910788574 
                 19.5000000000                  50.0000000000                   0.0000000000 
                 20.0000000000                   0.0000000000                   0.0000000000 
                 20.0000000000                   0.5000000000                6359.2968329211 
                 20.0000000000                   1.0000000000               12779.3407677957 
                 20.0000000000                   1.5000000000               19272.8670414403 
                 20.0000000000                   2.0000000000               25861.7130218306 
                 20.0000000000                   2.5000000000               32481.7414265336 
                 20.0000000000                   3.0000000000               39040.4511337346 
                 20.0000000000                   3.5000000000               45533.0641661951 
                 20.0000000000                   4.0000000000               51947.2311603253 
                 20.0000000000                   4.5000000000               58337.3767623255 
                 20.0000000000                   5.0000000000               64825.8931714537 
                 20.0000000000                   5.5000000000               71467.9014464766 
                 20.0000000000                   6.0000000000               78321.8654330493 
                 20.0000000000                   6.5000000000               85491.7795518090 
                 20.0000000000                   7.0000000000               93036.0368668405 
                 20.0000000000                   7.5000000000              101018.2169687664 
                 20.0000000000                   8.0000000000              109641.8557075453 
                 20.0000000000                   8.5000000000              119068.3358393651 
                 20.0000000000                   9.0000000000              129046.7737406183 
                 20.0000000000                   9.5000000000              139479.7583934451 
                 20.0000000000                  10.0000000000              150680.2674939035 
                 20.0000000000                  10.5000000000              162939.5440697586 
                 20.0000000000                  11.0000000000              175959.2808535713 
                 20.0000000000                  11.5000000000              189400.6190054928 
                 20.0000000000                  12.0000000000              203392.3427397339 
                 20.0000000000                  12.5000000000              217938.0376862824 
                 20.0000000000                  13.0000000000              232795.8896300673 
                 20.0000000000                  13.5000000000              247781.3831789620 
                 20.0000000000                  14.0000000000              262919.8783325719 
                 20.0000000000                  14.5000000000              277957.6048520087 
                 20.0000000000                  15.0000000000              292339.8074773797 
                 20.0000000000                  15.5000000000              305926.4700166596 
                 20.0000000000                  16.0000000000              318993.5880546860 
                 20.0000000000                  16.5000000000              331953.6593058155 
                 20.0000000000                  17.0000000000              344212.6498483614 
                 20.0000000000                  17.5000000000              354773.6228978945 
                 20.0000000000                  18.0000000000              363833.1083823247 
                 20.0000000000                  18.5000000000              371510.8021031534 
                 20.0000000000                  19.0000000000              377858.8475708766 
                 20.0000000000                  19.5000000000              383508.2585978828 
                 20.0000000000                  20.0000000000              388908.8226701627 
                 20.0000000000                  20.5000000000              394294.3934952634 
                 20.0000000000                  21.0000000000              400443.2571148647 
                 20.0000000000                  21.5000000000              407957.0208941678 
                 20.0000000000                  22.0000000000              416742.2600779416 
                 20.0000000000                  22.5000000000              426862.7924845036 
                 20.0000000000                  23.0000000000              437897.2915590541 
                 20.0000000000                  23.5000000000              446753.5014435348 
                 20.0000000000                  24.0000000000              452043.1221264650 
                 20.0000000000                  24.5000000000              455117.8416478786 
                 20.0000000000                  25.0000000000              456378.7513460154 
                 20.0000000000                  25.5000000000              456116.2035788870 
                 20.0000000000                  26.0000000000              454558.7979693558 
                 20.0000000000                  26.5000000000              451887.3511208209 
                 20.0000000000                  27.0000000000              448245.7660318252 
                 20.0000000000                  27.5000000000              443652.3393866897 
                 20.0000000000                  28.0000000000              438171.1607686513 
                 20.0000000000                  28.5000000000              432014.0238126370 
                 20.0000000000                  29.0000000000              425389.1798760185 
                 20.0000000000                  29.5000000000              418466.6291842840 
                 20.0000000000                  30.0000000000              411329.9878062712 
                 20.0000000000                  30.5000000000              404008.1599687092 
                 20.0000000000                  31.0000000000              396621.0190402906 
                 20.0000000000                  31.5000000000              388969.6458221919 
                 20.0000000000                  32.0000000000              380408.0966071521 
                 20.0000000000                  32.5000000000              370656.8782702005 
                 20.0000000000                  33.0000000000              359654.2765937194 
                 20.0000000000                  33.5000000000              347441.6273098105 
                 20.0000000000                  34.0000000000              334631.6845511522 
                 20.0000000000                  34.5000000000              321598.0765557219 
                 20.0000000000                  35.0000000000              308217.4979199081 
                 20.0000000000                  35.5000000000              294376.7288080455 
                 20.0000000000                  36.0000000000              280270.2372128136 
                 20.0000000000                  36.5000000000              266124.3487975736 
                 20.0000000000                  37.0000000000              251901.7205131798 
                 20.0000000000                  37.5000000000              237611.9337005599 
                 20.0000000000                  38.0000000000              222949.4084165528 
                 20.0000000000                  38.5000000000              207726.5815220285 
                 20.0000000000                  39.0000000000              192460.5061130796 
                 20.0000000000                  39.5000000000              177452.3332541351 
                 20.0000000000                  40.0000000000              163498.6150074079 
                 20.0000000000                  40.5000000000              151442.6214657932 
                 20.0000000000                  41.0000000000              141016.8770221095 
                 20.0000000000                  41.5000000000              131882.4216461702 
                 20.0000000000                  42.0000000000              123710.3611663007 
                 20.0000000000                  42.5000000000              116175.0763331455 
                 20.0000000000                  43.0000000000              109152.9188910875 
                 20.0000000000                  43.5000000000              102630.6458513238 
                 20.0000000000                  44.0000000000               96541.1306009341 
                 20.0000000000                  44.5000000000               90757.0397237440 
                 20.0000000000                  45.0000000000               85251.9394424717 
                 20.0000000000                  45.5000000000               80083.7482224571 
                 20.0000000000                  46.0000000000               75186.4953287292 
                 20.0000000000                  46.5000000000               70255.7155584781 
                 20.0000000000                  47.0000000000               65099.3358494460 
                 20.0000000000                  47.5000000000               59739.6050589102 
                 20.0000000000                  48.0000000000               54095.1612101558 
                 20.0000000000                  48.5000000000               47228.6396792137 
                 20.0000000000                  49.0000000000               37728.8809763086 
                 20.0000000000                  49.5000000000               23779.0759752821 
                 20.0000000000                  50.0000000000                   0.0000000000 
                 20.5000000000                   0.0000000000                   0.0000000000 
                 20.5000000000                   0.5000000000                6362.6323284672 
                 20.5000000000                   1.0000000000               12804.4685205346 
                 20.5000000000                   1.5000000000               19335.2606076641 
                 20.5000000000                   2.0000000000               25985.8200914594 
                 20.5000000000                   2.5000000000               32681.1192065223 
                 20.5000000000                   3.0000000000               39308.2823356026 
                 20.5000000000                   3.5000000000               45866.1690249284 
                 20.5000000000                   4.0000000000               52338.5841510813 
                 20.5000000000                   4.5000000000               58787.9747431340 
                 20.5000000000                   5.0000000000               65367.1584082410 
                 20.5000000000                   5.5000000000               72141.1530588696 
                 20.5000000000                   6.0000000000               79240.8862182938 
                 20.5000000000                   6.5000000000               86867.5200669459 
                 20.5000000000                   7.0000000000               94944.0340014315 
                 20.5000000000                   7.5000000000              103439.8387559503 
                 20.5000000000                   8.0000000000              112542.1979412834 
                 20.5000000000                   8.5000000000              122278.7617981941 
                 20.5000000000                   9.0000000000              132515.9361549282 
                 20.5000000000                   9.5000000000              143258.3689970973 
                 20.5000000000                  10.0000000000              154745.6654348669 
                 20.5000000000                  10.5000000000              167259.9427493636 
                 20.5000000000                  11.0000000000              180448.3960548168 
                 20.5000000000                  11.5000000000              194010.8536196912 
                 20.5000000000                  12.0000000000              208164.6312962267 
                 20.5000000000                  12.5000000000              222882.7440098620 
                 20.5000000000                  13.0000000000              238034.6383764112 
                 20.5000000000                  13.5000000000              253522.5221127875 
                 20.5000000000                  14.0000000000              269201.2232722801 
                 20.5000000000                  14.5000000000              284687.6017644075 
                 20.5000000000                  15.0000000000              299537.6737058691 
                 20.5000000000                  15.5000000000              313685.0193562984 
                 20.5000000000                  16.0000000000              327272.5988466319 
                 20.5000000000                  16.5000000000              340663.9139057248 
                 20.5000000000                  17.0000000000              353104.0666825588 
                 20.5000000000                  17.5000000000              363551.9905794013 
                 20.5000000000                  18.0000000000              372443.3691031610 
                 20.5000000000                  18.5000000000              379950.7269556053 
                 20.5000000000                  19.0000000000              386165.0738128540 
                 20.5000000000                  19.5000000000              391877.6804755804 
                 20.5000000000                  20.0000000000              397593.1265085865 
                 20.5000000000                  20.5000000000              403671.1756558963 
                 20.5000000000                  21.0000000000              411220.6903123322 
                 20.5000000000                  21.5000000000              420455.5026073442 
                 20.5000000000                  22.0000000000              430700.6125182760 
                 20.5000000000                  22.5000000000              441859.8795494402 
                 20.5000000000                  23.0000000000              452937.1461409954 
                 20.5000000000                  23.5000000000              461057.6178846069 
                 20.5000000000                  24.0000000000              465441.4197169753 
                 20.5000000000                  24.5000000000              467145.2270910725 
                 20.5000000000                  25.0000000000              467054.0492549358 
                 20.5000000000                  25.5000000000              465823.6385899778 
                 20.5000000000                  26.0000000000              463342.9144603543 
                 20.5000000000                  26.5000000000              459819.7991491794 
                 20.5000000000                  27.0000000000              455471.1521406382 
                 20.5000000000                  27.5000000000              450336.4668344763 
                 20.5000000000                  28.0000000000              444398.1031638229 
                 20.5000000000                  28.5000000000              437782.2487766381 
                 20.5000000000                  29.0000000000              430535.5390439516 
                 20.5000000000                  29.5000000000              422926.2647332767 
                 20.5000000000                  30.0000000000              415310.1357835471 
                 20.5000000000                  30.5000000000              407732.4826216768 
                 20.5000000000                  31.0000000000              400306.5102085561 
                 20.5000000000                  31.5000000000              392772.5746013150 
                 20.5000000000                  32.0000000000              384187.5366771728 
                 20.5000000000                  32.5000000000              374079.6538686000 
                 20.5000000000                  33.0000000000              362249.3222182096 
                 20.5000000000                  33.5000000000              348684.8888423634 
                 20.5000000000                  34.0000000000              334598.5117247737 
                 20.5000000000                  34.5000000000              320838.5570101519 
                 20.5000000000                  35.0000000000              307282.8968045267 
                 20.5000000000                  35.5000000000              293865.5606219671 
                 20.5000000000                  36.0000000000              280316.9814185983 
                 20.5000000000                  36.5000000000              266404.5089714241 
                 20.5000000000                  37.0000000000              252071.7504843277 
                 20.5000000000                  37.5000000000              237256.0274918736 
                 20.5000000000                  38.0000000000              222013.1561444788 
                 20.5000000000                  38.5000000000              206553.3584198999 
                 20.5000000000                  39.0000000000              191399.0580687142 
                 20.5000000000                  39.5000000000              176974.3827490580 
                 20.5000000000                  40.0000000000              163707.9648202363 
                 20.5000000000                  40.5000000000              151955.9519502191 
                 20.5000000000                  41.0000000000              141517.0508311245 
                 20.5000000000                  41.5000000000              132093.8642324894 
                 20.5000000000                  42.0000000000              123554.3400745363 
                 20.5000000000                  42.5000000000              115867.2205395130 
                 20.5000000000                  43.0000000000              108900.4513584534 
                 20.5000000000                  43.5000000000              102590.0266043551 
                 20.5000000000                  44.0000000000               96813.3631230671 
                 20.5000000000                  44.5000000000               91318.3982551706 
                 20.5000000000                  45.0000000000               86053.0428314964 
                 20.5000000000                  45.5000000000               81103.2766069161 
                 20.5000000000                  46.0000000000               76398.9756419567 
                 20.5000000000                  46.5000000000               71610.6986794975 
                 20.5000000000                  47.0000000000               66520.1688099414 
                 20.5000000000                  47.5000000000               61141.6376677179 
                 20.5000000000                  48.0000000000               55413.6959503520 
                 20.5000000000                  48.5000000000               48453.5917141609 
                 20.5000000000                  49.0000000000               38886.4190390788 
                 20.5000000000                  49.5000000000               24902.2695997911 
                 20.5000000000                  50.0000000000                   0.0000000000 
                 21.0000000000                   0.0000000000                   0.0000000000 
                 21.0000000000                   0.5000000000                6370.1781889455 
                 21.0000000000                   1.0000000000               12832.5517376845 
                 21.0000000000                   1.5000000000               19395.6965688720 
                 21.0000000000                   2.0000000000               26094.7740445426 
                 21.0000000000                   2.5000000000               32854.6132504382 
                 21.0000000000                   3.0000000000               39557.1610831161 
                 21.0000000000                   3.5000000000               46203.0715748304 
                 21.0000000000                   4.0000000000               52777.5923613590 
                 21.0000000000                   4.5000000000               59355.3702064976 
                 21.0000000000                   5.0000000000               66116.8364983771 
                 21.0000000000                   5.5000000000               73144.6013202718 
                 21.0000000000                   6.0000000000               80652.9482172550 
                 21.0000000000                   6.5000000000               88857.0846834718 
                 21.0000000000                   7.0000000000               97475.6033494592 
                 21.0000000000                   7.5000000000              106404.4476511189 
                 21.0000000000                   8.0000000000              115839.1480522656 
                 21.0000000000                   8.5000000000              125788.7921045608 
                 21.0000000000                   9.0000000000              136247.9022435480 
                 21.0000000000                   9.5000000000              147231.9551294715 
                 21.0000000000                  10.0000000000              158848.2017104123 
                 21.0000000000                  10.5000000000              171239.0030754017 
                 21.0000000000                  11.0000000000              184194.1943806536 
                 21.0000000000                  11.5000000000              197658.1705131654 
                 21.0000000000                  12.0000000000              211886.3811633076 
                 21.0000000000                  12.5000000000              226906.3384966462 
                 21.0000000000                  13.0000000000              242602.1098710735 
                 21.0000000000                  13.5000000000              258753.9542061140 
                 21.0000000000                  14.0000000000              274975.7887421296 
                 21.0000000000                  14.5000000000              290928.8462246654 
                 21.0000000000                  15.0000000000              306367.6815343035 
                 21.0000000000                  15.5000000000              321109.1160139852 
                 21.0000000000                  16.0000000000              335160.1935294567 
                 21.0000000000                  16.5000000000              348782.5057819423 
                 21.0000000000                  17.0000000000              361142.3118378293 
                 21.0000000000                  17.5000000000              371381.0242358712 
                 21.0000000000                  18.0000000000              380123.3366626709 
                 21.0000000000                  18.5000000000              387558.8417922929 
                 21.0000000000                  19.0000000000              393946.4181183118 
                 21.0000000000                  19.5000000000              400352.8002231452 
                 21.0000000000                  20.0000000000              407384.4224797256 
                 21.0000000000                  20.5000000000              415576.1849028398 
                 21.0000000000                  21.0000000000              425812.9566463431 
                 21.0000000000                  21.5000000000              437243.9816959273 
                 21.0000000000                  22.0000000000              448733.3756297806 
                 21.0000000000                  22.5000000000              460171.6444011588 
                 21.0000000000                  23.0000000000              470172.3215885609 
                 21.0000000000                  23.5000000000              476449.6836463467 
                 21.0000000000                  24.0000000000              479067.6284074049 
                 21.0000000000                  24.5000000000              479311.3573608238 
                 21.0000000000                  25.0000000000              477956.8746746341 
                 21.0000000000                  25.5000000000              475524.5726526600 
                 21.0000000000                  26.0000000000              471915.9493252386 
                 21.0000000000                  26.5000000000              467355.3974764287 
                 21.0000000000                  27.0000000000              462118.0894526458 
                 21.0000000000                  27.5000000000              456160.3743346720 
                 21.0000000000                  28.0000000000              449489.9850410497 
                 21.0000000000                  28.5000000000              442307.5494908135 
                 21.0000000000                  29.0000000000              434542.9573784571 
                 21.0000000000                  29.5000000000              426356.0718069554 
                 21.0000000000                  30.0000000000              418285.0411851789 
                 21.0000000000                  30.5000000000              410458.1760058552 
                 21.0000000000                  31.0000000000              402923.6631888746 
                 21.0000000000                  31.5000000000              395361.6479039017 
                 21.0000000000                  32.0000000000              386620.8727066570 
                 21.0000000000                  32.5000000000              376044.0574036228 
                 21.0000000000                  33.0000000000              363225.7906284807 
                 21.0000000000                  33.5000000000              348159.0089961675 
                 21.0000000000                  34.0000000000              332779.7334976454 
                 21.0000000000                  34.5000000000              318394.8504267485 
                 21.0000000000                  35.0000000000              304872.9506756971 
                 21.0000000000                  35.5000000000              292097.0895889793 
                 21.0000000000                  36.0000000000              279217.3329985124 
                 21.0000000000                  36.5000000000              265593.9986976063 
                 21.0000000000                  37.0000000000              251148.4131432496 
                 21.0000000000                  37.5000000000              235695.4032293783 
                 21.0000000000                  38.0000000000              219765.8230253585 
                 21.0000000000                  38.5000000000              204101.9158629665 
                 21.0000000000                  39.0000000000              189196.9889109019 
                 21.0000000000                  39.5000000000              175531.0594118226 
                 21.0000000000                  40.0000000000              163145.2407692320 
                 21.0000000000                  40.5000000000              151898.0197740502 
                 21.0000000000                  41.0000000000              141631.6707858566 
                 21.0000000000                  41.5000000000              132108.8511384618 
                 21.0000000000                  42.0000000000              123362.8952844068 
                 21.0000000000                  42.5000000000              115594.5896511456 
                 21.0000000000                  43.0000000000              108683.0136131279 
                 21.0000000000                  43.5000000000              102526.9042451094 
                 21.0000000000                  44.0000000000               96969.2144531839 
                 21.0000000000                  44.5000000000               91690.8663795020 
                 21.0000000000                  45.0000000000               86624.7626143422 
                 21.0000000000                  45.5000000000               81874.7469804186 
                 21.0000000000                  46.0000000000               77367.0926429357 
                 21.0000000000                  46.5000000000               72729.7086268227 
                 21.0000000000                  47.0000000000               67699.6879752038 
                 21.0000000000                  47.5000000000               62255.1599702199 
                 21.0000000000                  48.0000000000               56310.3630142224 
                 21.0000000000                  48.5000000000               49075.2854262846 
                 21.0000000000                  49.0000000000               39271.0397241555 
                 21.0000000000                  49.5000000000               25123.9841587194 
                 21.0000000000                  50.0000000000                   0.0000000000 
                 21.5000000000                   0.0000000000                   0.0000000000 
                 21.5000000000                   0.5000000000                6389.3636826328 
                 21.5000000000                   1.0000000000               12876.7369443688 
                 21.5000000000                   1.5000000000               19470.0064995184 
                 21.5000000000                   2.0000000000               26199.9190558803 
                 21.5000000000                   2.5000000000               33005.4631812228 
                 21.5000000000                   3.0000000000               39786.7785377470 
                 21.5000000000                   3.5000000000               46544.8619491682 
                 21.5000000000                   4.0000000000               53275.6968588889 
                 21.5000000000                   4.5000000000               60063.3947249645 
                 21.5000000000                   5.0000000000               67090.2496657530 
                 21.5000000000                   5.5000000000               74457.7616768346 
                 21.5000000000                   6.0000000000               82387.5412179457 
                 21.5000000000                   6.5000000000               90993.2086706786 
                 21.5000000000                   7.0000000000               99938.4380454721 
                 21.5000000000                   7.5000000000              109136.3087354293 
                 21.5000000000                   8.0000000000              118775.4996080138 
                 21.5000000000                   8.5000000000              128910.3489350447 
                 21.5000000000                   9.0000000000              139528.3653574019 
                 21.5000000000                   9.5000000000              150589.5190913944 
                 21.5000000000                  10.0000000000              162106.4160863376 
                 21.5000000000                  10.5000000000              174089.8552813033 
                 21.5000000000                  11.0000000000              186639.6037339214 
                 21.5000000000                  11.5000000000              199984.5329450765 
                 21.5000000000                  12.0000000000              214349.0566036885 
                 21.5000000000                  12.5000000000              229946.0512857160 
                 21.5000000000                  13.0000000000              246484.7875662390 
                 21.5000000000                  13.5000000000              263292.9864893458 
                 21.5000000000                  14.0000000000              279930.9417300533 
                 21.5000000000                  14.5000000000              296410.0227082787 
                 21.5000000000                  15.0000000000              312505.6596687631 
                 21.5000000000                  15.5000000000              327756.5729317309 
                 21.5000000000                  16.0000000000              342163.5236565465 
                 21.5000000000                  16.5000000000              355833.6763422691 
                 21.5000000000                  17.0000000000              368066.8727922243 
                 21.5000000000                  17.5000000000              378316.5070879129 
                 21.5000000000                  18.0000000000              387166.2440248681 
                 21.5000000000                  18.5000000000              394827.7362403105 
                 21.5000000000                  19.0000000000              401788.8085685840 
                 21.5000000000                  19.5000000000              409379.0502984306 
                 21.5000000000                  20.0000000000              418305.2789746522 
                 21.5000000000                  20.5000000000              429162.8638991643 
                 21.5000000000                  21.0000000000              442320.6718878065 
                 21.5000000000                  21.5000000000              456050.9532479082 
                 21.5000000000                  22.0000000000              469052.2088510982 
                 21.5000000000                  22.5000000000              481156.5936709148 
                 21.5000000000                  23.0000000000              490642.7525188653 
                 21.5000000000                  23.5000000000              495234.6215610608 
                 21.5000000000                  24.0000000000              495718.6267264367 
                 21.5000000000                  24.5000000000              494822.7867951221 
                 21.5000000000                  25.0000000000              492486.5131578147 
                 21.5000000000                  25.5000000000              488276.5358614939 
                 21.5000000000                  26.0000000000              483245.0302592881 
                 21.5000000000                  26.5000000000              477371.6330090795 
                 21.5000000000                  27.0000000000              470616.6553707821 
                 21.5000000000                  27.5000000000              463267.9321432674 
                 21.5000000000                  28.0000000000              455271.0359103323 
                 21.5000000000                  28.5000000000              446933.7668338938 
                 21.5000000000                  29.0000000000              438271.0677841711 
                 21.5000000000                  29.5000000000              429350.4463813412 
                 21.5000000000                  30.0000000000              420796.7775804762 
                 21.5000000000                  30.5000000000              412721.5975474235 
                 21.5000000000                  31.0000000000              404984.7282783049 
                 21.5000000000                  31.5000000000              397142.3659264657 
                 21.5000000000                  32.0000000000              387915.6413624167 
                 21.5000000000                  32.5000000000              376505.0930103001 
                 21.5000000000                  33.0000000000              362233.7740222868 
                 21.5000000000                  33.5000000000              345227.0002976054 
                 21.5000000000                  34.0000000000              328505.8177769849 
                 21.5000000000                  34.5000000000              313852.8837555546 
                 21.5000000000                  35.0000000000              300772.6531591334 
                 21.5000000000                  35.5000000000              288919.6148194522 
                 21.5000000000                  36.0000000000              276868.8583830660 
                 21.5000000000                  36.5000000000              263595.7257071388 
                 21.5000000000                  37.0000000000              249037.6163228511 
                 21.5000000000                  37.5000000000              232908.8089570922 
                 21.5000000000                  38.0000000000              216316.1533164163 
                 21.5000000000                  38.5000000000              200586.4415936012 
                 21.5000000000                  39.0000000000              186083.3634754044 
                 21.5000000000                  39.5000000000              173270.2460447564 
                 21.5000000000                  40.0000000000              161836.8542104540 
                 21.5000000000                  40.5000000000              151207.4201441952 
                 21.5000000000                  41.0000000000              141264.1911171986 
                 21.5000000000                  41.5000000000              131864.7007213097 
                 21.5000000000                  42.0000000000              123132.7901903312 
                 21.5000000000                  42.5000000000              115371.1167068840 
                 21.5000000000                  43.0000000000              108506.5955856671 
                 21.5000000000                  43.5000000000              102434.9916111250 
                 21.5000000000                  44.0000000000               96991.0802359806 
                 21.5000000000                  44.5000000000               91852.0772070343 
                 21.5000000000                  45.0000000000               86943.2176100010 
                 21.5000000000                  45.5000000000               82376.2524369865 
                 21.5000000000                  46.0000000000               78080.6411734764 
                 21.5000000000                  46.5000000000               73622.7024369926 
                 21.5000000000                  47.0000000000               68670.7022788769 
                 21.5000000000                  47.5000000000               63120.0118842220 
                 21.5000000000                  48.0000000000               56752.6046706770 
                 21.5000000000                  48.5000000000               48939.6143085820 
                 21.5000000000                  49.0000000000               38619.3118957275 
                 21.5000000000                  49.5000000000               24046.5711267388 
                 21.5000000000                  50.0000000000                   0.0000000000 
                 22.0000000000                   0.0000000000                   0.0000000000 
                 22.0000000000                   0.5000000000                6420.9838701282 
                 22.0000000000                   1.0000000000               12941.3923000839 
                 22.0000000000                   1.5000000000               19565.9065365490 
                 22.0000000000                   2.0000000000               26318.2588579289 
                 22.0000000000                   2.5000000000               33158.1475156574 
                 22.0000000000                   3.0000000000               40017.0558912060 
                 22.0000000000                   3.5000000000               46903.0934090082 
                 22.0000000000                   4.0000000000               53832.4506904333 
                 22.0000000000                   4.5000000000               60887.3537718618 
                 22.0000000000                   5.0000000000               68212.7365272628 
                 22.0000000000                   5.5000000000               75898.6880139503 
                 22.0000000000                   6.0000000000               84096.0383447816 
                 22.0000000000                   6.5000000000               92838.2792242675 
                 22.0000000000                   7.0000000000              101898.0545431414 
                 22.0000000000                   7.5000000000              111243.8515354047 
                 22.0000000000                   8.0000000000              121030.6451315088 
                 22.0000000000                   8.5000000000              131311.1118252355 
                 22.0000000000                   9.0000000000              141995.5025173435 
                 22.0000000000                   9.5000000000              153002.1272010287 
                 22.0000000000                  10.0000000000              164313.2516688493 
                 22.0000000000                  10.5000000000              175910.9950293688 
                 22.0000000000                  11.0000000000              188126.8946774343 
                 22.0000000000                  11.5000000000              201372.4618570175 
                 22.0000000000                  12.0000000000              215902.4173495239 
                 22.0000000000                  12.5000000000              232198.1196054711 
                 22.0000000000                  13.0000000000              249627.8102999382 
                 22.0000000000                  13.5000000000              266947.9576563689 
                 22.0000000000                  14.0000000000              283971.2816823519 
                 22.0000000000                  14.5000000000              301048.3741398228 
                 22.0000000000                  15.0000000000              317753.2618884891 
                 22.0000000000                  15.5000000000              333429.8848788247 
                 22.0000000000                  16.0000000000              348110.2379685272 
                 22.0000000000                  16.5000000000              361784.4136192994 
                 22.0000000000                  17.0000000000              374036.6523450345 
                 22.0000000000                  17.5000000000              384615.3194592313 
                 22.0000000000                  18.0000000000              393955.4584123833 
                 22.0000000000                  18.5000000000              402269.2414629629 
                 22.0000000000                  19.0000000000              410231.0244764583 
                 22.0000000000                  19.5000000000              419317.4866438315 
                 22.0000000000                  20.0000000000              430256.2278424739 
                 22.0000000000                  20.5000000000              443506.9743207808 
                 22.0000000000                  21.0000000000              459062.8489796706 
                 22.0000000000                  21.5000000000              475128.5797479678 
                 22.0000000000                  22.0000000000              490529.0722613118 
                 22.0000000000                  22.5000000000              505044.1745682524 
                 22.0000000000                  23.0000000000              516498.6711887314 
                 22.0000000000                  23.5000000000              521689.5829561719 
                 22.0000000000                  24.0000000000              520973.4212845273 
                 22.0000000000                  24.5000000000              517690.7072859360 
                 22.0000000000                  25.0000000000              512927.3863969740 
                 22.0000000000                  25.5000000000              506718.3610912794 
                 22.0000000000                  26.0000000000              499430.2360902265 
                 22.0000000000                  26.5000000000              491369.1547655251 
                 22.0000000000                  27.0000000000              482773.4814051728 
                 22.0000000000                  27.5000000000              473260.1179245656 
                 22.0000000000                  28.0000000000              463106.4321927006 
                 22.0000000000                  28.5000000000              452967.1614339103 
                 22.0000000000                  29.0000000000              442733.5925406871 
                 22.0000000000                  29.5000000000              432570.5837242826 
                 22.0000000000                  30.0000000000              423377.5246445589 
                 22.0000000000                  30.5000000000              415005.6073712217 
                 22.0000000000                  31.0000000000              406862.6652825406 
                 22.0000000000                  31.5000000000              398357.6097997243 
                 22.0000000000                  32.0000000000              388147.6770055458 
                 22.0000000000                  32.5000000000              375376.7308643258 
                 22.0000000000                  33.0000000000              358987.8383855814 
                 22.0000000000                  33.5000000000              339475.3402378883 
                 22.0000000000                  34.0000000000              321599.7156462839 
                 22.0000000000                  34.5000000000              307269.5071536909 
                 22.0000000000                  35.0000000000              295065.8024038212 
                 22.0000000000                  35.5000000000              284436.8601474016 
                 22.0000000000                  36.0000000000              273372.1759954479 
                 22.0000000000                  36.5000000000              260528.5946763545 
                 22.0000000000                  37.0000000000              245920.6864546496 
                 22.0000000000                  37.5000000000              229182.9476533138 
                 22.0000000000                  38.0000000000              212033.3586824269 
                 22.0000000000                  38.5000000000              196370.3113792826 
                 22.0000000000                  39.0000000000              182380.3995193567 
                 22.0000000000                  39.5000000000              170434.2093836821 
                 22.0000000000                  40.0000000000              159900.1064516023 
                 22.0000000000                  40.5000000000              149896.9170307794 
                 22.0000000000                  41.0000000000              140358.0655046347 
                 22.0000000000                  41.5000000000              131223.9225256116 
                 22.0000000000                  42.0000000000              122655.8500119657 
                 22.0000000000                  42.5000000000              114986.1057481686 
                 22.0000000000                  43.0000000000              108184.2713688748 
                 22.0000000000                  43.5000000000              102161.5667457941 
                 22.0000000000                  44.0000000000               96766.9874851826 
                 22.0000000000                  44.5000000000               91705.0650370089 
                 22.0000000000                  45.0000000000               86905.7498491496 
                 22.0000000000                  45.5000000000               82491.4318885876 
                 22.0000000000                  46.0000000000               78402.9309029510 
                 22.0000000000                  46.5000000000               74142.7622922099 
                 22.0000000000                  47.0000000000               69301.2508068463 
                 22.0000000000                  47.5000000000               63640.6783773067 
                 22.0000000000                  48.0000000000               56680.2873568626 
                 22.0000000000                  48.5000000000               48035.1516159250 
                 22.0000000000                  49.0000000000               37028.3766453844 
                 22.0000000000                  49.5000000000               22114.2309937292 
                 22.0000000000                  50.0000000000                   0.0000000000 
                 22.5000000000                   0.0000000000                   0.0000000000 
                 22.5000000000                   0.5000000000                6468.5103045351 
                 22.5000000000                   1.0000000000               13034.5535452009 
                 22.5000000000                   1.5000000000               19696.9096298521 
                 22.5000000000                   2.0000000000               26471.9176001164 
                 22.5000000000                   2.5000000000               33340.9933194822 
                 22.5000000000                   3.0000000000               40273.2696905236 
                 22.5000000000                   3.5000000000               47290.6089523218 
                 22.5000000000                   4.0000000000               54443.9479178502 
                 22.5000000000                   4.5000000000               61802.0038478223 
                 22.5000000000                   5.0000000000               69425.3380774185 
                 22.5000000000                   5.5000000000               77368.0440127324 
                 22.5000000000                   6.0000000000               85713.0888454052 
                 22.5000000000                   6.5000000000               94460.2360436623 
                 22.5000000000                   7.0000000000              103520.5406992226 
                 22.5000000000                   7.5000000000              112917.1649921963 
                 22.5000000000                   8.0000000000              122769.7748429744 
                 22.5000000000                   8.5000000000              133119.0776539211 
                 22.5000000000                   9.0000000000              143810.6150461969 
                 22.5000000000                   9.5000000000              154734.0623949884 
                 22.5000000000                  10.0000000000              165869.2316377970 
                 22.5000000000                  10.5000000000              177188.8081137286 
                 22.5000000000                  11.0000000000              189158.1253087508 
                 22.5000000000                  11.5000000000              202305.4311686750 
                 22.5000000000                  12.0000000000              216951.4086493017 
                 22.5000000000                  12.5000000000              233857.9469221382 
                 22.5000000000                  13.0000000000              252035.7834015932 
                 22.5000000000                  13.5000000000              269812.0376940488 
                 22.5000000000                  14.0000000000              287280.2776531660 
                 22.5000000000                  14.5000000000              304933.5312863726 
                 22.5000000000                  15.0000000000              322180.1508227767 
                 22.5000000000                  15.5000000000              338225.2291984358 
                 22.5000000000                  16.0000000000              353139.7499903832 
                 22.5000000000                  16.5000000000              366885.6340902309 
                 22.5000000000                  17.0000000000              379320.9487050633 
                 22.5000000000                  17.5000000000              390491.7938187613 
                 22.5000000000                  18.0000000000              400684.4774541256 
                 22.5000000000                  18.5000000000              410091.7881349117 
                 22.5000000000                  19.0000000000              419544.7838122704 
                 22.5000000000                  19.5000000000              430476.1208619708 
                 22.5000000000                  20.0000000000              443537.9632734337 
                 22.5000000000                  20.5000000000              459032.0313400475 
                 22.5000000000                  21.0000000000              476690.0915816942 
                 22.5000000000                  21.5000000000              495187.8495408457 
                 22.5000000000                  22.0000000000              513950.9228672883 
                 22.5000000000                  22.5000000000              533043.2657273752 
                 22.5000000000                  23.0000000000              550640.0349812262 
                 22.5000000000                  23.5000000000              562737.1560167790 
                 22.5000000000                  24.0000000000              567746.2105601976 
                 22.5000000000                  24.5000000000              567106.2505398131 
                 22.5000000000                  25.0000000000              561892.5390015237 
                 22.5000000000                  25.5000000000              550908.2337719400 
                 22.5000000000                  26.0000000000              535436.7880571503 
                 22.5000000000                  26.5000000000              518335.2889755307 
                 22.5000000000                  27.0000000000              502388.6605440727 
                 22.5000000000                  27.5000000000              488337.0699042330 
                 22.5000000000                  28.0000000000              474544.4623923432 
                 22.5000000000                  28.5000000000              461733.4860813516 
                 22.5000000000                  29.0000000000              449164.5158201619 
                 22.5000000000                  29.5000000000              436963.2798125812 
                 22.5000000000                  30.0000000000              426613.5782717366 
                 22.5000000000                  30.5000000000              417521.1488172017 
                 22.5000000000                  31.0000000000              408506.8124314473 
                 22.5000000000                  31.5000000000              398690.7885698752 
                 22.5000000000                  32.0000000000              386819.0920908162 
                 22.5000000000                  32.5000000000              372038.9181428484 
                 22.5000000000                  33.0000000000              352679.4256178590 
                 22.5000000000                  33.5000000000              330475.7252127616 
                 22.5000000000                  34.0000000000              312173.0762113776 
                 22.5000000000                  34.5000000000              298935.7026463628 
                 22.5000000000                  35.0000000000              288201.3603945037 
                 22.5000000000                  35.5000000000              278998.9031814584 
                 22.5000000000                  36.0000000000              268882.8213441788 
                 22.5000000000                  36.5000000000              256481.3874787252 
                 22.5000000000                  37.0000000000              241909.5164230463 
                 22.5000000000                  37.5000000000              224687.7839170762 
                 22.5000000000                  38.0000000000              207161.2066430009 
                 22.5000000000                  38.5000000000              191748.5339958917 
                 22.5000000000                  39.0000000000              178353.6066762908 
                 22.5000000000                  39.5000000000              167205.1532840406 
                 22.5000000000                  40.0000000000              157430.1223235738 
                 22.5000000000                  40.5000000000              147980.2696072107 
                 22.5000000000                  41.0000000000              138855.0800041662 
                 22.5000000000                  41.5000000000              130053.0251979767 
                 22.5000000000                  42.0000000000              121739.6385794930 
                 22.5000000000                  42.5000000000              114236.6268477848 
                 22.5000000000                  43.0000000000              107530.3431150300 
                 22.5000000000                  43.5000000000              101545.3374548272 
                 22.5000000000                  44.0000000000               96156.4571631931 
                 22.5000000000                  44.5000000000               91112.5173073960 
                 22.5000000000                  45.0000000000               86359.0529790742 
                 22.5000000000                  45.5000000000               82031.7239684300 
                 22.5000000000                  46.0000000000               78091.2405068403 
                 22.5000000000                  46.5000000000               73987.0582695675 
                 22.5000000000                  47.0000000000               69253.6802819167 
                 22.5000000000                  47.5000000000               63548.8001853632 
                 22.5000000000                  48.0000000000               55882.7299953843 
                 22.5000000000                  48.5000000000               46263.8430942476 
                 22.5000000000                  49.0000000000               34674.8680181840 
                 22.5000000000                  49.5000000000               19726.9563154377 
                 22.5000000000                  50.0000000000                   0.0000000000 
                 23.0000000000                   0.0000000000                   0.0000000000 
                 23.0000000000                   0.5000000000                6543.0154852190 
                 23.0000000000                   1.0000000000               13174.1254916433 
                 23.0000000000                   1.5000000000               19887.2074023004 
                 23.0000000000                   2.0000000000               26690.1623656059 
                 23.0000000000                   2.5000000000               33586.9471604020 
                 23.0000000000                   3.0000000000               40590.5418572499 
                 23.0000000000                   3.5000000000               47740.7752165282 
                 23.0000000000                   4.0000000000               55125.3075630967 
                 23.0000000000                   4.5000000000               62779.4703708543 
                 23.0000000000                   5.0000000000               70652.0616458962 
                 23.0000000000                   5.5000000000               78758.5680517112 
                 23.0000000000                   6.0000000000               87143.3224305465 
                 23.0000000000                   6.5000000000               95817.4697056952 
                 23.0000000000                   7.0000000000              104815.7444417309 
                 23.0000000000                   7.5000000000              114194.8234522007 
                 23.0000000000                   8.0000000000              124041.5077983460 
                 23.0000000000                   8.5000000000              134380.8602124937 
                 23.0000000000                   9.0000000000              145030.9051685314 
                 23.0000000000                   9.5000000000              155876.0034960302 
                 23.0000000000                  10.0000000000              166898.4039025907 
                 23.0000000000                  10.5000000000              178075.0768539229 
                 23.0000000000                  11.0000000000              189926.5018438669 
                 23.0000000000                  11.5000000000              203038.5102773169 
                 23.0000000000                  12.0000000000              217780.6384001022 
                 23.0000000000                  12.5000000000              235101.8048535892 
                 23.0000000000                  13.0000000000              253879.5263746983 
                 23.0000000000                  13.5000000000              272177.2375673892 
                 23.0000000000                  14.0000000000              290087.5901100230 
                 23.0000000000                  14.5000000000              308133.8426715030 
                 23.0000000000                  15.0000000000              325721.6056591243 
                 23.0000000000                  15.5000000000              342026.2517341328 
                 23.0000000000                  16.0000000000              357199.8934500096 
                 23.0000000000                  16.5000000000              371224.1533302519 
                 23.0000000000                  17.0000000000              384156.3490088829 
                 23.0000000000                  17.5000000000              396266.7928863154 
                 23.0000000000                  18.0000000000              407750.8496141473 
                 23.0000000000                  18.5000000000              418794.1316861799 
                 23.0000000000                  19.0000000000              430132.1341603742 
                 23.0000000000                  19.5000000000              442958.7469329910 
                 23.0000000000                  20.0000000000              457901.5158260054 
                 23.0000000000                  20.5000000000              475166.9708212535 
                 23.0000000000                  21.0000000000              494628.9527661927 
                 23.0000000000                  21.5000000000              515825.9382294307 
                 23.0000000000                  22.0000000000              538872.1314750032 
                 23.0000000000                  22.5000000000              564562.4999064985 
                 23.0000000000                  23.0000000000              593389.4339854787 
                 23.0000000000                  23.5000000000              618621.9735508247 
                 23.0000000000                  24.0000000000              634089.1592112341 
                 23.0000000000                  24.5000000000              641300.7016195301 
                 23.0000000000                  25.0000000000              641061.3167420691 
                 23.0000000000                  25.5000000000              630907.4893495701 
                 23.0000000000                  26.0000000000              611282.5310139243 
                 23.0000000000                  26.5000000000              584092.2200635782 
                 23.0000000000                  27.0000000000              550931.8166606963 
                 23.0000000000                  27.5000000000              522070.4019292693 
                 23.0000000000                  28.0000000000              500788.0387413698 
                 23.0000000000                  28.5000000000              482888.8266255982 
                 23.0000000000                  29.0000000000              466425.5633835444 
                 23.0000000000                  29.5000000000              450478.5928826418 
                 23.0000000000                  30.0000000000              436815.6929484781 
                 23.0000000000                  30.5000000000              424849.9487159183 
                 23.0000000000                  31.0000000000              412410.5937178553 
                 23.0000000000                  31.5000000000              398350.1325268749 
                 23.0000000000                  32.0000000000              382541.3998336417 
                 23.0000000000                  32.5000000000              364427.4408066827 
                 23.0000000000                  33.0000000000              341841.2213797497 
                 23.0000000000                  33.5000000000              317970.5709213960 
                 23.0000000000                  34.0000000000              300869.9317568464 
                 23.0000000000                  34.5000000000              289926.2993223588 
                 23.0000000000                  35.0000000000              281019.2065907394 
                 23.0000000000                  35.5000000000              273037.7607508813 
                 23.0000000000                  36.0000000000              263580.9876111198 
                 23.0000000000                  36.5000000000              251412.2635425906 
                 23.0000000000                  37.0000000000              236868.0544535453 
                 23.0000000000                  37.5000000000              219596.8471459306 
                 23.0000000000                  38.0000000000              202193.8277701490 
                 23.0000000000                  38.5000000000              187177.6539068251 
                 23.0000000000                  39.0000000000              174317.7568258720 
                 23.0000000000                  39.5000000000              163733.4822322179 
                 23.0000000000                  40.0000000000              154445.6781936479 
                 23.0000000000                  40.5000000000              145399.4865683712 
                 23.0000000000                  41.0000000000              136642.7522800911 
                 23.0000000000                  41.5000000000              128207.6638827212 
                 23.0000000000                  42.0000000000              120233.1525245637 
                 23.0000000000                  42.5000000000              112971.9465262228 
                 23.0000000000                  43.0000000000              106401.0639226654 
                 23.0000000000                  43.5000000000              100446.7668849034 
                 23.0000000000                  44.0000000000               95010.0512623099 
                 23.0000000000                  44.5000000000               89914.1922895065 
                 23.0000000000                  45.0000000000               85127.9103189959 
                 23.0000000000                  45.5000000000               80776.5141041270 
                 23.0000000000                  46.0000000000               76815.5183092177 
                 23.0000000000                  46.5000000000               72654.4430291434 
                 23.0000000000                  47.0000000000               67807.1496244582 
                 23.0000000000                  47.5000000000               61907.8612135365 
                 23.0000000000                  48.0000000000               53829.0133814876 
                 23.0000000000                  48.5000000000               43891.5443586399 
                 23.0000000000                  49.0000000000               32383.3089992407 
                 23.0000000000                  49.5000000000               17963.1017983779 
                 23.0000000000                  50.0000000000                   0.0000000000 
                 23.5000000000                   0.0000000000                   0.0000000000 
                 23.5000000000                   0.5000000000                6663.4991813710 
                 23.5000000000                   1.0000000000               13386.3825614338 
                 23.5000000000                   1.5000000000               20163.9417814827 
                 23.5000000000                   2.0000000000               26995.7879768249 
                 23.5000000000                   2.5000000000               33914.0973625094 
                 23.5000000000                   3.0000000000               40982.6515909135 
                 23.5000000000                   3.5000000000               48257.3510849970 
                 23.5000000000                   4.0000000000               55841.0520730842 
                 23.5000000000                   4.5000000000               63726.4492136462 
                 23.5000000000                   5.0000000000               71772.8955523319 
                 23.5000000000                   5.5000000000               79963.2670476331 
                 23.5000000000                   6.0000000000               88328.7058263139 
                 23.5000000000                   6.5000000000               96909.3658909792 
                 23.5000000000                   7.0000000000              105819.3120353027 
                 23.5000000000                   7.5000000000              115137.6221739485 
                 23.5000000000                   8.0000000000              124925.5932097828 
                 23.5000000000                   8.5000000000              135194.8810134698 
                 23.5000000000                   9.0000000000              145782.4550474572 
                 23.5000000000                   9.5000000000              156581.5908101304 
                 23.5000000000                  10.0000000000              167569.5740474473 
                 23.5000000000                  10.5000000000              178738.4128541725 
                 23.5000000000                  11.0000000000              190599.8599216361 
                 23.5000000000                  11.5000000000              203755.0199348098 
                 23.5000000000                  12.0000000000              218612.3266056033 
                 23.5000000000                  12.5000000000              236190.9226896417 
                 23.5000000000                  13.0000000000              255405.5906472044 
                 23.5000000000                  13.5000000000              274200.2553018681 
                 23.5000000000                  14.0000000000              292473.1170672751 
                 23.5000000000                  14.5000000000              310644.9005740636 
                 23.5000000000                  15.0000000000              328320.5616384235 
                 23.5000000000                  15.5000000000              344866.7711416006 
                 23.5000000000                  16.0000000000              360430.7423491264 
                 23.5000000000                  16.5000000000              375015.3461186743 
                 23.5000000000                  17.0000000000              388748.7740812724 
                 23.5000000000                  17.5000000000              401968.3375958746 
                 23.5000000000                  18.0000000000              414865.1579220254 
                 23.5000000000                  18.5000000000              427566.1858221578 
                 23.5000000000                  19.0000000000              440640.2482142437 
                 23.5000000000                  19.5000000000              455158.0781965861 
                 23.5000000000                  20.0000000000              471732.5493358202 
                 23.5000000000                  20.5000000000              490609.3718739352 
                 23.5000000000                  21.0000000000              512039.3398737576 
                 23.5000000000                  21.5000000000              536128.2271920932 
                 23.5000000000                  22.0000000000              563263.6108599412 
                 23.5000000000                  22.5000000000              595602.3017798153 
                 23.5000000000                  23.0000000000              633088.1972521456 
                 23.5000000000                  23.5000000000              663159.1432981208 
                 23.5000000000                  24.0000000000              679688.3274594031 
                 23.5000000000                  24.5000000000              688522.9471578524 
                 23.5000000000                  25.0000000000              691448.8042523110 
                 23.5000000000                  25.5000000000              688246.3563722826 
                 23.5000000000                  26.0000000000              676395.6582043075 
                 23.5000000000                  26.5000000000              654201.0148912501 
                 23.5000000000                  27.0000000000              616242.0808860011 
                 23.5000000000                  27.5000000000              572447.1345082923 
                 23.5000000000                  28.0000000000              539260.9103116791 
                 23.5000000000                  28.5000000000              513997.6895920879 
                 23.5000000000                  29.0000000000              491397.2882289703 
                 23.5000000000                  29.5000000000              470512.0586856700 
                 23.5000000000                  30.0000000000              452231.8326199216 
                 23.5000000000                  30.5000000000              435752.9617768788 
                 23.5000000000                  31.0000000000              418338.8558766263 
                 23.5000000000                  31.5000000000              398740.6174903189 
                 23.5000000000                  32.0000000000              378074.1328784440 
                 23.5000000000                  32.5000000000              356442.2571922614 
                 23.5000000000                  33.0000000000              330991.1706130042 
                 23.5000000000                  33.5000000000              306388.0240793544 
                 23.5000000000                  34.0000000000              291198.6646846605 
                 23.5000000000                  34.5000000000              282261.2082812389 
                 23.5000000000                  35.0000000000              274534.6151079221 
                 23.5000000000                  35.5000000000              267138.6751195194 
                 23.5000000000                  36.0000000000              257872.3530958442 
                 23.5000000000                  36.5000000000              245709.2220272943 
                 23.5000000000                  37.0000000000              231191.3896194428 
                 23.5000000000                  37.5000000000              214345.3688463092 
                 23.5000000000                  38.0000000000              197462.0384685229 
                 23.5000000000                  38.5000000000              182724.9640377854 
                 23.5000000000                  39.0000000000              170155.6064570629 
                 23.5000000000                  39.5000000000              159796.5336467912 
                 23.5000000000                  40.0000000000              150693.6750124092 
                 23.5000000000                  40.5000000000              141925.1633945304 
                 23.5000000000                  41.0000000000              133519.4636015274 
                 23.5000000000                  41.5000000000              125512.7261172368 
                 23.5000000000                  42.0000000000              117985.1056152906 
                 23.5000000000                  42.5000000000              111055.8418076625 
                 23.5000000000                  43.0000000000              104676.8963488438 
                 23.5000000000                  43.5000000000               98761.3757752441 
                 23.5000000000                  44.0000000000               93234.9607514791 
                 23.5000000000                  44.5000000000               88040.9521254563 
                 23.5000000000                  45.0000000000               83173.1943570811 
                 23.5000000000                  45.5000000000               78703.3058641876 
                 23.5000000000                  46.0000000000               74544.9345676892 
                 23.5000000000                  46.5000000000               70105.9244123861 
                 23.5000000000                  47.0000000000               64934.4430438666 
                 23.5000000000                  47.5000000000               58770.5069095341 
                 23.5000000000                  48.0000000000               51030.9475022445 
                 23.5000000000                  48.5000000000               41856.2514072015 
                 23.5000000000                  49.0000000000               31108.6149818216 
                 23.5000000000                  49.5000000000               17598.4376000024 
                 23.5000000000                  50.0000000000                   0.0000000000 
                 24.0000000000                   0.0000000000                   0.0000000000 
                 24.0000000000                   0.5000000000                6838.2895782884 
                 24.0000000000                   1.0000000000               13676.2017441592 
                 24.0000000000                   1.5000000000               20520.3456383203 
                 24.0000000000                   2.0000000000               27369.4419468066 
                 24.0000000000                   2.5000000000               34293.6990121652 
                 24.0000000000                   3.0000000000               41412.1489778661 
                 24.0000000000                   3.5000000000               48788.6341441934 
                 24.0000000000                   4.0000000000               56525.2235945700 
                 24.0000000000                   4.5000000000               64575.4152454082 
                 24.0000000000                   5.0000000000               72732.4243396015 
                 24.0000000000                   5.5000000000               80955.0430838133 
                 24.0000000000                   6.0000000000               89270.6013118477 
                 24.0000000000                   6.5000000000               97744.7045653004 
                 24.0000000000                   7.0000000000              106548.6862622777 
                 24.0000000000                   7.5000000000              115782.5611828489 
                 24.0000000000                   8.0000000000              125489.9418866058 
                 24.0000000000                   8.5000000000              135676.8609549282 
                 24.0000000000                   9.0000000000              146213.3853936237 
                 24.0000000000                   9.5000000000              157005.7474623311 
                 24.0000000000                  10.0000000000              168024.9661607884 
                 24.0000000000                  10.5000000000              179274.6896246780 
                 24.0000000000                  11.0000000000              191230.7814584032 
                 24.0000000000                  11.5000000000              204479.2355078491 
                 24.0000000000                  12.0000000000              219466.7483666111 
                 24.0000000000                  12.5000000000              237226.3963522162 
                 24.0000000000                  13.0000000000              256668.9843427266 
                 24.0000000000                  13.5000000000              275769.2238170650 
                 24.0000000000                  14.0000000000              294298.6918907621 
                 24.0000000000                  14.5000000000              312440.4104820756 
                 24.0000000000                  15.0000000000              330078.7288405778 
                 24.0000000000                  15.5000000000              346882.7057775165 
                 24.0000000000                  16.0000000000              362921.0066088194 
                 24.0000000000                  16.5000000000              378228.5295057852 
                 24.0000000000                  17.0000000000              392915.7643686164 
                 24.0000000000                  17.5000000000              407218.0650598239 
                 24.0000000000                  18.0000000000              421305.0447547853 
                 24.0000000000                  18.5000000000              435291.3939652339 
                 24.0000000000                  19.0000000000              449734.5473974471 
                 24.0000000000                  19.5000000000              465713.2139279504 
                 24.0000000000                  20.0000000000              483840.8736965735 
                 24.0000000000                  20.5000000000              504480.6225727436 
                 24.0000000000                  21.0000000000              528030.9565952158 
                 24.0000000000                  21.5000000000              554680.6578934300 
                 24.0000000000                  22.0000000000              584809.3800758014 
                 24.0000000000                  22.5000000000              621547.6172114562 
                 24.0000000000                  23.0000000000              660430.4886204535 
                 24.0000000000                  23.5000000000              685503.5546563187 
                 24.0000000000                  24.0000000000              696592.0674486842 
                 24.0000000000                  24.5000000000              702858.7351587197 
                 24.0000000000                  25.0000000000              705753.6908308758 
                 24.0000000000                  25.5000000000              705875.2099107788 
                 24.0000000000                  26.0000000000              701822.8155459192 
                 24.0000000000                  26.5000000000              691917.9202729149 
                 24.0000000000                  27.0000000000              664849.6575197361 
                 24.0000000000                  27.5000000000              617075.1882746794 
                 24.0000000000                  28.0000000000              572858.5521144468 
                 24.0000000000                  28.5000000000              540989.1430273048 
                 24.0000000000                  29.0000000000              512574.2108672513 
                 24.0000000000                  29.5000000000              487219.8533097245 
                 24.0000000000                  30.0000000000              465037.2774774579 
                 24.0000000000                  30.5000000000              444558.0645937290 
                 24.0000000000                  31.0000000000              423287.1717808310 
                 24.0000000000                  31.5000000000              400225.4198863154 
                 24.0000000000                  32.0000000000              376441.3483478055 
                 24.0000000000                  32.5000000000              352103.3609294058 
                 24.0000000000                  33.0000000000              324466.0837296135 
                 24.0000000000                  33.5000000000              299156.9630839730 
                 24.0000000000                  34.0000000000              284530.3487264386 
                 24.0000000000                  34.5000000000              276231.0735879231 
                 24.0000000000                  35.0000000000              268870.3933406025 
                 24.0000000000                  35.5000000000              261419.8299739729 
                 24.0000000000                  36.0000000000              251963.4265274086 
                 24.0000000000                  36.5000000000              239682.2136117370 
                 24.0000000000                  37.0000000000              225191.8901778491 
                 24.0000000000                  37.5000000000              208840.7251119254 
                 24.0000000000                  38.0000000000              192437.4241520759 
                 24.0000000000                  38.5000000000              177810.1774343052 
                 24.0000000000                  39.0000000000              165335.8765663308 
                 24.0000000000                  39.5000000000              154985.3363547655 
                 24.0000000000                  40.0000000000              145917.7663342598 
                 24.0000000000                  40.5000000000              137400.9381924059 
                 24.0000000000                  41.0000000000              129392.9735181563 
                 24.0000000000                  41.5000000000              121902.3985831148 
                 24.0000000000                  42.0000000000              114923.8205428489 
                 24.0000000000                  42.5000000000              108416.9752753222 
                 24.0000000000                  43.0000000000              102303.2623800852 
                 24.0000000000                  43.5000000000               96472.5306682562 
                 24.0000000000                  44.0000000000               90877.3763532622 
                 24.0000000000                  44.5000000000               85605.4123622513 
                 24.0000000000                  45.0000000000               80670.3628127049 
                 24.0000000000                  45.5000000000               76064.7708558815 
                 24.0000000000                  46.0000000000               71662.4771347199 
                 24.0000000000                  46.5000000000               66922.6886847693 
                 24.0000000000                  47.0000000000               61489.2450103870 
                 24.0000000000                  47.5000000000               55305.6143817567 
                 24.0000000000                  48.0000000000               48264.9753029285 
                 24.0000000000                  48.5000000000               40118.6533049929 
                 24.0000000000                  49.0000000000               30274.5259225022 
                 24.0000000000                  49.5000000000               17662.7581581886 
                 24.0000000000                  50.0000000000                   0.0000000000 
                 24.5000000000                   0.0000000000                   0.0000000000 
                 24.5000000000                   0.5000000000                7071.1321648621 
                 24.5000000000                   1.0000000000               14024.2882293628 
                 24.5000000000                   1.5000000000               20917.4157752470 
                 24.5000000000                   2.0000000000               27761.2534715315 
                 24.5000000000                   2.5000000000               34673.1323991905 
                 24.5000000000                   3.0000000000               41826.6868958286 
                 24.5000000000                   3.5000000000               49284.8791597135 
                 24.5000000000                   4.0000000000               57145.6488147705 
                 24.5000000000                   4.5000000000               65321.0130582074 
                 24.5000000000                   5.0000000000               73541.2132587512 
                 24.5000000000                   5.5000000000               81750.6243232607 
                 24.5000000000                   6.0000000000               89980.9698239265 
                 24.5000000000                   6.5000000000               98324.7609098608 
                 24.5000000000                   7.0000000000              107004.4307620594 
                 24.5000000000                   7.5000000000              116141.9201504395 
                 24.5000000000                   8.0000000000              125772.2279923341 
                 24.5000000000                   8.5000000000              135897.6755186407 
                 24.5000000000                   9.0000000000              146414.2977751688 
                 24.5000000000                   9.5000000000              157237.7811230414 
                 24.5000000000                  10.0000000000              168334.7632939471 
                 24.5000000000                  10.5000000000              179719.5366006705 
                 24.5000000000                  11.0000000000              191822.7600263120 
                 24.5000000000                  11.5000000000              205194.5077880849 
                 24.5000000000                  12.0000000000              220300.8168205607 
                 24.5000000000                  12.5000000000              238175.5581369020 
                 24.5000000000                  13.0000000000              257656.5502930355 
                 24.5000000000                  13.5000000000              276800.8485104519 
                 24.5000000000                  14.0000000000              295440.9457506224 
                 24.5000000000                  14.5000000000              313504.0416890758 
                 24.5000000000                  15.0000000000              331040.6826629721 
                 24.5000000000                  15.5000000000              348049.2965002484 
                 24.5000000000                  16.0000000000              364561.0138827284 
                 24.5000000000                  16.5000000000              380654.4316837158 
                 24.5000000000                  17.0000000000              396347.8634444440 
                 24.5000000000                  17.5000000000              411661.4436603449 
                 24.5000000000                  18.0000000000              426784.4937860933 
                 24.5000000000                  18.5000000000              441864.7942161051 
                 24.5000000000                  19.0000000000              457429.9841880774 
                 24.5000000000                  19.5000000000              474626.9493163524 
                 24.5000000000                  20.0000000000              494141.9673902147 
                 24.5000000000                  20.5000000000              516388.4638008605 
                 24.5000000000                  21.0000000000              541771.4892392149 
                 24.5000000000                  21.5000000000              570337.3134548841 
                 24.5000000000                  22.0000000000              602245.3256130163 
                 24.5000000000                  22.5000000000              640780.2566226459 
                 24.5000000000                  23.0000000000              677995.4455043899 
                 24.5000000000                  23.5000000000              698375.1097189829 
                 24.5000000000                  24.0000000000              706362.1531353750 
                 24.5000000000                  24.5000000000              711232.2778158148 
                 24.5000000000                  25.0000000000              714204.1389483914 
                 24.5000000000                  25.5000000000              715909.8575877589 
                 24.5000000000                  26.0000000000              715665.3971223214 
                 24.5000000000                  26.5000000000              712840.0856008020 
                 24.5000000000                  27.0000000000              696154.9024386259 
                 24.5000000000                  27.5000000000              649978.6660055482 
                 24.5000000000                  28.0000000000              598758.0622733406 
                 24.5000000000                  28.5000000000              561878.6539923790 
                 24.5000000000                  29.0000000000              529200.4401734599 
                 24.5000000000                  29.5000000000              500240.8864576141 
                 24.5000000000                  30.0000000000              474803.1740565399 
                 24.5000000000                  30.5000000000              451335.1820735822 
                 24.5000000000                  31.0000000000              427425.1074551359 
                 24.5000000000                  31.5000000000              402400.7463893689 
                 24.5000000000                  32.0000000000              376652.3977079179 
                 24.5000000000                  32.5000000000              350240.4960714045 
                 24.5000000000                  33.0000000000              321067.0694292296 
                 24.5000000000                  33.5000000000              294651.6375296246 
                 24.5000000000                  34.0000000000              279629.3328345882 
                 24.5000000000                  34.5000000000              271358.1305894242 
                 24.5000000000                  35.0000000000              263836.6497241968 
                 24.5000000000                  35.5000000000              256035.5256422727 
                 24.5000000000                  36.0000000000              246132.5708159973 
                 24.5000000000                  36.5000000000              233412.4940290392 
                 24.5000000000                  37.0000000000              218674.6264178097 
                 24.5000000000                  37.5000000000              202521.5690186304 
                 24.5000000000                  38.0000000000              186376.1970542355 
                 24.5000000000                  38.5000000000              171781.3967554219 
                 24.5000000000                  39.0000000000              159348.2104325974 
                 24.5000000000                  39.5000000000              148966.8577732928 
                 24.5000000000                  40.0000000000              139962.1334149667 
                 24.5000000000                  40.5000000000              131789.1433336687 
                 24.5000000000                  41.0000000000              124284.7666312942 
                 24.5000000000                  41.5000000000              117402.8336901280 
                 24.5000000000                  42.0000000000              111048.2360965477 
                 24.5000000000                  42.5000000000              105033.6130014362 
                 24.5000000000                  43.0000000000               99267.0696793679 
                 24.5000000000                  43.5000000000               93613.5274335328 
                 24.5000000000                  44.0000000000               88045.2186234512 
                 24.5000000000                  44.5000000000               82793.3092818916 
                 24.5000000000                  45.0000000000               77869.0907186784 
                 24.5000000000                  45.5000000000               73174.4612214668 
                 24.5000000000                  46.0000000000               68568.4477239087 
                 24.5000000000                  46.5000000000               63595.2780845348 
                 24.5000000000                  47.0000000000               58013.2759577513 
                 24.5000000000                  47.5000000000               51917.5863392582 
                 24.5000000000                  48.0000000000               45414.1659840795 
                 24.5000000000                  48.5000000000               38008.5305477598 
                 24.5000000000                  49.0000000000               28913.9201829973 
                 24.5000000000                  49.5000000000               17241.5454454512 
                 24.5000000000                  50.0000000000                   0.0000000000 
                 25.0000000000                   0.0000000000                   0.0000000000 
                 25.0000000000                   0.5000000000                7324.2380512900 
                 25.0000000000                   1.0000000000               14362.8920821115 
                 25.0000000000                   1.5000000000               21276.2317155705 
                 25.0000000000                   2.0000000000               28099.7773348441 
                 25.0000000000                   2.5000000000               34995.1425671190 
                 25.0000000000                   3.0000000000               42176.1478938781 
                 25.0000000000                   3.5000000000               49701.5995529401 
                 25.0000000000                   4.0000000000               57669.5753593510 
                 25.0000000000                   4.5000000000               65947.3038584757 
                 25.0000000000                   5.0000000000               74197.0204131829 
                 25.0000000000                   5.5000000000               82355.3953199972 
                 25.0000000000                   6.0000000000               90464.4487960962 
                 25.0000000000                   6.5000000000               98644.9522007044 
                 25.0000000000                   7.0000000000              107175.5926231828 
                 25.0000000000                   7.5000000000              116207.2724115765 
                 25.0000000000                   8.0000000000              125782.4793582838 
                 25.0000000000                   8.5000000000              135906.1886948252 
                 25.0000000000                   9.0000000000              146464.7762791526 
                 25.0000000000                   9.5000000000              157364.1733771959 
                 25.0000000000                  10.0000000000              168577.6212103590 
                 25.0000000000                  10.5000000000              180133.2428830071 
                 25.0000000000                  11.0000000000              192420.5158462610 
                 25.0000000000                  11.5000000000              205946.3652399031 
                 25.0000000000                  12.0000000000              221164.8152656378 
                 25.0000000000                  12.5000000000              239058.1638188662 
                 25.0000000000                  13.0000000000              258391.4441343348 
                 25.0000000000                  13.5000000000              277300.0618248071 
                 25.0000000000                  14.0000000000              295808.3008679809 
                 25.0000000000                  14.5000000000              313747.3490715428 
                 25.0000000000                  15.0000000000              331184.9813235522 
                 25.0000000000                  15.5000000000              348366.4467795498 
                 25.0000000000                  16.0000000000              365339.3152046417 
                 25.0000000000                  16.5000000000              382194.8444132200 
                 25.0000000000                  17.0000000000              398834.9041634717 
                 25.0000000000                  17.5000000000              415072.7996269201 
                 25.0000000000                  18.0000000000              431083.1614736042 
                 25.0000000000                  18.5000000000              447015.5738812741 
                 25.0000000000                  19.0000000000              463448.9840180579 
                 25.0000000000                  19.5000000000              481635.2543606743 
                 25.0000000000                  20.0000000000              502262.8786513740 
                 25.0000000000                  20.5000000000              525774.2048467686 
                 25.0000000000                  21.0000000000              552536.8139173086 
                 25.0000000000                  21.5000000000              582260.6628172621 
                 25.0000000000                  22.0000000000              614740.1979166128 
                 25.0000000000                  22.5000000000              653124.6389949749 
                 25.0000000000                  23.0000000000              687875.3077144262 
                 25.0000000000                  23.5000000000              704951.4234476008 
                 25.0000000000                  24.0000000000              711216.4857833022 
                 25.0000000000                  24.5000000000              715250.4192028127 
                 25.0000000000                  25.0000000000              718038.6205020309 
                 25.0000000000                  25.5000000000              720284.8510857655 
                 25.0000000000                  26.0000000000              721727.3388988326 
                 25.0000000000                  26.5000000000              722292.2482853271 
                 25.0000000000                  27.0000000000              713507.9495691536 
                 25.0000000000                  27.5000000000              671969.0006921710 
                 25.0000000000                  28.0000000000              617934.3777218438 
                 25.0000000000                  28.5000000000              577384.7863599333 
                 25.0000000000                  29.0000000000              541238.2279819306 
                 25.0000000000                  29.5000000000              509391.2335536440 
                 25.0000000000                  30.0000000000              481519.7684450092 
                 25.0000000000                  30.5000000000              456080.6017737333 
                 25.0000000000                  31.0000000000              430850.2102863723 
                 25.0000000000                  31.5000000000              405084.2173963342 
                 25.0000000000                  32.0000000000              378358.4079121720 
                 25.0000000000                  32.5000000000              350824.3891201162 
                 25.0000000000                  33.0000000000              320496.5190953612 
                 25.0000000000                  33.5000000000              292708.9486838565 
                 25.0000000000                  34.0000000000              276755.5503531390 
                 25.0000000000                  34.5000000000              267865.6710340898 
                 25.0000000000                  35.0000000000              259734.1773434423 
                 25.0000000000                  35.5000000000              251339.3332694356 
                 25.0000000000                  36.0000000000              240735.9688920226 
                 25.0000000000                  36.5000000000              227251.5455908858 
                 25.0000000000                  37.0000000000              211817.5840063835 
                 25.0000000000                  37.5000000000              195155.2343349297 
                 25.0000000000                  38.0000000000              178661.4995457806 
                 25.0000000000                  38.5000000000              163887.5212299618 
                 25.0000000000                  39.0000000000              151447.4355943651 
                 25.0000000000                  39.5000000000              141186.3958237057 
                 25.0000000000                  40.0000000000              132571.9963411037 
                 25.0000000000                  40.5000000000              125031.6853640269 
                 25.0000000000                  41.0000000000              118229.6712871791 
                 25.0000000000                  41.5000000000              112055.7369163974 
                 25.0000000000                  42.0000000000              106340.5933054595 
                 25.0000000000                  42.5000000000              100841.6107650898 
                 25.0000000000                  43.0000000000               95494.6832906079 
                 25.0000000000                  43.5000000000               90180.1376747039 
                 25.0000000000                  44.0000000000               84894.7421754028 
                 25.0000000000                  44.5000000000               79880.7262566757 
                 25.0000000000                  45.0000000000               75095.0225205253 
                 25.0000000000                  45.5000000000               70391.0325219285 
                 25.0000000000                  46.0000000000               65639.4410047372 
                 25.0000000000                  46.5000000000               60503.5261062177 
                 25.0000000000                  47.0000000000               54837.0743513368 
                 25.0000000000                  47.5000000000               48776.6756695933 
                 25.0000000000                  48.0000000000               42462.4974583517 
                 25.0000000000                  48.5000000000               35290.0200722967 
                 25.0000000000                  49.0000000000               26509.8164144629 
                 25.0000000000                  49.5000000000               15557.6098008486 
                 25.0000000000                  50.0000000000                   0.0000000000 
                 25.5000000000                   0.0000000000                   0.0000000000 
                 25.5000000000                   0.5000000000                7461.7876934659 
                 25.5000000000                   1.0000000000               14561.9986226198 
                 25.5000000000                   1.5000000000               21494.1863976551 
                 25.5000000000                   2.0000000000               28317.4638986434 
                 25.5000000000                   2.5000000000               35217.4557477910 
                 25.5000000000                   3.0000000000               42428.3220846870 
                 25.5000000000                   3.5000000000               50014.7186481617 
                 25.5000000000                   4.0000000000               58092.1211145851 
                 25.5000000000                   4.5000000000               66472.3503536200 
                 25.5000000000                   5.0000000000               74726.9838687378 
                 25.5000000000                   5.5000000000               82797.7766229884 
                 25.5000000000                   6.0000000000               90744.2100423001 
                 25.5000000000                   6.5000000000               98714.5960270156 
                 25.5000000000                   7.0000000000              107056.7723978721 
                 25.5000000000                   7.5000000000              115957.8580857472 
                 25.5000000000                   8.0000000000              125499.3771943163 
                 25.5000000000                   8.5000000000              135720.2394254185 
                 25.5000000000                   9.0000000000              146421.4277616970 
                 25.5000000000                   9.5000000000              157455.0967940364 
                 25.5000000000                  10.0000000000              168830.0300312866 
                 25.5000000000                  10.5000000000              180590.0731123707 
                 25.5000000000                  11.0000000000              193098.1977170734 
                 25.5000000000                  11.5000000000              206815.0089739639 
                 25.5000000000                  12.0000000000              222147.5483246235 
                 25.5000000000                  12.5000000000              239899.5469863705 
                 25.5000000000                  13.0000000000              258854.2371517305 
                 25.5000000000                  13.5000000000              277315.8318991599 
                 25.5000000000                  14.0000000000              295426.0994133920 
                 25.5000000000                  14.5000000000              313123.3431227413 
                 25.5000000000                  15.0000000000              330505.4940377448 
                 25.5000000000                  15.5000000000              347863.4492935715 
                 25.5000000000                  16.0000000000              365257.2010271251 
                 25.5000000000                  16.5000000000              382804.6286177243 
                 25.5000000000                  17.0000000000              400295.8353636795 
                 25.5000000000                  17.5000000000              417330.2612199881 
                 25.5000000000                  18.0000000000              434036.1016268532 
                 25.5000000000                  18.5000000000              450618.5096406188 
                 25.5000000000                  19.0000000000              467710.0558380689 
                 25.5000000000                  19.5000000000              486609.9616784322 
                 25.5000000000                  20.0000000000              508031.0368449396 
                 25.5000000000                  20.5000000000              532423.5601871422 
                 25.5000000000                  21.0000000000              560047.2950504979 
                 25.5000000000                  21.5000000000              590254.6743972556 
                 25.5000000000                  22.0000000000              622515.7105048144 
                 25.5000000000                  22.5000000000              659457.6394560682 
                 25.5000000000                  23.0000000000              692213.6012070144 
                 25.5000000000                  23.5000000000              708133.2197126418 
                 25.5000000000                  24.0000000000              713868.4659144710 
                 25.5000000000                  24.5000000000              717604.0516000830 
                 25.5000000000                  25.0000000000              720330.0905943509 
                 25.5000000000                  25.5000000000              722726.2988628136 
                 25.5000000000                  26.0000000000              724724.6479720976 
                 25.5000000000                  26.5000000000              726327.7874103279 
                 25.5000000000                  27.0000000000              718669.6275320033 
                 25.5000000000                  27.5000000000              679476.3207558816 
                 25.5000000000                  28.0000000000              626799.9817009406 
                 25.5000000000                  28.5000000000              585126.9643591590 
                 25.5000000000                  29.0000000000              547638.5054513058 
                 25.5000000000                  29.5000000000              514519.8538620727 
                 25.5000000000                  30.0000000000              485614.9063937236 
                 25.5000000000                  30.5000000000              459364.1798628377 
                 25.5000000000                  31.0000000000              433858.9382541043 
                 25.5000000000                  31.5000000000              408194.9025063073 
                 25.5000000000                  32.0000000000              381428.4121786906 
                 25.5000000000                  32.5000000000              353503.1963595416 
                 25.5000000000                  33.0000000000              322693.6857003490 
                 25.5000000000                  33.5000000000              293802.6474103212 
                 25.5000000000                  34.0000000000              276003.0546499058 
                 25.5000000000                  34.5000000000              265584.8219008367 
                 25.5000000000                  35.0000000000              256322.2677277387 
                 25.5000000000                  35.5000000000              246905.9611577815 
                 25.5000000000                  36.0000000000              235270.8383818314 
                 25.5000000000                  36.5000000000              220720.2574686992 
                 25.5000000000                  37.0000000000              204122.4003151556 
                 25.5000000000                  37.5000000000              186071.1893920714 
                 25.5000000000                  38.0000000000              168611.2622463833 
                 25.5000000000                  38.5000000000              153769.3828975366 
                 25.5000000000                  39.0000000000              141713.6862276366 
                 25.5000000000                  39.5000000000              132184.8144375863 
                 25.5000000000                  40.0000000000              124524.5387762125 
                 25.5000000000                  40.5000000000              117896.9401379539 
                 25.5000000000                  41.0000000000              111922.9966580715 
                 25.5000000000                  41.5000000000              106460.2128535676 
                 25.5000000000                  42.0000000000              101328.0822505461 
                 25.5000000000                  42.5000000000               96350.9438911329 
                 25.5000000000                  43.0000000000               91492.1403940957 
                 25.5000000000                  43.5000000000               86696.2654093538 
                 25.5000000000                  44.0000000000               81960.3639453621 
                 25.5000000000                  44.5000000000               77342.9982466114 
                 25.5000000000                  45.0000000000               72746.3384760417 
                 25.5000000000                  45.5000000000               68051.7746451086 
                 25.5000000000                  46.0000000000               63151.1973662929 
                 25.5000000000                  46.5000000000               57853.8490232524 
                 25.5000000000                  47.0000000000               52079.3983313203 
                 25.5000000000                  47.5000000000               45902.4996175870 
                 25.5000000000                  48.0000000000               39361.3261896195 
                 25.5000000000                  48.5000000000               31962.8159049417 
                 25.5000000000                  49.0000000000               23217.0959787997 
                 25.5000000000                  49.5000000000               12857.1304404849 
                 25.5000000000                  50.0000000000                   0.0000000000 
                 26.0000000000                   0.0000000000                   0.0000000000 
                 26.0000000000                   0.5000000000                7449.6874556683 
                 26.0000000000                   1.0000000000               14585.4024751950 
                 26.0000000000                   1.5000000000               21547.2807391340 
                 26.0000000000                   2.0000000000               28395.5606841883 
                 26.0000000000                   2.5000000000               35319.9425536978 
                 26.0000000000                   3.0000000000               42564.7138934671 
                 26.0000000000                   3.5000000000               50210.9318970094 
                 26.0000000000                   4.0000000000               58411.8881776480 
                 26.0000000000                   4.5000000000               66904.4248935410 
                 26.0000000000                   5.0000000000               75141.3391800898 
                 26.0000000000                   5.5000000000               83090.6500367324 
                 26.0000000000                   6.0000000000               90842.7451258379 
                 26.0000000000                   6.5000000000               98569.2624571859 
                 26.0000000000                   7.0000000000              106683.5377516228 
                 26.0000000000                   7.5000000000              115411.4988482423 
                 26.0000000000                   8.0000000000              124915.8437693787 
                 26.0000000000                   8.5000000000              135324.5771532484 
                 26.0000000000                   9.0000000000              146278.2432578744 
                 26.0000000000                   9.5000000000              157509.8190475516 
                 26.0000000000                  10.0000000000              169094.7944486823 
                 26.0000000000                  10.5000000000              181103.1578263941 
                 26.0000000000                  11.0000000000              193870.3816145709 
                 26.0000000000                  11.5000000000              207792.7533390386 
                 26.0000000000                  12.0000000000              223197.2845860207 
                 26.0000000000                  12.5000000000              240627.0137836312 
                 26.0000000000                  13.0000000000              258985.3909276820 
                 26.0000000000                  13.5000000000              276881.4208103389 
                 26.0000000000                  14.0000000000              294434.1461538617 
                 26.0000000000                  14.5000000000              311670.8876405322 
                 26.0000000000                  15.0000000000              328891.3725460789 
                 26.0000000000                  15.5000000000              346407.1352324056 
                 26.0000000000                  16.0000000000              364168.0043105903 
                 26.0000000000                  16.5000000000              382309.1202157197 
                 26.0000000000                  17.0000000000              400503.4740643951 
                 26.0000000000                  17.5000000000              418152.2555989490 
                 26.0000000000                  18.0000000000              435392.1260450733 
                 26.0000000000                  18.5000000000              452461.1554919775 
                 26.0000000000                  19.0000000000              469991.7330997816 
                 26.0000000000                  19.5000000000              489342.0860858138 
                 26.0000000000                  20.0000000000              511246.1940485816 
                 26.0000000000                  20.5000000000              536117.4037889682 
                 26.0000000000                  21.0000000000              564128.2033001428 
                 26.0000000000                  21.5000000000              594348.4776082577 
                 26.0000000000                  22.0000000000              625905.0031181490 
                 26.0000000000                  22.5000000000              660826.4236905952 
                 26.0000000000                  23.0000000000              692428.8629131154 
                 26.0000000000                  23.5000000000              709076.3777001011 
                 26.0000000000                  24.0000000000              715391.6081078276 
                 26.0000000000                  24.5000000000              719291.8983217150 
                 26.0000000000                  25.0000000000              722021.0064248572 
                 26.0000000000                  25.5000000000              724430.0746082744 
                 26.0000000000                  26.0000000000              726165.6438121942 
                 26.0000000000                  26.5000000000              726648.3806147699 
                 26.0000000000                  27.0000000000              714164.4014091435 
                 26.0000000000                  27.5000000000              673217.6815377693 
                 26.0000000000                  28.0000000000              623782.9769524394 
                 26.0000000000                  28.5000000000              583705.5586615575 
                 26.0000000000                  29.0000000000              547289.1894537733 
                 26.0000000000                  29.5000000000              515003.9831033155 
                 26.0000000000                  30.0000000000              486729.3969811971 
                 26.0000000000                  30.5000000000              461052.4655344244 
                 26.0000000000                  31.0000000000              436292.7758459490 
                 26.0000000000                  31.5000000000              411400.8639225193 
                 26.0000000000                  32.0000000000              385240.6304916307 
                 26.0000000000                  32.5000000000              357609.1601148356 
                 26.0000000000                  33.0000000000              327166.7269376398 
                 26.0000000000                  33.5000000000              297610.5133082157 
                 26.0000000000                  34.0000000000              277316.5739502476 
                 26.0000000000                  34.5000000000              264366.8606404706 
                 26.0000000000                  35.0000000000              253203.1278021670 
                 26.0000000000                  35.5000000000              242170.4890755139 
                 26.0000000000                  36.0000000000              229035.9970449707 
                 26.0000000000                  36.5000000000              213026.7343052785 
                 26.0000000000                  37.0000000000              194830.4048942581 
                 26.0000000000                  37.5000000000              174827.8942536716 
                 26.0000000000                  38.0000000000              156330.9557137123 
                 26.0000000000                  38.5000000000              142048.3343399441 
                 26.0000000000                  39.0000000000              131159.2642156122 
                 26.0000000000                  39.5000000000              123040.5377617700 
                 26.0000000000                  40.0000000000              116704.8026461220 
                 26.0000000000                  40.5000000000              111108.9362243080 
                 26.0000000000                  41.0000000000              105974.8626779710 
                 26.0000000000                  41.5000000000              101184.1028528189 
                 26.0000000000                  42.0000000000               96610.5479604683 
                 26.0000000000                  42.5000000000               92178.0148940907 
                 26.0000000000                  43.0000000000               87857.8361018416 
                 26.0000000000                  43.5000000000               83647.6089239545 
                 26.0000000000                  44.0000000000               79506.0597773108 
                 26.0000000000                  44.5000000000               75286.2985433616 
                 26.0000000000                  45.0000000000               70864.8149230038 
                 26.0000000000                  45.5000000000               66164.0529868977 
                 26.0000000000                  46.0000000000               61094.4344980468 
                 26.0000000000                  46.5000000000               55607.2649487233 
                 26.0000000000                  47.0000000000               49670.9206935983 
                 26.0000000000                  47.5000000000               43255.2444174179 
                 26.0000000000                  48.0000000000               36301.5631957751 
                 26.0000000000                  48.5000000000               28601.7318156971 
                 26.0000000000                  49.0000000000               20010.2576021610 
                 26.0000000000                  49.5000000000               10491.0656352300 
                 26.0000000000                  50.0000000000                   0.0000000000 
                 26.5000000000                   0.0000000000                   0.0000000000 
                 26.5000000000                   0.5000000000                7357.5075011414 
                 26.5000000000                   1.0000000000               14485.7088461010 
                 26.5000000000                   1.5000000000               21464.8169886751 
                 26.5000000000                   2.0000000000               28338.9459303538 
                 26.5000000000                   2.5000000000               35288.4015855458 
                 26.5000000000                   3.0000000000               42560.5703262780 
                 26.5000000000                   3.5000000000               50255.2075173545 
                 26.5000000000                   4.0000000000               58593.4169667049 
                 26.5000000000                   4.5000000000               67206.5009417163 
                 26.5000000000                   5.0000000000               75399.2478203410 
                 26.5000000000                   5.5000000000               83209.0978256579 
                 26.5000000000                   6.0000000000               90766.3123520619 
                 26.5000000000                   6.5000000000               98250.7459460594 
                 26.5000000000                   7.0000000000              106120.2870832615 
                 26.5000000000                   7.5000000000              114623.3056179091 
                 26.5000000000                   8.0000000000              124039.4881149023 
                 26.5000000000                   8.5000000000              134705.8893231333 
                 26.5000000000                   9.0000000000              146017.1591357667 
                 26.5000000000                   9.5000000000              157483.4629908458 
                 26.5000000000                  10.0000000000              169309.9826756202 
                 26.5000000000                  10.5000000000              181606.2735501312 
                 26.5000000000                  11.0000000000              194653.8567428296 
                 26.5000000000                  11.5000000000              208748.4953913705 
                 26.5000000000                  12.0000000000              224120.9050587654 
                 26.5000000000                  12.5000000000              241048.4324588281 
                 26.5000000000                  13.0000000000              258646.3121901446 
                 26.5000000000                  13.5000000000              275907.0067656514 
                 26.5000000000                  14.0000000000              292876.3452018757 
                 26.5000000000                  14.5000000000              309512.0801213840 
                 26.5000000000                  15.0000000000              326305.4051486261 
                 26.5000000000                  15.5000000000              343793.3174620164 
                 26.5000000000                  16.0000000000              361835.1899293755 
                 26.5000000000                  16.5000000000              380464.0821025773 
                 26.5000000000                  17.0000000000              399204.4430352414 
                 26.5000000000                  17.5000000000              417293.9167494259 
                 26.5000000000                  18.0000000000              434888.1381309954 
                 26.5000000000                  18.5000000000              452229.8497123865 
                 26.5000000000                  19.0000000000              469964.2463684281 
                 26.5000000000                  19.5000000000              489493.3730798502 
                 26.5000000000                  20.0000000000              511528.7734405432 
                 26.5000000000                  20.5000000000              536450.5712599894 
                 26.5000000000                  21.0000000000              564367.2396935844 
                 26.5000000000                  21.5000000000              594100.9010923472 
                 26.5000000000                  22.0000000000              624589.5388177428 
                 26.5000000000                  22.5000000000              656949.9900265270 
                 26.5000000000                  23.0000000000              687659.4115503428 
                 26.5000000000                  23.5000000000              706792.2501252679 
                 26.5000000000                  24.0000000000              715204.5394162752 
                 26.5000000000                  24.5000000000              719898.1178765555 
                 26.5000000000                  25.0000000000              722785.2636877889 
                 26.5000000000                  25.5000000000              724808.8517434860 
                 26.5000000000                  26.0000000000              725015.1903980196 
                 26.5000000000                  26.5000000000              721058.1296874516 
                 26.5000000000                  27.0000000000              699295.7360568700 
                 26.5000000000                  27.5000000000              655691.5801343448 
                 26.5000000000                  28.0000000000              611169.4859311520 
                 26.5000000000                  28.5000000000              574300.9757278776 
                 26.5000000000                  29.0000000000              540812.5992072729 
                 26.5000000000                  29.5000000000              510877.9300942685 
                 26.5000000000                  30.0000000000              484585.4816507117 
                 26.5000000000                  30.5000000000              460568.6774507192 
                 26.5000000000                  31.0000000000              437362.6756170628 
                 26.5000000000                  31.5000000000              413944.4138958456 
                 26.5000000000                  32.0000000000              389044.4284343008 
                 26.5000000000                  32.5000000000              362294.8238982582 
                 26.5000000000                  33.0000000000              333001.1909368301 
                 26.5000000000                  33.5000000000              303585.1107972916 
                 26.5000000000                  34.0000000000              280629.8185999473 
                 26.5000000000                  34.5000000000              264214.6972810306 
                 26.5000000000                  35.0000000000              250282.2481168162 
                 26.5000000000                  35.5000000000              236815.9544666851 
                 26.5000000000                  36.0000000000              221556.8095986785 
                 26.5000000000                  36.5000000000              203730.2380703834 
                 26.5000000000                  37.0000000000              183701.6966464746 
                 26.5000000000                  37.5000000000              161546.6657376262 
                 26.5000000000                  38.0000000000              142430.4460548046 
                 26.5000000000                  38.5000000000              129607.4997552347 
                 26.5000000000                  39.0000000000              120504.8304476685 
                 26.5000000000                  39.5000000000              114090.7047923583 
                 26.5000000000                  40.0000000000              109162.5878891382 
                 26.5000000000                  40.5000000000              104637.0246077477 
                 26.5000000000                  41.0000000000              100353.8050951866 
                 26.5000000000                  41.5000000000               96250.1031539840 
                 26.5000000000                  42.0000000000               92263.5838871721 
                 26.5000000000                  42.5000000000               88394.9962748172 
                 26.5000000000                  43.0000000000               84616.6117736548 
                 26.5000000000                  43.5000000000               80949.3862678551 
                 26.5000000000                  44.0000000000               77323.4369528826 
                 26.5000000000                  44.5000000000               73458.6727053882 
                 26.5000000000                  45.0000000000               69212.6098572932 
                 26.5000000000                  45.5000000000               64528.8975567117 
                 26.5000000000                  46.0000000000               59325.2472270224 
                 26.5000000000                  46.5000000000               53675.9665156224 
                 26.5000000000                  47.0000000000               47595.0255950378 
                 26.5000000000                  47.5000000000               40953.4366862481 
                 26.5000000000                  48.0000000000               33634.9055678727 
                 26.5000000000                  48.5000000000               25757.2263619419 
                 26.5000000000                  49.0000000000               17474.4693345336 
                 26.5000000000                  49.5000000000                8824.8575571916 
                 26.5000000000                  50.0000000000                   0.0000000000 
                 27.0000000000                   0.0000000000                   0.0000000000 
                 27.0000000000                   0.5000000000                7225.5524466560 
                 27.0000000000                   1.0000000000               14305.7481903430 
                 27.0000000000                   1.5000000000               21270.9957569840 
                 27.0000000000                   2.0000000000               28149.9882346142 
                 27.0000000000                   2.5000000000               35105.4879155839 
                 27.0000000000                   3.0000000000               42379.4205600273 
                 27.0000000000                   3.5000000000               50085.3704072611 
                 27.0000000000                   4.0000000000               58530.3603885210 
                 27.0000000000                   4.5000000000               67245.7881236019 
                 27.0000000000                   5.0000000000               75395.3074076106 
                 27.0000000000                   5.5000000000               83100.8035609704 
                 27.0000000000                   6.0000000000               90520.2010710227 
                 27.0000000000                   6.5000000000               97822.3563220919 
                 27.0000000000                   7.0000000000              105479.5463465123 
                 27.0000000000                   7.5000000000              113735.0074297913 
                 27.0000000000                   8.0000000000              122948.5835055397 
                 27.0000000000                   8.5000000000              133831.7971715681 
                 27.0000000000                   9.0000000000              145541.2167591023 
                 27.0000000000                   9.5000000000              157240.4204003664 
                 27.0000000000                  10.0000000000              169317.0375047841 
                 27.0000000000                  10.5000000000              181916.2623259625 
                 27.0000000000                  11.0000000000              195210.7964546941 
                 27.0000000000                  11.5000000000              209360.4943440056 
                 27.0000000000                  12.0000000000              224530.0158269124 
                 27.0000000000                  12.5000000000              240802.7126928045 
                 27.0000000000                  13.0000000000              257580.2019118624 
                 27.0000000000                  13.5000000000              274215.3015957376 
                 27.0000000000                  14.0000000000              290664.3137154503 
                 27.0000000000                  14.5000000000              306778.9537015010 
                 27.0000000000                  15.0000000000              323037.7942731525 
                 27.0000000000                  15.5000000000              340151.4045649677 
                 27.0000000000                  16.0000000000              358119.4427801740 
                 27.0000000000                  16.5000000000              376984.8754315163 
                 27.0000000000                  17.0000000000              396067.0671202232 
                 27.0000000000                  17.5000000000              414375.5490450428 
                 27.0000000000                  18.0000000000              432082.8270664166 
                 27.0000000000                  18.5000000000              449470.8470013757 
                 27.0000000000                  19.0000000000              467158.8473020043 
                 27.0000000000                  19.5000000000              486532.7979376599 
                 27.0000000000                  20.0000000000              508273.5355156754 
                 27.0000000000                  20.5000000000              532707.5804453554 
                 27.0000000000                  21.0000000000              559897.4118129902 
                 27.0000000000                  21.5000000000              588500.5831065670 
                 27.0000000000                  22.0000000000              617433.9101260887 
                 27.0000000000                  22.5000000000              646691.3717664814 
                 27.0000000000                  23.0000000000              674812.7175158449 
                 27.0000000000                  23.5000000000              695885.3424669479 
                 27.0000000000                  24.0000000000              707808.9562196387 
                 27.0000000000                  24.5000000000              714209.1664620696 
                 27.0000000000                  25.0000000000              717087.7113518831 
                 27.0000000000                  25.5000000000              716826.0386685142 
                 27.0000000000                  26.0000000000              711716.3163982317 
                 27.0000000000                  26.5000000000              698562.0259112429 
                 27.0000000000                  27.0000000000              669001.1573170049 
                 27.0000000000                  27.5000000000              627943.4875335956 
                 27.0000000000                  28.0000000000              590144.9911563969 
                 27.0000000000                  28.5000000000              557684.7642682287 
                 27.0000000000                  29.0000000000              528717.0776560159 
                 27.0000000000                  29.5000000000              502855.3236129226 
                 27.0000000000                  30.0000000000              479850.1336404298 
                 27.0000000000                  30.5000000000              458343.6969086641 
                 27.0000000000                  31.0000000000              437342.6811597672 
                 27.0000000000                  31.5000000000              415947.5038899672 
                 27.0000000000                  32.0000000000              392656.3358613715 
                 27.0000000000                  32.5000000000              367005.7869185990 
                 27.0000000000                  33.0000000000              339021.8359233099 
                 27.0000000000                  33.5000000000              310285.2877799677 
                 27.0000000000                  34.0000000000              285077.2363144907 
                 27.0000000000                  34.5000000000              264536.6149698368 
                 27.0000000000                  35.0000000000              246454.0307280877 
                 27.0000000000                  35.5000000000              228853.3124460453 
                 27.0000000000                  36.0000000000              210291.7057851691 
                 27.0000000000                  36.5000000000              190381.2488218611 
                 27.0000000000                  37.0000000000              168725.5393223275 
                 27.0000000000                  37.5000000000              145407.5065544555 
                 27.0000000000                  38.0000000000              127389.3551170587 
                 27.0000000000                  38.5000000000              117241.4634750836 
                 27.0000000000                  39.0000000000              110339.0064285035 
                 27.0000000000                  39.5000000000              105679.1429124261 
                 27.0000000000                  40.0000000000              102062.5694099379 
                 27.0000000000                  40.5000000000               98538.9151843142 
                 27.0000000000                  41.0000000000               95075.3555932657 
                 27.0000000000                  41.5000000000               91678.0471849983 
                 27.0000000000                  42.0000000000               88334.8878229207 
                 27.0000000000                  42.5000000000               85059.7711847280 
                 27.0000000000                  43.0000000000               81803.0050425524 
                 27.0000000000                  43.5000000000               78593.2046858729 
                 27.0000000000                  44.0000000000               75347.4791984912 
                 27.0000000000                  44.5000000000               71738.8507462785 
                 27.0000000000                  45.0000000000               67634.8014180000 
                 27.0000000000                  45.5000000000               62990.4432307742 
                 27.0000000000                  46.0000000000               57728.4499842470 
                 27.0000000000                  46.5000000000               52002.8261778419 
                 27.0000000000                  47.0000000000               45857.9106039746 
                 27.0000000000                  47.5000000000               39105.5611666238 
                 27.0000000000                  48.0000000000               31613.1448030127 
                 27.0000000000                  48.5000000000               23741.3545396665 
                 27.0000000000                  49.0000000000               15808.8045808383 
                 27.0000000000                  49.5000000000                7810.9390979844 
                 27.0000000000                  50.0000000000                   0.0000000000 
                 27.5000000000                   0.0000000000                   0.0000000000 
                 27.5000000000                   0.5000000000                7106.0344293109 
                 27.5000000000                   1.0000000000               14108.1191164752 
                 27.5000000000                   1.5000000000               21023.0624682926 
                 27.5000000000                   2.0000000000               27869.0651725196 
                 27.5000000000                   2.5000000000               34794.4888227738 
                 27.5000000000                   3.0000000000               42028.9833752375 
                 27.5000000000                   3.5000000000               49690.7183944925 
                 27.5000000000                   4.0000000000               58099.0143604484 
                 27.5000000000                   4.5000000000               66811.0136663425 
                 27.5000000000                   5.0000000000               74977.8983308000 
                 27.5000000000                   5.5000000000               82684.8683275513 
                 27.5000000000                   6.0000000000               90082.4885942487 
                 27.5000000000                   6.5000000000               97328.6789109618 
                 27.5000000000                   7.0000000000              104886.5157774006 
                 27.5000000000                   7.5000000000              113003.1496520817 
                 27.5000000000                   8.0000000000              122072.4498519520 
                 27.5000000000                   8.5000000000              132954.5610698700 
                 27.5000000000                   9.0000000000              144790.9754974852 
                 27.5000000000                   9.5000000000              156619.9927031567 
                 27.5000000000                  10.0000000000              168852.8610780473 
                 27.5000000000                  10.5000000000              181638.1320340930 
                 27.5000000000                  11.0000000000              195025.9135708346 
                 27.5000000000                  11.5000000000              209060.9871857063 
                 27.5000000000                  12.0000000000              223871.0706675835 
                 27.5000000000                  12.5000000000              239478.1061864131 
                 27.5000000000                  13.0000000000              255533.7318825938 
                 27.5000000000                  13.5000000000              271637.4771097126 
                 27.5000000000                  14.0000000000              287685.2568555553 
                 27.5000000000                  14.5000000000              303491.0414840645 
                 27.5000000000                  15.0000000000              319409.3424171103 
                 27.5000000000                  15.5000000000              336054.6287491702 
                 27.5000000000                  16.0000000000              353566.4229917264 
                 27.5000000000                  16.5000000000              372150.6784421564 
                 27.5000000000                  17.0000000000              391132.8120592935 
                 27.5000000000                  17.5000000000              409380.9494401620 
                 27.5000000000                  18.0000000000              426965.4887706007 
                 27.5000000000                  18.5000000000              444172.8599238315 
                 27.5000000000                  19.0000000000              461575.3096674570 
                 27.5000000000                  19.5000000000              480478.5354710610 
                 27.5000000000                  20.0000000000              501508.8367633930 
                 27.5000000000                  20.5000000000              524913.6048597400 
                 27.5000000000                  21.0000000000              550706.7037293771 
                 27.5000000000                  21.5000000000              577577.8914789573 
                 27.5000000000                  22.0000000000              604412.7967044679 
                 27.5000000000                  22.5000000000              630720.3186870986 
                 27.5000000000                  23.0000000000              655072.1732945872 
                 27.5000000000                  23.5000000000              674461.4392333694 
                 27.5000000000                  24.0000000000              687132.4865775510 
                 27.5000000000                  24.5000000000              693885.1258694470 
                 27.5000000000                  25.0000000000              695567.4620610827 
                 27.5000000000                  25.5000000000              691834.0801812497 
                 27.5000000000                  26.0000000000              681143.5890730841 
                 27.5000000000                  26.5000000000              662095.2924660300 
                 27.5000000000                  27.0000000000              632663.8286090384 
                 27.5000000000                  27.5000000000              598194.6068911299 
                 27.5000000000                  28.0000000000              566819.0043391025 
                 27.5000000000                  28.5000000000              539515.0053011157 
                 27.5000000000                  29.0000000000              515574.4194037372 
                 27.5000000000                  29.5000000000              494205.5836796262 
                 27.5000000000                  30.0000000000              474476.8062288049 
                 27.5000000000                  30.5000000000              455353.8208746766 
                 27.5000000000                  31.0000000000              436484.5166950729 
                 27.5000000000                  31.5000000000              417037.0115322996 
                 27.5000000000                  32.0000000000              395199.1018800513 
                 27.5000000000                  32.5000000000              370528.9194385327 
                 27.5000000000                  33.0000000000              343383.4627169945 
                 27.5000000000                  33.5000000000              314817.9411979642 
                 27.5000000000                  34.0000000000              287768.5795048652 
                 27.5000000000                  34.5000000000              263452.7451323972 
                 27.5000000000                  35.0000000000              240624.4059669444 
                 27.5000000000                  35.5000000000              217992.6030457300 
                 27.5000000000                  36.0000000000              195675.9442387371 
                 27.5000000000                  36.5000000000              173897.0687370886 
                 27.5000000000                  37.0000000000              151487.6093010782 
                 27.5000000000                  37.5000000000              128899.9688537430 
                 27.5000000000                  38.0000000000              113403.6288815991 
                 27.5000000000                  38.5000000000              106039.7491212499 
                 27.5000000000                  39.0000000000              101175.8915089800 
                 27.5000000000                  39.5000000000               98004.8956190490 
                 27.5000000000                  40.0000000000               95480.9699505393 
                 27.5000000000                  40.5000000000               92847.1464067877 
                 27.5000000000                  41.0000000000               90154.2918028887 
                 27.5000000000                  41.5000000000               87481.7505164159 
                 27.5000000000                  42.0000000000               84830.0392536645 
                 27.5000000000                  42.5000000000               82144.9938169451 
                 27.5000000000                  43.0000000000               79358.5079029266 
                 27.5000000000                  43.5000000000               76489.2309981397 
                 27.5000000000                  44.0000000000               73452.9940675014 
                 27.5000000000                  44.5000000000               69986.0497792095 
                 27.5000000000                  45.0000000000               65986.9259993952 
                 27.5000000000                  45.5000000000               61414.1260231800 
                 27.5000000000                  46.0000000000               56213.3770921443 
                 27.5000000000                  46.5000000000               50538.9152177633 
                 27.5000000000                  47.0000000000               44436.1635361801 
                 27.5000000000                  47.5000000000               37735.7746793221 
                 27.5000000000                  48.0000000000               30344.3102637092 
                 27.5000000000                  48.5000000000               22662.5060574949 
                 27.5000000000                  49.0000000000               15020.2420487105 
                 27.5000000000                  49.5000000000                7401.5012832597 
                 27.5000000000                  50.0000000000                   0.0000000000 
                 28.0000000000                   0.0000000000                   0.0000000000 
                 28.0000000000                   0.5000000000                7003.2191053476 
                 28.0000000000                   1.0000000000               13914.0139685241 
                 28.0000000000                   1.5000000000               20754.6166386116 
                 28.0000000000                   2.0000000000               27537.2725831145 
                 28.0000000000                   2.5000000000               34399.3382975312 
                 28.0000000000                   3.0000000000               41553.4110105563 
                 28.0000000000                   3.5000000000               49109.4439357917 
                 28.0000000000                   4.0000000000               57324.2302692311 
                 28.0000000000                   4.5000000000               65896.4056864182 
                 28.0000000000                   5.0000000000               74109.7174673470 
                 28.0000000000                   5.5000000000               81916.5850706973 
                 28.0000000000                   6.0000000000               89411.9158773701 
                 28.0000000000                   6.5000000000               96739.8484292055 
                 28.0000000000                   7.0000000000              104341.8512451142 
                 28.0000000000                   7.5000000000              112487.9780283217 
                 28.0000000000                   8.0000000000              121574.9280761066 
                 28.0000000000                   8.5000000000              132260.8029862418 
                 28.0000000000                   9.0000000000              143851.6114595363 
                 28.0000000000                   9.5000000000              155602.2024575458 
                 28.0000000000                  10.0000000000              167798.8215794637 
                 28.0000000000                  10.5000000000              180556.8956298689 
                 28.0000000000                  11.0000000000              193839.7822650830 
                 28.0000000000                  11.5000000000              207622.6958309740 
                 28.0000000000                  12.0000000000              222003.6027478348 
                 28.0000000000                  12.5000000000              237003.7579993440 
                 28.0000000000                  13.0000000000              252454.4103153756 
                 28.0000000000                  13.5000000000              268120.1431131995 
                 28.0000000000                  14.0000000000              283881.2966243958 
                 28.0000000000                  14.5000000000              299569.4027000286 
                 28.0000000000                  15.0000000000              315372.6282602155 
                 28.0000000000                  15.5000000000              331693.4433411105 
                 28.0000000000                  16.0000000000              348679.4696935755 
                 28.0000000000                  16.5000000000              366586.7463127333 
                 28.0000000000                  17.0000000000              385012.5267621302 
                 28.0000000000                  17.5000000000              402941.2117332102 
                 28.0000000000                  18.0000000000              420212.9369053032 
                 28.0000000000                  18.5000000000              437047.4398480537 
                 28.0000000000                  19.0000000000              453980.2221027287 
                 28.0000000000                  19.5000000000              472193.8094660569 
                 28.0000000000                  20.0000000000              492247.9593685092 
                 28.0000000000                  20.5000000000              514298.9863168812 
                 28.0000000000                  21.0000000000              538301.8153755974 
                 28.0000000000                  21.5000000000              563089.8418464202 
                 28.0000000000                  22.0000000000              587593.7260285346 
                 28.0000000000                  22.5000000000              611299.5838810574 
                 28.0000000000                  23.0000000000              632802.9488265211 
                 28.0000000000                  23.5000000000              649524.7855178912 
                 28.0000000000                  24.0000000000              660376.7070945343 
                 28.0000000000                  24.5000000000              665824.5203720414 
                 28.0000000000                  25.0000000000              666042.0338796992 
                 28.0000000000                  25.5000000000              660438.7656627067 
                 28.0000000000                  26.0000000000              648205.5021842447 
                 28.0000000000                  26.5000000000              629505.3839004140 
                 28.0000000000                  27.0000000000              603598.9551368700 
                 28.0000000000                  27.5000000000              574560.6893722817 
                 28.0000000000                  28.0000000000              548358.0751556173 
                 28.0000000000                  28.5000000000              525540.4264496956 
                 28.0000000000                  29.0000000000              505408.9922381519 
                 28.0000000000                  29.5000000000              487015.9992357800 
                 28.0000000000                  30.0000000000              469302.1443248213 
                 28.0000000000                  30.5000000000              451671.1482040197 
                 28.0000000000                  31.0000000000              434229.9719689267 
                 28.0000000000                  31.5000000000              416205.0453316538 
                 28.0000000000                  32.0000000000              395516.5215005817 
                 28.0000000000                  32.5000000000              371637.8366157577 
                 28.0000000000                  33.0000000000              344849.9915827503 
                 28.0000000000                  33.5000000000              315756.5912874676 
                 28.0000000000                  34.0000000000              287016.5486553872 
                 28.0000000000                  34.5000000000              259902.4683865261 
                 28.0000000000                  35.0000000000              233310.4631592793 
                 28.0000000000                  35.5000000000              206591.8039961320 
                 28.0000000000                  36.0000000000              181367.3912828907 
                 28.0000000000                  36.5000000000              158451.0558198956 
                 28.0000000000                  37.0000000000              136223.9638820703 
                 28.0000000000                  37.5000000000              115264.4901565674 
                 28.0000000000                  38.0000000000              102056.3453562403 
                 28.0000000000                  38.5000000000               96586.3913398958 
                 28.0000000000                  39.0000000000               93192.5260965522 
                 28.0000000000                  39.5000000000               91123.4367598974 
                 28.0000000000                  40.0000000000               89470.5524220452 
                 28.0000000000                  40.5000000000               87613.4650813572 
                 28.0000000000                  41.0000000000               85632.7506709770 
                 28.0000000000                  41.5000000000               83656.7631473768 
                 28.0000000000                  42.0000000000               81663.6978815164 
                 28.0000000000                  42.5000000000               79510.5840092218 
                 28.0000000000                  43.0000000000               77122.9687318636 
                 28.0000000000                  43.5000000000               74496.1437396122 
                 28.0000000000                  44.0000000000               71558.4428354203 
                 28.0000000000                  44.5000000000               68169.2547601479 
                 28.0000000000                  45.0000000000               64267.0943742118 
                 28.0000000000                  45.5000000000               59809.9135622020 
                 28.0000000000                  46.0000000000               54768.0144214847 
                 28.0000000000                  46.5000000000               49245.4461409505 
                 28.0000000000                  47.0000000000               43273.7482326314 
                 28.0000000000                  47.5000000000               36749.1639045828 
                 28.0000000000                  48.0000000000               29632.9032198980 
                 28.0000000000                  48.5000000000               22232.2835846751 
                 28.0000000000                  49.0000000000               14808.9132844842 
                 28.0000000000                  49.5000000000                7365.9705719491 
                 28.0000000000                  50.0000000000                   0.0000000000 
                 28.5000000000                   0.0000000000                   0.0000000000 
                 28.5000000000                   0.5000000000                6891.5399605538 
                 28.5000000000                   1.0000000000               13698.8637958214 
                 28.5000000000                   1.5000000000               20449.5039614540 
                 28.5000000000                   2.0000000000               27151.2908959590 
                 28.5000000000                   2.5000000000               33928.2387856030 
                 28.5000000000                   3.0000000000               40970.2867285646 
                 28.5000000000                   3.5000000000               48367.9577012739 
                 28.5000000000                   4.0000000000               56302.9943482264 
                 28.5000000000                   4.5000000000               64627.6343177818 
                 28.5000000000                   5.0000000000               72834.8606593012 
                 28.5000000000                   5.5000000000               80780.6366499101 
                 28.5000000000                   6.0000000000               88474.4065455591 
                 28.5000000000                   6.5000000000               96006.7724046971 
                 28.5000000000                   7.0000000000              103760.0641609499 
                 28.5000000000                   7.5000000000              112029.7695304009 
                 28.5000000000                   8.0000000000              121152.2921176982 
                 28.5000000000                   8.5000000000              131523.5777956707 
                 28.5000000000                   9.0000000000              142683.9376541078 
                 28.5000000000                   9.5000000000              154176.0612208962 
                 28.5000000000                  10.0000000000              166161.2360300406 
                 28.5000000000                  10.5000000000              178719.4796825207 
                 28.5000000000                  11.0000000000              191750.0593278531 
                 28.5000000000                  11.5000000000              205182.2427660296 
                 28.5000000000                  12.0000000000              219096.2092293901 
                 28.5000000000                  12.5000000000              233504.9981528990 
                 28.5000000000                  13.0000000000              248390.9587833472 
                 28.5000000000                  13.5000000000              263663.2509976520 
                 28.5000000000                  14.0000000000              279200.8295888751 
                 28.5000000000                  14.5000000000              294882.7502326043 
                 28.5000000000                  15.0000000000              310681.9291903304 
                 28.5000000000                  15.5000000000              326750.8064890868 
                 28.5000000000                  16.0000000000              343244.7811941269 
                 28.5000000000                  16.5000000000              360357.4456928037 
                 28.5000000000                  17.0000000000              377974.9398404234 
                 28.5000000000                  17.5000000000              395394.1927828989 
                 28.5000000000                  18.0000000000              412221.9228184675 
                 28.5000000000                  18.5000000000              428531.9524039867 
                 28.5000000000                  19.0000000000              444852.9796340443 
                 28.5000000000                  19.5000000000              462240.5271681320 
                 28.5000000000                  20.0000000000              481179.5603419508 
                 28.5000000000                  20.5000000000              501740.1762069536 
                 28.5000000000                  21.0000000000              523804.3771495086 
                 28.5000000000                  21.5000000000              546338.2429972989 
                 28.5000000000                  22.0000000000              568406.8174085752 
                 28.5000000000                  22.5000000000              589580.7324642171 
                 28.5000000000                  23.0000000000              608790.0797487870 
                 28.5000000000                  23.5000000000              623887.5452556374 
                 28.5000000000                  24.0000000000              633719.1940078053 
                 28.5000000000                  24.5000000000              638466.1136158144 
                 28.5000000000                  25.0000000000              638273.2681081712 
                 28.5000000000                  25.5000000000              632475.6888607350 
                 28.5000000000                  26.0000000000              620651.8751324734 
                 28.5000000000                  26.5000000000              603475.0366946580 
                 28.5000000000                  27.0000000000              580909.2850023962 
                 28.5000000000                  27.5000000000              556374.0325352603 
                 28.5000000000                  28.0000000000              534101.5574300390 
                 28.5000000000                  28.5000000000              514240.8343013848 
                 28.5000000000                  29.0000000000              496329.5801222189 
                 28.5000000000                  29.5000000000              479624.9387161729 
                 28.5000000000                  30.0000000000              463122.0303415641 
                 28.5000000000                  30.5000000000              446486.8085360089 
                 28.5000000000                  31.0000000000              430078.8352160314 
                 28.5000000000                  31.5000000000              413106.8551711636 
                 28.5000000000                  32.0000000000              393290.4107679423 
                 28.5000000000                  32.5000000000              369977.4828327796 
                 28.5000000000                  33.0000000000              343300.9757688632 
                 28.5000000000                  33.5000000000              313567.8167927070 
                 28.5000000000                  34.0000000000              283338.1198942782 
                 28.5000000000                  34.5000000000              254035.5692857255 
                 28.5000000000                  35.0000000000              224633.9165652109 
                 28.5000000000                  35.5000000000              194795.1498229581 
                 28.5000000000                  36.0000000000              167529.4494499640 
                 28.5000000000                  36.5000000000              144345.6814966696 
                 28.5000000000                  37.0000000000              123073.6825748441 
                 28.5000000000                  37.5000000000              104020.6027412037 
                 28.5000000000                  38.0000000000               92782.4801461112 
                 28.5000000000                  38.5000000000               88700.9182769445 
                 28.5000000000                  39.0000000000               86357.5500353429 
                 28.5000000000                  39.5000000000               85102.4391680626 
                 28.5000000000                  40.0000000000               84127.0168969077 
                 28.5000000000                  40.5000000000               82912.3165794146 
                 28.5000000000                  41.0000000000               81546.2446851453 
                 28.5000000000                  41.5000000000               80176.7315683581 
                 28.5000000000                  42.0000000000               78753.5259172984 
                 28.5000000000                  42.5000000000               77062.0461033353 
                 28.5000000000                  43.0000000000               75017.1378409560 
                 28.5000000000                  43.5000000000               72585.0474824314 
                 28.5000000000                  44.0000000000               69709.6443372844 
                 28.5000000000                  44.5000000000               66380.7175808137 
                 28.5000000000                  45.0000000000               62582.5224433509 
                 28.5000000000                  45.5000000000               58268.0980000971 
                 28.5000000000                  46.0000000000               53421.4946096339 
                 28.5000000000                  46.5000000000               48090.8787881427 
                 28.5000000000                  47.0000000000               42292.6757317931 
                 28.5000000000                  47.5000000000               35986.7815591296 
                 28.5000000000                  48.0000000000               29181.0695754828 
                 28.5000000000                  48.5000000000               22075.6565821464 
                 28.5000000000                  49.0000000000               14843.4162938475 
                 28.5000000000                  49.5000000000                7488.3865556281 
                 28.5000000000                  50.0000000000                   0.0000000000 
                 29.0000000000                   0.0000000000                   0.0000000000 
                 29.0000000000                   0.5000000000                6751.3144559860 
                 29.0000000000                   1.0000000000               13438.1388394674 
                 29.0000000000                   1.5000000000               20089.3692592903 
                 29.0000000000                   2.0000000000               26704.7375375947 
                 29.0000000000                   2.5000000000               33388.3924285099 
                 29.0000000000                   3.0000000000               40301.7652188521 
                 29.0000000000                   3.5000000000               47515.0337371893 
                 29.0000000000                   4.0000000000               55131.4364308970 
                 29.0000000000                   4.5000000000               63098.7665838358 
                 29.0000000000                   5.0000000000               71138.6933465061 
                 29.0000000000                   5.5000000000               79105.9411067814 
                 29.0000000000                   6.0000000000               86998.6176354803 
                 29.0000000000                   6.5000000000               94852.4932211384 
                 29.0000000000                   7.0000000000              102867.1583132755 
                 29.0000000000                   7.5000000000              111321.2168683928 
                 29.0000000000                   8.0000000000              120472.0131299574 
                 29.0000000000                   8.5000000000              130478.6985517526 
                 29.0000000000                   9.0000000000              141149.0897201966 
                 29.0000000000                   9.5000000000              152275.9633609986 
                 29.0000000000                  10.0000000000              163905.0537002357 
                 29.0000000000                  10.5000000000              176106.2500322195 
                 29.0000000000                  11.0000000000              188759.1204894942 
                 29.0000000000                  11.5000000000              201770.2026544026 
                 29.0000000000                  12.0000000000              215196.5526778817 
                 29.0000000000                  12.5000000000              229028.6110094963 
                 29.0000000000                  13.0000000000              243352.2403340065 
                 29.0000000000                  13.5000000000              258204.1753899363 
                 29.0000000000                  14.0000000000              273484.7159605934 
                 29.0000000000                  14.5000000000              289165.4771005089 
                 29.0000000000                  15.0000000000              305020.6907654587 
                 29.0000000000                  15.5000000000              320912.5716513129 
                 29.0000000000                  16.0000000000              337010.7346651056 
                 29.0000000000                  16.5000000000              353427.1033155720 
                 29.0000000000                  17.0000000000              370184.4009009476 
                 29.0000000000                  17.5000000000              386944.7681529428 
                 29.0000000000                  18.0000000000              403223.4064331283 
                 29.0000000000                  18.5000000000              418883.5526706065 
                 29.0000000000                  19.0000000000              434471.9865184517 
                 29.0000000000                  19.5000000000              450970.7467686953 
                 29.0000000000                  20.0000000000              468766.5450306108 
                 29.0000000000                  20.5000000000              487849.3407270616 
                 29.0000000000                  21.0000000000              507962.9279386918 
                 29.0000000000                  21.5000000000              528101.0520807462 
                 29.0000000000                  22.0000000000              547480.1972106326 
                 29.0000000000                  22.5000000000              565863.1570957189 
                 29.0000000000                  23.0000000000              582664.0049675669 
                 29.0000000000                  23.5000000000              596270.3748925426 
                 29.0000000000                  24.0000000000              605520.3915146288 
                 29.0000000000                  24.5000000000              610239.1798874749 
                 29.0000000000                  25.0000000000              610412.2309968355 
                 29.0000000000                  25.5000000000              605468.5893278038 
                 29.0000000000                  26.0000000000              595174.6663677836 
                 29.0000000000                  26.5000000000              580407.0369126579 
                 29.0000000000                  27.0000000000              561367.8064878490 
                 29.0000000000                  27.5000000000              540579.2715153918 
                 29.0000000000                  28.0000000000              521118.1466767514 
                 29.0000000000                  28.5000000000              503226.1678773140 
                 29.0000000000                  29.0000000000              486802.4871580809 
                 29.0000000000                  29.5000000000              471233.8231413588 
                 29.0000000000                  30.0000000000              455599.4231465305 
                 29.0000000000                  30.5000000000              439738.9832496461 
                 29.0000000000                  31.0000000000              424077.2288817036 
                 29.0000000000                  31.5000000000              407789.5751503047 
                 29.0000000000                  32.0000000000              388543.9219314679 
                 29.0000000000                  32.5000000000              365585.0878710435 
                 29.0000000000                  33.0000000000              338840.7897349783 
                 29.0000000000                  33.5000000000              308373.3954158985 
                 29.0000000000                  34.0000000000              276725.8520153895 
                 29.0000000000                  34.5000000000              245472.4821885138 
                 29.0000000000                  35.0000000000              213601.7425125976 
                 29.0000000000                  35.5000000000              180959.1662446645 
                 29.0000000000                  36.0000000000              152258.1481498405 
                 29.0000000000                  36.5000000000              129800.9592669229 
                 29.0000000000                  37.0000000000              110545.6943655092 
                 29.0000000000                  37.5000000000               94323.1473894606 
                 29.0000000000                  38.0000000000               85254.1499558491 
                 29.0000000000                  38.5000000000               82222.4722912544 
                 29.0000000000                  39.0000000000               80631.7940393602 
                 29.0000000000                  39.5000000000               79954.1597005467 
                 29.0000000000                  40.0000000000               79484.2961816476 
                 29.0000000000                  40.5000000000               78776.1743131544 
                 29.0000000000                  41.0000000000               77910.7353650732 
                 29.0000000000                  41.5000000000               77034.5436121787 
                 29.0000000000                  42.0000000000               76070.2119203067 
                 29.0000000000                  42.5000000000               74756.2435553512 
                 29.0000000000                  43.0000000000               73002.1273355765 
                 29.0000000000                  43.5000000000               70745.6809720186 
                 29.0000000000                  44.0000000000               67943.3699998527 
                 29.0000000000                  44.5000000000               64695.9755683553 
                 29.0000000000                  45.0000000000               61021.2029401728 
                 29.0000000000                  45.5000000000               56860.4270297811 
                 29.0000000000                  46.0000000000               52204.5610185792 
                 29.0000000000                  46.5000000000               47056.7990663713 
                 29.0000000000                  47.0000000000               41422.6866392283 
                 29.0000000000                  47.5000000000               35306.1515737876 
                 29.0000000000                  48.0000000000               28751.1287886735 
                 29.0000000000                  48.5000000000               21886.5994585632 
                 29.0000000000                  49.0000000000               14825.0747785260 
                 29.0000000000                  49.5000000000                7571.6016922660 
                 29.0000000000                  50.0000000000                   0.0000000000 
                 29.5000000000                   0.0000000000                   0.0000000000 
                 29.5000000000                   0.5000000000                6571.3407060373 
                 29.5000000000                   1.0000000000               13120.6882913481 
                 29.5000000000                   1.5000000000               19665.1294289650 
                 29.5000000000                   2.0000000000               26196.9908180828 
                 29.5000000000                   2.5000000000               32791.3161109240 
                 29.5000000000                   3.0000000000               39573.8352703960 
                 29.5000000000                   3.5000000000               46599.2382035179 
                 29.5000000000                   4.0000000000               53927.3568398830 
                 29.5000000000                   4.5000000000               61529.4503045856 
                 29.5000000000                   5.0000000000               69261.8847905002 
                 29.5000000000                   5.5000000000               77050.4656189308 
                 29.5000000000                   6.0000000000               84957.6607645948 
                 29.5000000000                   6.5000000000               93044.6536024037 
                 29.5000000000                   7.0000000000              101331.1144376251 
                 29.5000000000                   7.5000000000              109972.4379778366 
                 29.5000000000                   8.0000000000              119155.3700333840 
                 29.5000000000                   8.5000000000              128922.7271468721 
                 29.5000000000                   9.0000000000              139206.8982072941 
                 29.5000000000                   9.5000000000              149935.2327192371 
                 29.5000000000                  10.0000000000              161122.7442423779 
                 29.5000000000                  10.5000000000              172833.4337439594 
                 29.5000000000                  11.0000000000              184999.0103896338 
                 29.5000000000                  11.5000000000              197540.5203535523 
                 29.5000000000                  12.0000000000              210472.9809924270 
                 29.5000000000                  12.5000000000              223766.4694938963 
                 29.5000000000                  13.0000000000              237544.3029565598 
                 29.5000000000                  13.5000000000              251924.6852212068 
                 29.5000000000                  14.0000000000              266857.0527799145 
                 29.5000000000                  14.5000000000              282391.4344970465 
                 29.5000000000                  15.0000000000              298208.7485811724 
                 29.5000000000                  15.5000000000              313956.9812085468 
                 29.5000000000                  16.0000000000              329752.0469948937 
                 29.5000000000                  16.5000000000              345655.7975356590 
                 29.5000000000                  17.0000000000              361660.9363898578 
                 29.5000000000                  17.5000000000              377668.2006232265 
                 29.5000000000                  18.0000000000              393317.3201417499 
                 29.5000000000                  18.5000000000              408266.3605633990 
                 29.5000000000                  19.0000000000              423018.1897691145 
                 29.5000000000                  19.5000000000              438582.4727135615 
                 29.5000000000                  20.0000000000              455255.4662238942 
                 29.5000000000                  20.5000000000              472962.4095393879 
                 29.5000000000                  21.0000000000              491288.3338043750 
                 29.5000000000                  21.5000000000              509092.1292466299 
                 29.5000000000                  22.0000000000              525740.4731919972 
                 29.5000000000                  22.5000000000              541233.0391701560 
                 29.5000000000                  23.0000000000              555512.6267234976 
                 29.5000000000                  23.5000000000              567711.7556254567 
                 29.5000000000                  24.0000000000              576619.7557917199 
                 29.5000000000                  24.5000000000              581632.4969178884 
                 29.5000000000                  25.0000000000              582531.8104695962 
                 29.5000000000                  25.5000000000              578832.3537471020 
                 29.5000000000                  26.0000000000              570374.3217522324 
                 29.5000000000                  26.5000000000              557909.3208156788 
                 29.5000000000                  27.0000000000              541739.8283530069 
                 29.5000000000                  27.5000000000              523830.9674400950 
                 29.5000000000                  28.0000000000              506622.2798435561 
                 29.5000000000                  28.5000000000              490455.9446324849 
                 29.5000000000                  29.0000000000              475332.1356853803 
                 29.5000000000                  29.5000000000              460727.2893159517 
                 29.5000000000                  30.0000000000              445891.5098973213 
                 29.5000000000                  30.5000000000              430742.2776765410 
                 29.5000000000                  31.0000000000              415663.4266110800 
                 29.5000000000                  31.5000000000              399854.3091462981 
                 29.5000000000                  32.0000000000              381041.1022799347 
                 29.5000000000                  32.5000000000              358347.2130037802 
                 29.5000000000                  33.0000000000              331411.7813517667 
                 29.5000000000                  33.5000000000              300067.7502229162 
                 29.5000000000                  34.0000000000              267015.4171969724 
                 29.5000000000                  34.5000000000              234112.9549804831 
                 29.5000000000                  35.0000000000              200196.2648604402 
                 29.5000000000                  35.5000000000              165509.9540790474 
                 29.5000000000                  36.0000000000              136797.6566972283 
                 29.5000000000                  36.5000000000              116394.3460774640 
                 29.5000000000                  37.0000000000               99993.2599830418 
                 29.5000000000                  37.5000000000               87057.8494025140 
                 29.5000000000                  38.0000000000               79823.7363484184 
                 29.5000000000                  38.5000000000               77210.8925737495 
                 29.5000000000                  39.0000000000               75999.6320176422 
                 29.5000000000                  39.5000000000               75638.9947094902 
                 29.5000000000                  40.0000000000               75496.4476834943 
                 29.5000000000                  40.5000000000               75152.9315373476 
                 29.5000000000                  41.0000000000               74666.7508834690 
                 29.5000000000                  41.5000000000               74160.7691806719 
                 29.5000000000                  42.0000000000               73536.1166354304 
                 29.5000000000                  42.5000000000               72517.8112521251 
                 29.5000000000                  43.0000000000               71010.9187637097 
                 29.5000000000                  43.5000000000               68938.7670699634 
                 29.5000000000                  44.0000000000               66270.1535657384 
                 29.5000000000                  44.5000000000               63155.0963612819 
                 29.5000000000                  45.0000000000               59625.7931553815 
                 29.5000000000                  45.5000000000               55613.5774933009 
                 29.5000000000                  46.0000000000               51104.0276598183 
                 29.5000000000                  46.5000000000               46092.6775524538 
                 29.5000000000                  47.0000000000               40584.8850935029 
                 29.5000000000                  47.5000000000               34583.2309929727 
                 29.5000000000                  48.0000000000               28124.1754663776 
                 29.5000000000                  48.5000000000               21365.6892553788 
                 29.5000000000                  49.0000000000               14447.9761888108 
                 29.5000000000                  49.5000000000                7368.2138496587 
                 29.5000000000                  50.0000000000                   0.0000000000 
                 30.0000000000                   0.0000000000                   0.0000000000 
                 30.0000000000                   0.5000000000                6377.0879533688 
                 30.0000000000                   1.0000000000               12776.8226958563 
                 30.0000000000                   1.5000000000               19202.7907259069 
                 30.0000000000                   2.0000000000               25646.2378506285 
                 30.0000000000                   2.5000000000               32151.7226685340 
                 30.0000000000                   3.0000000000               38804.8244001860 
                 30.0000000000                   3.5000000000               45650.7763559365 
                 30.0000000000                   4.0000000000               52743.4016413227 
                 30.0000000000                   4.5000000000               60066.5274467992 
                 30.0000000000                   5.0000000000               67524.0102021032 
                 30.0000000000                   5.5000000000               75096.3529154808 
                 30.0000000000                   6.0000000000               82878.8503865891 
                 30.0000000000                   6.5000000000               90961.2165389125 
                 30.0000000000                   7.0000000000               99327.6474245277 
                 30.0000000000                   7.5000000000              108030.3712604732 
                 30.0000000000                   8.0000000000              117196.5363737065 
                 30.0000000000                   8.5000000000              126840.0257757333 
                 30.0000000000                   9.0000000000              136864.4191529019 
                 30.0000000000                   9.5000000000              147225.7963533975 
                 30.0000000000                  10.0000000000              157966.6051759782 
                 30.0000000000                  10.5000000000              169140.7889360048 
                 30.0000000000                  11.0000000000              180763.2628812463 
                 30.0000000000                  11.5000000000              192801.9676615810 
                 30.0000000000                  12.0000000000              205231.7768265367 
                 30.0000000000                  12.5000000000              218018.1952504074 
                 30.0000000000                  13.0000000000              231284.8867527603 
                 30.0000000000                  13.5000000000              245176.6831140367 
                 30.0000000000                  14.0000000000              259689.0285461924 
                 30.0000000000                  14.5000000000              274897.0334234139 
                 30.0000000000                  15.0000000000              290464.5391905925 
                 30.0000000000                  15.5000000000              305959.7569285181 
                 30.0000000000                  16.0000000000              321418.0947599204 
                 30.0000000000                  16.5000000000              336882.8052263978 
                 30.0000000000                  17.0000000000              352255.2354088666 
                 30.0000000000                  17.5000000000              367471.0083849286 
                 30.0000000000                  18.0000000000              382418.8311846735 
                 30.0000000000                  18.5000000000              396689.4507133769 
                 30.0000000000                  19.0000000000              410588.6256641645 
                 30.0000000000                  19.5000000000              425152.9834839241 
                 30.0000000000                  20.0000000000              440673.7989139715 
                 30.0000000000                  20.5000000000              457051.6033224860 
                 30.0000000000                  21.0000000000              473800.0338117582 
                 30.0000000000                  21.5000000000              489616.6874194103 
                 30.0000000000                  22.0000000000              503960.8630744581 
                 30.0000000000                  22.5000000000              517070.2645525455 
                 30.0000000000                  23.0000000000              529136.2439597682 
                 30.0000000000                  23.5000000000              539826.5287161913 
                 30.0000000000                  24.0000000000              548117.0675412205 
                 30.0000000000                  24.5000000000              553156.4788603188 
                 30.0000000000                  25.0000000000              554472.4226255158 
                 30.0000000000                  25.5000000000              551590.2475716344 
                 30.0000000000                  26.0000000000              544438.7056059274 
                 30.0000000000                  26.5000000000              533668.2694698956 
                 30.0000000000                  27.0000000000              519627.0792025579 
                 30.0000000000                  27.5000000000              503981.1314718608 
                 30.0000000000                  28.0000000000              488775.8818835042 
                 30.0000000000                  28.5000000000              474283.8666136023 
                 30.0000000000                  29.0000000000              460474.2078630268 
                 30.0000000000                  29.5000000000              446926.9317498257 
                 30.0000000000                  30.0000000000              433048.0533185095 
                 30.0000000000                  30.5000000000              418743.4173308472 
                 30.0000000000                  31.0000000000              404326.1491482815 
                 30.0000000000                  31.5000000000              389050.3305144784 
                 30.0000000000                  32.0000000000              370696.3478835236 
                 30.0000000000                  32.5000000000              348305.4457964606 
                 30.0000000000                  33.0000000000              321200.5737941311 
                 30.0000000000                  33.5000000000              289046.2451987015 
                 30.0000000000                  34.0000000000              255000.2794240315 
                 30.0000000000                  34.5000000000              221221.0182230820 
                 30.0000000000                  35.0000000000              186399.0732345910 
                 30.0000000000                  35.5000000000              151417.4955528591 
                 30.0000000000                  36.0000000000              124352.2504158769 
                 30.0000000000                  36.5000000000              106713.2439799813 
                 30.0000000000                  37.0000000000               92958.9164238719 
                 30.0000000000                  37.5000000000               82452.8794620946 
                 30.0000000000                  38.0000000000               76207.5351696272 
                 30.0000000000                  38.5000000000               73499.9798384800 
                 30.0000000000                  39.0000000000               72307.6717086357 
                 30.0000000000                  39.5000000000               72019.6340294845 
                 30.0000000000                  40.0000000000               72028.9514207914 
                 30.0000000000                  40.5000000000               71908.7186028292 
                 30.0000000000                  41.0000000000               71681.3241563884 
                 30.0000000000                  41.5000000000               71435.6970966873 
                 30.0000000000                  42.0000000000               71059.8680893517 
                 30.0000000000                  42.5000000000               70282.7269345965 
                 30.0000000000                  43.0000000000               69000.3597572931 
                 30.0000000000                  43.5000000000               67132.6118754224 
                 30.0000000000                  44.0000000000               64652.7626564932 
                 30.0000000000                  44.5000000000               61707.8187530908 
                 30.0000000000                  45.0000000000               58332.3195357691 
                 30.0000000000                  45.5000000000               54450.3337994421 
                 30.0000000000                  46.0000000000               50037.0944427922 
                 30.0000000000                  46.5000000000               45113.5187451526 
                 30.0000000000                  47.0000000000               39693.1685658092 
                 30.0000000000                  47.5000000000               33737.9287260168 
                 30.0000000000                  48.0000000000               27241.4317838585 
                 30.0000000000                  48.5000000000               20482.5853604890 
                 30.0000000000                  49.0000000000               13705.2693273768 
                 30.0000000000                  49.5000000000                6889.2669046652 
                 30.0000000000                  50.0000000000                   0.0000000000 
                 30.5000000000                   0.0000000000                   0.0000000000 
                 30.5000000000                   0.5000000000                6196.6071704176 
                 30.5000000000                   1.0000000000               12444.1056059656 
                 30.5000000000                   1.5000000000               18741.4557068718 
                 30.5000000000                   2.0000000000               25084.5976388285 
                 30.5000000000                   2.5000000000               31493.2047015920 
                 30.5000000000                   3.0000000000               38014.8215045161 
                 30.5000000000                   3.5000000000               44689.2801288387 
                 30.5000000000                   4.0000000000               51573.5289021006 
                 30.5000000000                   4.5000000000               58666.2547210013 
                 30.5000000000                   5.0000000000               65900.1933738130 
                 30.5000000000                   5.5000000000               73281.8962047987 
                 30.5000000000                   6.0000000000               80903.0470268826 
                 30.5000000000                   6.5000000000               88842.6661015265 
                 30.5000000000                   7.0000000000               97105.1662472112 
                 30.5000000000                   7.5000000000              105725.3618917844 
                 30.5000000000                   8.0000000000              114797.6928744875 
                 30.5000000000                   8.5000000000              124314.3915082512 
                 30.5000000000                   9.0000000000              134115.5932535405 
                 30.5000000000                   9.5000000000              144143.2826453434 
                 30.5000000000                  10.0000000000              154460.1363555455 
                 30.5000000000                  10.5000000000              165117.5980317429 
                 30.5000000000                  11.0000000000              176200.9969495331 
                 30.5000000000                  11.5000000000              187726.5538320919 
                 30.5000000000                  12.0000000000              199647.7591835872 
                 30.5000000000                  12.5000000000              211929.0003345395 
                 30.5000000000                  13.0000000000              224685.1037504912 
                 30.5000000000                  13.5000000000              238063.2793508431 
                 30.5000000000                  14.0000000000              252084.2256804675 
                 30.5000000000                  14.5000000000              266837.2831379750 
                 30.5000000000                  15.0000000000              281994.8939501974 
                 30.5000000000                  15.5000000000              297111.1474387533 
                 30.5000000000                  16.0000000000              312171.5139425481 
                 30.5000000000                  16.5000000000              327200.3915182158 
                 30.5000000000                  17.0000000000              342016.4087985039 
                 30.5000000000                  17.5000000000              356458.1594652340 
                 30.5000000000                  18.0000000000              370595.1508297349 
                 30.5000000000                  18.5000000000              384168.1850058390 
                 30.5000000000                  19.0000000000              397290.9056740664 
                 30.5000000000                  19.5000000000              410863.8929036987 
                 30.5000000000                  20.0000000000              425210.6622578142 
                 30.5000000000                  20.5000000000              440271.3043958041 
                 30.5000000000                  21.0000000000              455551.8509920956 
                 30.5000000000                  21.5000000000              469683.3608968701 
                 30.5000000000                  22.0000000000              482196.0374822337 
                 30.5000000000                  22.5000000000              493459.8781580977 
                 30.5000000000                  23.0000000000              503744.9750402514 
                 30.5000000000                  23.5000000000              512997.2684620965 
                 30.5000000000                  24.0000000000              520406.0036708994 
                 30.5000000000                  24.5000000000              525063.6743730840 
                 30.5000000000                  25.0000000000              526318.4200094689 
                 30.5000000000                  25.5000000000              523684.1345690980 
                 30.5000000000                  26.0000000000              517222.1316726520 
                 30.5000000000                  26.5000000000              507566.7446064380 
                 30.5000000000                  27.0000000000              495098.7638877199 
                 30.5000000000                  27.5000000000              481301.9791631194 
                 30.5000000000                  28.0000000000              467892.6409114467 
                 30.5000000000                  28.5000000000              455016.3405377095 
                 30.5000000000                  29.0000000000              442597.1316293855 
                 30.5000000000                  29.5000000000              430276.9777604465 
                 30.5000000000                  30.0000000000              417547.3089135000 
                 30.5000000000                  30.5000000000              404248.3529977716 
                 30.5000000000                  31.0000000000              390594.7403191687 
                 30.5000000000                  31.5000000000              375890.0363796203 
                 30.5000000000                  32.0000000000              357987.6401726048 
                 30.5000000000                  32.5000000000              335946.3122490112 
                 30.5000000000                  33.0000000000              308856.6057137017 
                 30.5000000000                  33.5000000000              276356.8480193689 
                 30.5000000000                  34.0000000000              242085.8604387229 
                 30.5000000000                  34.5000000000              208501.2710926374 
                 30.5000000000                  35.0000000000              174085.0592964281 
                 30.5000000000                  35.5000000000              140164.4518059565 
                 30.5000000000                  36.0000000000              115292.9206560066 
                 30.5000000000                  36.5000000000               99910.1125663300 
                 30.5000000000                  37.0000000000               87957.1216754713 
                 30.5000000000                  37.5000000000               78995.0537883661 
                 30.5000000000                  38.0000000000               73367.2414458884 
                 30.5000000000                  38.5000000000               70527.2190957528 
                 30.5000000000                  39.0000000000               69212.3603091498 
                 30.5000000000                  39.5000000000               68874.4773969184 
                 30.5000000000                  40.0000000000               68924.8201063608 
                 30.5000000000                  40.5000000000               68926.5362542744 
                 30.5000000000                  41.0000000000               68867.4001647789 
                 30.5000000000                  41.5000000000               68806.3075345444 
                 30.5000000000                  42.0000000000               68622.1987023115 
                 30.5000000000                  42.5000000000               68048.8173261146 
                 30.5000000000                  43.0000000000               66973.7796752975 
                 30.5000000000                  43.5000000000               65313.1112493567 
                 30.5000000000                  44.0000000000               63035.5369574977 
                 30.5000000000                  44.5000000000               60270.2615690338 
                 30.5000000000                  45.0000000000               57045.3320690128 
                 30.5000000000                  45.5000000000               53274.0884051028 
                 30.5000000000                  46.0000000000               48924.1248728404 
                 30.5000000000                  46.5000000000               44056.1050580488 
                 30.5000000000                  47.0000000000               38700.9036908984 
                 30.5000000000                  47.5000000000               32768.5410979082 
                 30.5000000000                  48.0000000000               26200.7812323232 
                 30.5000000000                  48.5000000000               19432.2673125894 
                 30.5000000000                  49.0000000000               12829.2286506902 
                 30.5000000000                  49.5000000000                6339.6957555281 
                 30.5000000000                  50.0000000000                   0.0000000000 
                 31.0000000000                   0.0000000000                   0.0000000000 
                 31.0000000000                   0.5000000000                6041.1014023219 
                 31.0000000000                   1.0000000000               12145.5511206834 
                 31.0000000000                   1.5000000000               18310.2996509791 
                 31.0000000000                   2.0000000000               24539.8026489706 
                 31.0000000000                   2.5000000000               30837.2174365795 
                 31.0000000000                   3.0000000000               37217.9477805547 
                 31.0000000000                   3.5000000000               43715.9946794719 
                 31.0000000000                   4.0000000000               50390.8610189024 
                 31.0000000000                   4.5000000000               57256.2366223268 
                 31.0000000000                   5.0000000000               64267.2109673265 
                 31.0000000000                   5.5000000000               71441.1976464425 
                 31.0000000000                   6.0000000000               78855.0792354895 
                 31.0000000000                   6.5000000000               86581.0667894998 
                 31.0000000000                   7.0000000000               94651.5821785927 
                 31.0000000000                   7.5000000000              103101.5755435992 
                 31.0000000000                   8.0000000000              112016.9215169771 
                 31.0000000000                   8.5000000000              121379.0606041352 
                 31.0000000000                   9.0000000000              130961.9614310581 
                 31.0000000000                   9.5000000000              140680.6777402958 
                 31.0000000000                  10.0000000000              150610.7683914741 
                 31.0000000000                  10.5000000000              160796.2534207985 
                 31.0000000000                  11.0000000000              171369.9053572022 
                 31.0000000000                  11.5000000000              182388.3883848832 
                 31.0000000000                  12.0000000000              193797.7826854750 
                 31.0000000000                  12.5000000000              205562.3653733922 
                 31.0000000000                  13.0000000000              217779.2616480372 
                 31.0000000000                  13.5000000000              230585.9697041200 
                 31.0000000000                  14.0000000000              244016.9329110151 
                 31.0000000000                  14.5000000000              258182.9281619558 
                 31.0000000000                  15.0000000000              272812.5628237543 
                 31.0000000000                  15.5000000000              287478.1263123180 
                 31.0000000000                  16.0000000000              302116.6400920470 
                 31.0000000000                  16.5000000000              316731.1657990529 
                 31.0000000000                  17.0000000000              331076.5474108306 
                 31.0000000000                  17.5000000000              344871.6959429611 
                 31.0000000000                  18.0000000000              358197.8323184598 
                 31.0000000000                  18.5000000000              370976.8207223455 
                 31.0000000000                  19.0000000000              383308.8210532410 
                 31.0000000000                  19.5000000000              395891.2786616753 
                 31.0000000000                  20.0000000000              409019.0147746146 
                 31.0000000000                  20.5000000000              422713.9840466296 
                 31.0000000000                  21.0000000000              436573.4531526776 
                 31.0000000000                  21.5000000000              449282.8123937226 
                 31.0000000000                  22.0000000000              460403.6449070715 
                 31.0000000000                  22.5000000000              470293.3896264811 
                 31.0000000000                  23.0000000000              479170.7976589493 
                 31.0000000000                  23.5000000000              487102.7998386898 
                 31.0000000000                  24.0000000000              493450.5967967829 
                 31.0000000000                  24.5000000000              497339.0130388619 
                 31.0000000000                  25.0000000000              498003.0530343475 
                 31.0000000000                  25.5000000000              494986.5875892771 
                 31.0000000000                  26.0000000000              488552.2624096010 
                 31.0000000000                  26.5000000000              479398.5386228878 
                 31.0000000000                  27.0000000000              468016.7731731444 
                 31.0000000000                  27.5000000000              455802.7501012027 
                 31.0000000000                  28.0000000000              444092.2463254923 
                 31.0000000000                  28.5000000000              432851.3906038828 
                 31.0000000000                  29.0000000000              422013.4129575968 
                 31.0000000000                  29.5000000000              411281.8918565931 
                 31.0000000000                  30.0000000000              400104.7357285532 
                 31.0000000000                  30.5000000000              388113.6049702310 
                 31.0000000000                  31.0000000000              375363.3474007662 
                 31.0000000000                  31.5000000000              361141.5803936865 
                 31.0000000000                  32.0000000000              343504.4712255138 
                 31.0000000000                  32.5000000000              321699.8574012607 
                 31.0000000000                  33.0000000000              294876.9359119917 
                 31.0000000000                  33.5000000000              262815.6239823016 
                 31.0000000000                  34.0000000000              229426.9997790302 
                 31.0000000000                  34.5000000000              197189.6796121245 
                 31.0000000000                  35.0000000000              164110.0244447065 
                 31.0000000000                  35.5000000000              131954.7657195108 
                 31.0000000000                  36.0000000000              109049.0942691191 
                 31.0000000000                  36.5000000000               94985.0944451054 
                 31.0000000000                  37.0000000000               84150.6311715441 
                 31.0000000000                  37.5000000000               76154.2252005306 
                 31.0000000000                  38.0000000000               70856.2154254869 
                 31.0000000000                  38.5000000000               67887.2982095497 
                 31.0000000000                  39.0000000000               66435.6422606595 
                 31.0000000000                  39.5000000000               66013.5143996475 
                 31.0000000000                  40.0000000000               66054.9492780274 
                 31.0000000000                  40.5000000000               66117.4926282885 
                 31.0000000000                  41.0000000000               66164.7042451444 
                 31.0000000000                  41.5000000000               66236.2253843017 
                 31.0000000000                  42.0000000000               66206.4092547279 
                 31.0000000000                  42.5000000000               65809.8185674998 
                 31.0000000000                  43.0000000000               64922.5185680267 
                 31.0000000000                  43.5000000000               63455.5716681089 
                 31.0000000000                  44.0000000000               61370.0334896476 
                 31.0000000000                  44.5000000000               58773.6443419738 
                 31.0000000000                  45.0000000000               55683.7898370803 
                 31.0000000000                  45.5000000000               51997.9383868338 
                 31.0000000000                  46.0000000000               47675.6631874107 
                 31.0000000000                  46.5000000000               42834.3401839778 
                 31.0000000000                  47.0000000000               37543.1278687594 
                 31.0000000000                  47.5000000000               31672.4674413160 
                 31.0000000000                  48.0000000000               25110.0163912452 
                 31.0000000000                  48.5000000000               18420.9677045541 
                 31.0000000000                  49.0000000000               12047.6785704962 
                 31.0000000000                  49.5000000000                5873.2488884137 
                 31.0000000000                  50.0000000000                   0.0000000000 
                 31.5000000000                   0.0000000000                   0.0000000000 
                 31.5000000000                   0.5000000000                5915.2764692689 
                 31.5000000000                   1.0000000000               11891.9411010844 
                 31.5000000000                   1.5000000000               17927.5533253017 
                 31.5000000000                   2.0000000000               24032.1534525511 
                 31.5000000000                   2.5000000000               30201.7630738876 
                 31.5000000000                   3.0000000000               36432.2121348024 
                 31.5000000000                   3.5000000000               42749.6902988656 
                 31.5000000000                   4.0000000000               49206.6828831605 
                 31.5000000000                   4.5000000000               55833.1430046696 
                 31.5000000000                   5.0000000000               62614.2846405849 
                 31.5000000000                   5.5000000000               69568.1531612556 
                 31.5000000000                   6.0000000000               76751.2451469471 
                 31.5000000000                   6.5000000000               84224.2397344188 
                 31.5000000000                   7.0000000000               92040.2924755867 
                 31.5000000000                   7.5000000000              100246.8262906795 
                 31.5000000000                   8.0000000000              108933.6114697860 
                 31.5000000000                   8.5000000000              118084.7076665068 
                 31.5000000000                   9.0000000000              127429.6416130433 
                 31.5000000000                   9.5000000000              136853.3715221352 
                 31.5000000000                  10.0000000000              146434.4247700036 
                 31.5000000000                  10.5000000000              156206.8221019810 
                 31.5000000000                  11.0000000000              166317.8344377299 
                 31.5000000000                  11.5000000000              176850.6634654300 
                 31.5000000000                  12.0000000000              187759.7938972646 
                 31.5000000000                  12.5000000000              199012.4554194667 
                 31.5000000000                  13.0000000000              210682.2531645263 
                 31.5000000000                  13.5000000000              222885.2935729501 
                 31.5000000000                  14.0000000000              235659.7098594882 
                 31.5000000000                  14.5000000000              249116.8305891439 
                 31.5000000000                  15.0000000000              263088.7508365427 
                 31.5000000000                  15.5000000000              277218.5282835570 
                 31.5000000000                  16.0000000000              291381.2104160620 
                 31.5000000000                  16.5000000000              305550.0312949856 
                 31.5000000000                  17.0000000000              319444.2637863017 
                 31.5000000000                  17.5000000000              332703.8207366001 
                 31.5000000000                  18.0000000000              345334.1580324144 
                 31.5000000000                  18.5000000000              357298.0786324887 
                 31.5000000000                  19.0000000000              368721.6691988976 
                 31.5000000000                  19.5000000000              380193.6658198187 
                 31.5000000000                  20.0000000000              391991.6826536218 
                 31.5000000000                  20.5000000000              404225.2973225508 
                 31.5000000000                  21.0000000000              416712.2809103809 
                 31.5000000000                  21.5000000000              428300.4373110005 
                 31.5000000000                  22.0000000000              438457.6750256980 
                 31.5000000000                  22.5000000000              447415.7564517432 
                 31.5000000000                  23.0000000000              455259.1464095111 
                 31.5000000000                  23.5000000000              462043.9573271745 
                 31.5000000000                  24.0000000000              467275.9459632377 
                 31.5000000000                  24.5000000000              470151.3416174117 
                 31.5000000000                  25.0000000000              469814.5648982658 
                 31.5000000000                  25.5000000000              465924.4320785453 
                 31.5000000000                  26.0000000000              459043.8885567169 
                 31.5000000000                  26.5000000000              449982.2912667646 
                 31.5000000000                  27.0000000000              439433.7417066292 
                 31.5000000000                  27.5000000000              428657.4372073612 
                 31.5000000000                  28.0000000000              418505.5170595074 
                 31.5000000000                  28.5000000000              408816.0913428689 
                 31.5000000000                  29.0000000000              399642.1224276773 
                 31.5000000000                  29.5000000000              390754.6458837013 
                 31.5000000000                  30.0000000000              381383.0965207649 
                 31.5000000000                  30.5000000000              370877.9464732504 
                 31.5000000000                  31.0000000000              359017.2465156579 
                 31.5000000000                  31.5000000000              344940.6991461941 
                 31.5000000000                  32.0000000000              327206.4357003385 
                 31.5000000000                  32.5000000000              305510.2193318629 
                 31.5000000000                  33.0000000000              279425.9020643095 
                 31.5000000000                  33.5000000000              249133.4756686729 
                 31.5000000000                  34.0000000000              218061.7740264348 
                 31.5000000000                  34.5000000000              187991.6724386353 
                 31.5000000000                  35.0000000000              157016.8575558558 
                 31.5000000000                  35.5000000000              126945.4960991387 
                 31.5000000000                  36.0000000000              105192.7187011946 
                 31.5000000000                  36.5000000000               91618.5079957337 
                 31.5000000000                  37.0000000000               81302.4993564781 
                 31.5000000000                  37.5000000000               73545.1831350667 
                 31.5000000000                  38.0000000000               68230.7668268230 
                 31.5000000000                  38.5000000000               65185.5494451138 
                 31.5000000000                  39.0000000000               63670.2380021546 
                 31.5000000000                  39.5000000000               63213.8765193818 
                 31.5000000000                  40.0000000000               63259.1405793857 
                 31.5000000000                  40.5000000000               63365.7688769752 
                 31.5000000000                  41.0000000000               63491.0445881172 
                 31.5000000000                  41.5000000000               63675.3861594637 
                 31.5000000000                  42.0000000000               63790.9674616749 
                 31.5000000000                  42.5000000000               63556.5366766465 
                 31.5000000000                  43.0000000000               62836.8241860026 
                 31.5000000000                  43.5000000000               61539.4249202333 
                 31.5000000000                  44.0000000000               59615.5539470871 
                 31.5000000000                  44.5000000000               57159.5011326812 
                 31.5000000000                  45.0000000000               54177.8489832395 
                 31.5000000000                  45.5000000000               50541.3056769615 
                 31.5000000000                  46.0000000000               46199.8610887183 
                 31.5000000000                  46.5000000000               41356.2981882826 
                 31.5000000000                  47.0000000000               36145.8229854813 
                 31.5000000000                  47.5000000000               30442.8530818994 
                 31.5000000000                  48.0000000000               24149.6091282235 
                 31.5000000000                  48.5000000000               17761.3057109703 
                 31.5000000000                  49.0000000000               11646.1864781272 
                 31.5000000000                  49.5000000000                5688.2428729196 
                 31.5000000000                  50.0000000000                   0.0000000000 
                 32.0000000000                   0.0000000000                   0.0000000000 
                 32.0000000000                   0.5000000000                5805.5738967306 
                 32.0000000000                   1.0000000000               11663.7946130279 
                 32.0000000000                   1.5000000000               17575.5211439265 
                 32.0000000000                   2.0000000000               23552.2287978847 
                 32.0000000000                   2.5000000000               29587.1984853444 
                 32.0000000000                   3.0000000000               35668.8841962601 
                 32.0000000000                   3.5000000000               41817.4013770623 
                 32.0000000000                   4.0000000000               48071.0533209758 
                 32.0000000000                   4.5000000000               54466.3459852808 
                 32.0000000000                   5.0000000000               61017.3039187357 
                 32.0000000000                   5.5000000000               67741.4013961865 
                 32.0000000000                   6.0000000000               74676.0535585987 
                 32.0000000000                   6.5000000000               81872.7894150619 
                 32.0000000000                   7.0000000000               89394.0432908237 
                 32.0000000000                   7.5000000000               97297.7763696852 
                 32.0000000000                   8.0000000000              105682.3511916983 
                 32.0000000000                   8.5000000000              114543.4945577386 
                 32.0000000000                   9.0000000000              123596.1595713309 
                 32.0000000000                   9.5000000000              132704.7776681902 
                 32.0000000000                  10.0000000000              141943.1648629860 
                 32.0000000000                  10.5000000000              151339.8381650942 
                 32.0000000000                  11.0000000000              161036.6872123873 
                 32.0000000000                  11.5000000000              171124.3294926087 
                 32.0000000000                  12.0000000000              181571.1412624196 
                 32.0000000000                  12.5000000000              192353.0380292014 
                 32.0000000000                  13.0000000000              203522.0901750731 
                 32.0000000000                  13.5000000000              215164.1444732345 
                 32.0000000000                  14.0000000000              227309.0076040785 
                 32.0000000000                  14.5000000000              240027.7593935190 
                 32.0000000000                  15.0000000000              253241.6833708090 
                 32.0000000000                  15.5000000000              266706.4631850487 
                 32.0000000000                  16.0000000000              280256.0891016457 
                 32.0000000000                  16.5000000000              293822.7350554025 
                 32.0000000000                  17.0000000000              307108.4418865092 
                 32.0000000000                  17.5000000000              319724.7873929625 
                 32.0000000000                  18.0000000000              331630.5918485369 
                 32.0000000000                  18.5000000000              342778.8078686213 
                 32.0000000000                  19.0000000000              353255.3065673154 
                 32.0000000000                  19.5000000000              363571.2445142826 
                 32.0000000000                  20.0000000000              374037.5213699256 
                 32.0000000000                  20.5000000000              384856.5466319203 
                 32.0000000000                  21.0000000000              396063.6810039037 
                 32.0000000000                  21.5000000000              406713.6567661789 
                 32.0000000000                  22.0000000000              416132.3196562955 
                 32.0000000000                  22.5000000000              424386.1378507050 
                 32.0000000000                  23.0000000000              431484.1193863914 
                 32.0000000000                  23.5000000000              437422.6832977920 
                 32.0000000000                  24.0000000000              441776.1304425534 
                 32.0000000000                  24.5000000000              443791.1427405777 
                 32.0000000000                  25.0000000000              442560.2757721120 
                 32.0000000000                  25.5000000000              437957.2724167953 
                 32.0000000000                  26.0000000000              430862.0988593590 
                 32.0000000000                  26.5000000000              422134.4381264509 
                 32.0000000000                  27.0000000000              412542.0366431506 
                 32.0000000000                  27.5000000000              403032.1029528787 
                 32.0000000000                  28.0000000000              394072.0518438097 
                 32.0000000000                  28.5000000000              385551.0722175288 
                 32.0000000000                  29.0000000000              377656.6825612391 
                 32.0000000000                  29.5000000000              370138.2884258920 
                 32.0000000000                  30.0000000000              362016.3747020426 
                 32.0000000000                  30.5000000000              352529.2984389736 
                 32.0000000000                  31.0000000000              341101.3903798993 
                 32.0000000000                  31.5000000000              326735.1446975926 
                 32.0000000000                  32.0000000000              308795.6853707285 
                 32.0000000000                  32.5000000000              287545.2060929774 
                 32.0000000000                  33.0000000000              263010.0669917589 
                 32.0000000000                  33.5000000000              235757.6206193531 
                 32.0000000000                  34.0000000000              207958.2166112342 
                 32.0000000000                  34.5000000000              180444.5562428752 
                 32.0000000000                  35.0000000000              152011.7838646190 
                 32.0000000000                  35.5000000000              124098.3159459693 
                 32.0000000000                  36.0000000000              103010.3000640349 
                 32.0000000000                  36.5000000000               89319.7735017661 
                 32.0000000000                  37.0000000000               78826.5761079027 
                 32.0000000000                  37.5000000000               70614.5832811671 
                 32.0000000000                  38.0000000000               65030.1033005641 
                 32.0000000000                  38.5000000000               62056.5929054463 
                 32.0000000000                  39.0000000000               60643.6065921410 
                 32.0000000000                  39.5000000000               60279.1176864230 
                 32.0000000000                  40.0000000000               60401.6582738091 
                 32.0000000000                  40.5000000000               60587.4607515874 
                 32.0000000000                  41.0000000000               60806.9991668925 
                 32.0000000000                  41.5000000000               61116.3582169791 
                 32.0000000000                  42.0000000000               61381.7014991952 
                 32.0000000000                  42.5000000000               61294.6612495254 
                 32.0000000000                  43.0000000000               60717.6135419765 
                 32.0000000000                  43.5000000000               59559.3345774929 
                 32.0000000000                  44.0000000000               57763.4906844841 
                 32.0000000000                  44.5000000000               55420.5804782971 
                 32.0000000000                  45.0000000000               52525.8175869857 
                 32.0000000000                  45.5000000000               48913.6601247416 
                 32.0000000000                  46.0000000000               44526.7011965202 
                 32.0000000000                  46.5000000000               39680.5995664260 
                 32.0000000000                  47.0000000000               34595.9873555757 
                 32.0000000000                  47.5000000000               29185.8295833697 
                 32.0000000000                  48.0000000000               23416.1111588476 
                 32.0000000000                  48.5000000000               17519.3476710238 
                 32.0000000000                  49.0000000000               11665.7466811010 
                 32.0000000000                  49.5000000000                5806.0290801299 
                 32.0000000000                  50.0000000000                   0.0000000000 
                 32.5000000000                   0.0000000000                   0.0000000000 
                 32.5000000000                   0.5000000000                5697.2650019098 
                 32.5000000000                   1.0000000000               11437.3604324948 
                 32.5000000000                   1.5000000000               17224.3421560632 
                 32.5000000000                   2.0000000000               23071.0217464613 
                 32.5000000000                   2.5000000000               28969.7495571148 
                 32.5000000000                   3.0000000000               34906.9076554951 
                 32.5000000000                   3.5000000000               40898.8433919390 
                 32.5000000000                   4.0000000000               46970.7142050251 
                 32.5000000000                   4.5000000000               53157.8729751358 
                 32.5000000000                   5.0000000000               59490.1927706103 
                 32.5000000000                   5.5000000000               65984.2146939169 
                 32.5000000000                   6.0000000000               72662.8311044918 
                 32.5000000000                   6.5000000000               79568.7570944647 
                 32.5000000000                   7.0000000000               86766.7881411657 
                 32.5000000000                   7.5000000000               94320.7018790108 
                 32.5000000000                   8.0000000000              102338.9219296351 
                 32.5000000000                   8.5000000000              110836.0169564032 
                 32.5000000000                   9.0000000000              119536.8467337887 
                 32.5000000000                   9.5000000000              128300.3372269052 
                 32.5000000000                  10.0000000000              137190.7396043785 
                 32.5000000000                  10.5000000000              146228.5578211080 
                 32.5000000000                  11.0000000000              155543.6725513639 
                 32.5000000000                  11.5000000000              165223.3605117069 
                 32.5000000000                  12.0000000000              175246.9683562408 
                 32.5000000000                  12.5000000000              185602.0758466207 
                 32.5000000000                  13.0000000000              196325.0457109610 
                 32.5000000000                  13.5000000000              207472.0833414618 
                 32.5000000000                  14.0000000000              219051.5314340165 
                 32.5000000000                  14.5000000000              231076.6986441274 
                 32.5000000000                  15.0000000000              243514.2996337762 
                 32.5000000000                  15.5000000000              256216.1684826129 
                 32.5000000000                  16.0000000000              269002.3084195249 
                 32.5000000000                  16.5000000000              281768.0958122392 
                 32.5000000000                  17.0000000000              294212.7733641561 
                 32.5000000000                  17.5000000000              305961.9431495262 
                 32.5000000000                  18.0000000000              316978.7156757873 
                 32.5000000000                  18.5000000000              327254.0324453178 
                 32.5000000000                  19.0000000000              336825.7192148931 
                 32.5000000000                  19.5000000000              346093.2446505040 
                 32.5000000000                  20.0000000000              355386.8341843034 
                 32.5000000000                  20.5000000000              364945.1120239110 
                 32.5000000000                  21.0000000000              374947.7033207651 
                 32.5000000000                  21.5000000000              384734.9195768283 
                 32.5000000000                  22.0000000000              393549.9009839506 
                 32.5000000000                  22.5000000000              401240.7369780173 
                 32.5000000000                  23.0000000000              407791.2516436343 
                 32.5000000000                  23.5000000000              413163.7187867529 
                 32.5000000000                  24.0000000000              416948.1103208539 
                 32.5000000000                  24.5000000000              418424.1375587023 
                 32.5000000000                  25.0000000000              416658.1333365243 
                 32.5000000000                  25.5000000000              411754.4417221844 
                 32.5000000000                  26.0000000000              404854.3087240979 
                 32.5000000000                  26.5000000000              396769.4075889124 
                 32.5000000000                  27.0000000000              388177.1194795124 
                 32.5000000000                  27.5000000000              379695.9749119654 
                 32.5000000000                  28.0000000000              371561.0303532222 
                 32.5000000000                  28.5000000000              363764.0151034708 
                 32.5000000000                  29.0000000000              356576.4227919190 
                 32.5000000000                  29.5000000000              349696.6489759814 
                 32.5000000000                  30.0000000000              342052.2366284275 
                 32.5000000000                  30.5000000000              332934.8506178781 
                 32.5000000000                  31.0000000000              321504.9055067389 
                 32.5000000000                  31.5000000000              306647.4361626707 
                 32.5000000000                  32.0000000000              288682.1346402688 
                 32.5000000000                  32.5000000000              268476.7555501514 
                 32.5000000000                  33.0000000000              246243.8268022324 
                 32.5000000000                  33.5000000000              222588.8259193797 
                 32.5000000000                  34.0000000000              198325.6489101890 
                 32.5000000000                  34.5000000000              173598.2006475708 
                 32.5000000000                  35.0000000000              147941.6756370175 
                 32.5000000000                  35.5000000000              122448.4890436966 
                 32.5000000000                  36.0000000000              102021.7505201174 
                 32.5000000000                  36.5000000000               87734.4066666262 
                 32.5000000000                  37.0000000000               76483.3591953162 
                 32.5000000000                  37.5000000000               67286.1530016150 
                 32.5000000000                  38.0000000000               61261.8576127620 
                 32.5000000000                  38.5000000000               58539.5399113340 
                 32.5000000000                  39.0000000000               57397.6991318764 
                 32.5000000000                  39.5000000000               57241.0470758404 
                 32.5000000000                  40.0000000000               57511.7773721739 
                 32.5000000000                  40.5000000000               57817.0673667762 
                 32.5000000000                  41.0000000000               58150.6283749414 
                 32.5000000000                  41.5000000000               58587.6014406717 
                 32.5000000000                  42.0000000000               58987.8608833718 
                 32.5000000000                  42.5000000000               59020.3239380961 
                 32.5000000000                  43.0000000000               58553.2548510902 
                 32.5000000000                  43.5000000000               57503.5309525099 
                 32.5000000000                  44.0000000000               55812.3359633873 
                 32.5000000000                  44.5000000000               53568.2624052768 
                 32.5000000000                  45.0000000000               50753.9879712030 
                 32.5000000000                  45.5000000000               47165.3657723994 
                 32.5000000000                  46.0000000000               42741.8258055100 
                 32.5000000000                  46.5000000000               37923.1454536278 
                 32.5000000000                  47.0000000000               33020.3520469960 
                 32.5000000000                  47.5000000000               27980.2415388229 
                 32.5000000000                  48.0000000000               22805.4319076610 
                 32.5000000000                  48.5000000000               17455.3122242102 
                 32.5000000000                  49.0000000000               11884.5396198928 
                 32.5000000000                  49.5000000000                6069.8074215865 
                 32.5000000000                  50.0000000000                   0.0000000000 
                 33.0000000000                   0.0000000000                   0.0000000000 
                 33.0000000000                   0.5000000000                5581.5788827235 
                 33.0000000000                   1.0000000000               11195.7356944871 
                 33.0000000000                   1.5000000000               16849.4147197051 
                 33.0000000000                   2.0000000000               22557.8148366147 
                 33.0000000000                   2.5000000000               28316.9633944931 
                 33.0000000000                   3.0000000000               34114.8361725508 
                 33.0000000000                   3.5000000000               39963.6484614478 
                 33.0000000000                   4.0000000000               45876.0171900755 
                 33.0000000000                   4.5000000000               51879.9723686338 
                 33.0000000000                   5.0000000000               58010.5912082586 
                 33.0000000000                   5.5000000000               64283.1446577946 
                 33.0000000000                   6.0000000000               70709.6496626304 
                 33.0000000000                   6.5000000000               77318.8154492503 
                 33.0000000000                   7.0000000000               84167.9949979873 
                 33.0000000000                   7.5000000000               91322.3484390209 
                 33.0000000000                   8.0000000000               98897.2964299953 
                 33.0000000000                   8.5000000000              106947.7188660158 
                 33.0000000000                   9.0000000000              115246.1524239772 
                 33.0000000000                   9.5000000000              123649.3349907760 
                 33.0000000000                  10.0000000000              132198.0554247562 
                 33.0000000000                  10.5000000000              140895.5748817958 
                 33.0000000000                  11.0000000000              149851.4122333344 
                 33.0000000000                  11.5000000000              159146.0644141822 
                 33.0000000000                  12.0000000000              168768.4982375845 
                 33.0000000000                  12.5000000000              178725.6695384525 
                 33.0000000000                  13.0000000000              189055.2262138863 
                 33.0000000000                  13.5000000000              199786.7093035640 
                 33.0000000000                  14.0000000000              210896.5816896055 
                 33.0000000000                  14.5000000000              222326.4154570436 
                 33.0000000000                  15.0000000000              234036.5287298074 
                 33.0000000000                  15.5000000000              245938.1262924547 
                 33.0000000000                  16.0000000000              257851.7372663270 
                 33.0000000000                  16.5000000000              269630.8735375428 
                 33.0000000000                  17.0000000000              280952.7429104922 
                 33.0000000000                  17.5000000000              291494.1352965881 
                 33.0000000000                  18.0000000000              301296.0273574111 
                 33.0000000000                  18.5000000000              310462.9508168723 
                 33.0000000000                  19.0000000000              319094.1289007618 
                 33.0000000000                  19.5000000000              327497.5014849576 
                 33.0000000000                  20.0000000000              335933.3366389347 
                 33.0000000000                  20.5000000000              344568.5115679267 
                 33.0000000000                  21.0000000000              353559.8279368795 
                 33.0000000000                  21.5000000000              362535.7740839886 
                 33.0000000000                  22.0000000000              370856.3672197385 
                 33.0000000000                  22.5000000000              378158.9785498310 
                 33.0000000000                  23.0000000000              384344.1004532846 
                 33.0000000000                  23.5000000000              389379.1559724566 
                 33.0000000000                  24.0000000000              392872.5118606424 
                 33.0000000000                  24.5000000000              394129.3014075080 
                 33.0000000000                  25.0000000000              392193.8031364569 
                 33.0000000000                  25.5000000000              387363.1209840159 
                 33.0000000000                  26.0000000000              380943.7682962080 
                 33.0000000000                  26.5000000000              373613.9319209238 
                 33.0000000000                  27.0000000000              365908.9141598624 
                 33.0000000000                  27.5000000000              358188.2087415230 
                 33.0000000000                  28.0000000000              350555.2484972093 
                 33.0000000000                  28.5000000000              343087.7985389723 
                 33.0000000000                  29.0000000000              336083.6282275336 
                 33.0000000000                  29.5000000000              329153.2391012485 
                 33.0000000000                  30.0000000000              321151.3460940703 
                 33.0000000000                  30.5000000000              311557.6437679855 
                 33.0000000000                  31.0000000000              299475.5733663398 
                 33.0000000000                  31.5000000000              284075.3893619959 
                 33.0000000000                  32.0000000000              266779.8298290090 
                 33.0000000000                  32.5000000000              248567.6704147382 
                 33.0000000000                  33.0000000000              229331.7850263683 
                 33.0000000000                  33.5000000000              209456.5006382401 
                 33.0000000000                  34.0000000000              188734.7075932959 
                 33.0000000000                  34.5000000000              166955.8668855224 
                 33.0000000000                  35.0000000000              144176.8094301652 
                 33.0000000000                  35.5000000000              121243.1433619535 
                 33.0000000000                  36.0000000000              101511.4593267931 
                 33.0000000000                  36.5000000000               86404.9816271811 
                 33.0000000000                  37.0000000000               74037.1478627879 
                 33.0000000000                  37.5000000000               63384.8782998767 
                 33.0000000000                  38.0000000000               56973.3030202584 
                 33.0000000000                  38.5000000000               54867.0497610700 
                 33.0000000000                  39.0000000000               54130.2114280853 
                 33.0000000000                  39.5000000000               54257.0301852852 
                 33.0000000000                  40.0000000000               54710.4472512228 
                 33.0000000000                  40.5000000000               55149.9189093329 
                 33.0000000000                  41.0000000000               55593.7033437947 
                 33.0000000000                  41.5000000000               56134.6990347142 
                 33.0000000000                  42.0000000000               56628.0748601864 
                 33.0000000000                  42.5000000000               56728.8786771796 
                 33.0000000000                  43.0000000000               56322.3500887296 
                 33.0000000000                  43.5000000000               55343.8794287418 
                 33.0000000000                  44.0000000000               53739.7153205761 
                 33.0000000000                  44.5000000000               51592.9883364372 
                 33.0000000000                  45.0000000000               48867.1509721335 
                 33.0000000000                  45.5000000000               45319.6991702662 
                 33.0000000000                  46.0000000000               40889.6973217762 
                 33.0000000000                  46.5000000000               36139.5770969212 
                 33.0000000000                  47.0000000000               31459.9887074623 
                 33.0000000000                  47.5000000000               26809.5435771627 
                 33.0000000000                  48.0000000000               22209.7560924868 
                 33.0000000000                  48.5000000000               17393.2648762986 
                 33.0000000000                  49.0000000000               12123.7405998124 
                 33.0000000000                  49.5000000000                6368.0074498555 
                 33.0000000000                  50.0000000000                   0.0000000000 
                 33.5000000000                   0.0000000000                   0.0000000000 
                 33.5000000000                   0.5000000000                5452.8692359344 
                 33.5000000000                   1.0000000000               10929.2381080883 
                 33.5000000000                   1.5000000000               16438.1620154552 
                 33.5000000000                   2.0000000000               21996.4840853430 
                 33.5000000000                   2.5000000000               27609.6313032097 
                 33.5000000000                   3.0000000000               33271.9031089577 
                 33.5000000000                   3.5000000000               38989.2482589503 
                 33.5000000000                   4.0000000000               44763.8237555284 
                 33.5000000000                   4.5000000000               50608.1516811684 
                 33.5000000000                   5.0000000000               56551.8252640267 
                 33.5000000000                   5.5000000000               62612.6478621961 
                 33.5000000000                   6.0000000000               68798.5457343984 
                 33.5000000000                   6.5000000000               75118.9725433880 
                 33.5000000000                   7.0000000000               81612.1252891693 
                 33.5000000000                   7.5000000000               88344.6476248501 
                 33.5000000000                   8.0000000000               95428.6653280149 
                 33.5000000000                   8.5000000000              102964.5545627051 
                 33.5000000000                   9.0000000000              110821.3012628207 
                 33.5000000000                   9.5000000000              118860.8303911062 
                 33.5000000000                  10.0000000000              127078.5601700033 
                 33.5000000000                  10.5000000000              135456.2596814749 
                 33.5000000000                  11.0000000000              144073.3074667773 
                 33.5000000000                  11.5000000000              152998.8493641357 
                 33.5000000000                  12.0000000000              162227.5449944023 
                 33.5000000000                  12.5000000000              171782.8029817292 
                 33.5000000000                  13.0000000000              181734.2974904369 
                 33.5000000000                  13.5000000000              192104.0691705498 
                 33.5000000000                  14.0000000000              202830.2642982109 
                 33.5000000000                  14.5000000000              213793.1941434339 
                 33.5000000000                  15.0000000000              224873.4507840915 
                 33.5000000000                  15.5000000000              235983.2101194602 
                 33.5000000000                  16.0000000000              246974.2942402771 
                 33.5000000000                  16.5000000000              257659.1995097994 
                 33.5000000000                  17.0000000000              267626.3075774030 
                 33.5000000000                  17.5000000000              276620.6609855738 
                 33.5000000000                  18.0000000000              284876.8240760058 
                 33.5000000000                  18.5000000000              292668.0546063792 
                 33.5000000000                  19.0000000000              300298.7340981587 
                 33.5000000000                  19.5000000000              308040.5895979142 
                 33.5000000000                  20.0000000000              315956.7546845309 
                 33.5000000000                  20.5000000000              324088.5441775805 
                 33.5000000000                  21.0000000000              332406.4542405292 
                 33.5000000000                  21.5000000000              340619.8101764986 
                 33.5000000000                  22.0000000000              348381.3600823799 
                 33.5000000000                  22.5000000000              355335.2472042624 
                 33.5000000000                  23.0000000000              361249.0282724802 
                 33.5000000000                  23.5000000000              366058.1562086355 
                 33.5000000000                  24.0000000000              369405.8141154511 
                 33.5000000000                  24.5000000000              370629.5480119268 
                 33.5000000000                  25.0000000000              368781.4166866340 
                 33.5000000000                  25.5000000000              364328.5473290946 
                 33.5000000000                  26.0000000000              358617.9036773021 
                 33.5000000000                  26.5000000000              352114.5339476904 
                 33.5000000000                  27.0000000000              345169.5041789626 
                 33.5000000000                  27.5000000000              337959.3706138716 
                 33.5000000000                  28.0000000000              330580.7286144014 
                 33.5000000000                  28.5000000000              323180.5468633615 
                 33.5000000000                  29.0000000000              315973.0228733170 
                 33.5000000000                  29.5000000000              308373.9081258133 
                 33.5000000000                  30.0000000000              299252.3260506277 
                 33.5000000000                  30.5000000000              288373.1437848484 
                 33.5000000000                  31.0000000000              275257.6971660824 
                 33.5000000000                  31.5000000000              260160.7553847235 
                 33.5000000000                  32.0000000000              244792.3500487475 
                 33.5000000000                  32.5000000000              229326.1948037186 
                 33.5000000000                  33.0000000000              213337.7299892191 
                 33.5000000000                  33.5000000000              196925.3389487441 
                 33.5000000000                  34.0000000000              179421.2081437803 
                 33.5000000000                  34.5000000000              160428.9534146498 
                 33.5000000000                  35.0000000000              140016.5333806460 
                 33.5000000000                  35.5000000000              118749.8633918968 
                 33.5000000000                  36.0000000000               99391.3231361844 
                 33.5000000000                  36.5000000000               83733.4511476233 
                 33.5000000000                  37.0000000000               70545.1562572959 
                 33.5000000000                  37.5000000000               59158.9207167841 
                 33.5000000000                  38.0000000000               52928.2615156529 
                 33.5000000000                  38.5000000000               51473.2097212776 
                 33.5000000000                  39.0000000000               51123.6369095862 
                 33.5000000000                  39.5000000000               51505.9902750921 
                 33.5000000000                  40.0000000000               52118.5910566679 
                 33.5000000000                  40.5000000000               52671.0448544462 
                 33.5000000000                  41.0000000000               53194.7726795279 
                 33.5000000000                  41.5000000000               53786.4126829898 
                 33.5000000000                  42.0000000000               54296.9744247609 
                 33.5000000000                  42.5000000000               54389.5562570559 
                 33.5000000000                  43.0000000000               53976.9016519276 
                 33.5000000000                  43.5000000000               53030.9917419140 
                 33.5000000000                  44.0000000000               51519.9124501967 
                 33.5000000000                  44.5000000000               49491.0977039997 
                 33.5000000000                  45.0000000000               46873.1204974176 
                 33.5000000000                  45.5000000000               43402.6339434133 
                 33.5000000000                  46.0000000000               39022.8902286376 
                 33.5000000000                  46.5000000000               34393.5166785889 
                 33.5000000000                  47.0000000000               29960.1696519227 
                 33.5000000000                  47.5000000000               25675.6369737438 
                 33.5000000000                  48.0000000000               21556.3338204925 
                 33.5000000000                  48.5000000000               17189.6705915170 
                 33.5000000000                  49.0000000000               12211.4648958567 
                 33.5000000000                  49.5000000000                6555.8708505199 
                 33.5000000000                  50.0000000000                   0.0000000000 
                 34.0000000000                   0.0000000000                   0.0000000000 
                 34.0000000000                   0.5000000000                5320.2204954991 
                 34.0000000000                   1.0000000000               10656.4968897132 
                 34.0000000000                   1.5000000000               16018.1973934360 
                 34.0000000000                   2.0000000000               21420.3915120428 
                 34.0000000000                   2.5000000000               26875.9689901839 
                 34.0000000000                   3.0000000000               32387.7705616239 
                 34.0000000000                   3.5000000000               37957.6603008904 
                 34.0000000000                   4.0000000000               43583.5210809641 
                 34.0000000000                   4.5000000000               49264.7627661819 
                 34.0000000000                   5.0000000000               55019.1786041138 
                 34.0000000000                   5.5000000000               60866.6372696092 
                 34.0000000000                   6.0000000000               66818.2195094724 
                 34.0000000000                   6.5000000000               72872.0538193590 
                 34.0000000000                   7.0000000000               79048.7525774412 
                 34.0000000000                   7.5000000000               85417.6643245869 
                 34.0000000000                   8.0000000000               92082.0359111614 
                 34.0000000000                   8.5000000000               99148.8386770990 
                 34.0000000000                   9.0000000000              106576.5051952427 
                 34.0000000000                   9.5000000000              114259.5733800723 
                 34.0000000000                  10.0000000000              122155.2253694397 
                 34.0000000000                  10.5000000000              130229.6141056421 
                 34.0000000000                  11.0000000000              138530.2895197858 
                 34.0000000000                  11.5000000000              147106.0441589823 
                 34.0000000000                  12.0000000000              155947.6059172787 
                 34.0000000000                  12.5000000000              165067.9135870475 
                 34.0000000000                  13.0000000000              174566.4070511157 
                 34.0000000000                  13.5000000000              184490.0961810487 
                 34.0000000000                  14.0000000000              194759.8724702141 
                 34.0000000000                  14.5000000000              205247.3827464148 
                 34.0000000000                  15.0000000000              215748.0944063133 
                 34.0000000000                  15.5000000000              226113.0684847976 
                 34.0000000000                  16.0000000000              236224.5298537817 
                 34.0000000000                  16.5000000000              245889.3357030766 
                 34.0000000000                  17.0000000000              254632.6572998041 
                 34.0000000000                  17.5000000000              262272.7516393066 
                 34.0000000000                  18.0000000000              269237.4041144705 
                 34.0000000000                  18.5000000000              275915.2458847116 
                 34.0000000000                  19.0000000000              282696.9829286798 
                 34.0000000000                  19.5000000000              289821.6746098917 
                 34.0000000000                  20.0000000000              297230.7917589010 
                 34.0000000000                  20.5000000000              304876.6156272178 
                 34.0000000000                  21.0000000000              312614.6922980685 
                 34.0000000000                  21.5000000000              320110.2818147578 
                 34.0000000000                  22.0000000000              327156.1148508084 
                 34.0000000000                  22.5000000000              333554.3424076741 
                 34.0000000000                  23.0000000000              339050.1031918289 
                 34.0000000000                  23.5000000000              343468.5149837606 
                 34.0000000000                  24.0000000000              346461.5444912397 
                 34.0000000000                  24.5000000000              347443.6469797537 
                 34.0000000000                  25.0000000000              345476.7637018107 
                 34.0000000000                  25.5000000000              341194.0881408477 
                 34.0000000000                  26.0000000000              336015.7552217465 
                 34.0000000000                  26.5000000000              330195.8607506332 
                 34.0000000000                  27.0000000000              323874.4189585416 
                 34.0000000000                  27.5000000000              317121.4732848642 
                 34.0000000000                  28.0000000000              310050.2161523796 
                 34.0000000000                  28.5000000000              302789.6413970952 
                 34.0000000000                  29.0000000000              295419.5290120487 
                 34.0000000000                  29.5000000000              287278.6135094819 
                 34.0000000000                  30.0000000000              277480.1497289081 
                 34.0000000000                  30.5000000000              266074.2039615535 
                 34.0000000000                  31.0000000000              253245.6247769281 
                 34.0000000000                  31.5000000000              239801.3499920074 
                 34.0000000000                  32.0000000000              226635.2790212177 
                 34.0000000000                  32.5000000000              213444.8641526795 
                 34.0000000000                  33.0000000000              199965.8896961754 
                 34.0000000000                  33.5000000000              186081.4676056192 
                 34.0000000000                  34.0000000000              170985.9457901254 
                 34.0000000000                  34.5000000000              154128.5832432549 
                 34.0000000000                  35.0000000000              135246.5413743855 
                 34.0000000000                  35.5000000000              114382.9112016071 
                 34.0000000000                  36.0000000000               95011.9636876994 
                 34.0000000000                  36.5000000000               79561.5621177431 
                 34.0000000000                  37.0000000000               66687.5846196691 
                 34.0000000000                  37.5000000000               56037.4817704331 
                 34.0000000000                  38.0000000000               50267.2842785307 
                 34.0000000000                  38.5000000000               48860.1405147646 
                 34.0000000000                  39.0000000000               48641.8677682607 
                 34.0000000000                  39.5000000000               49115.1898447875 
                 34.0000000000                  40.0000000000               49793.9182574484 
                 34.0000000000                  40.5000000000               50393.2058879304 
                 34.0000000000                  41.0000000000               50932.6716507510 
                 34.0000000000                  41.5000000000               51494.3666346120 
                 34.0000000000                  42.0000000000               51932.9673714797 
                 34.0000000000                  42.5000000000               51945.6959789474 
                 34.0000000000                  43.0000000000               51477.4793856544 
                 34.0000000000                  43.5000000000               50552.8402190976 
                 34.0000000000                  44.0000000000               49164.8999279285 
                 34.0000000000                  44.5000000000               47285.0371671195 
                 34.0000000000                  45.0000000000               44800.1075538531 
                 34.0000000000                  45.5000000000               41450.0600853075 
                 34.0000000000                  46.0000000000               37182.6145214610 
                 34.0000000000                  46.5000000000               32717.6499514283 
                 34.0000000000                  47.0000000000               28531.9437674235 
                 34.0000000000                  47.5000000000               24565.5514277844 
                 34.0000000000                  48.0000000000               20814.1507540012 
                 34.0000000000                  48.5000000000               16794.7597428088 
                 34.0000000000                  49.0000000000               12077.5697898810 
                 34.0000000000                  49.5000000000                6563.1250197891 
                 34.0000000000                  50.0000000000                   0.0000000000 
                 34.5000000000                   0.0000000000                   0.0000000000 
                 34.5000000000                   0.5000000000                5190.4887731991 
                 34.5000000000                   1.0000000000               10390.5610204700 
                 34.5000000000                   1.5000000000               15608.1116257337 
                 34.5000000000                   2.0000000000               20854.6550918327 
                 34.5000000000                   2.5000000000               26144.0342684808 
                 34.5000000000                   3.0000000000               31484.1193904785 
                 34.5000000000                   3.5000000000               36877.4867158112 
                 34.5000000000                   4.0000000000               42323.3658748803 
                 34.5000000000                   4.5000000000               47816.0542912429 
                 34.5000000000                   5.0000000000               53364.3420877763 
                 34.5000000000                   5.5000000000               58988.5968800345 
                 34.5000000000                   6.0000000000               64705.2454040021 
                 34.5000000000                   6.5000000000               70510.9818568170 
                 34.5000000000                   7.0000000000               76419.3812621506 
                 34.5000000000                   7.5000000000               82500.0718979369 
                 34.5000000000                   8.0000000000               88844.2652451623 
                 34.5000000000                   8.5000000000               95541.6932769441 
                 34.5000000000                   9.0000000000              102599.0481963390 
                 34.5000000000                   9.5000000000              109951.3099705972 
                 34.5000000000                  10.0000000000              117543.3884696092 
                 34.5000000000                  10.5000000000              125333.3996850662 
                 34.5000000000                  11.0000000000              133343.3174136155 
                 34.5000000000                  11.5000000000              141597.1164931390 
                 34.5000000000                  12.0000000000              150070.5842591015 
                 34.5000000000                  12.5000000000              158747.1199991016 
                 34.5000000000                  13.0000000000              167727.8426009142 
                 34.5000000000                  13.5000000000              177088.7204037142 
                 34.5000000000                  14.0000000000              186765.3297708402 
                 34.5000000000                  14.5000000000              196666.1678273029 
                 34.5000000000                  15.0000000000              206548.5275761473 
                 34.5000000000                  15.5000000000              216194.6854726004 
                 34.5000000000                  16.0000000000              225502.2811059817 
                 34.5000000000                  16.5000000000              234298.5960265558 
                 34.5000000000                  17.0000000000              242113.4289600553 
                 34.5000000000                  17.5000000000              248845.9365492417 
                 34.5000000000                  18.0000000000              255022.5164143153 
                 34.5000000000                  18.5000000000              261037.7483628689 
                 34.5000000000                  19.0000000000              267206.4603806422 
                 34.5000000000                  19.5000000000              273712.8523268398 
                 34.5000000000                  20.0000000000              280507.4165757791 
                 34.5000000000                  20.5000000000              287529.9183876299 
                 34.5000000000                  21.0000000000              294638.1221902169 
                 34.5000000000                  21.5000000000              301496.6823879462 
                 34.5000000000                  22.0000000000              307853.0884541934 
                 34.5000000000                  22.5000000000              313550.1350650269 
                 34.5000000000                  23.0000000000              318406.2030368997 
                 34.5000000000                  23.5000000000              322172.7356996612 
                 34.5000000000                  24.0000000000              324471.4491629571 
                 34.5000000000                  24.5000000000              324820.7384799179 
                 34.5000000000                  25.0000000000              322258.2615573044 
                 34.5000000000                  25.5000000000              317593.4020938274 
                 34.5000000000                  26.0000000000              312480.2754946416 
                 34.5000000000                  26.5000000000              307051.5768281187 
                 34.5000000000                  27.0000000000              301242.9112983675 
                 34.5000000000                  27.5000000000              295023.4834572711 
                 34.5000000000                  28.0000000000              288465.7086485103 
                 34.5000000000                  28.5000000000              281609.6278299919 
                 34.5000000000                  29.0000000000              274417.2680413692 
                 34.5000000000                  29.5000000000              266348.7732558583 
                 34.5000000000                  30.0000000000              256889.3407038771 
                 34.5000000000                  30.5000000000              246291.0743401306 
                 34.5000000000                  31.0000000000              235056.5909181802 
                 34.5000000000                  31.5000000000              223722.0418927870 
                 34.5000000000                  32.0000000000              212409.9368383907 
                 34.5000000000                  32.5000000000              200880.1972881643 
                 34.5000000000                  33.0000000000              189069.5874472784 
                 34.5000000000                  33.5000000000              176803.8704012026 
                 34.5000000000                  34.0000000000              163296.0375584058 
                 34.5000000000                  34.5000000000              147918.2434210628 
                 34.5000000000                  35.0000000000              130022.8653948305 
                 34.5000000000                  35.5000000000              109178.1522732486 
                 34.5000000000                  36.0000000000               89932.0888726996 
                 34.5000000000                  36.5000000000               75318.7917807417 
                 34.5000000000                  37.0000000000               63530.9522290909 
                 34.5000000000                  37.5000000000               54107.1542525328 
                 34.5000000000                  38.0000000000               48691.8418166972 
                 34.5000000000                  38.5000000000               46993.4471679910 
                 34.5000000000                  39.0000000000               46670.0906116903 
                 34.5000000000                  39.5000000000               47089.0533349386 
                 34.5000000000                  40.0000000000               47742.2319001668 
                 34.5000000000                  40.5000000000               48317.8444130078 
                 34.5000000000                  41.0000000000               48801.5008880311 
                 34.5000000000                  41.5000000000               49251.5627936315 
                 34.5000000000                  42.0000000000               49537.7713200988 
                 34.5000000000                  42.5000000000               49410.6076712003 
                 34.5000000000                  43.0000000000               48855.0384000242 
                 34.5000000000                  43.5000000000               47950.4710549081 
                 34.5000000000                  44.0000000000               46701.4322771396 
                 34.5000000000                  44.5000000000               44988.9101314248 
                 34.5000000000                  45.0000000000               42661.8508987562 
                 34.5000000000                  45.5000000000               39472.0895349950 
                 34.5000000000                  46.0000000000               35366.9964100177 
                 34.5000000000                  46.5000000000               31098.9063528992 
                 34.5000000000                  47.0000000000               27156.4916356206 
                 34.5000000000                  47.5000000000               23464.1727329335 
                 34.5000000000                  48.0000000000               20004.8464134485 
                 34.5000000000                  48.5000000000               16263.4783084622 
                 34.5000000000                  49.0000000000               11781.9586810226 
                 34.5000000000                  49.5000000000                6448.2452297461 
                 34.5000000000                  50.0000000000                   0.0000000000 
                 35.0000000000                   0.0000000000                   0.0000000000 
                 35.0000000000                   0.5000000000                5062.5753272544 
                 35.0000000000                   1.0000000000               10129.2397257141 
                 35.0000000000                   1.5000000000               15205.2856129924 
                 35.0000000000                   2.0000000000               20298.2780286803 
                 35.0000000000                   2.5000000000               25417.9582396511 
                 35.0000000000                   3.0000000000               30571.4372369098 
                 35.0000000000                   3.5000000000               35763.3771464968 
                 35.0000000000                   4.0000000000               40996.8020649050 
                 35.0000000000                   4.5000000000               46268.2501230976 
                 35.0000000000                   5.0000000000               51585.8088231781 
                 35.0000000000                   5.5000000000               56970.9393487369 
                 35.0000000000                   6.0000000000               62445.1769599090 
                 35.0000000000                   6.5000000000               68011.1270327390 
                 35.0000000000                   7.0000000000               73682.6125456922 
                 35.0000000000                   7.5000000000               79522.0512269303 
                 35.0000000000                   8.0000000000               85602.0010220522 
                 35.0000000000                   8.5000000000               91999.6426178051 
                 35.0000000000                   9.0000000000               98751.0322550958 
                 35.0000000000                   9.5000000000              105817.8015239674 
                 35.0000000000                  10.0000000000              113143.8102268198 
                 35.0000000000                  10.5000000000              120683.3769252554 
                 35.0000000000                  11.0000000000              128438.7309935752 
                 35.0000000000                  11.5000000000              136413.3779203384 
                 35.0000000000                  12.0000000000              144564.2822758254 
                 35.0000000000                  12.5000000000              152834.3985943593 
                 35.0000000000                  13.0000000000              161298.2256614529 
                 35.0000000000                  13.5000000000              170041.2760091317 
                 35.0000000000                  14.0000000000              179024.4043649465 
                 35.0000000000                  14.5000000000              188217.1751431870 
                 35.0000000000                  15.0000000000              197389.6357334364 
                 35.0000000000                  15.5000000000              206290.0334032892 
                 35.0000000000                  16.0000000000              214831.8117625851 
                 35.0000000000                  16.5000000000              222875.2031391110 
                 35.0000000000                  17.0000000000              229985.5576927008 
                 35.0000000000                  17.5000000000              236123.3805875683 
                 35.0000000000                  18.0000000000              241823.3094066114 
                 35.0000000000                  18.5000000000              247413.3304240872 
                 35.0000000000                  19.0000000000              253118.9835663663 
                 35.0000000000                  19.5000000000              259070.5657527248 
                 35.0000000000                  20.0000000000              265248.2084786048 
                 35.0000000000                  20.5000000000              271639.8650566085 
                 35.0000000000                  21.0000000000              278174.7252249849 
                 35.0000000000                  21.5000000000              284564.1071585028 
                 35.0000000000                  22.0000000000              290472.3201761621 
                 35.0000000000                  22.5000000000              295628.2510226038 
                 35.0000000000                  23.0000000000              299809.5478122184 
                 35.0000000000                  23.5000000000              302706.0623099138 
                 35.0000000000                  24.0000000000              303929.6591525419 
                 35.0000000000                  24.5000000000              303119.8128016997 
                 35.0000000000                  25.0000000000              299310.1383174847 
                 35.0000000000                  25.5000000000              293692.9485358268 
                 35.0000000000                  26.0000000000              288284.1664226323 
                 35.0000000000                  26.5000000000              283035.0661647237 
                 35.0000000000                  27.0000000000              277715.9090127678 
                 35.0000000000                  27.5000000000              272206.6513683813 
                 35.0000000000                  28.0000000000              266476.4234905891 
                 35.0000000000                  28.5000000000              260415.4893081352 
                 35.0000000000                  29.0000000000              253864.1404145324 
                 35.0000000000                  29.5000000000              246445.9531914034 
                 35.0000000000                  30.0000000000              237983.7804059731 
                 35.0000000000                  30.5000000000              228785.4485759286 
                 35.0000000000                  31.0000000000              219359.9360858553 
                 35.0000000000                  31.5000000000              209999.4386992058 
                 35.0000000000                  32.0000000000              200364.8494815283 
                 35.0000000000                  32.5000000000              190185.9696403108 
                 35.0000000000                  33.0000000000              179545.3889103248 
                 35.0000000000                  33.5000000000              168334.5591463950 
                 35.0000000000                  34.0000000000              155860.1025012947 
                 35.0000000000                  34.5000000000              141511.3903288100 
                 35.0000000000                  35.0000000000              124414.2085026654 
                 35.0000000000                  35.5000000000              103810.8187351945 
                 35.0000000000                  36.0000000000               85081.9688422970 
                 35.0000000000                  36.5000000000               71560.2844321557 
                 35.0000000000                  37.0000000000               60864.9399483915 
                 35.0000000000                  37.5000000000               52513.8065733249 
                 35.0000000000                  38.0000000000               47459.6596196516 
                 35.0000000000                  38.5000000000               45519.4858417883 
                 35.0000000000                  39.0000000000               45041.4118508256 
                 35.0000000000                  39.5000000000               45368.5624377701 
                 35.0000000000                  40.0000000000               45967.9425946779 
                 35.0000000000                  40.5000000000               46488.2638701604 
                 35.0000000000                  41.0000000000               46864.2781584254 
                 35.0000000000                  41.5000000000               47127.9461279854 
                 35.0000000000                  42.0000000000               47177.6887259631 
                 35.0000000000                  42.5000000000               46842.0802303773 
                 35.0000000000                  43.0000000000               46159.7106717720 
                 35.0000000000                  43.5000000000               45258.8016529972 
                 35.0000000000                  44.0000000000               44141.8234102490 
                 35.0000000000                  44.5000000000               42597.9257782494 
                 35.0000000000                  45.0000000000               40444.9451344189 
                 35.0000000000                  45.5000000000               37452.7559183901 
                 35.0000000000                  46.0000000000               33564.0708990407 
                 35.0000000000                  46.5000000000               29535.6195053225 
                 35.0000000000                  47.0000000000               25841.4354397321 
                 35.0000000000                  47.5000000000               22386.4799821413 
                 35.0000000000                  48.0000000000               19156.1673676985 
                 35.0000000000                  48.5000000000               15632.3627582771 
                 35.0000000000                  49.0000000000               11361.4663856693 
                 35.0000000000                  49.5000000000                6243.7247625453 
                 35.0000000000                  50.0000000000                   0.0000000000 
                 35.5000000000                   0.0000000000                   0.0000000000 
                 35.5000000000                   0.5000000000                4937.5098177214 
                 35.5000000000                   1.0000000000                9874.2766020474 
                 35.5000000000                   1.5000000000               14812.8113291304 
                 35.5000000000                   2.0000000000               19755.5279092006 
                 35.5000000000                   2.5000000000               24702.6398632486 
                 35.5000000000                   3.0000000000               29656.5526310326 
                 35.5000000000                   3.5000000000               34624.0396156833 
                 35.5000000000                   4.0000000000               39611.8358537492 
                 35.5000000000                   4.5000000000               44630.2739127933 
                 35.5000000000                   5.0000000000               49696.1420053275 
                 35.5000000000                   5.5000000000               54828.8986914426 
                 35.5000000000                   6.0000000000               60053.7622525464 
                 35.5000000000                   6.5000000000               65393.3050168078 
                 35.5000000000                   7.0000000000               70866.0335534460 
                 35.5000000000                   7.5000000000               76509.3973543121 
                 35.5000000000                   8.0000000000               82370.4280280661 
                 35.5000000000                   8.5000000000               88515.9325237972 
                 35.5000000000                   9.0000000000               95003.4267287476 
                 35.5000000000                   9.5000000000              101815.7305218950 
                 35.5000000000                  10.0000000000              108903.1685711398 
                 35.5000000000                  10.5000000000              116220.3093147969 
                 35.5000000000                  11.0000000000              123752.9942195288 
                 35.5000000000                  11.5000000000              131493.3635515261 
                 35.5000000000                  12.0000000000              139389.0904731571 
                 35.5000000000                  12.5000000000              147332.2722045469 
                 35.5000000000                  13.0000000000              155316.1909914933 
                 35.5000000000                  13.5000000000              163410.8348234533 
                 35.5000000000                  14.0000000000              171611.0417305298 
                 35.5000000000                  14.5000000000              179942.8815130692 
                 35.5000000000                  15.0000000000              188272.8231812394 
                 35.5000000000                  15.5000000000              196374.8450635503 
                 35.5000000000                  16.0000000000              204149.9235442541 
                 35.5000000000                  16.5000000000              211515.2623428606 
                 35.5000000000                  17.0000000000              218150.4633789865 
                 35.5000000000                  17.5000000000              224007.5886388335 
                 35.5000000000                  18.0000000000              229494.3187404208 
                 35.5000000000                  18.5000000000              234853.5930731552 
                 35.5000000000                  19.0000000000              240208.8375971166 
                 35.5000000000                  19.5000000000              245645.4204869132 
                 35.5000000000                  20.0000000000              251203.7229659865 
                 35.5000000000                  20.5000000000              256945.3907805055 
                 35.5000000000                  21.0000000000              262977.1298724504 
                 35.5000000000                  21.5000000000              269106.3708889122 
                 35.5000000000                  22.0000000000              274841.8903349222 
                 35.5000000000                  22.5000000000              279729.1793411555 
                 35.5000000000                  23.0000000000              283316.8609237022 
                 35.5000000000                  23.5000000000              285097.1745962097 
                 35.5000000000                  24.0000000000              284735.0037370659 
                 35.5000000000                  24.5000000000              281984.4600009518 
                 35.5000000000                  25.0000000000              276154.8514484497 
                 35.5000000000                  25.5000000000              269254.1761570636 
                 35.5000000000                  26.0000000000              263499.8307665531 
                 35.5000000000                  26.5000000000              258419.7996795998 
                 35.5000000000                  27.0000000000              253743.3982564910 
                 35.5000000000                  27.5000000000              249310.9497103152 
                 35.5000000000                  28.0000000000              244844.2272498402 
                 35.5000000000                  28.5000000000              240010.5648623231 
                 35.5000000000                  29.0000000000              234583.0638842709 
                 35.5000000000                  29.5000000000              228351.9955986391 
                 35.5000000000                  30.0000000000              221336.0118609164 
                 35.5000000000                  30.5000000000              213773.0378137298 
                 35.5000000000                  31.0000000000              206074.2478519927 
                 35.5000000000                  31.5000000000              198309.4426613627 
                 35.5000000000                  32.0000000000              189924.4475053581 
                 35.5000000000                  32.5000000000              180712.6045984149 
                 35.5000000000                  33.0000000000              170839.1263617054 
                 35.5000000000                  33.5000000000              160214.8200064725 
                 35.5000000000                  34.0000000000              148273.2416430279 
                 35.5000000000                  34.5000000000              134535.9591609783 
                 35.5000000000                  35.0000000000              118183.3686371434 
                 35.5000000000                  35.5000000000               98594.5819756187 
                 35.5000000000                  36.0000000000               81068.6733143560 
                 35.5000000000                  36.5000000000               68603.3698322705 
                 35.5000000000                  37.0000000000               58740.0554715102 
                 35.5000000000                  37.5000000000               51034.4039449306 
                 35.5000000000                  38.0000000000               46188.2434564480 
                 35.5000000000                  38.5000000000               44136.0157642053 
                 35.5000000000                  39.0000000000               43580.7420113741 
                 35.5000000000                  39.5000000000               43894.5984091729 
                 35.5000000000                  40.0000000000               44507.6396413078 
                 35.5000000000                  40.5000000000               44985.9815823983 
                 35.5000000000                  41.0000000000               45219.5960587086 
                 35.5000000000                  41.5000000000               45206.2999161586 
                 35.5000000000                  42.0000000000               44896.9858801790 
                 35.5000000000                  42.5000000000               44260.8396570094 
                 35.5000000000                  43.0000000000               43404.2923176373 
                 35.5000000000                  43.5000000000               42482.3778905730 
                 35.5000000000                  44.0000000000               41476.5720650130 
                 35.5000000000                  44.5000000000               40087.4178720775 
                 35.5000000000                  45.0000000000               38111.2464114119 
                 35.5000000000                  45.5000000000               35357.3552179197 
                 35.5000000000                  46.0000000000               31781.0067605646 
                 35.5000000000                  46.5000000000               28070.1647336386 
                 35.5000000000                  47.0000000000               24634.5482417519 
                 35.5000000000                  47.5000000000               21374.8100146558 
                 35.5000000000                  48.0000000000               18280.1427304332 
                 35.5000000000                  48.5000000000               14881.9355492658 
                 35.5000000000                  49.0000000000               10780.5999061906 
                 35.5000000000                  49.5000000000                5903.8864822540 
                 35.5000000000                  50.0000000000                   0.0000000000 
                 36.0000000000                   0.0000000000                   0.0000000000 
                 36.0000000000                   0.5000000000                4813.0180357135 
                 36.0000000000                   1.0000000000                9618.6896723227 
                 36.0000000000                   1.5000000000               14417.2198811727 
                 36.0000000000                   2.0000000000               19205.4948689688 
                 36.0000000000                   2.5000000000               23977.6547872049 
                 36.0000000000                   3.0000000000               28735.5974984968 
                 36.0000000000                   3.5000000000               33488.4864795133 
                 36.0000000000                   4.0000000000               38246.7884044959 
                 36.0000000000                   4.5000000000               43033.6414424113 
                 36.0000000000                   5.0000000000               47875.1684266865 
                 36.0000000000                   5.5000000000               52790.5349849990 
                 36.0000000000                   6.0000000000               57805.8681075631 
                 36.0000000000                   6.5000000000               62955.7046675604 
                 36.0000000000                   7.0000000000               68260.3219658645 
                 36.0000000000                   7.5000000000               73733.0474634105 
                 36.0000000000                   8.0000000000               79394.7772314538 
                 36.0000000000                   8.5000000000               85294.0493263492 
                 36.0000000000                   9.0000000000               91496.4536187998 
                 36.0000000000                   9.5000000000               98006.6546490860 
                 36.0000000000                  10.0000000000              104791.0443744329 
                 36.0000000000                  10.5000000000              111815.4735716522 
                 36.0000000000                  11.0000000000              119057.3164782688 
                 36.0000000000                  11.5000000000              126505.9390085085 
                 36.0000000000                  12.0000000000              134116.1118739397 
                 36.0000000000                  12.5000000000              141751.6281890580 
                 36.0000000000                  13.0000000000              149297.5850708302 
                 36.0000000000                  13.5000000000              156776.2306610995 
                 36.0000000000                  14.0000000000              164226.4957753250 
                 36.0000000000                  14.5000000000              171704.8273437062 
                 36.0000000000                  15.0000000000              179184.3837096146 
                 36.0000000000                  15.5000000000              186513.2083528090 
                 36.0000000000                  16.0000000000              193585.4988064042 
                 36.0000000000                  16.5000000000              200362.0861567523 
                 36.0000000000                  17.0000000000              206633.9492096162 
                 36.0000000000                  17.5000000000              212328.5453238658 
                 36.0000000000                  18.0000000000              217700.0773295676 
                 36.0000000000                  18.5000000000              222909.0902939946 
                 36.0000000000                  19.0000000000              228005.9860374795 
                 36.0000000000                  19.5000000000              233040.9680847491 
                 36.0000000000                  20.0000000000              238094.2579069831 
                 36.0000000000                  20.5000000000              243281.4889609203 
                 36.0000000000                  21.0000000000              248822.6527695841 
                 36.0000000000                  21.5000000000              254623.4082461314 
                 36.0000000000                  22.0000000000              260121.7209934899 
                 36.0000000000                  22.5000000000              264700.7558755412 
                 36.0000000000                  23.0000000000              267620.8936558758 
                 36.0000000000                  23.5000000000              268176.1010121453 
                 36.0000000000                  24.0000000000              266166.4165004527 
                 36.0000000000                  24.5000000000              261554.4353334605 
                 36.0000000000                  25.0000000000              254222.7863809827 
                 36.0000000000                  25.5000000000              246668.0579422880 
                 36.0000000000                  26.0000000000              240883.4721844154 
                 36.0000000000                  26.5000000000              236143.7090123401 
                 36.0000000000                  27.0000000000              232193.1680972936 
                 36.0000000000                  27.5000000000              228774.0991343131 
                 36.0000000000                  28.0000000000              225392.2287290281 
                 36.0000000000                  28.5000000000              221638.1489468158 
                 36.0000000000                  29.0000000000              217291.8492151946 
                 36.0000000000                  29.5000000000              212243.1663327061 
                 36.0000000000                  30.0000000000              206555.8787108930 
                 36.0000000000                  30.5000000000              200374.9297515579 
                 36.0000000000                  31.0000000000              193987.6987395574 
                 36.0000000000                  31.5000000000              187341.4544994359 
                 36.0000000000                  32.0000000000              179865.5105601355 
                 36.0000000000                  32.5000000000              171388.2610369658 
                 36.0000000000                  33.0000000000              162034.3083172892 
                 36.0000000000                  33.5000000000              151689.5514610687 
                 36.0000000000                  34.0000000000              140010.7350054693 
                 36.0000000000                  34.5000000000              126745.4025851466 
                 36.0000000000                  35.0000000000              111361.8774772847 
                 36.0000000000                  35.5000000000               93741.1430283874 
                 36.0000000000                  36.0000000000               78013.9690222761 
                 36.0000000000                  36.5000000000               66391.1800389771 
                 36.0000000000                  37.0000000000               57023.7032254511 
                 36.0000000000                  37.5000000000               49478.4399298904 
                 36.0000000000                  38.0000000000               44694.2158422339 
                 36.0000000000                  38.5000000000               42737.7053742638 
                 36.0000000000                  39.0000000000               42256.1023771922 
                 36.0000000000                  39.5000000000               42695.6225715558 
                 36.0000000000                  40.0000000000               43422.5762681466 
                 36.0000000000                  40.5000000000               43878.7496938972 
                 36.0000000000                  41.0000000000               43930.1108141782 
                 36.0000000000                  41.5000000000               43496.5771711307 
                 36.0000000000                  42.0000000000               42622.9907060804 
                 36.0000000000                  42.5000000000               41553.7983440458 
                 36.0000000000                  43.0000000000               40472.3684025271 
                 36.0000000000                  43.5000000000               39511.9845805965 
                 36.0000000000                  44.0000000000               38610.1681126224 
                 36.0000000000                  44.5000000000               37378.6571471444 
                 36.0000000000                  45.0000000000               35597.3984480091 
                 36.0000000000                  45.5000000000               33141.2026044078 
                 36.0000000000                  46.0000000000               29995.1859761705 
                 36.0000000000                  46.5000000000               26686.6668221238 
                 36.0000000000                  47.0000000000               23517.1257974083 
                 36.0000000000                  47.5000000000               20407.2466078116 
                 36.0000000000                  48.0000000000               17337.4363012436 
                 36.0000000000                  48.5000000000               13963.1035828428 
                 36.0000000000                  49.0000000000                9998.7542250171 
                 36.0000000000                  49.5000000000                5397.7222904466 
                 36.0000000000                  50.0000000000                   0.0000000000 
                 36.5000000000                   0.0000000000                   0.0000000000 
                 36.5000000000                   0.5000000000                4686.7711640953 
                 36.5000000000                   1.0000000000                9356.9065308958 
                 36.5000000000                   1.5000000000               14008.9907496246 
                 36.5000000000                   2.0000000000               18634.9620514341 
                 36.5000000000                   2.5000000000               23231.7352822716 
                 36.5000000000                   3.0000000000               27809.3666685140 
                 36.5000000000                   3.5000000000               32379.0499880831 
                 36.5000000000                   4.0000000000               36953.4778089627 
                 36.5000000000                   4.5000000000               41558.9579983441 
                 36.5000000000                   5.0000000000               46225.2594117089 
                 36.5000000000                   5.5000000000               50974.9971182551 
                 36.5000000000                   6.0000000000               55833.5117802430 
                 36.5000000000                   6.5000000000               60831.7568428555 
                 36.5000000000                   7.0000000000               65986.8377162910 
                 36.5000000000                   7.5000000000               71299.2209156884 
                 36.5000000000                   8.0000000000               76768.9593750199 
                 36.5000000000                   8.5000000000               82420.5805740208 
                 36.5000000000                   9.0000000000               88308.2514523448 
                 36.5000000000                   9.5000000000               94449.5527537256 
                 36.5000000000                  10.0000000000              100829.5929889897 
                 36.5000000000                  10.5000000000              107432.3569751593 
                 36.5000000000                  11.0000000000              114239.1807320551 
                 36.5000000000                  11.5000000000              121246.7560824485 
                 36.5000000000                  12.0000000000              128435.3932189466 
                 36.5000000000                  12.5000000000              135679.4890338026 
                 36.5000000000                  13.0000000000              142776.8615667691 
                 36.5000000000                  13.5000000000              149691.3009213494 
                 36.5000000000                  14.0000000000              156500.8285599792 
                 36.5000000000                  14.5000000000              163270.8112713162 
                 36.5000000000                  15.0000000000              170026.3462946690 
                 36.5000000000                  15.5000000000              176686.7132177275 
                 36.5000000000                  16.0000000000              183175.4259674550 
                 36.5000000000                  16.5000000000              189477.7616274011 
                 36.5000000000                  17.0000000000              195437.6264703418 
                 36.5000000000                  17.5000000000              200979.6040112659 
                 36.5000000000                  18.0000000000              206257.0508109900 
                 36.5000000000                  18.5000000000              211352.3534260759 
                 36.5000000000                  19.0000000000              216275.3837786744 
                 36.5000000000                  19.5000000000              221047.5972618257 
                 36.5000000000                  20.0000000000              225748.9840658450 
                 36.5000000000                  20.5000000000              230509.5819134421 
                 36.5000000000                  21.0000000000              235534.9328962860 
                 36.5000000000                  21.5000000000              240775.8870192245 
                 36.5000000000                  22.0000000000              245741.7459004002 
                 36.5000000000                  22.5000000000              249752.1198493188 
                 36.5000000000                  23.0000000000              251822.1265890875 
                 36.5000000000                  23.5000000000              251195.3978739741 
                 36.5000000000                  24.0000000000              247934.2247497677 
                 36.5000000000                  24.5000000000              242319.2210232379 
                 36.5000000000                  25.0000000000              234719.8907045254 
                 36.5000000000                  25.5000000000              227428.0802564224 
                 36.5000000000                  26.0000000000              221977.5616318080 
                 36.5000000000                  26.5000000000              217704.9665649305 
                 36.5000000000                  27.0000000000              214362.5748021633 
                 36.5000000000                  27.5000000000              211564.7543297036 
                 36.5000000000                  28.0000000000              208759.8718873933 
                 36.5000000000                  28.5000000000              205631.2259233457 
                 36.5000000000                  29.0000000000              201990.0528499653 
                 36.5000000000                  29.5000000000              197751.4761533387 
                 36.5000000000                  30.0000000000              192976.4085230768 
                 36.5000000000                  30.5000000000              187745.2389656913 
                 36.5000000000                  31.0000000000              182242.7068539718 
                 36.5000000000                  31.5000000000              176365.5390993890 
                 36.5000000000                  32.0000000000              169558.9642226554 
                 36.5000000000                  32.5000000000              161636.7044889866 
                 36.5000000000                  33.0000000000              152651.0740709422 
                 36.5000000000                  33.5000000000              142481.7369021011 
                 36.5000000000                  34.0000000000              131080.5727089918 
                 36.5000000000                  34.5000000000              118468.8083348933 
                 36.5000000000                  35.0000000000              104423.7018446082 
                 36.5000000000                  35.5000000000               89139.3067325636 
                 36.5000000000                  36.0000000000               75366.1568143914 
                 36.5000000000                  36.5000000000               64560.1301505728 
                 36.5000000000                  37.0000000000               55541.2906686966 
                 36.5000000000                  37.5000000000               47966.9285070957 
                 36.5000000000                  38.0000000000               43206.8209571488 
                 36.5000000000                  38.5000000000               41451.3422675549 
                 36.5000000000                  39.0000000000               41132.7173647985 
                 36.5000000000                  39.5000000000               41756.6930861969 
                 36.5000000000                  40.0000000000               42631.4642182280 
                 36.5000000000                  40.5000000000               43078.5256781293 
                 36.5000000000                  41.0000000000               42924.3736838838 
                 36.5000000000                  41.5000000000               41908.4593418981 
                 36.5000000000                  42.0000000000               40215.4065491907 
                 36.5000000000                  42.5000000000               38568.4872386451 
                 36.5000000000                  43.0000000000               37238.1082584571 
                 36.5000000000                  43.5000000000               36258.4319191072 
                 36.5000000000                  44.0000000000               35491.2745018974 
                 36.5000000000                  44.5000000000               34450.2032810875 
                 36.5000000000                  45.0000000000               32903.9480045834 
                 36.5000000000                  45.5000000000               30801.4644081648 
                 36.5000000000                  46.0000000000               28150.2687731016 
                 36.5000000000                  46.5000000000               25287.2914801191 
                 36.5000000000                  47.0000000000               22393.3828523013 
                 36.5000000000                  47.5000000000               19405.6040849123 
                 36.5000000000                  48.0000000000               16290.8376679910 
                 36.5000000000                  48.5000000000               12883.1671998369 
                 36.5000000000                  49.0000000000                9056.1939835233 
                 36.5000000000                  49.5000000000                4784.7766591198 
                 36.5000000000                  50.0000000000                   0.0000000000 
                 37.0000000000                   0.0000000000                   0.0000000000 
                 37.0000000000                   0.5000000000                4558.2101877769 
                 37.0000000000                   1.0000000000                9089.0535332353 
                 37.0000000000                   1.5000000000               13591.2107181164 
                 37.0000000000                   2.0000000000               18051.4439916413 
                 37.0000000000                   2.5000000000               22475.6056531108 
                 37.0000000000                   3.0000000000               26888.3256961258 
                 37.0000000000                   3.5000000000               31298.7207531572 
                 37.0000000000                   4.0000000000               35716.9076721821 
                 37.0000000000                   4.5000000000               40168.2411068201 
                 37.0000000000                   5.0000000000               44683.4604150768 
                 37.0000000000                   5.5000000000               49289.5449216477 
                 37.0000000000                   6.0000000000               54012.9257393130 
                 37.0000000000                   6.5000000000               58882.5147794627 
                 37.0000000000                   7.0000000000               63909.9368360504 
                 37.0000000000                   7.5000000000               69080.4100449743 
                 37.0000000000                   8.0000000000               74375.1663897052 
                 37.0000000000                   8.5000000000               79796.4260232896 
                 37.0000000000                   9.0000000000               85375.5285442170 
                 37.0000000000                   9.5000000000               91127.7586790383 
                 37.0000000000                  10.0000000000               97048.9681518567 
                 37.0000000000                  10.5000000000              103133.1025367226 
                 37.0000000000                  11.0000000000              109368.2892977879 
                 37.0000000000                  11.5000000000              115763.8941687967 
                 37.0000000000                  12.0000000000              122343.6754952858 
                 37.0000000000                  12.5000000000              129038.2477421721 
                 37.0000000000                  13.0000000000              135610.6740779902 
                 37.0000000000                  13.5000000000              141992.9158876273 
                 37.0000000000                  14.0000000000              148274.2723243562 
                 37.0000000000                  14.5000000000              154482.6395545912 
                 37.0000000000                  15.0000000000              160647.5223558001 
                 37.0000000000                  15.5000000000              166734.1268841038 
                 37.0000000000                  16.0000000000              172719.0988954218 
                 37.0000000000                  16.5000000000              178651.0180844750 
                 37.0000000000                  17.0000000000              184428.1464674632 
                 37.0000000000                  17.5000000000              189936.0474102384 
                 37.0000000000                  18.0000000000              195214.7203302209 
                 37.0000000000                  18.5000000000              200277.8961788770 
                 37.0000000000                  19.0000000000              205104.7017236099 
                 37.0000000000                  19.5000000000              209696.2130865708 
                 37.0000000000                  20.0000000000              214121.5516652460 
                 37.0000000000                  20.5000000000              218496.1810960715 
                 37.0000000000                  21.0000000000              222984.1384014983 
                 37.0000000000                  21.5000000000              227536.2459331683 
                 37.0000000000                  22.0000000000              231741.2038111352 
                 37.0000000000                  22.5000000000              234970.3698989466 
                 37.0000000000                  23.0000000000              236039.6446895463 
                 37.0000000000                  23.5000000000              234313.5676788207 
                 37.0000000000                  24.0000000000              230273.3668365337 
                 37.0000000000                  24.5000000000              224377.6449857323 
                 37.0000000000                  25.0000000000              217180.6133696558 
                 37.0000000000                  25.5000000000              210554.4087086976 
                 37.0000000000                  26.0000000000              205604.5948834278 
                 37.0000000000                  26.5000000000              201797.7812249771 
                 37.0000000000                  27.0000000000              198930.3926857545 
                 37.0000000000                  27.5000000000              196556.4076880345 
                 37.0000000000                  28.0000000000              194110.0542431485 
                 37.0000000000                  28.5000000000              191370.4494102237 
                 37.0000000000                  29.0000000000              188197.3791473797 
                 37.0000000000                  29.5000000000              184525.3544085892 
                 37.0000000000                  30.0000000000              180399.6823971946 
                 37.0000000000                  30.5000000000              175831.7759122428 
                 37.0000000000                  31.0000000000              170921.8159170171 
                 37.0000000000                  31.5000000000              165534.9057286468 
                 37.0000000000                  32.0000000000              159146.0656014732 
                 37.0000000000                  32.5000000000              151584.5095777762 
                 37.0000000000                  33.0000000000              142854.3092347511 
                 37.0000000000                  33.5000000000              132850.1172729915 
                 37.0000000000                  34.0000000000              121844.8204551436 
                 37.0000000000                  34.5000000000              110114.0776198165 
                 37.0000000000                  35.0000000000               97608.1179672194 
                 37.0000000000                  35.5000000000               84618.5147983199 
                 37.0000000000                  36.0000000000               72771.3241521455 
                 37.0000000000                  36.5000000000               62899.8077645813 
                 37.0000000000                  37.0000000000               54282.3164418506 
                 37.0000000000                  37.5000000000               46697.7914203037 
                 37.0000000000                  38.0000000000               41968.7455225489 
                 37.0000000000                  38.5000000000               40405.2321631167 
                 37.0000000000                  39.0000000000               40219.1145750258 
                 37.0000000000                  39.5000000000               40981.3620440141 
                 37.0000000000                  40.0000000000               41966.8249848080 
                 37.0000000000                  40.5000000000               42395.0248516807 
                 37.0000000000                  41.0000000000               42057.6405229679 
                 37.0000000000                  41.5000000000               40326.8306844995 
                 37.0000000000                  42.0000000000               37519.1446833313 
                 37.0000000000                  42.5000000000               35179.6156579060 
                 37.0000000000                  43.0000000000               33661.4177915220 
                 37.0000000000                  43.5000000000               32736.9657661549 
                 37.0000000000                  44.0000000000               32166.3981572775 
                 37.0000000000                  44.5000000000               31357.6313380459 
                 37.0000000000                  45.0000000000               30080.7910969553 
                 37.0000000000                  45.5000000000               28356.3585108959 
                 37.0000000000                  46.0000000000               26207.5226392633 
                 37.0000000000                  46.5000000000               23795.5094224978 
                 37.0000000000                  47.0000000000               21186.1536839790 
                 37.0000000000                  47.5000000000               18318.1779366179 
                 37.0000000000                  48.0000000000               15132.5182619749 
                 37.0000000000                  48.5000000000               11677.8538918131 
                 37.0000000000                  49.0000000000                8016.8974194773 
                 37.0000000000                  49.5000000000                4126.4478546103 
                 37.0000000000                  50.0000000000                   0.0000000000 
                 37.5000000000                   0.0000000000                   0.0000000000 
                 37.5000000000                   0.5000000000                4423.2596806761 
                 37.5000000000                   1.0000000000                8809.1734077926 
                 37.5000000000                   1.5000000000               13156.8617826190 
                 37.5000000000                   2.0000000000               17452.3971870611 
                 37.5000000000                   2.5000000000               21716.6975912787 
                 37.5000000000                   3.0000000000               25985.8733844798 
                 37.5000000000                   3.5000000000               30260.6318649579 
                 37.5000000000                   4.0000000000               34542.9540220367 
                 37.5000000000                   4.5000000000               38852.1140188592 
                 37.5000000000                   5.0000000000               43224.0158262966 
                 37.5000000000                   5.5000000000               47694.3222387166 
                 37.5000000000                   6.0000000000               52292.8882066724 
                 37.5000000000                   6.5000000000               57054.9537188116 
                 37.5000000000                   7.0000000000               61982.9007748486 
                 37.5000000000                   7.5000000000               67038.6564972062 
                 37.5000000000                   8.0000000000               72186.9002813444 
                 37.5000000000                   8.5000000000               77402.1466834739 
                 37.5000000000                   9.0000000000               82683.9324756189 
                 37.5000000000                   9.5000000000               88040.9520965015 
                 37.5000000000                  10.0000000000               93469.3593913032 
                 37.5000000000                  10.5000000000               98954.2275019052 
                 37.5000000000                  11.0000000000              104476.3680718412 
                 37.5000000000                  11.5000000000              110042.8274030293 
                 37.5000000000                  12.0000000000              115682.6342189696 
                 37.5000000000                  12.5000000000              121460.6131908566 
                 37.5000000000                  13.0000000000              127373.4938514177 
                 37.5000000000                  13.5000000000              133346.4066134834 
                 37.5000000000                  14.0000000000              139331.2595497369 
                 37.5000000000                  14.5000000000              145239.2036507992 
                 37.5000000000                  15.0000000000              150964.3150291552 
                 37.5000000000                  15.5000000000              156524.1556687425 
                 37.5000000000                  16.0000000000              162032.9880161742 
                 37.5000000000                  16.5000000000              167671.8687672745 
                 37.5000000000                  17.0000000000              173466.8030383500 
                 37.5000000000                  17.5000000000              179162.1691894739 
                 37.5000000000                  18.0000000000              184593.3949843873 
                 37.5000000000                  18.5000000000              189733.1166515206 
                 37.5000000000                  19.0000000000              194540.9077322652 
                 37.5000000000                  19.5000000000              199015.1065076950 
                 37.5000000000                  20.0000000000              203220.0922878733 
                 37.5000000000                  20.5000000000              207246.0602196391 
                 37.5000000000                  21.0000000000              211166.9750101390 
                 37.5000000000                  21.5000000000              214860.5777805016 
                 37.5000000000                  22.0000000000              217979.3321453344 
                 37.5000000000                  22.5000000000              219967.4202683931 
                 37.5000000000                  23.0000000000              219794.9147113442 
                 37.5000000000                  23.5000000000              217371.9239585869 
                 37.5000000000                  24.0000000000              213358.2401951057 
                 37.5000000000                  24.5000000000              207970.4530981854 
                 37.5000000000                  25.0000000000              201621.5070912709 
                 37.5000000000                  25.5000000000              195747.6350072356 
                 37.5000000000                  26.0000000000              191292.3464483785 
                 37.5000000000                  26.5000000000              187896.8576229997 
                 37.5000000000                  27.0000000000              185380.4100546679 
                 37.5000000000                  27.5000000000              183259.9069361278 
                 37.5000000000                  28.0000000000              180991.1021295915 
                 37.5000000000                  28.5000000000              178449.0133880171 
                 37.5000000000                  29.0000000000              175561.4707589788 
                 37.5000000000                  29.5000000000              172299.2889757059 
                 37.5000000000                  30.0000000000              168656.8865639971 
                 37.5000000000                  30.5000000000              164554.4844721100 
                 37.5000000000                  31.0000000000              160006.1174632375 
                 37.5000000000                  31.5000000000              154834.9788138416 
                 37.5000000000                  32.0000000000              148589.6328620870 
                 37.5000000000                  32.5000000000              141174.2797779653 
                 37.5000000000                  33.0000000000              132600.4012217207 
                 37.5000000000                  33.5000000000              122871.4476423872 
                 37.5000000000                  34.0000000000              112515.5014509193 
                 37.5000000000                  34.5000000000              101908.6618853712 
                 37.5000000000                  35.0000000000               91044.2713774713 
                 37.5000000000                  35.5000000000               80184.6589628723 
                 37.5000000000                  36.0000000000               70139.3700647651 
                 37.5000000000                  36.5000000000               61304.7455192469 
                 37.5000000000                  37.0000000000               53266.5021016727 
                 37.5000000000                  37.5000000000               45883.3303838115 
                 37.5000000000                  38.0000000000               41221.0713595875 
                 37.5000000000                  38.5000000000               39719.6307489629 
                 37.5000000000                  39.0000000000               39542.0550323989 
                 37.5000000000                  39.5000000000               40310.5628847835 
                 37.5000000000                  40.0000000000               41273.6942044055 
                 37.5000000000                  40.5000000000               41561.1510564741 
                 37.5000000000                  41.0000000000               40941.1343219901 
                 37.5000000000                  41.5000000000               38278.7905296256 
                 37.5000000000                  42.0000000000               34169.4209664113 
                 37.5000000000                  42.5000000000               31243.0649678948 
                 37.5000000000                  43.0000000000               29737.3855084688 
                 37.5000000000                  43.5000000000               29003.8785861225 
                 37.5000000000                  44.0000000000               28700.5195456587 
                 37.5000000000                  44.5000000000               28160.3745642762 
                 37.5000000000                  45.0000000000               27178.3106924466 
                 37.5000000000                  45.5000000000               25829.7202414812 
                 37.5000000000                  46.0000000000               24142.3220959329 
                 37.5000000000                  46.5000000000               22139.7057230902 
                 37.5000000000                  47.0000000000               19802.0002831594 
                 37.5000000000                  47.5000000000               17060.7256431718 
                 37.5000000000                  48.0000000000               13829.8446874964 
                 37.5000000000                  48.5000000000               10374.9187805134 
                 37.5000000000                  49.0000000000                6937.2816362738 
                 37.5000000000                  49.5000000000                3470.7973148230 
                 37.5000000000                  50.0000000000                   0.0000000000 
                 38.0000000000                   0.0000000000                   0.0000000000 
                 38.0000000000                   0.5000000000                4279.0401658700 
                 38.0000000000                   1.0000000000                8518.1544159146 
                 38.0000000000                   1.5000000000               12716.0114482725 
                 38.0000000000                   2.0000000000               16864.8404122874 
                 38.0000000000                   2.5000000000               20992.2032860970 
                 38.0000000000                   3.0000000000               25130.9004486796 
                 38.0000000000                   3.5000000000               29275.8399032023 
                 38.0000000000                   4.0000000000               33419.3772085222 
                 38.0000000000                   4.5000000000               37580.9471517301 
                 38.0000000000                   5.0000000000               41812.2423720246 
                 38.0000000000                   5.5000000000               46153.3635611188 
                 38.0000000000                   6.0000000000               50633.2880681546 
                 38.0000000000                   6.5000000000               55287.1867330711 
                 38.0000000000                   7.0000000000               60103.5374811223 
                 38.0000000000                   7.5000000000               65029.3775927483 
                 38.0000000000                   8.0000000000               70020.4487842104 
                 38.0000000000                   8.5000000000               75025.5019527354 
                 38.0000000000                   9.0000000000               80012.1817760293 
                 38.0000000000                   9.5000000000               84981.1711408204 
                 38.0000000000                  10.0000000000               89925.6708046248 
                 38.0000000000                  10.5000000000               94816.3041707118 
                 38.0000000000                  11.0000000000               99631.9198877673 
                 38.0000000000                  11.5000000000              104385.4771562540 
                 38.0000000000                  12.0000000000              109110.2386293057 
                 38.0000000000                  12.5000000000              113974.7061592047 
                 38.0000000000                  13.0000000000              119203.6015909385 
                 38.0000000000                  13.5000000000              124746.7964938726 
                 38.0000000000                  14.0000000000              130430.0858154096 
                 38.0000000000                  14.5000000000              136063.6793067275 
                 38.0000000000                  15.0000000000              141406.8639618656 
                 38.0000000000                  15.5000000000              146514.7897322465 
                 38.0000000000                  16.0000000000              151630.4546390396 
                 38.0000000000                  16.5000000000              157027.7435434560 
                 38.0000000000                  17.0000000000              162834.0479843508 
                 38.0000000000                  17.5000000000              168696.6324733821 
                 38.0000000000                  18.0000000000              174276.2326554518 
                 38.0000000000                  18.5000000000              179496.1022651152 
                 38.0000000000                  19.0000000000              184290.5435681798 
                 38.0000000000                  19.5000000000              188653.4093559914 
                 38.0000000000                  20.0000000000              192645.9289894525 
                 38.0000000000                  20.5000000000              196332.8968448632 
                 38.0000000000                  21.0000000000              199707.8340983594 
                 38.0000000000                  21.5000000000              202566.4717385249 
                 38.0000000000                  22.0000000000              204591.3032574287 
                 38.0000000000                  22.5000000000              205303.5013978938 
                 38.0000000000                  23.0000000000              204066.0777419014 
                 38.0000000000                  23.5000000000              201330.8886079545 
                 38.0000000000                  24.0000000000              197672.4848143817 
                 38.0000000000                  24.5000000000              192963.0050155381 
                 38.0000000000                  25.0000000000              187341.4905825122 
                 38.0000000000                  25.5000000000              182040.8038058555 
                 38.0000000000                  26.0000000000              178039.4013097863 
                 38.0000000000                  26.5000000000              175027.9544879919 
                 38.0000000000                  27.0000000000              172816.6145778436 
                 38.0000000000                  27.5000000000              170908.2729700765 
                 38.0000000000                  28.0000000000              168799.1771279825 
                 38.0000000000                  28.5000000000              166433.1441221001 
                 38.0000000000                  29.0000000000              163810.6019510725 
                 38.0000000000                  29.5000000000              160918.4874872869 
                 38.0000000000                  30.0000000000              157662.0275030999 
                 38.0000000000                  30.5000000000              153886.1690924710 
                 38.0000000000                  31.0000000000              149520.2471094973 
                 38.0000000000                  31.5000000000              144356.9047716321 
                 38.0000000000                  32.0000000000              138097.9261763637 
                 38.0000000000                  32.5000000000              130760.7607316191 
                 38.0000000000                  33.0000000000              122413.6723614511 
                 38.0000000000                  33.5000000000              113210.4151438612 
                 38.0000000000                  34.0000000000              103736.5350620258 
                 38.0000000000                  34.5000000000               94333.6810321731 
                 38.0000000000                  35.0000000000               85016.0450520382 
                 38.0000000000                  35.5000000000               75964.5916859149 
                 38.0000000000                  36.0000000000               67496.2431670341 
                 38.0000000000                  36.5000000000               59740.3934079738 
                 38.0000000000                  37.0000000000               52485.5014326775 
                 38.0000000000                  37.5000000000               45654.4854365121 
                 38.0000000000                  38.0000000000               41112.7221907629 
                 38.0000000000                  38.5000000000               39427.1983971102 
                 38.0000000000                  39.0000000000               39062.7879914578 
                 38.0000000000                  39.5000000000               39632.5118733802 
                 38.0000000000                  40.0000000000               40352.3464591783 
                 38.0000000000                  40.5000000000               40277.8996619221 
                 38.0000000000                  41.0000000000               39103.9509291171 
                 38.0000000000                  41.5000000000               35451.4201549618 
                 38.0000000000                  42.0000000000               30408.5969145165 
                 38.0000000000                  42.5000000000               27236.9986994354 
                 38.0000000000                  43.0000000000               25873.6696935362 
                 38.0000000000                  43.5000000000               25387.6448554091 
                 38.0000000000                  44.0000000000               25348.0381980559 
                 38.0000000000                  44.5000000000               25070.5658876888 
                 38.0000000000                  45.0000000000               24373.1741455004 
                 38.0000000000                  45.5000000000               23355.0053421686 
                 38.0000000000                  46.0000000000               22038.1181747691 
                 38.0000000000                  46.5000000000               20364.9126562945 
                 38.0000000000                  47.0000000000               18266.6147347153 
                 38.0000000000                  47.5000000000               15667.1891674511 
                 38.0000000000                  48.0000000000               12478.8491718833 
                 38.0000000000                  48.5000000000                9120.3966406714 
                 38.0000000000                  49.0000000000                5950.1466852104 
                 38.0000000000                  49.5000000000                2901.9146581108 
                 38.0000000000                  50.0000000000                   0.0000000000 
                 38.5000000000                   0.0000000000                   0.0000000000 
                 38.5000000000                   0.5000000000                4130.0596831480 
                 38.5000000000                   1.0000000000                8226.8084983315 
                 38.5000000000                   1.5000000000               12288.7412611445 
                 38.5000000000                   2.0000000000               16314.4413083325 
                 38.5000000000                   2.5000000000               20323.6450420206 
                 38.5000000000                   3.0000000000               24334.7686957057 
                 38.5000000000                   3.5000000000               28342.5469949455 
                 38.5000000000                   4.0000000000               32332.8044712420 
                 38.5000000000                   4.5000000000               36337.8859866194 
                 38.5000000000                   5.0000000000               40432.8552651177 
                 38.5000000000                   5.5000000000               44652.1647323360 
                 38.5000000000                   6.0000000000               49015.5505123481 
                 38.5000000000                   6.5000000000               53541.7216996379 
                 38.5000000000                   7.0000000000               58200.5431916493 
                 38.5000000000                   7.5000000000               62941.1412330346 
                 38.5000000000                   8.0000000000               67720.9845829223 
                 38.5000000000                   8.5000000000               72475.4108503361 
                 38.5000000000                   9.0000000000               77151.8550260609 
                 38.5000000000                   9.5000000000               81743.6285301769 
                 38.5000000000                  10.0000000000               86243.6004985894 
                 38.5000000000                  10.5000000000               90619.4240526156 
                 38.5000000000                  11.0000000000               94873.1687072533 
                 38.5000000000                  11.5000000000               99049.2440815776 
                 38.5000000000                  12.0000000000              103213.2186213500 
                 38.5000000000                  12.5000000000              107537.1310060508 
                 38.5000000000                  13.0000000000              112206.7475832187 
                 38.5000000000                  13.5000000000              117193.1929895373 
                 38.5000000000                  14.0000000000              122355.3215740641 
                 38.5000000000                  14.5000000000              127497.6999615614 
                 38.5000000000                  15.0000000000              132398.9732780241 
                 38.5000000000                  15.5000000000              137136.6626450049 
                 38.5000000000                  16.0000000000              141968.2388307226 
                 38.5000000000                  16.5000000000              147146.0547126242 
                 38.5000000000                  17.0000000000              152789.0665439116 
                 38.5000000000                  17.5000000000              158581.5381670284 
                 38.5000000000                  18.0000000000              164148.7330518003 
                 38.5000000000                  18.5000000000              169344.2095167770 
                 38.5000000000                  19.0000000000              174064.2855434149 
                 38.5000000000                  19.5000000000              178280.3676676797 
                 38.5000000000                  20.0000000000              182040.8502696421 
                 38.5000000000                  20.5000000000              185393.2876541975 
                 38.5000000000                  21.0000000000              188303.9874977131 
                 38.5000000000                  21.5000000000              190537.3331495565 
                 38.5000000000                  22.0000000000              191794.2011810121 
                 38.5000000000                  22.5000000000              191707.6821865889 
                 38.5000000000                  23.0000000000              189875.4412516697 
                 38.5000000000                  23.5000000000              186889.2779360833 
                 38.5000000000                  24.0000000000              183297.2010551333 
                 38.5000000000                  24.5000000000              178878.7422209482 
                 38.5000000000                  25.0000000000              173597.4301390655 
                 38.5000000000                  25.5000000000              168686.0659772924 
                 38.5000000000                  26.0000000000              165133.6330335480 
                 38.5000000000                  26.5000000000              162530.8362167708 
                 38.5000000000                  27.0000000000              160659.2357806404 
                 38.5000000000                  27.5000000000              159030.5782835869 
                 38.5000000000                  28.0000000000              157180.6861044284 
                 38.5000000000                  28.5000000000              155088.4963267307 
                 38.5000000000                  29.0000000000              152803.1030677549 
                 38.5000000000                  29.5000000000              150286.1036673997 
                 38.5000000000                  30.0000000000              147350.9829948689 
                 38.5000000000                  30.5000000000              143806.6762938407 
                 38.5000000000                  31.0000000000              139511.4792640562 
                 38.5000000000                  31.5000000000              134275.1842319014 
                 38.5000000000                  32.0000000000              128014.8029922385 
                 38.5000000000                  32.5000000000              120858.9954573844 
                 38.5000000000                  33.0000000000              112924.3689806514 
                 38.5000000000                  33.5000000000              104436.0301147635 
                 38.5000000000                  34.0000000000               95898.4170563435 
                 38.5000000000                  34.5000000000               87601.6048938212 
                 38.5000000000                  35.0000000000               79597.2551722931 
                 38.5000000000                  35.5000000000               72009.1936043142 
                 38.5000000000                  36.0000000000               64875.2473436381 
                 38.5000000000                  36.5000000000               58164.7644498653 
                 38.5000000000                  37.0000000000               51805.5458571801 
                 38.5000000000                  37.5000000000               45765.0170524680 
                 38.5000000000                  38.0000000000               41433.0663402203 
                 38.5000000000                  38.5000000000               39420.0916880179 
                 38.5000000000                  39.0000000000               38684.8385439945 
                 38.5000000000                  39.5000000000               38846.2037577041 
                 38.5000000000                  40.0000000000               39098.9656213942 
                 38.5000000000                  40.5000000000               38454.7921907890 
                 38.5000000000                  41.0000000000               36541.9243875208 
                 38.5000000000                  41.5000000000               32108.1288250013 
                 38.5000000000                  42.0000000000               26716.0839306674 
                 38.5000000000                  42.5000000000               23614.4791521087 
                 38.5000000000                  43.0000000000               22421.0884156333 
                 38.5000000000                  43.5000000000               22153.7758725546 
                 38.5000000000                  44.0000000000               22330.6410180339 
                 38.5000000000                  44.5000000000               22278.7744573084 
                 38.5000000000                  45.0000000000               21821.1816674064 
                 38.5000000000                  45.5000000000               21060.8778544142 
                 38.5000000000                  46.0000000000               20016.5533213498 
                 38.5000000000                  46.5000000000               18591.5658982280 
                 38.5000000000                  47.0000000000               16697.2697517115 
                 38.5000000000                  47.5000000000               14260.9589063722 
                 38.5000000000                  48.0000000000               11203.5078410868 
                 38.5000000000                  48.5000000000                8023.8152844786 
                 38.5000000000                  49.0000000000                5134.3320925684 
                 38.5000000000                  49.5000000000                2453.4088055731 
                 38.5000000000                  50.0000000000                   0.0000000000 
                 39.0000000000                   0.0000000000                   0.0000000000 
                 39.0000000000                   0.5000000000                3982.3419657472 
                 39.0000000000                   1.0000000000                7943.2794380868 
                 39.0000000000                   1.5000000000               11880.1357240023 
                 39.0000000000                   2.0000000000               15795.5060802599 
                 39.0000000000                   2.5000000000               19696.9266127806 
                 39.0000000000                   3.0000000000               23585.1751162478 
                 39.0000000000                   3.5000000000               27455.6367339619 
                 39.0000000000                   4.0000000000               31289.1360261053 
                 39.0000000000                   4.5000000000               35135.7768194067 
                 39.0000000000                   5.0000000000               39097.0718618239 
                 39.0000000000                   5.5000000000               43195.8203666378 
                 39.0000000000                   6.0000000000               47436.7873633631 
                 39.0000000000                   6.5000000000               51818.8687393823 
                 39.0000000000                   7.0000000000               56287.5734081741 
                 39.0000000000                   7.5000000000               60796.2013668619 
                 39.0000000000                   8.0000000000               65313.7867743994 
                 39.0000000000                   8.5000000000               69771.0546433086 
                 39.0000000000                   9.0000000000               74112.0879374423 
                 39.0000000000                   9.5000000000               78332.8631488677 
                 39.0000000000                  10.0000000000               82426.7166566559 
                 39.0000000000                  10.5000000000               86365.6179370556 
                 39.0000000000                  11.0000000000               90184.2133182312 
                 39.0000000000                  11.5000000000               93956.8119934714 
                 39.0000000000                  12.0000000000               97749.3950778377 
                 39.0000000000                  12.5000000000              101703.5226299990 
                 39.0000000000                  13.0000000000              105922.9199522585 
                 39.0000000000                  13.5000000000              110358.1719605596 
                 39.0000000000                  14.0000000000              114925.3307586683 
                 39.0000000000                  14.5000000000              119469.5394680028 
                 39.0000000000                  15.0000000000              123860.9000477171 
                 39.0000000000                  15.5000000000              128240.8283148226 
                 39.0000000000                  16.0000000000              132820.7587800124 
                 39.0000000000                  16.5000000000              137772.6579404267 
                 39.0000000000                  17.0000000000              143186.0384245397 
                 39.0000000000                  17.5000000000              148796.1825597055 
                 39.0000000000                  18.0000000000              154239.8221153042 
                 39.0000000000                  18.5000000000              159329.7667281200 
                 39.0000000000                  19.0000000000              163925.0522920784 
                 39.0000000000                  19.5000000000              167970.8784162589 
                 39.0000000000                  20.0000000000              171501.8107619502 
                 39.0000000000                  20.5000000000              174554.6669468647 
                 39.0000000000                  21.0000000000              177084.4825754477 
                 39.0000000000                  21.5000000000              178842.1330140637 
                 39.0000000000                  22.0000000000              179550.4134380321 
                 39.0000000000                  22.5000000000              178923.9324608193 
                 39.0000000000                  23.0000000000              176693.2435304435 
                 39.0000000000                  23.5000000000              173471.8848095158 
                 39.0000000000                  24.0000000000              169791.8657809599 
                 39.0000000000                  24.5000000000              165455.6294461119 
                 39.0000000000                  25.0000000000              160349.6904913180 
                 39.0000000000                  25.5000000000              155758.5375062036 
                 39.0000000000                  26.0000000000              152662.0562431157 
                 39.0000000000                  26.5000000000              150497.4699984965 
                 39.0000000000                  27.0000000000              149000.7490081428 
                 39.0000000000                  27.5000000000              147695.3855574722 
                 39.0000000000                  28.0000000000              146154.2762943934 
                 39.0000000000                  28.5000000000              144379.6309162917 
                 39.0000000000                  29.0000000000              142449.1023044192 
                 39.0000000000                  29.5000000000              140293.3181244249 
                 39.0000000000                  30.0000000000              137646.1422310918 
                 39.0000000000                  30.5000000000              134291.5989163604 
                 39.0000000000                  31.0000000000              130029.9247960406 
                 39.0000000000                  31.5000000000              124711.8215896871 
                 39.0000000000                  32.0000000000              118493.4248792220 
                 39.0000000000                  32.5000000000              111607.4901654256 
                 39.0000000000                  33.0000000000              104175.9723331147 
                 39.0000000000                  33.5000000000               96437.0557811220 
                 39.0000000000                  34.0000000000               88793.4400457774 
                 39.0000000000                  34.5000000000               81484.0089695887 
                 39.0000000000                  35.0000000000               74589.5534623351 
                 39.0000000000                  35.5000000000               68205.2080568389 
                 39.0000000000                  36.0000000000               62202.2145202385 
                 39.0000000000                  36.5000000000               56458.7971133061 
                 39.0000000000                  37.0000000000               51000.9779940445 
                 39.0000000000                  37.5000000000               45850.6240846531 
                 39.0000000000                  38.0000000000               41866.6149132573 
                 39.0000000000                  38.5000000000               39546.9956698034 
                 39.0000000000                  39.0000000000               38339.3946331659 
                 39.0000000000                  39.5000000000               37918.5297246288 
                 39.0000000000                  40.0000000000               37503.1684026698 
                 39.0000000000                  40.5000000000               36137.8229751893 
                 39.0000000000                  41.0000000000               33445.6097833625 
                 39.0000000000                  41.5000000000               28466.5845227322 
                 39.0000000000                  42.0000000000               23113.5296666865 
                 39.0000000000                  42.5000000000               20304.8357352317 
                 39.0000000000                  43.0000000000               19342.4182519379 
                 39.0000000000                  43.5000000000               19294.6451263599 
                 39.0000000000                  44.0000000000               19669.2427558148 
                 39.0000000000                  44.5000000000               19813.2618584534 
                 39.0000000000                  45.0000000000               19548.4891621114 
                 39.0000000000                  45.5000000000               18973.5214044303 
                 39.0000000000                  46.0000000000               18111.1412500409 
                 39.0000000000                  46.5000000000               16853.7984106274 
                 39.0000000000                  47.0000000000               15123.6019440674 
                 39.0000000000                  47.5000000000               12870.1015757269 
                 39.0000000000                  48.0000000000               10011.0740539074 
                 39.0000000000                  48.5000000000                7074.6139324922 
                 39.0000000000                  49.0000000000                4477.6202489535 
                 39.0000000000                  49.5000000000                2109.3665087278 
                 39.0000000000                  50.0000000000                   0.0000000000 
                 39.5000000000                   0.0000000000                   0.0000000000 
                 39.5000000000                   0.5000000000                3842.0367838625 
                 39.5000000000                   1.0000000000                7675.6724685866 
                 39.5000000000                   1.5000000000               11496.2798180579 
                 39.5000000000                   2.0000000000               15308.5192664161 
                 39.5000000000                   2.5000000000               19106.7168074327 
                 39.5000000000                   3.0000000000               22875.2356671491 
                 39.5000000000                   3.5000000000               26611.1527693628 
                 39.5000000000                   4.0000000000               30292.5014109579 
                 39.5000000000                   4.5000000000               33989.6705253400 
                 39.5000000000                   5.0000000000               37826.4257687439 
                 39.5000000000                   5.5000000000               41808.0716469880 
                 39.5000000000                   6.0000000000               45922.0773131829 
                 39.5000000000                   6.5000000000               50140.4304103598 
                 39.5000000000                   7.0000000000               54379.4496548077 
                 39.5000000000                   7.5000000000               58598.5908049961 
                 39.5000000000                   8.0000000000               62780.4528764748 
                 39.5000000000                   8.5000000000               66874.5130114401 
                 39.5000000000                   9.0000000000               70850.7332340208 
                 39.5000000000                   9.5000000000               74706.8777296543 
                 39.5000000000                  10.0000000000               78432.3156330581 
                 39.5000000000                  10.5000000000               82020.4062170631 
                 39.5000000000                  11.0000000000               85540.8514213989 
                 39.5000000000                  11.5000000000               89067.4596557268 
                 39.5000000000                  12.0000000000               92636.2095246990 
                 39.5000000000                  12.5000000000               96330.2311761186 
                 39.5000000000                  13.0000000000              100149.1276540075 
                 39.5000000000                  13.5000000000              104020.7482430036 
                 39.5000000000                  14.0000000000              107912.2137801330 
                 39.5000000000                  14.5000000000              111736.0609476824 
                 39.5000000000                  15.0000000000              115578.3700979511 
                 39.5000000000                  15.5000000000              119654.1776837203 
                 39.5000000000                  16.0000000000              124034.2729869640 
                 39.5000000000                  16.5000000000              128787.3275473465 
                 39.5000000000                  17.0000000000              133948.8937746542 
                 39.5000000000                  17.5000000000              139306.6458251343 
                 39.5000000000                  18.0000000000              144546.0194346286 
                 39.5000000000                  18.5000000000              149465.4390593594 
                 39.5000000000                  19.0000000000              153901.9838106360 
                 39.5000000000                  19.5000000000              157777.0659403086 
                 39.5000000000                  20.0000000000              161105.5317950611 
                 39.5000000000                  20.5000000000              163912.4455320115 
                 39.5000000000                  21.0000000000              166142.0158753913 
                 39.5000000000                  21.5000000000              167541.1505504946 
                 39.5000000000                  22.0000000000              167855.7897796256 
                 39.5000000000                  22.5000000000              166849.0164872106 
                 39.5000000000                  23.0000000000              164278.5228661073 
                 39.5000000000                  23.5000000000              160722.6138018977 
                 39.5000000000                  24.0000000000              156772.2497580704 
                 39.5000000000                  24.5000000000              152336.8460799397 
                 39.5000000000                  25.0000000000              147367.1282293534 
                 39.5000000000                  25.5000000000              143200.0664185252 
                 39.5000000000                  26.0000000000              140652.8584817475 
                 39.5000000000                  26.5000000000              138981.5279343746 
                 39.5000000000                  27.0000000000              137895.6270754028 
                 39.5000000000                  27.5000000000              136938.5430124550 
                 39.5000000000                  28.0000000000              135727.5093743001 
                 39.5000000000                  28.5000000000              134283.4801236692 
                 39.5000000000                  29.0000000000              132701.4333272009 
                 39.5000000000                  29.5000000000              130882.7781732043 
                 39.5000000000                  30.0000000000              128498.5394251103 
                 39.5000000000                  30.5000000000              125319.5969804851 
                 39.5000000000                  31.0000000000              121097.5327761901 
                 39.5000000000                  31.5000000000              115740.9190623458 
                 39.5000000000                  32.0000000000              109641.0263867734 
                 39.5000000000                  32.5000000000              103102.9404158936 
                 39.5000000000                  33.0000000000               96211.0684619112 
                 39.5000000000                  33.5000000000               89177.3531400158 
                 39.5000000000                  34.0000000000               82322.2361046022 
                 39.5000000000                  34.5000000000               75858.2835388510 
                 39.5000000000                  35.0000000000               69882.2573770519 
                 39.5000000000                  35.5000000000               64465.7467403901 
                 39.5000000000                  36.0000000000               59387.2821727429 
                 39.5000000000                  36.5000000000               54483.9845533846 
                 39.5000000000                  37.0000000000               49842.3331947097 
                 39.5000000000                  37.5000000000               45547.1308493708 
                 39.5000000000                  38.0000000000               42007.0611976605 
                 39.5000000000                  38.5000000000               39491.2585404778 
                 39.5000000000                  39.0000000000               37786.9978038196 
                 39.5000000000                  39.5000000000               36620.7995807003 
                 39.5000000000                  40.0000000000               35361.2888695383 
                 39.5000000000                  40.5000000000               33249.9277519852 
                 39.5000000000                  41.0000000000               29938.4657954257 
                 39.5000000000                  41.5000000000               24785.2092902993 
                 39.5000000000                  42.0000000000               19789.4737033500 
                 39.5000000000                  42.5000000000               17369.2832977694 
                 39.5000000000                  43.0000000000               16656.4110075222 
                 39.5000000000                  43.5000000000               16825.9925565628 
                 39.5000000000                  44.0000000000               17394.8395422036 
                 39.5000000000                  44.5000000000               17722.5644095738 
                 39.5000000000                  45.0000000000               17614.4845665460 
                 39.5000000000                  45.5000000000               17148.7701578869 
                 39.5000000000                  46.0000000000               16345.1043110443 
                 39.5000000000                  46.5000000000               15134.7696368688 
                 39.5000000000                  47.0000000000               13501.7572214715 
                 39.5000000000                  47.5000000000               11443.2910974876 
                 39.5000000000                  48.0000000000                8900.3680302691 
                 39.5000000000                  48.5000000000                6321.7320489393 
                 39.5000000000                  49.0000000000                4029.2876620598 
                 39.5000000000                  49.5000000000                1904.4719452979 
                 39.5000000000                  50.0000000000                   0.0000000000 
                 40.0000000000                   0.0000000000                   0.0000000000 
                 40.0000000000                   0.5000000000                3717.4656812179 
                 40.0000000000                   1.0000000000                7432.9027607361 
                 40.0000000000                   1.5000000000               11142.1533425589 
                 40.0000000000                   2.0000000000               14850.1455701180 
                 40.0000000000                   2.5000000000               18541.6444188587 
                 40.0000000000                   3.0000000000               22190.3343857068 
                 40.0000000000                   3.5000000000               25793.9449847506 
                 40.0000000000                   4.0000000000               29331.4473659454 
                 40.0000000000                   4.5000000000               32886.7989056750 
                 40.0000000000                   5.0000000000               36594.5982734926 
                 40.0000000000                   5.5000000000               40447.0441878217 
                 40.0000000000                   6.0000000000               44415.3672883171 
                 40.0000000000                   6.5000000000               48445.1387849523 
                 40.0000000000                   7.0000000000               52431.0595642559 
                 40.0000000000                   7.5000000000               56338.5211829286 
                 40.0000000000                   8.0000000000               60163.4558908040 
                 40.0000000000                   8.5000000000               63889.1583742279 
                 40.0000000000                   9.0000000000               67518.2844155476 
                 40.0000000000                   9.5000000000               71047.3895997909 
                 40.0000000000                  10.0000000000               74465.6771723922 
                 40.0000000000                  10.5000000000               77791.5678012058 
                 40.0000000000                  11.0000000000               81107.7298061443 
                 40.0000000000                  11.5000000000               84463.4436522161 
                 40.0000000000                  12.0000000000               87860.4786372062 
                 40.0000000000                  12.5000000000               91324.0409025391 
                 40.0000000000                  13.0000000000               94778.9203014692 
                 40.0000000000                  13.5000000000               98145.6875390150 
                 40.0000000000                  14.0000000000              101428.3656048923 
                 40.0000000000                  14.5000000000              104614.7507846998 
                 40.0000000000                  15.0000000000              107969.9294773905 
                 40.0000000000                  15.5000000000              111742.7635645385 
                 40.0000000000                  16.0000000000              115885.4636874592 
                 40.0000000000                  16.5000000000              120385.7764286774 
                 40.0000000000                  17.0000000000              125229.0673039800 
                 40.0000000000                  17.5000000000              130248.6760989536 
                 40.0000000000                  18.0000000000              135189.6581447237 
                 40.0000000000                  18.5000000000              139854.4690823042 
                 40.0000000000                  19.0000000000              144070.1668589664 
                 40.0000000000                  19.5000000000              147736.9283365393 
                 40.0000000000                  20.0000000000              150846.3188840834 
                 40.0000000000                  20.5000000000              153408.9254015335 
                 40.0000000000                  21.0000000000              155356.6863944722 
                 40.0000000000                  21.5000000000              156439.3542519214 
                 40.0000000000                  22.0000000000              156427.7546227528 
                 40.0000000000                  22.5000000000              155105.8025135222 
                 40.0000000000                  23.0000000000              152182.5466937607 
                 40.0000000000                  23.5000000000              148259.8693791736 
                 40.0000000000                  24.0000000000              144068.1173052790 
                 40.0000000000                  24.5000000000              139608.4162147962 
                 40.0000000000                  25.0000000000              134971.2003354694 
                 40.0000000000                  25.5000000000              131382.5228706728 
                 40.0000000000                  26.0000000000              129384.1713836736 
                 40.0000000000                  26.5000000000              128177.9480869864 
                 40.0000000000                  27.0000000000              127469.5204611361 
                 40.0000000000                  27.5000000000              126831.9929904122 
                 40.0000000000                  28.0000000000              125926.2691218593 
                 40.0000000000                  28.5000000000              124783.8155966436 
                 40.0000000000                  29.0000000000              123508.9157442031 
                 40.0000000000                  29.5000000000              121981.5345104923 
                 40.0000000000                  30.0000000000              119828.8578065280 
                 40.0000000000                  30.5000000000              116815.7879548249 
                 40.0000000000                  31.0000000000              112657.0887093219 
                 40.0000000000                  31.5000000000              107317.3112306287 
                 40.0000000000                  32.0000000000              101389.7517341599 
                 40.0000000000                  32.5000000000               95230.1025859605 
                 40.0000000000                  33.0000000000               88856.2257841344 
                 40.0000000000                  33.5000000000               82435.6891864366 
                 40.0000000000                  34.0000000000               76259.2331716206 
                 40.0000000000                  34.5000000000               70529.5672055110 
                 40.0000000000                  35.0000000000               65326.4367393240 
                 40.0000000000                  35.5000000000               60692.6729420356 
                 40.0000000000                  36.0000000000               56365.8632508243 
                 40.0000000000                  36.5000000000               52172.5908736684 
                 40.0000000000                  37.0000000000               48217.0475317377 
                 40.0000000000                  37.5000000000               44583.9218059156 
                 40.0000000000                  38.0000000000               41441.7647675220 
                 40.0000000000                  38.5000000000               38883.4508029065 
                 40.0000000000                  39.0000000000               36804.7393642066 
                 40.0000000000                  39.5000000000               35008.2319351920 
                 40.0000000000                  40.0000000000               33056.9333869022 
                 40.0000000000                  40.5000000000               30404.0071762778 
                 40.0000000000                  41.0000000000               26778.9389617242 
                 40.0000000000                  41.5000000000               21702.6928390769 
                 40.0000000000                  42.0000000000               17038.2083503249 
                 40.0000000000                  42.5000000000               14883.1529314331 
                 40.0000000000                  43.0000000000               14364.2921567024 
                 40.0000000000                  43.5000000000               14719.1749423462 
                 40.0000000000                  44.0000000000               15475.4805676819 
                 40.0000000000                  44.5000000000               15972.5791602674 
                 40.0000000000                  45.0000000000               15984.0378079841 
                 40.0000000000                  45.5000000000               15535.4201604613 
                 40.0000000000                  46.0000000000               14620.5180499017 
                 40.0000000000                  46.5000000000               13320.2202333361 
                 40.0000000000                  47.0000000000               11745.8638375070 
                 40.0000000000                  47.5000000000                9935.0803819943 
                 40.0000000000                  48.0000000000                7892.5748360287 
                 40.0000000000                  48.5000000000                5819.9511741019 
                 40.0000000000                  49.0000000000                3834.2844391482 
                 40.0000000000                  49.5000000000                1877.2255025646 
                 40.0000000000                  50.0000000000                   0.0000000000 
                 40.5000000000                   0.0000000000                   0.0000000000 
                 40.5000000000                   0.5000000000                3608.8057565556 
                 40.5000000000                   1.0000000000                7213.9105311960 
                 40.5000000000                   1.5000000000               10812.6635545226 
                 40.5000000000                   2.0000000000               14410.7722128425 
                 40.5000000000                   2.5000000000               17988.5294859358 
                 40.5000000000                   3.0000000000               21513.9118550461 
                 40.5000000000                   3.5000000000               24984.8446290348 
                 40.5000000000                   4.0000000000               28381.4691022127 
                 40.5000000000                   4.5000000000               31790.0334284947 
                 40.5000000000                   5.0000000000               35348.3046768657 
                 40.5000000000                   5.5000000000               39044.3502109117 
                 40.5000000000                   6.0000000000               42837.1796528830 
                 40.5000000000                   6.5000000000               46658.7005700301 
                 40.5000000000                   7.0000000000               50398.0545849728 
                 40.5000000000                   7.5000000000               54026.2137555924 
                 40.5000000000                   8.0000000000               57553.5164391747 
                 40.5000000000                   8.5000000000               60984.5385160234 
                 40.5000000000                   9.0000000000               64333.3682497878 
                 40.5000000000                   9.5000000000               67600.6355618782 
                 40.5000000000                  10.0000000000               70784.8980435488 
                 40.5000000000                  10.5000000000               73912.1248738584 
                 40.5000000000                  11.0000000000               77048.7736394389 
                 40.5000000000                  11.5000000000               80221.7760579743 
                 40.5000000000                  12.0000000000               83415.6179155717 
                 40.5000000000                  12.5000000000               86628.2555515205 
                 40.5000000000                  13.0000000000               89767.1755439382 
                 40.5000000000                  13.5000000000               92757.5380519982 
                 40.5000000000                  14.0000000000               95631.6388028007 
                 40.5000000000                  14.5000000000               98423.5690604211 
                 40.5000000000                  15.0000000000              101408.5071378070 
                 40.5000000000                  15.5000000000              104828.4523881707 
                 40.5000000000                  16.0000000000              108628.8216420951 
                 40.5000000000                  16.5000000000              112760.9262836215 
                 40.5000000000                  17.0000000000              117187.7402392002 
                 40.5000000000                  17.5000000000              121773.8624012760 
                 40.5000000000                  18.0000000000              126309.9020488613 
                 40.5000000000                  18.5000000000              130611.7546861475 
                 40.5000000000                  19.0000000000              134500.0468287960 
                 40.5000000000                  19.5000000000              137857.6159568603 
                 40.5000000000                  20.0000000000              140657.2513320825 
                 40.5000000000                  20.5000000000              142893.7196340738 
                 40.5000000000                  21.0000000000              144488.5530804710 
                 40.5000000000                  21.5000000000              145200.1072726573 
                 40.5000000000                  22.0000000000              144830.3130580510 
                 40.5000000000                  22.5000000000              143179.2844801357 
                 40.5000000000                  23.0000000000              139951.2742070732 
                 40.5000000000                  23.5000000000              135873.7569991398 
                 40.5000000000                  24.0000000000              131778.6672408694 
                 40.5000000000                  24.5000000000              127658.4434286866 
                 40.5000000000                  25.0000000000              123636.1373243124 
                 40.5000000000                  25.5000000000              120667.6726672997 
                 40.5000000000                  26.0000000000              119102.9662771033 
                 40.5000000000                  26.5000000000              118246.7589454256 
                 40.5000000000                  27.0000000000              117818.9123083087 
                 40.5000000000                  27.5000000000              117427.2719835090 
                 40.5000000000                  28.0000000000              116763.1263585888 
                 40.5000000000                  28.5000000000              115856.4460824340 
                 40.5000000000                  29.0000000000              114816.4419141696 
                 40.5000000000                  29.5000000000              113510.1849778740 
                 40.5000000000                  30.0000000000              111536.4008239976 
                 40.5000000000                  30.5000000000              108662.9423182817 
                 40.5000000000                  31.0000000000              104575.5931517965 
                 40.5000000000                  31.5000000000               99278.2717395066 
                 40.5000000000                  32.0000000000               93537.8999856533 
                 40.5000000000                  32.5000000000               87751.7726411047 
                 40.5000000000                  33.0000000000               81857.9279426582 
                 40.5000000000                  33.5000000000               75986.8617522827 
                 40.5000000000                  34.0000000000               70429.3210533222 
                 40.5000000000                  34.5000000000               65369.8487738969 
                 40.5000000000                  35.0000000000               60848.3586696816 
                 40.5000000000                  35.5000000000               56880.8263047912 
                 40.5000000000                  36.0000000000               53192.5645388636 
                 40.5000000000                  36.5000000000               49610.2319655612 
                 40.5000000000                  37.0000000000               46230.3502399833 
                 40.5000000000                  37.5000000000               43100.6715826182 
                 40.5000000000                  38.0000000000               40288.1828637695 
                 40.5000000000                  38.5000000000               37807.5099007559 
                 40.5000000000                  39.0000000000               35570.0653918010 
                 40.5000000000                  39.5000000000               33469.8585388502 
                 40.5000000000                  40.0000000000               31174.6912415142 
                 40.5000000000                  40.5000000000               28230.0479705674 
                 40.5000000000                  41.0000000000               24458.8648892356 
                 40.5000000000                  41.5000000000               19432.0067977306 
                 40.5000000000                  42.0000000000               14885.0243175061 
                 40.5000000000                  42.5000000000               12818.4624930499 
                 40.5000000000                  43.0000000000               12403.2481354871 
                 40.5000000000                  43.5000000000               12889.2820246197 
                 40.5000000000                  44.0000000000               13801.3599786289 
                 40.5000000000                  44.5000000000               14435.1536726455 
                 40.5000000000                  45.0000000000               14524.7600877831 
                 40.5000000000                  45.5000000000               14008.7699786314 
                 40.5000000000                  46.0000000000               12848.5172790639 
                 40.5000000000                  46.5000000000               11394.8315600453 
                 40.5000000000                  47.0000000000                9925.8712910676 
                 40.5000000000                  47.5000000000                8458.1869014246 
                 40.5000000000                  48.0000000000                7019.0112371252 
                 40.5000000000                  48.5000000000                5505.3342562529 
                 40.5000000000                  49.0000000000                3821.0317235554 
                 40.5000000000                  49.5000000000                1977.9107512960 
                 40.5000000000                  50.0000000000                   0.0000000000 
                 41.0000000000                   0.0000000000                   0.0000000000 
                 41.0000000000                   0.5000000000                3511.3188254010 
                 41.0000000000                   1.0000000000                7012.5824198869 
                 41.0000000000                   1.5000000000               10500.5654691792 
                 41.0000000000                   2.0000000000               13983.1573649109 
                 41.0000000000                   2.5000000000               17439.4943642033 
                 41.0000000000                   3.0000000000               20835.1340699629 
                 41.0000000000                   3.5000000000               24170.2311714907 
                 41.0000000000                   4.0000000000               27425.1257265563 
                 41.0000000000                   4.5000000000               30682.8613817410 
                 41.0000000000                   5.0000000000               34080.3257515843 
                 41.0000000000                   5.5000000000               37603.6938234362 
                 41.0000000000                   6.0000000000               41203.4247097352 
                 41.0000000000                   6.5000000000               44806.5819460121 
                 41.0000000000                   7.0000000000               48309.6166032214 
                 41.0000000000                   7.5000000000               51692.3150730154 
                 41.0000000000                   8.0000000000               54975.1261361388 
                 41.0000000000                   8.5000000000               58173.1950239530 
                 41.0000000000                   9.0000000000               61299.7326106079 
                 41.0000000000                   9.5000000000               64358.4131902432 
                 41.0000000000                  10.0000000000               67358.3624388868 
                 41.0000000000                  10.5000000000               70325.6886687608 
                 41.0000000000                  11.0000000000               73302.7063608545 
                 41.0000000000                  11.5000000000               76294.7274446150 
                 41.0000000000                  12.0000000000               79277.1530413857 
                 41.0000000000                  12.5000000000               82237.2410185979 
                 41.0000000000                  13.0000000000               85086.5020806332 
                 41.0000000000                  13.5000000000               87764.6184531279 
                 41.0000000000                  14.0000000000               90325.8849766230 
                 41.0000000000                  14.5000000000               92826.8420723513 
                 41.0000000000                  15.0000000000               95514.2237718146 
                 41.0000000000                  15.5000000000               98601.6741111890 
                 41.0000000000                  16.0000000000              102039.4443002440 
                 41.0000000000                  16.5000000000              105767.0878401674 
                 41.0000000000                  17.0000000000              109735.7964337280 
                 41.0000000000                  17.5000000000              113829.3232278241 
                 41.0000000000                  18.0000000000              117877.8608336949 
                 41.0000000000                  18.5000000000              121719.0719468858 
                 41.0000000000                  19.0000000000              125175.1938528060 
                 41.0000000000                  19.5000000000              128120.6395310188 
                 41.0000000000                  20.0000000000              130511.5641089041 
                 41.0000000000                  20.5000000000              132321.0981285077 
                 41.0000000000                  21.0000000000              133461.0884573969 
                 41.0000000000                  21.5000000000              133711.4230944101 
                 41.0000000000                  22.0000000000              132928.4736608468 
                 41.0000000000                  22.5000000000              130974.6531011739 
                 41.0000000000                  23.0000000000              127600.0186992405 
                 41.0000000000                  23.5000000000              123660.7859008123 
                 41.0000000000                  24.0000000000              120010.3563870219 
                 41.0000000000                  24.5000000000              116521.7397200912 
                 41.0000000000                  25.0000000000              113256.3062219332 
                 41.0000000000                  25.5000000000              110911.4911439273 
                 41.0000000000                  26.0000000000              109722.7923256137 
                 41.0000000000                  26.5000000000              109137.0694957767 
                 41.0000000000                  27.0000000000              108916.4470168337 
                 41.0000000000                  27.5000000000              108705.7886652856 
                 41.0000000000                  28.0000000000              108218.8653589558 
                 41.0000000000                  28.5000000000              107476.4990223611 
                 41.0000000000                  29.0000000000              106587.8551895124 
                 41.0000000000                  29.5000000000              105413.3855192989 
                 41.0000000000                  30.0000000000              103537.7559947723 
                 41.0000000000                  30.5000000000              100753.0430034504 
                 41.0000000000                  31.0000000000               96733.1368231096 
                 41.0000000000                  31.5000000000               91508.4127558400 
                 41.0000000000                  32.0000000000               85998.6773860184 
                 41.0000000000                  32.5000000000               80619.2906382033 
                 41.0000000000                  33.0000000000               75210.7103959495 
                 41.0000000000                  33.5000000000               69872.1846602556 
                 41.0000000000                  34.0000000000               64896.4599926874 
                 41.0000000000                  34.5000000000               60446.9915693118 
                 41.0000000000                  35.0000000000               56524.1724411709 
                 41.0000000000                  35.5000000000               53126.6534510392 
                 41.0000000000                  36.0000000000               49982.3308164070 
                 41.0000000000                  36.5000000000               46927.1809174929 
                 41.0000000000                  37.0000000000               44051.4383314873 
                 41.0000000000                  37.5000000000               41376.3972662744 
                 41.0000000000                  38.0000000000               38898.1439837167 
                 41.0000000000                  38.5000000000               36572.5360528465 
                 41.0000000000                  39.0000000000               34318.6243018884 
                 41.0000000000                  39.5000000000               32089.6392205043 
                 41.0000000000                  40.0000000000               29613.7412989927 
                 41.0000000000                  40.5000000000               26494.8399546758 
                 41.0000000000                  41.0000000000               22627.9769513483 
                 41.0000000000                  41.5000000000               17619.9309634190 
                 41.0000000000                  42.0000000000               13114.1421310335 
                 41.0000000000                  42.5000000000               11061.7851245294 
                 41.0000000000                  43.0000000000               10687.1453875715 
                 41.0000000000                  43.5000000000               11251.7482556617 
                 41.0000000000                  44.0000000000               12275.5642140407 
                 41.0000000000                  44.5000000000               13010.8394339172 
                 41.0000000000                  45.0000000000               13158.6200573189 
                 41.0000000000                  45.5000000000               12549.5415919762 
                 41.0000000000                  46.0000000000               11099.8210052435 
                 41.0000000000                  46.5000000000                9517.5212603601 
                 41.0000000000                  47.0000000000                8245.7203507054 
                 41.0000000000                  47.5000000000                7176.7324194038 
                 41.0000000000                  48.0000000000                6306.1267726595 
                 41.0000000000                  48.5000000000                5293.1693483597 
                 41.0000000000                  49.0000000000                3886.9829520585 
                 41.0000000000                  49.5000000000                2130.2261212577 
                 41.0000000000                  50.0000000000                   0.0000000000 
                 41.5000000000                   0.0000000000                   0.0000000000 
                 41.5000000000                   0.5000000000                3426.9289590348 
                 41.5000000000                   1.0000000000                6830.5935728768 
                 41.5000000000                   1.5000000000               10206.5367384685 
                 41.5000000000                   2.0000000000               13564.2780350896 
                 41.5000000000                   2.5000000000               16885.2030102583 
                 41.5000000000                   3.0000000000               20139.0504331683 
                 41.5000000000                   3.5000000000               23331.0116776701 
                 41.5000000000                   4.0000000000               26443.3843470861 
                 41.5000000000                   4.5000000000               29553.6594375830 
                 41.5000000000                   5.0000000000               32790.1332347496 
                 41.5000000000                   5.5000000000               36135.7335050726 
                 41.5000000000                   6.0000000000               39534.9295413890 
                 41.5000000000                   6.5000000000               42917.9312731416 
                 41.5000000000                   7.0000000000               46200.4033415110 
                 41.5000000000                   7.5000000000               49371.0508750613 
                 41.5000000000                   8.0000000000               52453.2971080217 
                 41.5000000000                   8.5000000000               55463.9797068456 
                 41.5000000000                   9.0000000000               58409.5702323571 
                 41.5000000000                   9.5000000000               61297.5610585386 
                 41.5000000000                  10.0000000000               64147.9600686621 
                 41.5000000000                  10.5000000000               66987.5012418241 
                 41.5000000000                  11.0000000000               69833.1709941638 
                 41.5000000000                  11.5000000000               72665.2287217281 
                 41.5000000000                  12.0000000000               75450.2673603486 
                 41.5000000000                  12.5000000000               78162.9961110393 
                 41.5000000000                  13.0000000000               80723.0461529702 
                 41.5000000000                  13.5000000000               83098.1855470884 
                 41.5000000000                  14.0000000000               85367.0890799056 
                 41.5000000000                  14.5000000000               87610.5225678779 
                 41.5000000000                  15.0000000000               90051.3723442107 
                 41.5000000000                  15.5000000000               92855.4998342258 
                 41.5000000000                  16.0000000000               95960.8719436618 
                 41.5000000000                  16.5000000000               99297.1299752312 
                 41.5000000000                  17.0000000000              102794.7610832068 
                 41.5000000000                  17.5000000000              106347.9865500380 
                 41.5000000000                  18.0000000000              109829.8998706009 
                 41.5000000000                  18.5000000000              113106.6186400036 
                 41.5000000000                  19.0000000000              116021.3943328956 
                 41.5000000000                  19.5000000000              118453.0199137641 
                 41.5000000000                  20.0000000000              120332.4312266085 
                 41.5000000000                  20.5000000000              121596.2469296659 
                 41.5000000000                  21.0000000000              122114.9585212884 
                 41.5000000000                  21.5000000000              121699.4111556545 
                 41.5000000000                  22.0000000000              120326.9523734900 
                 41.5000000000                  22.5000000000              118000.7736839560 
                 41.5000000000                  23.0000000000              114745.8015868136 
                 41.5000000000                  23.5000000000              111480.5524142271 
                 41.5000000000                  24.0000000000              108730.8143037970 
                 41.5000000000                  24.5000000000              106155.5626521320 
                 41.5000000000                  25.0000000000              103747.4569930515 
                 41.5000000000                  25.5000000000              102010.9298890277 
                 41.5000000000                  26.0000000000              101153.8706156478 
                 41.5000000000                  26.5000000000              100783.8391638107 
                 41.5000000000                  27.0000000000              100720.1908971988 
                 41.5000000000                  27.5000000000              100647.9362134920 
                 41.5000000000                  28.0000000000              100292.8585358939 
                 41.5000000000                  28.5000000000               99656.0477433793 
                 41.5000000000                  29.0000000000               98829.0373244572 
                 41.5000000000                  29.5000000000               97649.7844750281 
                 41.5000000000                  30.0000000000               95714.6091774740 
                 41.5000000000                  30.5000000000               92883.0940305727 
                 41.5000000000                  31.0000000000               88874.6620090033 
                 41.5000000000                  31.5000000000               83812.5364099520 
                 41.5000000000                  32.0000000000               78686.4697676283 
                 41.5000000000                  32.5000000000               73819.0997381997 
                 41.5000000000                  33.0000000000               68954.2062549387 
                 41.5000000000                  33.5000000000               64167.8465706391 
                 41.5000000000                  34.0000000000               59754.7408565322 
                 41.5000000000                  34.5000000000               55859.4529415975 
                 41.5000000000                  35.0000000000               52451.2762298729 
                 41.5000000000                  35.5000000000               49518.2365842356 
                 41.5000000000                  36.0000000000               46813.7319297384 
                 41.5000000000                  36.5000000000               44207.2416726633 
                 41.5000000000                  37.0000000000               41791.7621562882 
                 41.5000000000                  37.5000000000               39573.4786032070 
                 41.5000000000                  38.0000000000               37473.9182514643 
                 41.5000000000                  38.5000000000               35370.7267297006 
                 41.5000000000                  39.0000000000               33171.8163979937 
                 41.5000000000                  39.5000000000               30862.0270643285 
                 41.5000000000                  40.0000000000               28228.8454859917 
                 41.5000000000                  40.5000000000               24953.4670691677 
                 41.5000000000                  41.0000000000               21000.6537404358 
                 41.5000000000                  41.5000000000               16016.8775931729 
                 41.5000000000                  42.0000000000               11558.2055725537 
                 41.5000000000                  42.5000000000                9509.0775972068 
                 41.5000000000                  43.0000000000                9139.5253280499 
                 41.5000000000                  43.5000000000                9729.4174211791 
                 41.5000000000                  44.0000000000               10797.4904498689 
                 41.5000000000                  44.5000000000               11567.8966572143 
                 41.5000000000                  45.0000000000               11739.3273712252 
                 41.5000000000                  45.5000000000               11063.8328564966 
                 41.5000000000                  46.0000000000                9442.7907550594 
                 41.5000000000                  46.5000000000                7896.9395888656 
                 41.5000000000                  47.0000000000                6920.2373663954 
                 41.5000000000                  47.5000000000                6229.7551337130 
                 41.5000000000                  48.0000000000                5800.9350780860 
                 41.5000000000                  48.5000000000                5157.2557604741 
                 41.5000000000                  49.0000000000                3964.9314081102 
                 41.5000000000                  49.5000000000                2275.7470833017 
                 41.5000000000                  50.0000000000                   0.0000000000 
                 42.0000000000                   0.0000000000                   0.0000000000 
                 42.0000000000                   0.5000000000                3361.2087267405 
                 42.0000000000                   1.0000000000                6673.0081664880 
                 42.0000000000                   1.5000000000                9933.1714264126 
                 42.0000000000                   2.0000000000               13146.9575155249 
                 42.0000000000                   2.5000000000               16306.5795400937 
                 42.0000000000                   3.0000000000               19402.4704318847 
                 42.0000000000                   3.5000000000               22444.7075700837 
                 42.0000000000                   4.0000000000               25421.2696451854 
                 42.0000000000                   4.5000000000               28399.4916061847 
                 42.0000000000                   5.0000000000               31483.6555026010 
                 42.0000000000                   5.5000000000               34652.1327656087 
                 42.0000000000                   6.0000000000               37847.8680158523 
                 42.0000000000                   6.5000000000               41010.7544306407 
                 42.0000000000                   7.0000000000               44083.3283748920 
                 42.0000000000                   7.5000000000               47062.5646689735 
                 42.0000000000                   8.0000000000               49968.3294888032 
                 42.0000000000                   8.5000000000               52812.2319035381 
                 42.0000000000                   9.0000000000               55596.3157731547 
                 42.0000000000                   9.5000000000               58334.3542641371 
                 42.0000000000                  10.0000000000               61054.9052269929 
                 42.0000000000                  10.5000000000               63787.4967353693 
                 42.0000000000                  11.0000000000               66520.9518251208 
                 42.0000000000                  11.5000000000               69205.4675415416 
                 42.0000000000                  12.0000000000               71798.1047883260 
                 42.0000000000                  12.5000000000               74250.4330873827 
                 42.0000000000                  13.0000000000               76500.2302350484 
                 42.0000000000                  13.5000000000               78567.9658550102 
                 42.0000000000                  14.0000000000               80558.6627841603 
                 42.0000000000                  14.5000000000               82584.1910344003 
                 42.0000000000                  15.0000000000               84835.7961090218 
                 42.0000000000                  15.5000000000               87405.9609597257 
                 42.0000000000                  16.0000000000               90215.2918792516 
                 42.0000000000                  16.5000000000               93184.3706329350 
                 42.0000000000                  17.0000000000               96222.3176719066 
                 42.0000000000                  17.5000000000               99234.5308966261 
                 42.0000000000                  18.0000000000              102131.9416766336 
                 42.0000000000                  18.5000000000              104807.9938353199 
                 42.0000000000                  19.0000000000              107139.7576702010 
                 42.0000000000                  19.5000000000              109018.2263586274 
                 42.0000000000                  20.0000000000              110348.8015770657 
                 42.0000000000                  20.5000000000              111022.0925354785 
                 42.0000000000                  21.0000000000              110860.5635060206 
                 42.0000000000                  21.5000000000              109781.6541149378 
                 42.0000000000                  22.0000000000              107948.1693104166 
                 42.0000000000                  22.5000000000              105537.9025474399 
                 42.0000000000                  23.0000000000              102886.3190535379 
                 42.0000000000                  23.5000000000              100643.4741587133 
                 42.0000000000                  24.0000000000               98849.9619118747 
                 42.0000000000                  24.5000000000               97126.3603271958 
                 42.0000000000                  25.0000000000               95406.0565610894 
                 42.0000000000                  25.5000000000               94097.0397783698 
                 42.0000000000                  26.0000000000               93448.4511509579 
                 42.0000000000                  26.5000000000               93196.8870113943 
                 42.0000000000                  27.0000000000               93214.9535591724 
                 42.0000000000                  27.5000000000               93218.3184755086 
                 42.0000000000                  28.0000000000               92927.9993541317 
                 42.0000000000                  28.5000000000               92320.3347347954 
                 42.0000000000                  29.0000000000               91441.4938648625 
                 42.0000000000                  29.5000000000               90103.9769693530 
                 42.0000000000                  30.0000000000               87978.4748985485 
                 42.0000000000                  30.5000000000               85018.0126857641 
                 42.0000000000                  31.0000000000               81078.5854266386 
                 42.0000000000                  31.5000000000               76414.0425765530 
                 42.0000000000                  32.0000000000               71856.3886784856 
                 42.0000000000                  32.5000000000               67557.5012452272 
                 42.0000000000                  33.0000000000               63250.0323412772 
                 42.0000000000                  33.5000000000               58992.2810665101 
                 42.0000000000                  34.0000000000               55080.2409378322 
                 42.0000000000                  34.5000000000               51648.6682947379 
                 42.0000000000                  35.0000000000               48647.4221678304 
                 42.0000000000                  35.5000000000               46051.5954227523 
                 42.0000000000                  36.0000000000               43681.6948912407 
                 42.0000000000                  36.5000000000               41468.4756016384 
                 42.0000000000                  37.0000000000               39497.3507132501 
                 42.0000000000                  37.5000000000               37784.5114850474 
                 42.0000000000                  38.0000000000               36140.5758784714 
                 42.0000000000                  38.5000000000               34315.3226676736 
                 42.0000000000                  39.0000000000               32205.9462985266 
                 42.0000000000                  39.5000000000               29762.7646266479 
                 42.0000000000                  40.0000000000               26869.3415400354 
                 42.0000000000                  40.5000000000               23383.1688671493 
                 42.0000000000                  41.0000000000               19325.3586875088 
                 42.0000000000                  41.5000000000               14407.5187573241 
                 42.0000000000                  42.0000000000               10086.5304122250 
                 42.0000000000                  42.5000000000                8084.8724994695 
                 42.0000000000                  43.0000000000                7706.5934318034 
                 42.0000000000                  43.5000000000                8268.3915691231 
                 42.0000000000                  44.0000000000                9289.1804085748 
                 42.0000000000                  44.5000000000               10012.5666065962 
                 42.0000000000                  45.0000000000               10162.1551333831 
                 42.0000000000                  45.5000000000                9539.0811678229 
                 42.0000000000                  46.0000000000                8124.4648836372 
                 42.0000000000                  46.5000000000                6870.1337964105 
                 42.0000000000                  47.0000000000                6170.1488708148 
                 42.0000000000                  47.5000000000                5737.7913564192 
                 42.0000000000                  48.0000000000                5530.9850299998 
                 42.0000000000                  48.5000000000                5065.3222213244 
                 42.0000000000                  49.0000000000                3992.3160044646 
                 42.0000000000                  49.5000000000                2340.5994319848 
                 42.0000000000                  50.0000000000                   0.0000000000 
                 42.5000000000                   0.0000000000                   0.0000000000 
                 42.5000000000                   0.5000000000                3306.2628569040 
                 42.5000000000                   1.0000000000                6527.8341379977 
                 42.5000000000                   1.5000000000                9665.0194246700 
                 42.5000000000                   2.0000000000               12712.0790375810 
                 42.5000000000                   2.5000000000               15682.9674912584 
                 42.5000000000                   3.0000000000               18607.3371371590 
                 42.5000000000                   3.5000000000               21499.6918119843 
                 42.5000000000                   4.0000000000               24355.0435719359 
                 42.5000000000                   4.5000000000               27222.5892611047 
                 42.5000000000                   5.0000000000               30167.5758779988 
                 42.5000000000                   5.5000000000               33162.8741531360 
                 42.5000000000                   6.0000000000               36151.6805168192 
                 42.5000000000                   6.5000000000               39084.9871154271 
                 42.5000000000                   7.0000000000               41939.0332751883 
                 42.5000000000                   7.5000000000               44722.1032779055 
                 42.5000000000                   8.0000000000               47446.6226253541 
                 42.5000000000                   8.5000000000               50119.7441042730 
                 42.5000000000                   9.0000000000               52744.9098903657 
                 42.5000000000                   9.5000000000               55340.0001901557 
                 42.5000000000                  10.0000000000               57937.3349700927 
                 42.5000000000                  10.5000000000               60567.4074681918 
                 42.5000000000                  11.0000000000               63184.7493346225 
                 42.5000000000                  11.5000000000               65707.7703100217 
                 42.5000000000                  12.0000000000               68085.3097885426 
                 42.5000000000                  12.5000000000               70241.8597896962 
                 42.5000000000                  13.0000000000               72161.8246327096 
                 42.5000000000                  13.5000000000               73943.4639997733 
                 42.5000000000                  14.0000000000               75708.6424306143 
                 42.5000000000                  14.5000000000               77588.3672360224 
                 42.5000000000                  15.0000000000               79710.6598231636 
                 42.5000000000                  15.5000000000               82081.6493779493 
                 42.5000000000                  16.0000000000               84618.3254459229 
                 42.5000000000                  16.5000000000               87240.6030519208 
                 42.5000000000                  17.0000000000               89858.3902069128 
                 42.5000000000                  17.5000000000               92395.6314639194 
                 42.5000000000                  18.0000000000               94784.6722163342 
                 42.5000000000                  18.5000000000               96938.4460717846 
                 42.5000000000                  19.0000000000               98758.3823936883 
                 42.5000000000                  19.5000000000              100149.4626029475 
                 42.5000000000                  20.0000000000              101013.4900207591 
                 42.5000000000                  20.5000000000              101208.1728691072 
                 42.5000000000                  21.0000000000              100574.4949581108 
                 42.5000000000                  21.5000000000               99228.6302581762 
                 42.5000000000                  22.0000000000               97477.1845354343 
                 42.5000000000                  22.5000000000               95561.5868827591 
                 42.5000000000                  23.0000000000               93804.0944238992 
                 42.5000000000                  23.5000000000               92392.2761464235 
                 42.5000000000                  24.0000000000               91158.5891398534 
                 42.5000000000                  24.5000000000               89880.3059209057 
                 42.5000000000                  25.0000000000               88461.4657509554 
                 42.5000000000                  25.5000000000               87290.3837468975 
                 42.5000000000                  26.0000000000               86662.4957108238 
                 42.5000000000                  26.5000000000               86385.5993661074 
                 42.5000000000                  27.0000000000               86368.5687394959 
                 42.5000000000                  27.5000000000               86338.0007950369 
                 42.5000000000                  28.0000000000               85999.2218916077 
                 42.5000000000                  28.5000000000               85309.0678178612 
                 42.5000000000                  29.0000000000               84261.9402626511 
                 42.5000000000                  29.5000000000               82690.5238323317 
                 42.5000000000                  30.0000000000               80402.6927253059 
                 42.5000000000                  30.5000000000               77435.5376174783 
                 42.5000000000                  31.0000000000               73795.6720523599 
                 42.5000000000                  31.5000000000               69754.0943865110 
                 42.5000000000                  32.0000000000               65824.9787594478 
                 42.5000000000                  32.5000000000               62044.4924500477 
                 42.5000000000                  33.0000000000               58211.1993113597 
                 42.5000000000                  33.5000000000               54374.2128662596 
                 42.5000000000                  34.0000000000               50837.1303478938 
                 42.5000000000                  34.5000000000               47741.7914059269 
                 42.5000000000                  35.0000000000               45027.7874400486 
                 42.5000000000                  35.5000000000               42661.3647658439 
                 42.5000000000                  36.0000000000               40560.2126332262 
                 42.5000000000                  36.5000000000               38718.4114433401 
                 42.5000000000                  37.0000000000               37192.5639104900 
                 42.5000000000                  37.5000000000               36012.1218643039 
                 42.5000000000                  38.0000000000               34861.9323932231 
                 42.5000000000                  38.5000000000               33347.8703137102 
                 42.5000000000                  39.0000000000               31344.2503333597 
                 42.5000000000                  39.5000000000               28683.1779000300 
                 42.5000000000                  40.0000000000               25396.1865664652 
                 42.5000000000                  40.5000000000               21647.7881259800 
                 42.5000000000                  41.0000000000               17503.8751487384 
                 42.5000000000                  41.5000000000               12739.8852092209 
                 42.5000000000                  42.0000000000                8670.0704913390 
                 42.5000000000                  42.5000000000                6770.1140951942 
                 42.5000000000                  43.0000000000                6380.8151793895 
                 42.5000000000                  43.5000000000                6875.8221454938 
                 42.5000000000                  44.0000000000                7792.3666912515 
                 42.5000000000                  44.5000000000                8443.4555129841 
                 42.5000000000                  45.0000000000                8598.2934898311 
                 42.5000000000                  45.5000000000                8189.1922177644 
                 42.5000000000                  46.0000000000                7270.6627523367 
                 42.5000000000                  46.5000000000                6438.0840520360 
                 42.5000000000                  47.0000000000                5945.6567661892 
                 42.5000000000                  47.5000000000                5644.5112316852 
                 42.5000000000                  48.0000000000                5478.7134574222 
                 42.5000000000                  48.5000000000                5036.1917903192 
                 42.5000000000                  49.0000000000                3994.7528988350 
                 42.5000000000                  49.5000000000                2343.5949714842 
                 42.5000000000                  50.0000000000                   0.0000000000 
                 43.0000000000                   0.0000000000                   0.0000000000 
                 43.0000000000                   0.5000000000                3244.4731695882 
                 43.0000000000                   1.0000000000                6369.3924913470 
                 43.0000000000                   1.5000000000                9374.2313858934 
                 43.0000000000                   2.0000000000               12237.9904610780 
                 43.0000000000                   2.5000000000               15001.8383864211 
                 43.0000000000                   3.0000000000               17746.0710986460 
                 43.0000000000                   3.5000000000               20491.4452968785 
                 43.0000000000                   4.0000000000               23238.2346090283 
                 43.0000000000                   4.5000000000               26012.1868992367 
                 43.0000000000                   5.0000000000               28831.6564379340 
                 43.0000000000                   5.5000000000               31660.5056446778 
                 43.0000000000                   6.0000000000               34438.4570378277 
                 43.0000000000                   6.5000000000               37127.8779020311 
                 43.0000000000                   7.0000000000               39749.9982729802 
                 43.0000000000                   7.5000000000               42328.8832181789 
                 43.0000000000                   8.0000000000               44866.3097675265 
                 43.0000000000                   8.5000000000               47366.1765661633 
                 43.0000000000                   9.0000000000               49834.6504167950 
                 43.0000000000                   9.5000000000               52290.8020135795 
                 43.0000000000                  10.0000000000               54766.0137316080 
                 43.0000000000                  10.5000000000               57288.6651804976 
                 43.0000000000                  11.0000000000               59776.3043127258 
                 43.0000000000                  11.5000000000               62116.5288755355 
                 43.0000000000                  12.0000000000               64254.4294607502 
                 43.0000000000                  12.5000000000               66088.1072680657 
                 43.0000000000                  13.0000000000               67674.8561015777 
                 43.0000000000                  13.5000000000               69209.9821203750 
                 43.0000000000                  14.0000000000               70813.1233872121 
                 43.0000000000                  14.5000000000               72608.9046872167 
                 43.0000000000                  15.0000000000               74646.5322807909 
                 43.0000000000                  15.5000000000               76849.2897389567 
                 43.0000000000                  16.0000000000               79138.0835099121 
                 43.0000000000                  16.5000000000               81440.5563910338 
                 43.0000000000                  17.0000000000               83681.2942820045 
                 43.0000000000                  17.5000000000               85809.0675365411 
                 43.0000000000                  18.0000000000               87771.2068658287 
                 43.0000000000                  18.5000000000               89492.5256716499 
                 43.0000000000                  19.0000000000               90892.0028157336 
                 43.0000000000                  19.5000000000               91893.8444598079 
                 43.0000000000                  20.0000000000               92415.9691851438 
                 43.0000000000                  20.5000000000               92309.4610738326 
                 43.0000000000                  21.0000000000               91473.4160329756 
                 43.0000000000                  21.5000000000               90212.0525813177 
                 43.0000000000                  22.0000000000               88882.5944701159 
                 43.0000000000                  22.5000000000               87644.0446417906 
                 43.0000000000                  23.0000000000               86680.9974868842 
                 43.0000000000                  23.5000000000               85886.7419132748 
                 43.0000000000                  24.0000000000               85016.3800912801 
                 43.0000000000                  24.5000000000               83955.0216610168 
                 43.0000000000                  25.0000000000               82616.5197901657 
                 43.0000000000                  25.5000000000               81401.5434666232 
                 43.0000000000                  26.0000000000               80654.2833778582 
                 43.0000000000                  26.5000000000               80233.0151929374 
                 43.0000000000                  27.0000000000               80073.5381159160 
                 43.0000000000                  27.5000000000               79904.7817652384 
                 43.0000000000                  28.0000000000               79415.3376560304 
                 43.0000000000                  28.5000000000               78551.9326522694 
                 43.0000000000                  29.0000000000               77270.2676019299 
                 43.0000000000                  29.5000000000               75459.6435547231 
                 43.0000000000                  30.0000000000               73092.5753651163 
                 43.0000000000                  30.5000000000               70275.3125157497 
                 43.0000000000                  31.0000000000               67093.4139799846 
                 43.0000000000                  31.5000000000               63744.0002133987 
                 43.0000000000                  32.0000000000               60440.9995487190 
                 43.0000000000                  32.5000000000               57139.9929146769 
                 43.0000000000                  33.0000000000               53701.0377548291 
                 43.0000000000                  33.5000000000               50180.7862315788 
                 43.0000000000                  34.0000000000               46907.6767477398 
                 43.0000000000                  34.5000000000               44048.1320824756 
                 43.0000000000                  35.0000000000               41541.1450642269 
                 43.0000000000                  35.5000000000               39351.0827700801 
                 43.0000000000                  36.0000000000               37491.0021636960 
                 43.0000000000                  36.5000000000               36004.7855028751 
                 43.0000000000                  37.0000000000               34906.6462598537 
                 43.0000000000                  37.5000000000               34224.6972167745 
                 43.0000000000                  38.0000000000               33544.6261920121 
                 43.0000000000                  38.5000000000               32353.4182111187 
                 43.0000000000                  39.0000000000               30480.8704223850 
                 43.0000000000                  39.5000000000               27567.0760040416 
                 43.0000000000                  40.0000000000               23816.4475972216 
                 43.0000000000                  40.5000000000               19807.7728906299 
                 43.0000000000                  41.0000000000               15647.4225120075 
                 43.0000000000                  41.5000000000               11130.2007658797 
                 43.0000000000                  42.0000000000                7381.1544880362 
                 43.0000000000                  42.5000000000                5608.4193152567 
                 43.0000000000                  43.0000000000                5201.0494927967 
                 43.0000000000                  43.5000000000                5604.1093666792 
                 43.0000000000                  44.0000000000                6397.6702991207 
                 43.0000000000                  44.5000000000                6987.4004048532 
                 43.0000000000                  45.0000000000                7203.6780712799 
                 43.0000000000                  45.5000000000                7077.9040747964 
                 43.0000000000                  46.0000000000                6672.7412219950 
                 43.0000000000                  46.5000000000                6271.4710820671 
                 43.0000000000                  47.0000000000                5998.1513578541 
                 43.0000000000                  47.5000000000                5795.6410779862 
                 43.0000000000                  48.0000000000                5609.5484837758 
                 43.0000000000                  48.5000000000                5122.3052562545 
                 43.0000000000                  49.0000000000                4058.1787633923 
                 43.0000000000                  49.5000000000                2369.1819692499 
                 43.0000000000                  50.0000000000                   0.0000000000 
                 43.5000000000                   0.0000000000                   0.0000000000 
                 43.5000000000                   0.5000000000                3163.1498418656 
                 43.5000000000                   1.0000000000                6175.3041085717 
                 43.5000000000                   1.5000000000                9033.9698012457 
                 43.5000000000                   2.0000000000               11698.8260597582 
                 43.5000000000                   2.5000000000               14241.2833063098 
                 43.5000000000                   3.0000000000               16798.8986561106 
                 43.5000000000                   3.5000000000               19397.9689964050 
                 43.5000000000                   4.0000000000               22043.7173528518 
                 43.5000000000                   4.5000000000               24737.1462230024 
                 43.5000000000                   5.0000000000               27442.9029282611 
                 43.5000000000                   5.5000000000               30110.9391536589 
                 43.5000000000                   6.0000000000               32673.2648161568 
                 43.5000000000                   6.5000000000               35106.5436612955 
                 43.5000000000                   7.0000000000               37490.9469054640 
                 43.5000000000                   7.5000000000               39868.5420526188 
                 43.5000000000                   8.0000000000               42225.6890329928 
                 43.5000000000                   8.5000000000               44562.6606278650 
                 43.5000000000                   9.0000000000               46887.3226625005 
                 43.5000000000                   9.5000000000               49215.8908955293 
                 43.5000000000                  10.0000000000               51573.0309321905 
                 43.5000000000                  10.5000000000               53978.2063059796 
                 43.5000000000                  11.0000000000               56309.7090012582 
                 43.5000000000                  11.5000000000               58432.9689794802 
                 43.5000000000                  12.0000000000               60299.7316964205 
                 43.5000000000                  12.5000000000               61791.8777873613 
                 43.5000000000                  13.0000000000               63070.7130547873 
                 43.5000000000                  13.5000000000               64426.8668367505 
                 43.5000000000                  14.0000000000               65939.7681834214 
                 43.5000000000                  14.5000000000               67704.1122876287 
                 43.5000000000                  15.0000000000               69686.6291489698 
                 43.5000000000                  15.5000000000               71742.8050439195 
                 43.5000000000                  16.0000000000               73805.5069950771 
                 43.5000000000                  16.5000000000               75813.1306071514 
                 43.5000000000                  17.0000000000               77709.6752606005 
                 43.5000000000                  17.5000000000               79472.9819909688 
                 43.5000000000                  18.0000000000               81064.4040851370 
                 43.5000000000                  18.5000000000               82415.4060392694 
                 43.5000000000                  19.0000000000               83458.3168837189 
                 43.5000000000                  19.5000000000               84143.5719501341 
                 43.5000000000                  20.0000000000               84423.6548773640 
                 43.5000000000                  20.5000000000               84171.8466616745 
                 43.5000000000                  21.0000000000               83376.2857981946 
                 43.5000000000                  21.5000000000               82452.1274006698 
                 43.5000000000                  22.0000000000               81685.8989777667 
                 43.5000000000                  22.5000000000               81107.2822906343 
                 43.5000000000                  23.0000000000               80798.7548128652 
                 43.5000000000                  23.5000000000               80495.8507113364 
                 43.5000000000                  24.0000000000               79913.1276795055 
                 43.5000000000                  24.5000000000               78988.3605418590 
                 43.5000000000                  25.0000000000               77634.7282587397 
                 43.5000000000                  25.5000000000               76274.2018314849 
                 43.5000000000                  26.0000000000               75314.9449160128 
                 43.5000000000                  26.5000000000               74663.0757054449 
                 43.5000000000                  27.0000000000               74273.6960788205 
                 43.5000000000                  27.5000000000               73873.0558913032 
                 43.5000000000                  28.0000000000               73139.3304059085 
                 43.5000000000                  28.5000000000               72026.5937969715 
                 43.5000000000                  29.0000000000               70469.3033020606 
                 43.5000000000                  29.5000000000               68441.5208363746 
                 43.5000000000                  30.0000000000               66082.0117847495 
                 43.5000000000                  30.5000000000               63525.4050879088 
                 43.5000000000                  31.0000000000               60872.5842637818 
                 43.5000000000                  31.5000000000               58227.0704877250 
                 43.5000000000                  32.0000000000               55548.2540017747 
                 43.5000000000                  32.5000000000               52711.3090380103 
                 43.5000000000                  33.0000000000               49610.2306177965 
                 43.5000000000                  33.5000000000               46309.4112856871 
                 43.5000000000                  34.0000000000               43192.9265497225 
                 43.5000000000                  34.5000000000               40487.3157560852 
                 43.5000000000                  35.0000000000               38140.8569310248 
                 43.5000000000                  35.5000000000               36117.9503885634 
                 43.5000000000                  36.0000000000               34505.4043030324 
                 43.5000000000                  36.5000000000               33364.8698564015 
                 43.5000000000                  37.0000000000               32656.4637321581 
                 43.5000000000                  37.5000000000               32402.0232337172 
                 43.5000000000                  38.0000000000               32121.5023619809 
                 43.5000000000                  38.5000000000               31221.3219764446 
                 43.5000000000                  39.0000000000               29499.6042438133 
                 43.5000000000                  39.5000000000               26341.9447630577 
                 43.5000000000                  40.0000000000               22137.4006061561 
                 43.5000000000                  40.5000000000               17953.0250928710 
                 43.5000000000                  41.0000000000               13892.9968194778 
                 43.5000000000                  41.5000000000                9718.4802935364 
                 43.5000000000                  42.0000000000                6332.8322492861 
                 43.5000000000                  42.5000000000                4683.8111352435 
                 43.5000000000                  43.0000000000                4235.2835864352 
                 43.5000000000                  43.5000000000                4517.8555582876 
                 43.5000000000                  44.0000000000                5169.2332751544 
                 43.5000000000                  44.5000000000                5699.0561986975 
                 43.5000000000                  45.0000000000                5993.3780524092 
                 43.5000000000                  45.5000000000                6136.3837082374 
                 43.5000000000                  46.0000000000                6178.1230189038 
                 43.5000000000                  46.5000000000                6175.0094888776 
                 43.5000000000                  47.0000000000                6144.4167490079 
                 43.5000000000                  47.5000000000                6073.4689571081 
                 43.5000000000                  48.0000000000                5891.6657420290 
                 43.5000000000                  48.5000000000                5365.3077424005 
                 43.5000000000                  49.0000000000                4262.1414564486 
                 43.5000000000                  49.5000000000                2483.6280161950 
                 43.5000000000                  50.0000000000                   0.0000000000 
                 44.0000000000                   0.0000000000                   0.0000000000 
                 44.0000000000                   0.5000000000                3044.9531360684 
                 44.0000000000                   1.0000000000                5917.8692767735 
                 44.0000000000                   1.5000000000                8609.7378269157 
                 44.0000000000                   2.0000000000               11066.6480003768 
                 44.0000000000                   2.5000000000               13391.2609872734 
                 44.0000000000                   3.0000000000               15769.9562021706 
                 44.0000000000                   3.5000000000               18232.4718919902 
                 44.0000000000                   4.0000000000               20791.7873102236 
                 44.0000000000                   4.5000000000               23420.8944562295 
                 44.0000000000                   5.0000000000               26022.7877577733 
                 44.0000000000                   5.5000000000               28532.9573347747 
                 44.0000000000                   6.0000000000               30876.7933513087 
                 44.0000000000                   6.5000000000               33047.9235447680 
                 44.0000000000                   7.0000000000               35191.3676709328 
                 44.0000000000                   7.5000000000               37368.6904551091 
                 44.0000000000                   8.0000000000               39549.9523905314 
                 44.0000000000                   8.5000000000               41731.6079166938 
                 44.0000000000                   9.0000000000               43919.9045845019 
                 44.0000000000                   9.5000000000               46123.2680891800 
                 44.0000000000                  10.0000000000               48354.0675423887 
                 44.0000000000                  10.5000000000               50611.7423862832 
                 44.0000000000                  11.0000000000               52743.7294719061 
                 44.0000000000                  11.5000000000               54611.2105947164 
                 44.0000000000                  12.0000000000               56178.3583335988 
                 44.0000000000                  12.5000000000               57343.9700080621 
                 44.0000000000                  13.0000000000               58378.4063797813 
                 44.0000000000                  13.5000000000               59625.2375155429 
                 44.0000000000                  14.0000000000               61102.0398075395 
                 44.0000000000                  14.5000000000               62859.5080731109 
                 44.0000000000                  15.0000000000               64792.1335814355 
                 44.0000000000                  15.5000000000               66712.0322414548 
                 44.0000000000                  16.0000000000               68565.6888201700 
                 44.0000000000                  16.5000000000               70301.3349783795 
                 44.0000000000                  17.0000000000               71885.5475938793 
                 44.0000000000                  17.5000000000               73327.9637949631 
                 44.0000000000                  18.0000000000               74605.2368037324 
                 44.0000000000                  18.5000000000               75651.6175226390 
                 44.0000000000                  19.0000000000               76408.3310777897 
                 44.0000000000                  19.5000000000               76863.9143093137 
                 44.0000000000                  20.0000000000               77013.3386625763 
                 44.0000000000                  20.5000000000               76779.9574126830 
                 44.0000000000                  21.0000000000               76252.0585327247 
                 44.0000000000                  21.5000000000               75813.8766390388 
                 44.0000000000                  22.0000000000               75605.9812817429 
                 44.0000000000                  22.5000000000               75582.1362228821 
                 44.0000000000                  23.0000000000               75763.7163462092 
                 44.0000000000                  23.5000000000               75823.2331757380 
                 44.0000000000                  24.0000000000               75461.1640589780 
                 44.0000000000                  24.5000000000               74620.6842712296 
                 44.0000000000                  25.0000000000               73172.8656438452 
                 44.0000000000                  25.5000000000               71576.2456255767 
                 44.0000000000                  26.0000000000               70337.7356184551 
                 44.0000000000                  26.5000000000               69395.4135327750 
                 44.0000000000                  27.0000000000               68705.1758517693 
                 44.0000000000                  27.5000000000               67990.0087045762 
                 44.0000000000                  28.0000000000               66941.7624053438 
                 44.0000000000                  28.5000000000               65538.2618959644 
                 44.0000000000                  29.0000000000               63722.9343285160 
                 44.0000000000                  29.5000000000               61569.6022860434 
                 44.0000000000                  30.0000000000               59334.4936745450 
                 44.0000000000                  30.5000000000               57134.9611686343 
                 44.0000000000                  31.0000000000               55055.6813281121 
                 44.0000000000                  31.5000000000               53107.4345274815 
                 44.0000000000                  32.0000000000               51038.8180429580 
                 44.0000000000                  32.5000000000               48649.9503422463 
                 44.0000000000                  33.0000000000               45823.9497029995 
                 44.0000000000                  33.5000000000               42611.8862985248 
                 44.0000000000                  34.0000000000               39545.7744881639 
                 44.0000000000                  34.5000000000               36959.7506272231 
                 44.0000000000                  35.0000000000               34783.0769486822 
                 44.0000000000                  35.5000000000               32988.3012925265 
                 44.0000000000                  36.0000000000               31666.1394508110 
                 44.0000000000                  36.5000000000               30849.6619660572 
                 44.0000000000                  37.0000000000               30470.1738162430 
                 44.0000000000                  37.5000000000               30534.2160202027 
                 44.0000000000                  38.0000000000               30532.3127794578 
                 44.0000000000                  38.5000000000               29839.4649015972 
                 44.0000000000                  39.0000000000               28226.9187572277 
                 44.0000000000                  39.5000000000               24927.4398532392 
                 44.0000000000                  40.0000000000               20479.1420893216 
                 44.0000000000                  40.5000000000               16282.5941861406 
                 44.0000000000                  41.0000000000               12436.7645795571 
                 44.0000000000                  41.5000000000                8683.4555546566 
                 44.0000000000                  42.0000000000                5667.4951709870 
                 44.0000000000                  42.5000000000                4088.3755433864 
                 44.0000000000                  43.0000000000                3541.4798061363 
                 44.0000000000                  43.5000000000                3649.1690960055 
                 44.0000000000                  44.0000000000                4115.6900771378 
                 44.0000000000                  44.5000000000                4567.4294248279 
                 44.0000000000                  45.0000000000                4932.7980403407 
                 44.0000000000                  45.5000000000                5299.8651818554 
                 44.0000000000                  46.0000000000                5686.3312622097 
                 44.0000000000                  46.5000000000                6013.9676195001 
                 44.0000000000                  47.0000000000                6233.5271672786 
                 44.0000000000                  47.5000000000                6350.2330521424 
                 44.0000000000                  48.0000000000                6291.2462526034 
                 44.0000000000                  48.5000000000                5831.0246414403 
                 44.0000000000                  49.0000000000                4722.9746585124 
                 44.0000000000                  49.5000000000                2812.2599189589 
                 44.0000000000                  50.0000000000                   0.0000000000 
                 44.5000000000                   0.0000000000                   0.0000000000 
                 44.5000000000                   0.5000000000                2885.5564093633 
                 44.5000000000                   1.0000000000                5591.8822747556 
                 44.5000000000                   1.5000000000                8102.2565511765 
                 44.5000000000                   2.0000000000               10359.2577139806 
                 44.5000000000                   2.5000000000               12493.3686132669 
                 44.5000000000                   3.0000000000               14722.1849385846 
                 44.5000000000                   3.5000000000               17074.2538040136 
                 44.5000000000                   4.0000000000               19568.8386857530 
                 44.5000000000                   4.5000000000               22147.1575121351 
                 44.5000000000                   5.0000000000               24652.0218858968 
                 44.5000000000                   5.5000000000               27009.0332856595 
                 44.5000000000                   6.0000000000               29138.5102091633 
                 44.5000000000                   6.5000000000               31045.6937759876 
                 44.5000000000                   7.0000000000               32937.0106701733 
                 44.5000000000                   7.5000000000               34898.6715150639 
                 44.5000000000                   8.0000000000               36887.6626251119 
                 44.5000000000                   8.5000000000               38895.9116703587 
                 44.5000000000                   9.0000000000               40924.7423275915 
                 44.5000000000                   9.5000000000               42972.8578341411 
                 44.5000000000                  10.0000000000               45037.4892443202 
                 44.5000000000                  10.5000000000               47099.4802206045 
                 44.5000000000                  11.0000000000               48996.9954942450 
                 44.5000000000                  11.5000000000               50599.1738024052 
                 44.5000000000                  12.0000000000               51883.9517868811 
                 44.5000000000                  12.5000000000               52780.9961463141 
                 44.5000000000                  13.0000000000               53628.0847395585 
                 44.5000000000                  13.5000000000               54786.5840245309 
                 44.5000000000                  14.0000000000               56226.8866213007 
                 44.5000000000                  14.5000000000               57959.7715757212 
                 44.5000000000                  15.0000000000               59831.4990930583 
                 44.5000000000                  15.5000000000               61623.9302704410 
                 44.5000000000                  16.0000000000               63287.9741020967 
                 44.5000000000                  16.5000000000               64780.1301542323 
                 44.5000000000                  17.0000000000               66090.6329561922 
                 44.5000000000                  17.5000000000               67265.0140334413 
                 44.5000000000                  18.0000000000               68301.1674869177 
                 44.5000000000                  18.5000000000               69137.3716102874 
                 44.5000000000                  19.0000000000               69731.5554576750 
                 44.5000000000                  19.5000000000               70114.7298098227 
                 44.5000000000                  20.0000000000               70302.7106485828 
                 44.5000000000                  20.5000000000               70257.9378357902 
                 44.5000000000                  21.0000000000               70090.3429116744 
                 44.5000000000                  21.5000000000               70059.8157912918 
                 44.5000000000                  22.0000000000               70225.3373831578 
                 44.5000000000                  22.5000000000               70547.7922875410 
                 44.5000000000                  23.0000000000               71025.4246844923 
                 44.5000000000                  23.5000000000               71311.6572983867 
                 44.5000000000                  24.0000000000               71084.5028949452 
                 44.5000000000                  24.5000000000               70255.9126530407 
                 44.5000000000                  25.0000000000               68610.3912168450 
                 44.5000000000                  25.5000000000               66675.3442084549 
                 44.5000000000                  26.0000000000               65099.5681919701 
                 44.5000000000                  26.5000000000               63824.3142030803 
                 44.5000000000                  27.0000000000               62787.2307658911 
                 44.5000000000                  27.5000000000               61723.4994900779 
                 44.5000000000                  28.0000000000               60373.2585997617 
                 44.5000000000                  28.5000000000               58746.8820616967 
                 44.5000000000                  29.0000000000               56811.6466037094 
                 44.5000000000                  29.5000000000               54708.7139382731 
                 44.5000000000                  30.0000000000               52741.5208218466 
                 44.5000000000                  30.5000000000               50987.1076643582 
                 44.5000000000                  31.0000000000               49502.7273317471 
                 44.5000000000                  31.5000000000               48218.1102626480 
                 44.5000000000                  32.0000000000               46717.7763161360 
                 44.5000000000                  32.5000000000               44745.9325199668 
                 44.5000000000                  33.0000000000               42137.2764046951 
                 44.5000000000                  33.5000000000               38926.0641828938 
                 44.5000000000                  34.0000000000               35891.2294579759 
                 44.5000000000                  34.5000000000               33481.8344135408 
                 44.5000000000                  35.0000000000               31549.4071093145 
                 44.5000000000                  35.5000000000               30060.9034523945 
                 44.5000000000                  36.0000000000               29046.2887945455 
                 44.5000000000                  36.5000000000               28500.8711750244 
                 44.5000000000                  37.0000000000               28368.2047336071 
                 44.5000000000                  37.5000000000               28641.0041253103 
                 44.5000000000                  38.0000000000               28809.0811434489 
                 44.5000000000                  38.5000000000               28247.1603644105 
                 44.5000000000                  39.0000000000               26703.7645894566 
                 44.5000000000                  39.5000000000               23416.6933850841 
                 44.5000000000                  40.0000000000               18993.5009443808 
                 44.5000000000                  40.5000000000               14926.3532453513 
                 44.5000000000                  41.0000000000               11347.5989027563 
                 44.5000000000                  41.5000000000                8035.5647965732 
                 44.5000000000                  42.0000000000                5372.8367827605 
                 44.5000000000                  42.5000000000                3810.6767610435 
                 44.5000000000                  43.0000000000                3099.6605426951 
                 44.5000000000                  43.5000000000                2953.6613934997 
                 44.5000000000                  44.0000000000                3160.6825308846 
                 44.5000000000                  44.5000000000                3499.3179647458 
                 44.5000000000                  45.0000000000                3926.1840695013 
                 44.5000000000                  45.5000000000                4487.9275964124 
                 44.5000000000                  46.0000000000                5155.6200821253 
                 44.5000000000                  46.5000000000                5768.1554621065 
                 44.5000000000                  47.0000000000                6236.3578566909 
                 44.5000000000                  47.5000000000                6581.9308346305 
                 44.5000000000                  48.0000000000                6761.9398785991 
                 44.5000000000                  48.5000000000                6496.2425429340 
                 44.5000000000                  49.0000000000                5458.3627237707 
                 44.5000000000                  49.5000000000                3409.9814873604 
                 44.5000000000                  50.0000000000                   0.0000000000 
                 45.0000000000                   0.0000000000                   0.0000000000 
                 45.0000000000                   0.5000000000                2699.4312101701 
                 45.0000000000                   1.0000000000                5222.6361457443 
                 45.0000000000                   1.5000000000                7550.2504319746 
                 45.0000000000                   2.0000000000                9624.7873905145 
                 45.0000000000                   2.5000000000               11598.3222961597 
                 45.0000000000                   3.0000000000               13706.1161376707 
                 45.0000000000                   3.5000000000               15967.6697964451 
                 45.0000000000                   4.0000000000               18402.8301527685 
                 45.0000000000                   4.5000000000               20924.4190079141 
                 45.0000000000                   5.0000000000               23326.4987491506 
                 45.0000000000                   5.5000000000               25528.6336707329 
                 45.0000000000                   6.0000000000               27444.6558947448 
                 45.0000000000                   6.5000000000               29083.7450293916 
                 45.0000000000                   7.0000000000               30710.6636141239 
                 45.0000000000                   7.5000000000               32440.1948451967 
                 45.0000000000                   8.0000000000               34217.3690809779 
                 45.0000000000                   8.5000000000               36028.9773189551 
                 45.0000000000                   9.0000000000               37869.5696463086 
                 45.0000000000                   9.5000000000               39726.9534986902 
                 45.0000000000                  10.0000000000               41582.1802465796 
                 45.0000000000                  10.5000000000               43404.7588392664 
                 45.0000000000                  11.0000000000               45040.2295630091 
                 45.0000000000                  11.5000000000               46375.9342266910 
                 45.0000000000                  12.0000000000               47409.5716835553 
                 45.0000000000                  12.5000000000               48093.2520951621 
                 45.0000000000                  13.0000000000               48798.0339121630 
                 45.0000000000                  13.5000000000               49887.3649106819 
                 45.0000000000                  14.0000000000               51290.4613591810 
                 45.0000000000                  14.5000000000               52987.1384064959 
                 45.0000000000                  15.0000000000               54790.8855590104 
                 45.0000000000                  15.5000000000               56458.6485084921 
                 45.0000000000                  16.0000000000               57944.1068536888 
                 45.0000000000                  16.5000000000               59212.2838439321 
                 45.0000000000                  17.0000000000               60279.9840250998 
                 45.0000000000                  17.5000000000               61235.6993783775 
                 45.0000000000                  18.0000000000               62106.5591567820 
                 45.0000000000                  18.5000000000               62843.1723381841 
                 45.0000000000                  19.0000000000               63422.0782941060 
                 45.0000000000                  19.5000000000               63899.5119742429 
                 45.0000000000                  20.0000000000               64280.5368752647 
                 45.0000000000                  20.5000000000               64520.1495434068 
                 45.0000000000                  21.0000000000               64688.4850785250 
                 45.0000000000                  21.5000000000               64933.7755372356 
                 45.0000000000                  22.0000000000               65295.2747280755 
                 45.0000000000                  22.5000000000               65774.8617170588 
                 45.0000000000                  23.0000000000               66377.0651723207 
                 45.0000000000                  23.5000000000               66746.3005484686 
                 45.0000000000                  24.0000000000               66533.3084627794 
                 45.0000000000                  24.5000000000               65612.1342037423 
                 45.0000000000                  25.0000000000               63649.0825903288 
                 45.0000000000                  25.5000000000               61261.6281547862 
                 45.0000000000                  26.0000000000               59282.4873863063 
                 45.0000000000                  26.5000000000               57637.3841844520 
                 45.0000000000                  27.0000000000               56226.7439737658 
                 45.0000000000                  27.5000000000               54818.5348106190 
                 45.0000000000                  28.0000000000               53234.4046739647 
                 45.0000000000                  28.5000000000               51524.3029593183 
                 45.0000000000                  29.0000000000               49668.0399163063 
                 45.0000000000                  29.5000000000               47822.1737960813 
                 45.0000000000                  30.0000000000               46282.1388583907 
                 45.0000000000                  30.5000000000               45060.3394903010 
                 45.0000000000                  31.0000000000               44170.0909925218 
                 45.0000000000                  31.5000000000               43482.5393899920 
                 45.0000000000                  32.0000000000               42479.5573205300 
                 45.0000000000                  32.5000000000               40882.1569015021 
                 45.0000000000                  33.0000000000               38473.3792699441 
                 45.0000000000                  33.5000000000               35273.6913223665 
                 45.0000000000                  34.0000000000               32328.0813094727 
                 45.0000000000                  34.5000000000               30176.8763656660 
                 45.0000000000                  35.0000000000               28548.4910314133 
                 45.0000000000                  35.5000000000               27382.2108022646 
                 45.0000000000                  36.0000000000               26644.8948049533 
                 45.0000000000                  36.5000000000               26311.4385987944 
                 45.0000000000                  37.0000000000               26351.3401299280 
                 45.0000000000                  37.5000000000               26757.5120635146 
                 45.0000000000                  38.0000000000               27030.0227998357 
                 45.0000000000                  38.5000000000               26553.1258734091 
                 45.0000000000                  39.0000000000               25077.1359855077 
                 45.0000000000                  39.5000000000               21882.9369507822 
                 45.0000000000                  40.0000000000               17604.3419848714 
                 45.0000000000                  40.5000000000               13742.2070333346 
                 45.0000000000                  41.0000000000               10457.0806060440 
                 45.0000000000                  41.5000000000                7581.1822730812 
                 45.0000000000                  42.0000000000                5276.5487198565 
                 45.0000000000                  42.5000000000                3742.6173685154 
                 45.0000000000                  43.0000000000                2845.4744885490 
                 45.0000000000                  43.5000000000                2380.6114572102 
                 45.0000000000                  44.0000000000                2251.5307526941 
                 45.0000000000                  44.5000000000                2450.2385708595 
                 45.0000000000                  45.0000000000                2946.3787631481 
                 45.0000000000                  45.5000000000                3703.7186242436 
                 45.0000000000                  46.0000000000                4639.0114359599 
                 45.0000000000                  46.5000000000                5519.5799564316 
                 45.0000000000                  47.0000000000                6228.6331604016 
                 45.0000000000                  47.5000000000                6809.9414113693 
                 45.0000000000                  48.0000000000                7256.7962729680 
                 45.0000000000                  48.5000000000                7240.0377918832 
                 45.0000000000                  49.0000000000                6347.5153279600 
                 45.0000000000                  49.5000000000                4206.9948584282 
                 45.0000000000                  50.0000000000                   0.0000000000 
                 45.5000000000                   0.0000000000                   0.0000000000 
                 45.5000000000                   0.5000000000                2497.8763773622 
                 45.5000000000                   1.0000000000                4831.9301038487 
                 45.5000000000                   1.5000000000                6984.7183453317 
                 45.5000000000                   2.0000000000                8900.8444915713 
                 45.5000000000                   2.5000000000               10745.1566330055 
                 45.5000000000                   3.0000000000               12754.7275064104 
                 45.5000000000                   3.5000000000               14931.8227843055 
                 45.5000000000                   4.0000000000               17294.7426893193 
                 45.5000000000                   4.5000000000               19733.8581174982 
                 45.5000000000                   5.0000000000               22006.6863440532 
                 45.5000000000                   5.5000000000               24032.6552776214 
                 45.5000000000                   6.0000000000               25720.0093058912 
                 45.5000000000                   6.5000000000               27081.0573541806 
                 45.5000000000                   7.0000000000               28435.9296858271 
                 45.5000000000                   7.5000000000               29923.7717255380 
                 45.5000000000                   8.0000000000               31477.3999966648 
                 45.5000000000                   8.5000000000               33081.6128191440 
                 45.5000000000                   9.0000000000               34722.1776425185 
                 45.5000000000                   9.5000000000               36369.9568924005 
                 45.5000000000                  10.0000000000               37986.0365672503 
                 45.5000000000                  10.5000000000               39526.8722323296 
                 45.5000000000                  11.0000000000               40856.4759805631 
                 45.5000000000                  11.5000000000               41900.6162997989 
                 45.5000000000                  12.0000000000               42689.2403601274 
                 45.5000000000                  12.5000000000               43209.4321137828 
                 45.5000000000                  13.0000000000               43851.4941011646 
                 45.5000000000                  13.5000000000               44938.4881068008 
                 45.5000000000                  14.0000000000               46341.5342775390 
                 45.5000000000                  14.5000000000               48014.1573882068 
                 45.5000000000                  15.0000000000               49743.6690201406 
                 45.5000000000                  15.5000000000               51275.6552916945 
                 45.5000000000                  16.0000000000               52575.9978351554 
                 45.5000000000                  16.5000000000               53618.1446626884 
                 45.5000000000                  17.0000000000               54447.1193116463 
                 45.5000000000                  17.5000000000               55204.4968414790 
                 45.5000000000                  18.0000000000               55960.3952500719 
                 45.5000000000                  18.5000000000               56695.6437457773 
                 45.5000000000                  19.0000000000               57420.0124217802 
                 45.5000000000                  19.5000000000               58173.0740154087 
                 45.5000000000                  20.0000000000               58884.7139004187 
                 45.5000000000                  20.5000000000               59462.2100975209 
                 45.5000000000                  21.0000000000               59922.5693281058 
                 45.5000000000                  21.5000000000               60339.1727627984 
                 45.5000000000                  22.0000000000               60764.8529944488 
                 45.5000000000                  22.5000000000               61253.1247383993 
                 45.5000000000                  23.0000000000               61823.3446693524 
                 45.5000000000                  23.5000000000               62108.4111562390 
                 45.5000000000                  24.0000000000               61732.1449250207 
                 45.5000000000                  24.5000000000               60544.7375110657 
                 45.5000000000                  25.0000000000               58073.9002343456 
                 45.5000000000                  25.5000000000               55075.3027836628 
                 45.5000000000                  26.0000000000               52615.3541203799 
                 45.5000000000                  26.5000000000               50562.4695579219 
                 45.5000000000                  27.0000000000               48750.4376492486 
                 45.5000000000                  27.5000000000               46999.9697172012 
                 45.5000000000                  28.0000000000               45263.4121186245 
                 45.5000000000                  28.5000000000               43636.0953466681 
                 45.5000000000                  29.0000000000               42113.2343765847 
                 45.5000000000                  29.5000000000               40839.8253010095 
                 45.5000000000                  30.0000000000               39985.0526575979 
                 45.5000000000                  30.5000000000               39420.4302625599 
                 45.5000000000                  31.0000000000               39120.5406180168 
                 45.5000000000                  31.5000000000               38926.2858391062 
                 45.5000000000                  32.0000000000               38293.7454976275 
                 45.5000000000                  32.5000000000               36990.4814094104 
                 45.5000000000                  33.0000000000               34785.3803854239 
                 45.5000000000                  33.5000000000               31699.3304756425 
                 45.5000000000                  34.0000000000               28982.7884832699 
                 45.5000000000                  34.5000000000               27179.7513133846 
                 45.5000000000                  35.0000000000               25875.1394660960 
                 45.5000000000                  35.5000000000               24997.2527283782 
                 45.5000000000                  36.0000000000               24477.4761467544 
                 45.5000000000                  36.5000000000               24292.9593670635 
                 45.5000000000                  37.0000000000               24442.7566357872 
                 45.5000000000                  37.5000000000               24923.8244661506 
                 45.5000000000                  38.0000000000               25247.3576818269 
                 45.5000000000                  38.5000000000               24811.6567033813 
                 45.5000000000                  39.0000000000               23381.3877131338 
                 45.5000000000                  39.5000000000               20289.7152875459 
                 45.5000000000                  40.0000000000               16190.4333476849 
                 45.5000000000                  40.5000000000               12567.3290639739 
                 45.5000000000                  41.0000000000                9588.4437967036 
                 45.5000000000                  41.5000000000                7136.5259997102 
                 45.5000000000                  42.0000000000                5204.2879694667 
                 45.5000000000                  42.5000000000                3747.4156716508 
                 45.5000000000                  43.0000000000                2695.9692965256 
                 45.5000000000                  43.5000000000                1881.4566151353 
                 45.5000000000                  44.0000000000                1359.2064373813 
                 45.5000000000                  44.5000000000                1424.2288784303 
                 45.5000000000                  45.0000000000                2027.1296887390 
                 45.5000000000                  45.5000000000                3000.5789549872 
                 45.5000000000                  46.0000000000                4206.2820808274 
                 45.5000000000                  46.5000000000                5343.7653368373 
                 45.5000000000                  47.0000000000                6272.3298308148 
                 45.5000000000                  47.5000000000                7054.0815150670 
                 45.5000000000                  48.0000000000                7721.7245082858 
                 45.5000000000                  48.5000000000                7928.9290526976 
                 45.5000000000                  49.0000000000                7211.6561761183 
                 45.5000000000                  49.5000000000                5117.8435305855 
                 45.5000000000                  50.0000000000                   0.0000000000 
                 46.0000000000                   0.0000000000                   0.0000000000 
                 46.0000000000                   0.5000000000                2285.6439859730 
                 46.0000000000                   1.0000000000                4429.6476809415 
                 46.0000000000                   1.5000000000                6420.3278814039 
                 46.0000000000                   2.0000000000                8216.1561669616 
                 46.0000000000                   2.5000000000                9972.4579059049 
                 46.0000000000                   3.0000000000               11896.1590951042 
                 46.0000000000                   3.5000000000               13977.6872015057 
                 46.0000000000                   4.0000000000               16231.3762197346 
                 46.0000000000                   4.5000000000               18532.1255479902 
                 46.0000000000                   5.0000000000               20623.9403900960 
                 46.0000000000                   5.5000000000               22430.4089779700 
                 46.0000000000                   6.0000000000               23860.2722407907 
                 46.0000000000                   6.5000000000               24942.8037108361 
                 46.0000000000                   7.0000000000               26033.2966708827 
                 46.0000000000                   7.5000000000               27277.9393372639 
                 46.0000000000                   8.0000000000               28607.3067029253 
                 46.0000000000                   8.5000000000               30011.4424914324 
                 46.0000000000                   9.0000000000               31456.5050679892 
                 46.0000000000                   9.5000000000               32885.0693867015 
                 46.0000000000                  10.0000000000               34237.0826750582 
                 46.0000000000                  10.5000000000               35443.7136581374 
                 46.0000000000                  11.0000000000               36410.2042324604 
                 46.0000000000                  11.5000000000               37136.7349985584 
                 46.0000000000                  12.0000000000               37694.4659688203 
                 46.0000000000                  12.5000000000               38140.2571656984 
                 46.0000000000                  13.0000000000               38835.8238657633 
                 46.0000000000                  13.5000000000               39988.2894888702 
                 46.0000000000                  14.0000000000               41422.6216564106 
                 46.0000000000                  14.5000000000               43069.2311314203 
                 46.0000000000                  15.0000000000               44699.1723912292 
                 46.0000000000                  15.5000000000               46071.5690320954 
                 46.0000000000                  16.0000000000               47172.7453427292 
                 46.0000000000                  16.5000000000               47977.7083082861 
                 46.0000000000                  17.0000000000               48561.2146775516 
                 46.0000000000                  17.5000000000               49136.9704016909 
                 46.0000000000                  18.0000000000               49825.3760298172 
                 46.0000000000                  18.5000000000               50663.6474226071 
                 46.0000000000                  19.0000000000               51712.1743430531 
                 46.0000000000                  19.5000000000               52909.5986715904 
                 46.0000000000                  20.0000000000               54054.1614094444 
                 46.0000000000                  20.5000000000               54990.0535603996 
                 46.0000000000                  21.0000000000               55649.9175339886 
                 46.0000000000                  21.5000000000               56102.4844716417 
                 46.0000000000                  22.0000000000               56468.8742881232 
                 46.0000000000                  22.5000000000               56835.2120251330 
                 46.0000000000                  23.0000000000               57220.4635626338 
                 46.0000000000                  23.5000000000               57230.9295730202 
                 46.0000000000                  24.0000000000               56464.5382967625 
                 46.0000000000                  24.5000000000               54748.5805259674 
                 46.0000000000                  25.0000000000               51570.1958162696 
                 46.0000000000                  25.5000000000               47903.4514340114 
                 46.0000000000                  26.0000000000               44976.7615701698 
                 46.0000000000                  26.5000000000               42552.0672814410 
                 46.0000000000                  27.0000000000               40387.9140932163 
                 46.0000000000                  27.5000000000               38407.1287228997 
                 46.0000000000                  28.0000000000               36728.4465743659 
                 46.0000000000                  28.5000000000               35436.4291421900 
                 46.0000000000                  29.0000000000               34558.8052096676 
                 46.0000000000                  29.5000000000               34163.1011019847 
                 46.0000000000                  30.0000000000               34145.0749851511 
                 46.0000000000                  30.5000000000               34254.1907220165 
                 46.0000000000                  31.0000000000               34448.0185885512 
                 46.0000000000                  31.5000000000               34538.6482578487 
                 46.0000000000                  32.0000000000               34073.7166118804 
                 46.0000000000                  32.5000000000               32936.2927753777 
                 46.0000000000                  33.0000000000               30972.1961212239 
                 46.0000000000                  33.5000000000               28289.0203506264 
                 46.0000000000                  34.0000000000               26042.4460109609 
                 46.0000000000                  34.5000000000               24627.7555667854 
                 46.0000000000                  35.0000000000               23610.7660365516 
                 46.0000000000                  35.5000000000               22919.7131712446 
                 46.0000000000                  36.0000000000               22514.5470039844 
                 46.0000000000                  36.5000000000               22409.0802451332 
                 46.0000000000                  37.0000000000               22611.5002750966 
                 46.0000000000                  37.5000000000               23116.5547148220 
                 46.0000000000                  38.0000000000               23441.2970501818 
                 46.0000000000                  38.5000000000               22998.2510755388 
                 46.0000000000                  39.0000000000               21570.5723646280 
                 46.0000000000                  39.5000000000               18555.9068174240 
                 46.0000000000                  40.0000000000               14641.7324090685 
                 46.0000000000                  40.5000000000               11274.6119706191 
                 46.0000000000                  41.0000000000                8603.8579941960 
                 46.0000000000                  41.5000000000                6534.7247830072 
                 46.0000000000                  42.0000000000                4946.0593834268 
                 46.0000000000                  42.5000000000                3613.3938631224 
                 46.0000000000                  43.0000000000                2477.1737375356 
                 46.0000000000                  43.5000000000                1365.9685473333 
                 46.0000000000                  44.0000000000                 505.4513588130 
                 46.0000000000                  44.5000000000                 494.4181291227 
                 46.0000000000                  45.0000000000                1240.6173359641 
                 46.0000000000                  45.5000000000                2447.7866759635 
                 46.0000000000                  46.0000000000                3932.5225606536 
                 46.0000000000                  46.5000000000                5321.3945398476 
                 46.0000000000                  47.0000000000                6439.8839728747 
                 46.0000000000                  47.5000000000                7350.9156686833 
                 46.0000000000                  48.0000000000                8100.2202535487 
                 46.0000000000                  48.5000000000                8379.5780461528 
                 46.0000000000                  49.0000000000                7733.8397583703 
                 46.0000000000                  49.5000000000                5669.7996366939 
                 46.0000000000                  50.0000000000                   0.0000000000 
                 46.5000000000                   0.0000000000                   0.0000000000 
                 46.5000000000                   0.5000000000                2060.4492973665 
                 46.5000000000                   1.0000000000                4011.2950841266 
                 46.5000000000                   1.5000000000                5848.1503763925 
                 46.5000000000                   2.0000000000                7555.4375910161 
                 46.5000000000                   2.5000000000                9249.5813671313 
                 46.5000000000                   3.0000000000               11073.1257432704 
                 46.5000000000                   3.5000000000               13017.9610921181 
                 46.5000000000                   4.0000000000               15091.9490837974 
                 46.5000000000                   4.5000000000               17168.4375929821 
                 46.5000000000                   5.0000000000               19010.4810862590 
                 46.5000000000                   5.5000000000               20549.8415397172 
                 46.5000000000                   6.0000000000               21708.4826379712 
                 46.5000000000                   6.5000000000               22543.8368887808 
                 46.5000000000                   7.0000000000               23408.3342249144 
                 46.5000000000                   7.5000000000               24435.2943115557 
                 46.5000000000                   8.0000000000               25567.1877255503 
                 46.5000000000                   8.5000000000               26797.9320523490 
                 46.5000000000                   9.0000000000               28056.0864435475 
                 46.5000000000                   9.5000000000               29253.6787008176 
                 46.5000000000                  10.0000000000               30315.8167446355 
                 46.5000000000                  10.5000000000               31142.9674259291 
                 46.5000000000                  11.0000000000               31729.2380913865 
                 46.5000000000                  11.5000000000               32181.6765160506 
                 46.5000000000                  12.0000000000               32594.8863291544 
                 46.5000000000                  12.5000000000               33082.2443734566 
                 46.5000000000                  13.0000000000               33892.7295854526 
                 46.5000000000                  13.5000000000               35092.0525187709 
                 46.5000000000                  14.0000000000               36514.9639242974 
                 46.5000000000                  14.5000000000               38078.1423389031 
                 46.5000000000                  15.0000000000               39560.4925926278 
                 46.5000000000                  15.5000000000               40753.7718656300 
                 46.5000000000                  16.0000000000               41658.9402225959 
                 46.5000000000                  16.5000000000               42246.5675106383 
                 46.5000000000                  17.0000000000               42632.7773709270 
                 46.5000000000                  17.5000000000               43114.0892832811 
                 46.5000000000                  18.0000000000               43839.5880495183 
                 46.5000000000                  18.5000000000               44891.5767453034 
                 46.5000000000                  19.0000000000               46326.8205447882 
                 46.5000000000                  19.5000000000               47941.7581709331 
                 46.5000000000                  20.0000000000               49455.9247130118 
                 46.5000000000                  20.5000000000               50653.5092689455 
                 46.5000000000                  21.0000000000               51360.4556110271 
                 46.5000000000                  21.5000000000               51715.5624485318 
                 46.5000000000                  22.0000000000               51935.3486118243 
                 46.5000000000                  22.5000000000               52094.6934380620 
                 46.5000000000                  23.0000000000               52194.2274628299 
                 46.5000000000                  23.5000000000               51816.5608788212 
                 46.5000000000                  24.0000000000               50559.0418044748 
                 46.5000000000                  24.5000000000               48257.9383089311 
                 46.5000000000                  25.0000000000               44524.3397452369 
                 46.5000000000                  25.5000000000               40491.1150875301 
                 46.5000000000                  26.0000000000               37354.7226525591 
                 46.5000000000                  26.5000000000               34791.0740730072 
                 46.5000000000                  27.0000000000               32514.9959005682 
                 46.5000000000                  27.5000000000               30587.2990766401 
                 46.5000000000                  28.0000000000               29245.0505195394 
                 46.5000000000                  28.5000000000               28478.2278224968 
                 46.5000000000                  29.0000000000               28312.3904367216 
                 46.5000000000                  29.5000000000               28663.9887698995 
                 46.5000000000                  30.0000000000               29205.7561277164 
                 46.5000000000                  30.5000000000               29709.6668401606 
                 46.5000000000                  31.0000000000               30115.4346775286 
                 46.5000000000                  31.5000000000               30225.4572172221 
                 46.5000000000                  32.0000000000               29777.3426895067 
                 46.5000000000                  32.5000000000               28766.5753116141 
                 46.5000000000                  33.0000000000               27165.4221025904 
                 46.5000000000                  33.5000000000               25162.9799709833 
                 46.5000000000                  34.0000000000               23514.6333885976 
                 46.5000000000                  34.5000000000               22428.4311738998 
                 46.5000000000                  35.0000000000               21599.5420784241 
                 46.5000000000                  35.5000000000               20949.0907621797 
                 46.5000000000                  36.0000000000               20541.2917281260 
                 46.5000000000                  36.5000000000               20455.0784466989 
                 46.5000000000                  37.0000000000               20666.4072986951 
                 46.5000000000                  37.5000000000               21155.8155242716 
                 46.5000000000                  38.0000000000               21439.9373491069 
                 46.5000000000                  38.5000000000               20948.4995457424 
                 46.5000000000                  39.0000000000               19487.4807386560 
                 46.5000000000                  39.5000000000               16539.6715342171 
                 46.5000000000                  40.0000000000               12841.4233652462 
                 46.5000000000                  40.5000000000                9769.9831412785 
                 46.5000000000                  41.0000000000                7425.7320537311 
                 46.5000000000                  41.5000000000                5706.0826522731 
                 46.5000000000                  42.0000000000                4418.4619829713 
                 46.5000000000                  42.5000000000                3241.5808221567 
                 46.5000000000                  43.0000000000                2102.5811050249 
                 46.5000000000                  43.5000000000                 832.8440361392 
                 46.5000000000                  44.0000000000                -205.5215780588 
                 46.5000000000                  44.5000000000                -222.9283847980 
                 46.5000000000                  45.0000000000                 662.0691142118 
                 46.5000000000                  45.5000000000                2084.2327347322 
                 46.5000000000                  46.0000000000                3832.0809195736 
                 46.5000000000                  46.5000000000                5460.4478311042 
                 46.5000000000                  47.0000000000                6746.4344133679 
                 46.5000000000                  47.5000000000                7719.5649426044 
                 46.5000000000                  48.0000000000                8371.8929492511 
                 46.5000000000                  48.5000000000                8490.7459752174 
                 46.5000000000                  49.0000000000                7712.9064374941 
                 46.5000000000                  49.5000000000                5496.7478747190 
                 46.5000000000                  50.0000000000                   0.0000000000 
                 47.0000000000                   0.0000000000                   0.0000000000 
                 47.0000000000                   0.5000000000                1820.6445060608 
                 47.0000000000                   1.0000000000                3571.1286866090 
                 47.0000000000                   1.5000000000                5252.9428076076 
                 47.0000000000                   2.0000000000                6876.3925254010 
                 47.0000000000                   2.5000000000                8504.8018469318 
                 47.0000000000                   3.0000000000               10201.0965314120 
                 47.0000000000                   3.5000000000               11959.5871431431 
                 47.0000000000                   4.0000000000               13778.5932849767 
                 47.0000000000                   4.5000000000               15544.2935149400 
                 47.0000000000                   5.0000000000               17070.6877801446 
                 47.0000000000                   5.5000000000               18309.8977026413 
                 47.0000000000                   6.0000000000               19207.2260192848 
                 47.0000000000                   6.5000000000               19843.3135192464 
                 47.0000000000                   7.0000000000               20533.9918332532 
                 47.0000000000                   7.5000000000               21383.8335907166 
                 47.0000000000                   8.0000000000               22348.9621500806 
                 47.0000000000                   8.5000000000               23421.2237913295 
                 47.0000000000                   9.0000000000               24485.8955284437 
                 47.0000000000                   9.5000000000               25434.0739532542 
                 47.0000000000                  10.0000000000               26187.4775037642 
                 47.0000000000                  10.5000000000               26622.9427975445 
                 47.0000000000                  11.0000000000               26866.7600674268 
                 47.0000000000                  11.5000000000               27143.7586398349 
                 47.0000000000                  12.0000000000               27527.2928227873 
                 47.0000000000                  12.5000000000               28128.2699928899 
                 47.0000000000                  13.0000000000               29046.4429357696 
                 47.0000000000                  13.5000000000               30235.5307144786 
                 47.0000000000                  14.0000000000               31574.0447193768 
                 47.0000000000                  14.5000000000               32982.3362430818 
                 47.0000000000                  15.0000000000               34269.9838653424 
                 47.0000000000                  15.5000000000               35272.5385739807 
                 47.0000000000                  16.0000000000               36001.5115179058 
                 47.0000000000                  16.5000000000               36424.0361299458 
                 47.0000000000                  17.0000000000               36703.8388783216 
                 47.0000000000                  17.5000000000               37204.7440717552 
                 47.0000000000                  18.0000000000               38068.7364192054 
                 47.0000000000                  18.5000000000               39376.2329989076 
                 47.0000000000                  19.0000000000               41132.6871763331 
                 47.0000000000                  19.5000000000               43028.5574102671 
                 47.0000000000                  20.0000000000               44772.5023048494 
                 47.0000000000                  20.5000000000               46096.0634940828 
                 47.0000000000                  21.0000000000               46700.2170721405 
                 47.0000000000                  21.5000000000               46834.9723024133 
                 47.0000000000                  22.0000000000               46840.5465729665 
                 47.0000000000                  22.5000000000               46745.5009470138 
                 47.0000000000                  23.0000000000               46516.8335311831 
                 47.0000000000                  23.5000000000               45735.1602696232 
                 47.0000000000                  24.0000000000               44042.6618397007 
                 47.0000000000                  24.5000000000               41346.7112830838 
                 47.0000000000                  25.0000000000               37446.7277300287 
                 47.0000000000                  25.5000000000               33485.5795401589 
                 47.0000000000                  26.0000000000               30485.0737762139 
                 47.0000000000                  26.5000000000               28073.8689963810 
                 47.0000000000                  27.0000000000               25957.7145783074 
                 47.0000000000                  27.5000000000               24310.3751008152 
                 47.0000000000                  28.0000000000               23413.6530983830 
                 47.0000000000                  28.5000000000               23146.8051937695 
                 47.0000000000                  29.0000000000               23494.8644978388 
                 47.0000000000                  29.5000000000               24259.0627688545 
                 47.0000000000                  30.0000000000               25020.6623876150 
                 47.0000000000                  30.5000000000               25620.3489194603 
                 47.0000000000                  31.0000000000               25984.3830032854 
                 47.0000000000                  31.5000000000               25942.5454583288 
                 47.0000000000                  32.0000000000               25454.7919139463 
                 47.0000000000                  32.5000000000               24611.3069386232 
                 47.0000000000                  33.0000000000               23455.5498858084 
                 47.0000000000                  33.5000000000               22169.3795006631 
                 47.0000000000                  34.0000000000               21099.2300814795 
                 47.0000000000                  34.5000000000               20302.1088155734 
                 47.0000000000                  35.0000000000               19592.4340789956 
                 47.0000000000                  35.5000000000               18879.2859123777 
                 47.0000000000                  36.0000000000               18380.1553400378 
                 47.0000000000                  36.5000000000               18270.6289388437 
                 47.0000000000                  37.0000000000               18463.5988837289 
                 47.0000000000                  37.5000000000               18910.6474401144 
                 47.0000000000                  38.0000000000               19126.7189424629 
                 47.0000000000                  38.5000000000               18567.1869861227 
                 47.0000000000                  39.0000000000               17070.7866369792 
                 47.0000000000                  39.5000000000               14225.1762927739 
                 47.0000000000                  40.0000000000               10807.0037533072 
                 47.0000000000                  40.5000000000                8085.6471595104 
                 47.0000000000                  41.0000000000                6093.9977964364 
                 47.0000000000                  41.5000000000                4718.0234120370 
                 47.0000000000                  42.0000000000                3720.1806072955 
                 47.0000000000                  42.5000000000                2724.4602745194 
                 47.0000000000                  43.0000000000                1654.5889577714 
                 47.0000000000                  43.5000000000                 348.4862986625 
                 47.0000000000                  44.0000000000                -746.8191461386 
                 47.0000000000                  44.5000000000                -729.1705681246 
                 47.0000000000                  45.0000000000                 271.0165776679 
                 47.0000000000                  45.5000000000                1861.7285167946 
                 47.0000000000                  46.0000000000                3824.9946358936 
                 47.0000000000                  46.5000000000                5661.8364856759 
                 47.0000000000                  47.0000000000                7099.6122486500 
                 47.0000000000                  47.5000000000                8096.5351914530 
                 47.0000000000                  48.0000000000                8510.8206010748 
                 47.0000000000                  48.5000000000                8273.6764776786 
                 47.0000000000                  49.0000000000                7218.3455321382 
                 47.0000000000                  49.5000000000                4844.6116208122 
                 47.0000000000                  50.0000000000                   0.0000000000 
                 47.5000000000                   0.0000000000                   0.0000000000 
                 47.5000000000                   0.5000000000                1569.4339710655 
                 47.5000000000                   1.0000000000                3111.4990487756 
                 47.5000000000                   1.5000000000                4625.4462355381 
                 47.5000000000                   2.0000000000                6146.7741139280 
                 47.5000000000                   2.5000000000                7684.4383320490 
                 47.5000000000                   3.0000000000                9218.2391501293 
                 47.5000000000                   3.5000000000               10744.6002751554 
                 47.5000000000                   4.0000000000               12239.9311222509 
                 47.5000000000                   4.5000000000               13613.2752479056 
                 47.5000000000                   5.0000000000               14770.5763750628 
                 47.5000000000                   5.5000000000               15696.9803801295 
                 47.5000000000                   6.0000000000               16361.3351904330 
                 47.5000000000                   6.5000000000               16858.1897501039 
                 47.5000000000                   7.0000000000               17435.3688652369 
                 47.5000000000                   7.5000000000               18149.5511681487 
                 47.5000000000                   8.0000000000               18963.6058430450 
                 47.5000000000                   8.5000000000               19861.1894733997 
                 47.5000000000                   9.0000000000               20688.4363335674 
                 47.5000000000                   9.5000000000               21338.3320850550 
                 47.5000000000                  10.0000000000               21756.9203666142 
                 47.5000000000                  10.5000000000               21818.6790473338 
                 47.5000000000                  11.0000000000               21816.5410580658 
                 47.5000000000                  11.5000000000               22056.8192390859 
                 47.5000000000                  12.0000000000               22512.1196646559 
                 47.5000000000                  12.5000000000               23256.5401689100 
                 47.5000000000                  13.0000000000               24254.3705985421 
                 47.5000000000                  13.5000000000               25382.1314842622 
                 47.5000000000                  14.0000000000               26576.4043308997 
                 47.5000000000                  14.5000000000               27772.3328480303 
                 47.5000000000                  15.0000000000               28824.6794500056 
                 47.5000000000                  15.5000000000               29626.4384201427 
                 47.5000000000                  16.0000000000               30203.2203141242 
                 47.5000000000                  16.5000000000               30524.5246355902 
                 47.5000000000                  17.0000000000               30798.7951400186 
                 47.5000000000                  17.5000000000               31419.2217010664 
                 47.5000000000                  18.0000000000               32475.3381951378 
                 47.5000000000                  18.5000000000               34012.7644422094 
                 47.5000000000                  19.0000000000               35986.7508031505 
                 47.5000000000                  19.5000000000               38017.8149025579 
                 47.5000000000                  20.0000000000               39833.4050404503 
                 47.5000000000                  20.5000000000               41139.7032648604 
                 47.5000000000                  21.0000000000               41477.1194377657 
                 47.5000000000                  21.5000000000               41262.3819470707 
                 47.5000000000                  22.0000000000               41016.9415019735 
                 47.5000000000                  22.5000000000               40663.3582200206 
                 47.5000000000                  23.0000000000               40114.5491161072 
                 47.5000000000                  23.5000000000               38977.0167697957 
                 47.5000000000                  24.0000000000               36989.9180751212 
                 47.5000000000                  24.5000000000               34160.2730599569 
                 47.5000000000                  25.0000000000               30460.1413767906 
                 47.5000000000                  25.5000000000               26927.7379653315 
                 47.5000000000                  26.0000000000               24332.1376964391 
                 47.5000000000                  26.5000000000               22277.9646342727 
                 47.5000000000                  27.0000000000               20485.9797862729 
                 47.5000000000                  27.5000000000               19205.0227461612 
                 47.5000000000                  28.0000000000               18723.8950208648 
                 47.5000000000                  28.5000000000               18831.6489807271 
                 47.5000000000                  29.0000000000               19487.0672508295 
                 47.5000000000                  29.5000000000               20437.4883641628 
                 47.5000000000                  30.0000000000               21216.7727124745 
                 47.5000000000                  30.5000000000               21726.0266461302 
                 47.5000000000                  31.0000000000               21900.4809301930 
                 47.5000000000                  31.5000000000               21629.3269074866 
                 47.5000000000                  32.0000000000               21108.8775178346 
                 47.5000000000                  32.5000000000               20478.4632089646 
                 47.5000000000                  33.0000000000               19754.8465794192 
                 47.5000000000                  33.5000000000               19081.2328904834 
                 47.5000000000                  34.0000000000               18498.4790672366 
                 47.5000000000                  34.5000000000               17953.5764030010 
                 47.5000000000                  35.0000000000               17339.8246119728 
                 47.5000000000                  35.5000000000               16509.4701446109 
                 47.5000000000                  36.0000000000               15873.9628598861 
                 47.5000000000                  36.5000000000               15744.1684546734 
                 47.5000000000                  37.0000000000               15921.1682999369 
                 47.5000000000                  37.5000000000               16319.6663953769 
                 47.5000000000                  38.0000000000               16460.1996662155 
                 47.5000000000                  38.5000000000               15844.3623530786 
                 47.5000000000                  39.0000000000               14355.0473599693 
                 47.5000000000                  39.5000000000               11693.6405471413 
                 47.5000000000                  40.0000000000                8645.8846194653 
                 47.5000000000                  40.5000000000                6330.2625672541 
                 47.5000000000                  41.0000000000                4709.9688983234 
                 47.5000000000                  41.5000000000                3671.0814167291 
                 47.5000000000                  42.0000000000                2954.0403416558 
                 47.5000000000                  42.5000000000                2154.9028181102 
                 47.5000000000                  43.0000000000                1208.9971010590 
                 47.5000000000                  43.5000000000                 -49.8252001354 
                 47.5000000000                  44.0000000000               -1130.2638988490 
                 47.5000000000                  44.5000000000               -1059.2371113995 
                 47.5000000000                  45.0000000000                  18.9418785199 
                 47.5000000000                  45.5000000000                1710.8669835895 
                 47.5000000000                  46.0000000000                3814.6884201278 
                 47.5000000000                  46.5000000000                5798.9781491095 
                 47.5000000000                  47.0000000000                7357.1468813715 
                 47.5000000000                  47.5000000000                8377.4670389476 
                 47.5000000000                  48.0000000000                8444.3367551578 
                 47.5000000000                  48.5000000000                7696.3628140463 
                 47.5000000000                  49.0000000000                6336.6862605620 
                 47.5000000000                  49.5000000000                3940.7590147011 
                 47.5000000000                  50.0000000000                   0.0000000000 
                 48.0000000000                   0.0000000000                   0.0000000000 
                 48.0000000000                   0.5000000000                1334.1914836392 
                 48.0000000000                   1.0000000000                2658.4047207423 
                 48.0000000000                   1.5000000000                3978.2414374114 
                 48.0000000000                   2.0000000000                5342.1293173468 
                 48.0000000000                   2.5000000000                6717.1472125419 
                 48.0000000000                   3.0000000000                8026.3262665363 
                 48.0000000000                   3.5000000000                9261.5640277959 
                 48.0000000000                   4.0000000000               10365.1605844827 
                 48.0000000000                   4.5000000000               11288.6125371470 
                 48.0000000000                   5.0000000000               12059.8385768192 
                 48.0000000000                   5.5000000000               12696.6468529370 
                 48.0000000000                   6.0000000000               13190.3345131844 
                 48.0000000000                   6.5000000000               13633.0966743687 
                 48.0000000000                   7.0000000000               14167.9281566966 
                 48.0000000000                   7.5000000000               14790.7656937025 
                 48.0000000000                   8.0000000000               15456.8688770468 
                 48.0000000000                   8.5000000000               16108.5916199218 
                 48.0000000000                   9.0000000000               16587.3687209609 
                 48.0000000000                   9.5000000000               16844.9268592641 
                 48.0000000000                  10.0000000000               16885.3719086205 
                 48.0000000000                  10.5000000000               16699.1451795625 
                 48.0000000000                  11.0000000000               16681.9249723409 
                 48.0000000000                  11.5000000000               17049.4018893504 
                 48.0000000000                  12.0000000000               17657.1579149686 
                 48.0000000000                  12.5000000000               18521.4645174363 
                 48.0000000000                  13.0000000000               19513.0756545778 
                 48.0000000000                  13.5000000000               20499.9799450913 
                 48.0000000000                  14.0000000000               21479.1550344820 
                 48.0000000000                  14.5000000000               22405.7259730200 
                 48.0000000000                  15.0000000000               23192.9621466121 
                 48.0000000000                  15.5000000000               23792.7045254298 
                 48.0000000000                  16.0000000000               24241.2263733867 
                 48.0000000000                  16.5000000000               24540.9806806984 
                 48.0000000000                  17.0000000000               24940.2882771144 
                 48.0000000000                  17.5000000000               25776.5310228940 
                 48.0000000000                  18.0000000000               27046.6621148105 
                 48.0000000000                  18.5000000000               28756.4367291045 
                 48.0000000000                  19.0000000000               30793.8982219944 
                 48.0000000000                  19.5000000000               32738.9256535239 
                 48.0000000000                  20.0000000000               34359.9592054862 
                 48.0000000000                  20.5000000000               35333.8688405380 
                 48.0000000000                  21.0000000000               35170.2128483505 
                 48.0000000000                  21.5000000000               34562.5039614881 
                 48.0000000000                  22.0000000000               34126.4642063639 
                 48.0000000000                  22.5000000000               33598.6457684133 
                 48.0000000000                  23.0000000000               32830.9208705211 
                 48.0000000000                  23.5000000000               31500.1504782591 
                 48.0000000000                  24.0000000000               29481.4221615498 
                 48.0000000000                  24.5000000000               26868.2277468004 
                 48.0000000000                  25.0000000000               23756.7901872015 
                 48.0000000000                  25.5000000000               20958.9266459731 
                 48.0000000000                  26.0000000000               18954.2950344942 
                 48.0000000000                  26.5000000000               17382.5244882951 
                 48.0000000000                  27.0000000000               16016.0157482506 
                 48.0000000000                  27.5000000000               15133.5511420800 
                 48.0000000000                  28.0000000000               14990.7071439569 
                 48.0000000000                  28.5000000000               15331.5060067602 
                 48.0000000000                  29.0000000000               16093.4687404106 
                 48.0000000000                  29.5000000000               16984.4838909523 
                 48.0000000000                  30.0000000000               17543.4025707304 
                 48.0000000000                  30.5000000000               17744.5104144221 
                 48.0000000000                  31.0000000000               17596.7573177544 
                 48.0000000000                  31.5000000000               17165.0338829652 
                 48.0000000000                  32.0000000000               16753.5159328944 
                 48.0000000000                  32.5000000000               16403.0039128062 
                 48.0000000000                  33.0000000000               16061.6588380390 
                 48.0000000000                  33.5000000000               15779.4990638301 
                 48.0000000000                  34.0000000000               15443.1713540292 
                 48.0000000000                  34.5000000000               14991.9368143923 
                 48.0000000000                  35.0000000000               14373.9027065545 
                 48.0000000000                  35.5000000000               13459.8061282801 
                 48.0000000000                  36.0000000000               12795.4984340008 
                 48.0000000000                  36.5000000000               12714.1157227987 
                 48.0000000000                  37.0000000000               12915.5108749455 
                 48.0000000000                  37.5000000000               13282.6328361383 
                 48.0000000000                  38.0000000000               13374.3217725930 
                 48.0000000000                  38.5000000000               12775.1739435036 
                 48.0000000000                  39.0000000000               11412.7203755245 
                 48.0000000000                  39.5000000000                9081.0912971641 
                 48.0000000000                  40.0000000000                6510.9547873013 
                 48.0000000000                  40.5000000000                4642.0065488761 
                 48.0000000000                  41.0000000000                3393.2689166533 
                 48.0000000000                  41.5000000000                2658.6124978535 
                 48.0000000000                  42.0000000000                2182.4778369954 
                 48.0000000000                  42.5000000000                1575.3468967250 
                 48.0000000000                  43.0000000000                 791.3674497695 
                 48.0000000000                  43.5000000000                -314.5592161382 
                 48.0000000000                  44.0000000000               -1278.8084525742 
                 48.0000000000                  44.5000000000               -1168.7164214623 
                 48.0000000000                  45.0000000000                 -97.6695646827 
                 48.0000000000                  45.5000000000                1587.6092640425 
                 48.0000000000                  46.0000000000                3705.4751721233 
                 48.0000000000                  46.5000000000                5711.7073653823 
                 48.0000000000                  47.0000000000                7281.0856160159 
                 48.0000000000                  47.5000000000                8254.1590288196 
                 48.0000000000                  48.0000000000                7949.3853850349 
                 48.0000000000                  48.5000000000                6737.7094039038 
                 48.0000000000                  49.0000000000                5222.8301613452 
                 48.0000000000                  49.5000000000                3024.4441720679 
                 48.0000000000                  50.0000000000                   0.0000000000 
                 48.5000000000                   0.0000000000                   0.0000000000 
                 48.5000000000                   0.5000000000                1131.1454154667 
                 48.5000000000                   1.0000000000                2220.3198975331 
                 48.5000000000                   1.5000000000                3302.5527080740 
                 48.5000000000                   2.0000000000                4420.5757150621 
                 48.5000000000                   2.5000000000                5533.0350124942 
                 48.5000000000                   3.0000000000                6558.5374767756 
                 48.5000000000                   3.5000000000                7471.6851445871 
                 48.5000000000                   4.0000000000                8179.4643098548 
                 48.5000000000                   4.5000000000                8677.7538377435 
                 48.5000000000                   5.0000000000                9103.6249550349 
                 48.5000000000                   5.5000000000                9500.6235363284 
                 48.5000000000                   6.0000000000                9881.3498154688 
                 48.5000000000                   6.5000000000               10317.1150092522 
                 48.5000000000                   7.0000000000               10826.9965759407 
                 48.5000000000                   7.5000000000               11356.4317819897 
                 48.5000000000                   8.0000000000               11838.2791758452 
                 48.5000000000                   8.5000000000               12163.7970957380 
                 48.5000000000                   9.0000000000               12263.1734078489 
                 48.5000000000                   9.5000000000               12188.7577072159 
                 48.5000000000                  10.0000000000               11997.6593206376 
                 48.5000000000                  10.5000000000               11811.0790623390 
                 48.5000000000                  11.0000000000               11920.6259527644 
                 48.5000000000                  11.5000000000               12378.1384825596 
                 48.5000000000                  12.0000000000               13042.7923832635 
                 48.5000000000                  12.5000000000               13882.1180931969 
                 48.5000000000                  13.0000000000               14748.3920015493 
                 48.5000000000                  13.5000000000               15539.0446606809 
                 48.5000000000                  14.0000000000               16275.1124057383 
                 48.5000000000                  14.5000000000               16927.1798596142 
                 48.5000000000                  15.0000000000               17457.7111909613 
                 48.5000000000                  15.5000000000               17868.7149847020 
                 48.5000000000                  16.0000000000               18206.4486268909 
                 48.5000000000                  16.5000000000               18523.6907544992 
                 48.5000000000                  17.0000000000               19059.3428347588 
                 48.5000000000                  17.5000000000               20035.4900372759 
                 48.5000000000                  18.0000000000               21392.7747383645 
                 48.5000000000                  18.5000000000               23112.3646342777 
                 48.5000000000                  19.0000000000               25027.5380440104 
                 48.5000000000                  19.5000000000               26714.5406688431 
                 48.5000000000                  20.0000000000               27975.7894851753 
                 48.5000000000                  20.5000000000               28483.8606404905 
                 48.5000000000                  21.0000000000               27869.5277387691 
                 48.5000000000                  21.5000000000               27014.3717594201 
                 48.5000000000                  22.0000000000               26491.3279359579 
                 48.5000000000                  22.5000000000               25900.7117647539 
                 48.5000000000                  23.0000000000               25038.1768975098 
                 48.5000000000                  23.5000000000               23692.6113209640 
                 48.5000000000                  24.0000000000               21880.6066089340 
                 48.5000000000                  24.5000000000               19738.4987672403 
                 48.5000000000                  25.0000000000               17422.3463474527 
                 48.5000000000                  25.5000000000               15456.7674202606 
                 48.5000000000                  26.0000000000               14068.6927391793 
                 48.5000000000                  26.5000000000               12991.3871478927 
                 48.5000000000                  27.0000000000               12066.4896349033 
                 48.5000000000                  27.5000000000               11544.1204266372 
                 48.5000000000                  28.0000000000               11620.5416133508 
                 48.5000000000                  28.5000000000               12049.9949328779 
                 48.5000000000                  29.0000000000               12728.6841329490 
                 48.5000000000                  29.5000000000               13351.3229403560 
                 48.5000000000                  30.0000000000               13556.0391394107 
                 48.5000000000                  30.5000000000               13405.6321684644 
                 48.5000000000                  31.0000000000               13055.9740701717 
                 48.5000000000                  31.5000000000               12715.1746906299 
                 48.5000000000                  32.0000000000               12533.5473256955 
                 48.5000000000                  32.5000000000               12425.8109186408 
                 48.5000000000                  33.0000000000               12325.0922862650 
                 48.5000000000                  33.5000000000               12181.1065152508 
                 48.5000000000                  34.0000000000               11894.1778704538 
                 48.5000000000                  34.5000000000               11454.9362511679 
                 48.5000000000                  35.0000000000               10846.5187533234 
                 48.5000000000                  35.5000000000               10058.7728604615 
                 48.5000000000                  36.0000000000                9552.6227531985 
                 48.5000000000                  36.5000000000                9540.9238182973 
                 48.5000000000                  37.0000000000                9760.0475916314 
                 48.5000000000                  37.5000000000               10076.2169065500 
                 48.5000000000                  38.0000000000               10132.3014588389 
                 48.5000000000                  38.5000000000                9620.3273762774 
                 48.5000000000                  39.0000000000                8494.7371951368 
                 48.5000000000                  39.5000000000                6600.4022088094 
                 48.5000000000                  40.0000000000                4557.0840881516 
                 48.5000000000                  40.5000000000                3130.2650317895 
                 48.5000000000                  41.0000000000                2223.9418651451 
                 48.5000000000                  41.5000000000                1737.5013255734 
                 48.5000000000                  42.0000000000                1444.9097446725 
                 48.5000000000                  42.5000000000                1016.7395095970 
                 48.5000000000                  43.0000000000                 421.9750396027 
                 48.5000000000                  43.5000000000                -419.2824780747 
                 48.5000000000                  44.0000000000               -1150.7339917615 
                 48.5000000000                  44.5000000000               -1033.8380268421 
                 48.5000000000                  45.0000000000                 -89.8292118002 
                 48.5000000000                  45.5000000000                1443.7183061348 
                 48.5000000000                  46.0000000000                3399.9926391447 
                 48.5000000000                  46.5000000000                5242.5395606714 
                 48.5000000000                  47.0000000000                6636.9454134890 
                 48.5000000000                  47.5000000000                7394.7094173944 
                 48.5000000000                  48.0000000000                6862.3996241225 
                 48.5000000000                  48.5000000000                5534.2994909610 
                 48.5000000000                  49.0000000000                4118.9350045036 
                 48.5000000000                  49.5000000000                2308.3300847027 
                 48.5000000000                  50.0000000000                   0.0000000000 
                 49.0000000000                   0.0000000000                   0.0000000000 
                 49.0000000000                   0.5000000000                 904.3446552538 
                 49.0000000000                   1.0000000000                1718.0880225882 
                 49.0000000000                   1.5000000000                2507.1979797723 
                 49.0000000000                   2.0000000000                3302.9512334032 
                 49.0000000000                   2.5000000000                4080.1687308428 
                 49.0000000000                   3.0000000000                4788.7608586257 
                 49.0000000000                   3.5000000000                5390.3174576160 
                 49.0000000000                   4.0000000000                5757.8463091385 
                 49.0000000000                   4.5000000000                5912.8699420862 
                 49.0000000000                   5.0000000000                6069.2505555681 
                 49.0000000000                   5.5000000000                6279.5867063193 
                 49.0000000000                   6.0000000000                6566.2154280851 
                 49.0000000000                   6.5000000000                6974.5204740289 
                 49.0000000000                   7.0000000000                7418.9067392306 
                 49.0000000000                   7.5000000000                7821.1036287671 
                 49.0000000000                   8.0000000000                8093.5108998119 
                 49.0000000000                   8.5000000000                8103.4315135038 
                 49.0000000000                   9.0000000000                7934.3846707051 
                 49.0000000000                   9.5000000000                7727.4037478189 
                 49.0000000000                  10.0000000000                7534.2913728547 
                 49.0000000000                  10.5000000000                7486.6200232569 
                 49.0000000000                  11.0000000000                7679.1854278666 
                 49.0000000000                  11.5000000000                8077.4061616637 
                 49.0000000000                  12.0000000000                8623.1246572055 
                 49.0000000000                  12.5000000000                9275.0188510854 
                 49.0000000000                  13.0000000000                9918.3286205572 
                 49.0000000000                  13.5000000000               10481.2821096039 
                 49.0000000000                  14.0000000000               10979.8565800849 
                 49.0000000000                  14.5000000000               11385.7006450625 
                 49.0000000000                  15.0000000000               11689.9015055471 
                 49.0000000000                  15.5000000000               11931.5146671471 
                 49.0000000000                  16.0000000000               12160.2456728406 
                 49.0000000000                  16.5000000000               12455.5627113374 
                 49.0000000000                  17.0000000000               12998.8084879089 
                 49.0000000000                  17.5000000000               13904.6473597353 
                 49.0000000000                  18.0000000000               15112.7754776148 
                 49.0000000000                  18.5000000000               16604.7033662709 
                 49.0000000000                  19.0000000000               18198.6222843727 
                 49.0000000000                  19.5000000000               19508.3852868928 
                 49.0000000000                  20.0000000000               20383.7195189927 
                 49.0000000000                  20.5000000000               20560.4214868228 
                 49.0000000000                  21.0000000000               19793.8207217958 
                 49.0000000000                  21.5000000000               18935.5260442042 
                 49.0000000000                  22.0000000000               18453.8333404310 
                 49.0000000000                  22.5000000000               17916.2469914049 
                 49.0000000000                  23.0000000000               17082.0070045475 
                 49.0000000000                  23.5000000000               15874.6149223282 
                 49.0000000000                  24.0000000000               14433.4151989365 
                 49.0000000000                  24.5000000000               12883.5940036478 
                 49.0000000000                  25.0000000000               11381.1793084640 
                 49.0000000000                  25.5000000000               10190.4502774034 
                 49.0000000000                  26.0000000000                9358.3073404451 
                 49.0000000000                  26.5000000000                8724.4350971777 
                 49.0000000000                  27.0000000000                8194.0598670944 
                 49.0000000000                  27.5000000000                7955.7751039883 
                 49.0000000000                  28.0000000000                8142.0359807311 
                 49.0000000000                  28.5000000000                8543.6279582099 
                 49.0000000000                  29.0000000000                9000.5027162262 
                 49.0000000000                  29.5000000000                9246.2511544318 
                 49.0000000000                  30.0000000000                9122.0039034580 
                 49.0000000000                  30.5000000000                8785.9893795698 
                 49.0000000000                  31.0000000000                8485.8330461823 
                 49.0000000000                  31.5000000000                8398.3165913428 
                 49.0000000000                  32.0000000000                8428.9557611544 
                 49.0000000000                  32.5000000000                8458.2453528697 
                 49.0000000000                  33.0000000000                8453.6856384338 
                 49.0000000000                  33.5000000000                8323.2446193857 
                 49.0000000000                  34.0000000000                8054.3431125841 
                 49.0000000000                  34.5000000000                7690.4345221654 
                 49.0000000000                  35.0000000000                7232.4304896773 
                 49.0000000000                  35.5000000000                6736.4389221702 
                 49.0000000000                  36.0000000000                6460.6759472304 
                 49.0000000000                  36.5000000000                6497.6490280272 
                 49.0000000000                  37.0000000000                6692.1719953347 
                 49.0000000000                  37.5000000000                6917.4041690705 
                 49.0000000000                  38.0000000000                6928.2242408029 
                 49.0000000000                  38.5000000000                6535.6944675556 
                 49.0000000000                  39.0000000000                5704.8659140955 
                 49.0000000000                  39.5000000000                4304.1496314636 
                 49.0000000000                  40.0000000000                2814.3809175371 
                 49.0000000000                  40.5000000000                1823.5549329809 
                 49.0000000000                  41.0000000000                1230.7522409862 
                 49.0000000000                  41.5000000000                 946.6074732546 
                 49.0000000000                  42.0000000000                 796.0647183826 
                 49.0000000000                  42.5000000000                 533.8067527552 
                 49.0000000000                  43.0000000000                 144.8188095066 
                 49.0000000000                  43.5000000000                -380.8209998021 
                 49.0000000000                  44.0000000000                -824.3223125959 
                 49.0000000000                  44.5000000000                -720.3902919744 
                 49.0000000000                  45.0000000000                  -9.1331827198 
                 49.0000000000                  45.5000000000                1213.1045944710 
                 49.0000000000                  46.0000000000                2809.9487508727 
                 49.0000000000                  46.5000000000                4286.6690702743 
                 49.0000000000                  47.0000000000                5327.7420755999 
                 49.0000000000                  47.5000000000                5769.5447132183 
                 49.0000000000                  48.0000000000                5196.4786644982 
                 49.0000000000                  48.5000000000                4089.6567233038 
                 49.0000000000                  49.0000000000                2991.8462892572 
                 49.0000000000                  49.5000000000                1669.1454306094 
                 49.0000000000                  50.0000000000                   0.0000000000 
                 49.5000000000                   0.0000000000                   0.0000000000 
                 49.5000000000                   0.5000000000                 569.9932563476 
                 49.5000000000                   1.0000000000                1026.1962758057 
                 49.5000000000                   1.5000000000                1461.3871444124 
                 49.5000000000                   2.0000000000                1880.3133947516 
                 49.5000000000                   2.5000000000                2276.8730542548 
                 49.5000000000                   3.0000000000                2644.7781554003 
                 49.5000000000                   3.5000000000                2954.2368237789 
                 49.5000000000                   4.0000000000                3061.9799780618 
                 49.5000000000                   4.5000000000                2994.9481023082 
                 49.5000000000                   5.0000000000                2991.1824961008 
                 49.5000000000                   5.5000000000                3068.0726495843 
                 49.5000000000                   6.0000000000                3242.3924256845 
                 49.5000000000                   6.5000000000                3551.4977129907 
                 49.5000000000                   7.0000000000                3854.4411000410 
                 49.5000000000                   7.5000000000                4097.1559183506 
                 49.5000000000                   8.0000000000                4204.4208223633 
                 49.5000000000                   8.5000000000                4027.4958801409 
                 49.5000000000                   9.0000000000                3773.0481383608 
                 49.5000000000                   9.5000000000                3602.7107414777 
                 49.5000000000                  10.0000000000                3490.5319214222 
                 49.5000000000                  10.5000000000                3547.6317096346 
                 49.5000000000                  11.0000000000                3735.8915293777 
                 49.5000000000                  11.5000000000                3983.2261147189 
                 49.5000000000                  12.0000000000                4306.4802739313 
                 49.5000000000                  12.5000000000                4673.4041976305 
                 49.5000000000                  13.0000000000                5020.8475862239 
                 49.5000000000                  13.5000000000                5317.7294317249 
                 49.5000000000                  14.0000000000                5573.7737264608 
                 49.5000000000                  14.5000000000                5755.1591001198 
                 49.5000000000                  15.0000000000                5867.6097155527 
                 49.5000000000                  15.5000000000                5965.0027984069 
                 49.5000000000                  16.0000000000                6073.0817126635 
                 49.5000000000                  16.5000000000                6266.1706576634 
                 49.5000000000                  17.0000000000                6657.5002040529 
                 49.5000000000                  17.5000000000                7269.7904899893 
                 49.5000000000                  18.0000000000                8062.8129985929 
                 49.5000000000                  18.5000000000                9046.9778536900 
                 49.5000000000                  19.0000000000               10061.3373206764 
                 49.5000000000                  19.5000000000               10818.3931064107 
                 49.5000000000                  20.0000000000               11265.4628982720 
                 49.5000000000                  20.5000000000               11235.4813146550 
                 49.5000000000                  21.0000000000               10593.4456784168 
                 49.5000000000                  21.5000000000               10001.8603060933 
                 49.5000000000                  22.0000000000                9734.1147161764 
                 49.5000000000                  22.5000000000                9410.9875514414 
                 49.5000000000                  23.0000000000                8808.9900391725 
                 49.5000000000                  23.5000000000                7975.5406338147 
                 49.5000000000                  24.0000000000                7116.3090334769 
                 49.5000000000                  24.5000000000                6271.8791835389 
                 49.5000000000                  25.0000000000                5563.3650935098 
                 49.5000000000                  25.5000000000                5062.6407262840 
                 49.5000000000                  26.0000000000                4711.8903120412 
                 49.5000000000                  26.5000000000                4451.1028988219 
                 49.5000000000                  27.0000000000                4243.8459110490 
                 49.5000000000                  27.5000000000                4210.2408322458 
                 49.5000000000                  28.0000000000                4410.4031357277 
                 49.5000000000                  28.5000000000                4713.3139075326 
                 49.5000000000                  29.0000000000                4897.6856174228 
                 49.5000000000                  29.5000000000                4780.3534281761 
                 49.5000000000                  30.0000000000                4492.5893958321 
                 49.5000000000                  30.5000000000                4187.5094057032 
                 49.5000000000                  31.0000000000                4040.4293722946 
                 49.5000000000                  31.5000000000                4151.8941583387 
                 49.5000000000                  32.0000000000                4285.5525387192 
                 49.5000000000                  32.5000000000                4358.6581817625 
                 49.5000000000                  33.0000000000                4388.1050303533 
                 49.5000000000                  33.5000000000                4266.3238460593 
                 49.5000000000                  34.0000000000                4058.7995812891 
                 49.5000000000                  34.5000000000                3838.1844946541 
                 49.5000000000                  35.0000000000                3588.1460377070 
                 49.5000000000                  35.5000000000                3378.3063528755 
                 49.5000000000                  36.0000000000                3302.0408254438 
                 49.5000000000                  36.5000000000                3365.8335584579 
                 49.5000000000                  37.0000000000                3509.4914333607 
                 49.5000000000                  37.5000000000                3628.9449545713 
                 49.5000000000                  38.0000000000                3605.5166073633 
                 49.5000000000                  38.5000000000                3378.2595304358 
                 49.5000000000                  39.0000000000                2921.1491601073 
                 49.5000000000                  39.5000000000                2118.3973785141 
                 49.5000000000                  40.0000000000                1270.7146584579 
                 49.5000000000                  40.5000000000                 752.0991155788 
                 49.5000000000                  41.0000000000                 461.6275943916 
                 49.5000000000                  41.5000000000                 344.4203226332 
                 49.5000000000                  42.0000000000                 299.1003585108 
                 49.5000000000                  42.5000000000                 182.2564533561 
                 49.5000000000                  43.0000000000                  -7.4993767887 
                 49.5000000000                  43.5000000000                -233.6370650091 
                 49.5000000000                  44.0000000000                -398.1131165001 
                 49.5000000000                  44.5000000000                -323.0198698050 
                 49.5000000000                  45.0000000000                  71.8726908857 
                 49.5000000000                  45.5000000000                 811.5759395960 
                 49.5000000000                  46.0000000000                1803.9586160447 
                 49.5000000000                  46.5000000000                2682.6798088091 
                 49.5000000000                  47.0000000000                3226.6372908403 
                 49.5000000000                  47.5000000000                3354.2112356204 
                 49.5000000000                  48.0000000000                2915.1656528227 
                 49.5000000000                  48.5000000000                2257.6790580356 
                 49.5000000000                  49.0000000000                1650.9253650961 
                 49.5000000000                  49.5000000000                 935.4933615201 
                 49.5000000000                  50.0000000000                   0.0000000000 
                 50.0000000000                   0.0000000000                   0.0000000000 
                 50.0000000000                   0.5000000000                   0.0000000000 
                 50.0000000000                   1.0000000000                   0.0000000000 
                 50.0000000000                   1.5000000000                   0.0000000000 
                 50.0000000000                   2.0000000000                   0.0000000000 
                 50.0000000000                   2.5000000000                   0.0000000000 
                 50.0000000000                   3.0000000000                   0.0000000000 
                 50.0000000000                   3.5000000000                   0.0000000000 
                 50.0000000000                   4.0000000000                   0.0000000000 
                 50.0000000000                   4.5000000000                   0.0000000000 
                 50.0000000000                   5.0000000000                   0.0000000000 
                 50.0000000000                   5.5000000000                   0.0000000000 
                 50.0000000000                   6.0000000000                   0.0000000000 
                 50.0000000000                   6.5000000000                   0.0000000000 
                 50.0000000000                   7.0000000000                   0.0000000000 
                 50.0000000000                   7.5000000000                   0.0000000000 
                 50.0000000000                   8.0000000000                   0.0000000000 
                 50.0000000000                   8.5000000000                   0.0000000000 
                 50.0000000000                   9.0000000000                   0.0000000000 
                 50.0000000000                   9.5000000000                   0.0000000000 
                 50.0000000000                  10.0000000000                   0.0000000000 
                 50.0000000000                  10.5000000000                   0.0000000000 
                 50.0000000000                  11.0000000000                   0.0000000000 
                 50.0000000000                  11.5000000000                   0.0000000000 
                 50.0000000000                  12.0000000000                   0.0000000000 
                 50.0000000000                  12.5000000000                   0.0000000000 
                 50.0000000000                  13.0000000000                   0.0000000000 
                 50.0000000000                  13.5000000000                   0.0000000000 
                 50.0000000000                  14.0000000000                   0.0000000000 
                 50.0000000000                  14.5000000000                   0.0000000000 
                 50.0000000000                  15.0000000000                   0.0000000000 
                 50.0000000000                  15.5000000000                   0.0000000000 
                 50.0000000000                  16.0000000000                   0.0000000000 
                 50.0000000000                  16.5000000000                   0.0000000000 
                 50.0000000000                  17.0000000000                   0.0000000000 
                 50.0000000000                  17.5000000000                   0.0000000000 
                 50.0000000000                  18.0000000000                   0.0000000000 
                 50.0000000000                  18.5000000000                   0.0000000000 
                 50.0000000000                  19.0000000000                   0.0000000000 
                 50.0000000000                  19.5000000000                   0.0000000000 
                 50.0000000000                  20.0000000000                   0.0000000000 
                 50.0000000000                  20.5000000000                   0.0000000000 
                 50.0000000000                  21.0000000000                   0.0000000000 
                 50.0000000000                  21.5000000000                   0.0000000000 
                 50.0000000000                  22.0000000000                   0.0000000000 
                 50.0000000000                  22.5000000000                   0.0000000000 
                 50.0000000000                  23.0000000000                   0.0000000000 
                 50.0000000000                  23.5000000000                   0.0000000000 
                 50.0000000000                  24.0000000000                   0.0000000000 
                 50.0000000000                  24.5000000000                   0.0000000000 
                 50.0000000000                  25.0000000000                   0.0000000000 
                 50.0000000000                  25.5000000000                   0.0000000000 
                 50.0000000000                  26.0000000000                   0.0000000000 
                 50.0000000000                  26.5000000000                   0.0000000000 
                 50.0000000000                  27.0000000000                   0.0000000000 
                 50.0000000000                  27.5000000000                   0.0000000000 
                 50.0000000000                  28.0000000000                   0.0000000000 
                 50.0000000000                  28.5000000000                   0.0000000000 
                 50.0000000000                  29.0000000000                   0.0000000000 
                 50.0000000000                  29.5000000000                   0.0000000000 
                 50.0000000000                  30.0000000000                   0.0000000000 
                 50.0000000000                  30.5000000000                   0.0000000000 
                 50.0000000000                  31.0000000000                   0.0000000000 
                 50.0000000000                  31.5000000000                   0.0000000000 
                 50.0000000000                  32.0000000000                   0.0000000000 
                 50.0000000000                  32.5000000000                   0.0000000000 
                 50.0000000000                  33.0000000000                   0.0000000000 
                 50.0000000000                  33.5000000000                   0.0000000000 
                 50.0000000000                  34.0000000000                   0.0000000000 
                 50.0000000000                  34.5000000000                   0.0000000000 
                 50.0000000000                  35.0000000000                   0.0000000000 
                 50.0000000000                  35.5000000000                   0.0000000000 
                 50.0000000000                  36.0000000000                   0.0000000000 
                 50.0000000000                  36.5000000000                   0.0000000000 
                 50.0000000000                  37.0000000000                   0.0000000000 
                 50.0000000000                  37.5000000000                   0.0000000000 
                 50.0000000000                  38.0000000000                   0.0000000000 
                 50.0000000000                  38.5000000000                   0.0000000000 
                 50.0000000000                  39.0000000000                   0.0000000000 
                 50.0000000000                  39.5000000000                   0.0000000000 
                 50.0000000000                  40.0000000000                   0.0000000000 
                 50.0000000000                  40.5000000000                   0.0000000000 
                 50.0000000000                  41.0000000000                   0.0000000000 
                 50.0000000000                  41.5000000000                   0.0000000000 
                 50.0000000000                  42.0000000000                   0.0000000000 
                 50.0000000000                  42.5000000000                   0.0000000000 
                 50.0000000000                  43.0000000000                   0.0000000000 
                 50.0000000000                  43.5000000000                   0.0000000000 
                 50.0000000000                  44.0000000000                   0.0000000000 
                 50.0000000000                  44.5000000000                   0.0000000000 
                 50.0000000000                  45.0000000000                   0.0000000000 
                 50.0000000000                  45.5000000000                   0.0000000000 
                 50.0000000000                  46.0000000000                   0.0000000000 
                 50.0000000000                  46.5000000000                   0.0000000000 
                 50.0000000000                  47.0000000000                   0.0000000000 
                 50.0000000000                  47.5000000000                   0.0000000000 
                 50.0000000000                  48.0000000000                   0.0000000000 
                 50.0000000000                  48.5000000000                   0.0000000000 
                 50.0000000000                  49.0000000000                   0.0000000000 
                 50.0000000000                  49.5000000000                   0.0000000000 
                 50.0000000000                  50.0000000000                   0.0000000000 
