                  0.0000000000                   0.0000000000                   0.0000000000 
                  0.0000000000                   0.5000000000                   0.0000000000 
                  0.0000000000                   1.0000000000                   0.0000000000 
                  0.0000000000                   1.5000000000                   0.0000000000 
                  0.0000000000                   2.0000000000                   0.0000000000 
                  0.0000000000                   2.5000000000                   0.0000000000 
                  0.0000000000                   3.0000000000                   0.0000000000 
                  0.0000000000                   3.5000000000                   0.0000000000 
                  0.0000000000                   4.0000000000                   0.0000000000 
                  0.0000000000                   4.5000000000                   0.0000000000 
                  0.0000000000                   5.0000000000                   0.0000000000 
                  0.0000000000                   5.5000000000                   0.0000000000 
                  0.0000000000                   6.0000000000                   0.0000000000 
                  0.0000000000                   6.5000000000                   0.0000000000 
                  0.0000000000                   7.0000000000                   0.0000000000 
                  0.0000000000                   7.5000000000                   0.0000000000 
                  0.0000000000                   8.0000000000                   0.0000000000 
                  0.0000000000                   8.5000000000                   0.0000000000 
                  0.0000000000                   9.0000000000                   0.0000000000 
                  0.0000000000                   9.5000000000                   0.0000000000 
                  0.0000000000                  10.0000000000                   0.0000000000 
                  0.0000000000                  10.5000000000                   0.0000000000 
                  0.0000000000                  11.0000000000                   0.0000000000 
                  0.0000000000                  11.5000000000                   0.0000000000 
                  0.0000000000                  12.0000000000                   0.0000000000 
                  0.0000000000                  12.5000000000                   0.0000000000 
                  0.0000000000                  13.0000000000                   0.0000000000 
                  0.0000000000                  13.5000000000                   0.0000000000 
                  0.0000000000                  14.0000000000                   0.0000000000 
                  0.0000000000                  14.5000000000                   0.0000000000 
                  0.0000000000                  15.0000000000                   0.0000000000 
                  0.0000000000                  15.5000000000                   0.0000000000 
                  0.0000000000                  16.0000000000                   0.0000000000 
                  0.0000000000                  16.5000000000                   0.0000000000 
                  0.0000000000                  17.0000000000                   0.0000000000 
                  0.0000000000                  17.5000000000                   0.0000000000 
                  0.0000000000                  18.0000000000                   0.0000000000 
                  0.0000000000                  18.5000000000                   0.0000000000 
                  0.0000000000                  19.0000000000                   0.0000000000 
                  0.0000000000                  19.5000000000                   0.0000000000 
                  0.0000000000                  20.0000000000                   0.0000000000 
                  0.0000000000                  20.5000000000                   0.0000000000 
                  0.0000000000                  21.0000000000                   0.0000000000 
                  0.0000000000                  21.5000000000                   0.0000000000 
                  0.0000000000                  22.0000000000                   0.0000000000 
                  0.0000000000                  22.5000000000                   0.0000000000 
                  0.0000000000                  23.0000000000                   0.0000000000 
                  0.0000000000                  23.5000000000                   0.0000000000 
                  0.0000000000                  24.0000000000                   0.0000000000 
                  0.0000000000                  24.5000000000                   0.0000000000 
                  0.0000000000                  25.0000000000                   0.0000000000 
                  0.0000000000                  25.5000000000                   0.0000000000 
                  0.0000000000                  26.0000000000                   0.0000000000 
                  0.0000000000                  26.5000000000                   0.0000000000 
                  0.0000000000                  27.0000000000                   0.0000000000 
                  0.0000000000                  27.5000000000                   0.0000000000 
                  0.0000000000                  28.0000000000                   0.0000000000 
                  0.0000000000                  28.5000000000                   0.0000000000 
                  0.0000000000                  29.0000000000                   0.0000000000 
                  0.0000000000                  29.5000000000                   0.0000000000 
                  0.0000000000                  30.0000000000                   0.0000000000 
                  0.0000000000                  30.5000000000                   0.0000000000 
                  0.0000000000                  31.0000000000                   0.0000000000 
                  0.0000000000                  31.5000000000                   0.0000000000 
                  0.0000000000                  32.0000000000                   0.0000000000 
                  0.0000000000                  32.5000000000                   0.0000000000 
                  0.0000000000                  33.0000000000                   0.0000000000 
                  0.0000000000                  33.5000000000                   0.0000000000 
                  0.0000000000                  34.0000000000                   0.0000000000 
                  0.0000000000                  34.5000000000                   0.0000000000 
                  0.0000000000                  35.0000000000                   0.0000000000 
                  0.0000000000                  35.5000000000                   0.0000000000 
                  0.0000000000                  36.0000000000                   0.0000000000 
                  0.0000000000                  36.5000000000                   0.0000000000 
                  0.0000000000                  37.0000000000                   0.0000000000 
                  0.0000000000                  37.5000000000                   0.0000000000 
                  0.0000000000                  38.0000000000                   0.0000000000 
                  0.0000000000                  38.5000000000                   0.0000000000 
                  0.0000000000                  39.0000000000                   0.0000000000 
                  0.0000000000                  39.5000000000                   0.0000000000 
                  0.0000000000                  40.0000000000                   0.0000000000 
                  0.0000000000                  40.5000000000                   0.0000000000 
                  0.0000000000                  41.0000000000                   0.0000000000 
                  0.0000000000                  41.5000000000                   0.0000000000 
                  0.0000000000                  42.0000000000                   0.0000000000 
                  0.0000000000                  42.5000000000                   0.0000000000 
                  0.0000000000                  43.0000000000                   0.0000000000 
                  0.0000000000                  43.5000000000                   0.0000000000 
                  0.0000000000                  44.0000000000                   0.0000000000 
                  0.0000000000                  44.5000000000                   0.0000000000 
                  0.0000000000                  45.0000000000                   0.0000000000 
                  0.0000000000                  45.5000000000                   0.0000000000 
                  0.0000000000                  46.0000000000                   0.0000000000 
                  0.0000000000                  46.5000000000                   0.0000000000 
                  0.0000000000                  47.0000000000                   0.0000000000 
                  0.0000000000                  47.5000000000                   0.0000000000 
                  0.0000000000                  48.0000000000                   0.0000000000 
                  0.0000000000                  48.5000000000                   0.0000000000 
                  0.0000000000                  49.0000000000                   0.0000000000 
                  0.0000000000                  49.5000000000                   0.0000000000 
                  0.0000000000                  50.0000000000                   0.0000000000 
                  0.5000000000                   0.0000000000                   0.0000000000 
                  0.5000000000                   0.5000000000                 480.4291209288 
                  0.5000000000                   1.0000000000                 736.8872888265 
                  0.5000000000                   1.5000000000                 809.8414222185 
                  0.5000000000                   2.0000000000                 551.5398510678 
                  0.5000000000                   2.5000000000                 230.4443476915 
                  0.5000000000                   3.0000000000                 228.5073043205 
                  0.5000000000                   3.5000000000                 431.8681698730 
                  0.5000000000                   4.0000000000                 737.1842192823 
                  0.5000000000                   4.5000000000                1077.0393214830 
                  0.5000000000                   5.0000000000                1396.2410059792 
                  0.5000000000                   5.5000000000                1692.1887573171 
                  0.5000000000                   6.0000000000                1961.6209122596 
                  0.5000000000                   6.5000000000                2248.8551024371 
                  0.5000000000                   7.0000000000                2652.0903483730 
                  0.5000000000                   7.5000000000                3190.0569233047 
                  0.5000000000                   8.0000000000                3909.7555024266 
                  0.5000000000                   8.5000000000                4850.3235232464 
                  0.5000000000                   9.0000000000                5811.3123419387 
                  0.5000000000                   9.5000000000                6687.3555532858 
                  0.5000000000                  10.0000000000                7455.3291942071 
                  0.5000000000                  10.5000000000                7872.7929921921 
                  0.5000000000                  11.0000000000                8152.6077027839 
                  0.5000000000                  11.5000000000                8560.6543505779 
                  0.5000000000                  12.0000000000                9012.0234510024 
                  0.5000000000                  12.5000000000                9548.9208916620 
                  0.5000000000                  13.0000000000                9985.5632957667 
                  0.5000000000                  13.5000000000               10178.8155856123 
                  0.5000000000                  14.0000000000               10230.1765300593 
                  0.5000000000                  14.5000000000               10245.1399695652 
                  0.5000000000                  15.0000000000               10442.7260198846 
                  0.5000000000                  15.5000000000               10898.3144539530 
                  0.5000000000                  16.0000000000               11488.9310986437 
                  0.5000000000                  16.5000000000               12055.0315511893 
                  0.5000000000                  17.0000000000               12414.0391535055 
                  0.5000000000                  17.5000000000               12573.0246573659 
                  0.5000000000                  18.0000000000               12648.4143762715 
                  0.5000000000                  18.5000000000               12768.9998816520 
                  0.5000000000                  19.0000000000               13101.8051036919 
                  0.5000000000                  19.5000000000               13638.4278270215 
                  0.5000000000                  20.0000000000               14292.5905595017 
                  0.5000000000                  20.5000000000               15001.7611619438 
                  0.5000000000                  21.0000000000               15667.5891113983 
                  0.5000000000                  21.5000000000               16309.6056270542 
                  0.5000000000                  22.0000000000               16949.4054008049 
                  0.5000000000                  22.5000000000               17515.5135793661 
                  0.5000000000                  23.0000000000               17892.2765184078 
                  0.5000000000                  23.5000000000               18097.0030068313 
                  0.5000000000                  24.0000000000               18273.4948710519 
                  0.5000000000                  24.5000000000               18527.1448426213 
                  0.5000000000                  25.0000000000               19097.2358185316 
                  0.5000000000                  25.5000000000               20102.7408027781 
                  0.5000000000                  26.0000000000               21397.3616357052 
                  0.5000000000                  26.5000000000               22839.7340960623 
                  0.5000000000                  27.0000000000               24166.7942562684 
                  0.5000000000                  27.5000000000               25102.6941797885 
                  0.5000000000                  28.0000000000               25690.8547174367 
                  0.5000000000                  28.5000000000               26046.5976698989 
                  0.5000000000                  29.0000000000               26142.2369759742 
                  0.5000000000                  29.5000000000               25944.7499201040 
                  0.5000000000                  30.0000000000               25511.0029052247 
                  0.5000000000                  30.5000000000               24897.5474492788 
                  0.5000000000                  31.0000000000               24091.8700847771 
                  0.5000000000                  31.5000000000               23075.1088906226 
                  0.5000000000                  32.0000000000               21863.3257280294 
                  0.5000000000                  32.5000000000               20480.7985472127 
                  0.5000000000                  33.0000000000               18865.1226916566 
                  0.5000000000                  33.5000000000               17086.7373106065 
                  0.5000000000                  34.0000000000               15521.8895805023 
                  0.5000000000                  34.5000000000               14294.5631631616 
                  0.5000000000                  35.0000000000               13300.7658239907 
                  0.5000000000                  35.5000000000               12550.1201375995 
                  0.5000000000                  36.0000000000               11967.9654615013 
                  0.5000000000                  36.5000000000               11505.8788634683 
                  0.5000000000                  37.0000000000               11183.7499254047 
                  0.5000000000                  37.5000000000               10982.1931016389 
                  0.5000000000                  38.0000000000               10600.2814459811 
                  0.5000000000                  38.5000000000                9810.6239816603 
                  0.5000000000                  39.0000000000                8673.4724272667 
                  0.5000000000                  39.5000000000                7166.5659858638 
                  0.5000000000                  40.0000000000                5634.3352410700 
                  0.5000000000                  40.5000000000                4384.5778101010 
                  0.5000000000                  41.0000000000                3288.2216796939 
                  0.5000000000                  41.5000000000                2136.2018499640 
                  0.5000000000                  42.0000000000                1173.9097109111 
                  0.5000000000                  42.5000000000                 766.0128125747 
                  0.5000000000                  43.0000000000                 721.2350927998 
                  0.5000000000                  43.5000000000                 883.5414927081 
                  0.5000000000                  44.0000000000                1164.7055713266 
                  0.5000000000                  44.5000000000                1416.3936754574 
                  0.5000000000                  45.0000000000                1643.3439331803 
                  0.5000000000                  45.5000000000                1926.7437169900 
                  0.5000000000                  46.0000000000                2245.3617705730 
                  0.5000000000                  46.5000000000                2455.4814417230 
                  0.5000000000                  47.0000000000                2516.6706755158 
                  0.5000000000                  47.5000000000                2532.5408565578 
                  0.5000000000                  48.0000000000                2655.1263046488 
                  0.5000000000                  48.5000000000                2787.5413636550 
                  0.5000000000                  49.0000000000                2727.5662230132 
                  0.5000000000                  49.5000000000                2302.4645297269 
                  0.5000000000                  50.0000000000                   0.0000000000 
                  1.0000000000                   0.0000000000                   0.0000000000 
                  1.0000000000                   0.5000000000                 784.1935519742 
                  1.0000000000                   1.0000000000                1261.5956891677 
                  1.0000000000                   1.5000000000                1416.5492104432 
                  1.0000000000                   2.0000000000                1077.4039424754 
                  1.0000000000                   2.5000000000                 670.1154304380 
                  1.0000000000                   3.0000000000                 752.5226559462 
                  1.0000000000                   3.5000000000                1182.6531375297 
                  1.0000000000                   4.0000000000                1808.8922292588 
                  1.0000000000                   4.5000000000                2502.2380699121 
                  1.0000000000                   5.0000000000                3144.9472190622 
                  1.0000000000                   5.5000000000                3737.1197663540 
                  1.0000000000                   6.0000000000                4294.2368462822 
                  1.0000000000                   6.5000000000                4895.7616889708 
                  1.0000000000                   7.0000000000                5689.1673363288 
                  1.0000000000                   7.5000000000                6717.1208817391 
                  1.0000000000                   8.0000000000                8019.8465243306 
                  1.0000000000                   8.5000000000                9607.9227359602 
                  1.0000000000                   9.0000000000               11265.4743906233 
                  1.0000000000                   9.5000000000               12840.4452383723 
                  1.0000000000                  10.0000000000               14248.9022939954 
                  1.0000000000                  10.5000000000               15271.0157920215 
                  1.0000000000                  11.0000000000               16082.1678248530 
                  1.0000000000                  11.5000000000               16947.5352995468 
                  1.0000000000                  12.0000000000               17858.2710976624 
                  1.0000000000                  12.5000000000               18855.3826748367 
                  1.0000000000                  13.0000000000               19717.2301164810 
                  1.0000000000                  13.5000000000               20248.1926161849 
                  1.0000000000                  14.0000000000               20539.0849578888 
                  1.0000000000                  14.5000000000               20705.1956837638 
                  1.0000000000                  15.0000000000               21098.1373540130 
                  1.0000000000                  15.5000000000               21912.7748112342 
                  1.0000000000                  16.0000000000               22960.8839845980 
                  1.0000000000                  16.5000000000               24025.6296301857 
                  1.0000000000                  17.0000000000               24852.6526087768 
                  1.0000000000                  17.5000000000               25369.3105988237 
                  1.0000000000                  18.0000000000               25722.6557515299 
                  1.0000000000                  18.5000000000               26100.1881649938 
                  1.0000000000                  19.0000000000               26749.5562527407 
                  1.0000000000                  19.5000000000               27747.2136385649 
                  1.0000000000                  20.0000000000               28975.8583787212 
                  1.0000000000                  20.5000000000               30310.5909611991 
                  1.0000000000                  21.0000000000               31620.1212142217 
                  1.0000000000                  21.5000000000               32885.3734625759 
                  1.0000000000                  22.0000000000               34114.4576756177 
                  1.0000000000                  22.5000000000               35228.8371376416 
                  1.0000000000                  23.0000000000               36096.0944964337 
                  1.0000000000                  23.5000000000               36706.7523173063 
                  1.0000000000                  24.0000000000               37225.1100528654 
                  1.0000000000                  24.5000000000               37836.3974332027 
                  1.0000000000                  25.0000000000               38847.1506854362 
                  1.0000000000                  25.5000000000               40461.9879551084 
                  1.0000000000                  26.0000000000               42505.4357269991 
                  1.0000000000                  26.5000000000               44684.8597372510 
                  1.0000000000                  27.0000000000               46658.3775975947 
                  1.0000000000                  27.5000000000               48096.0582732172 
                  1.0000000000                  28.0000000000               48994.3768358931 
                  1.0000000000                  28.5000000000               49482.1093167913 
                  1.0000000000                  29.0000000000               49560.2294006062 
                  1.0000000000                  29.5000000000               49208.2313070061 
                  1.0000000000                  30.0000000000               48478.1369769538 
                  1.0000000000                  30.5000000000               47426.0063654609 
                  1.0000000000                  31.0000000000               46043.6457358188 
                  1.0000000000                  31.5000000000               44306.1625377350 
                  1.0000000000                  32.0000000000               42214.8188527544 
                  1.0000000000                  32.5000000000               39780.6203942518 
                  1.0000000000                  33.0000000000               36923.2548268186 
                  1.0000000000                  33.5000000000               33765.0406778769 
                  1.0000000000                  34.0000000000               30868.8492663490 
                  1.0000000000                  34.5000000000               28476.8384400156 
                  1.0000000000                  35.0000000000               26490.8764211454 
                  1.0000000000                  35.5000000000               24927.9128855799 
                  1.0000000000                  36.0000000000               23705.5844934866 
                  1.0000000000                  36.5000000000               22764.6415208681 
                  1.0000000000                  37.0000000000               22118.1952678965 
                  1.0000000000                  37.5000000000               21726.4041520606 
                  1.0000000000                  38.0000000000               21126.7084045641 
                  1.0000000000                  38.5000000000               19889.1707743594 
                  1.0000000000                  39.0000000000               17971.6237511654 
                  1.0000000000                  39.5000000000               15179.8415334556 
                  1.0000000000                  40.0000000000               12132.0403400699 
                  1.0000000000                  40.5000000000                9561.2059569924 
                  1.0000000000                  41.0000000000                7276.2562475273 
                  1.0000000000                  41.5000000000                4917.3259305630 
                  1.0000000000                  42.0000000000                3002.5814703521 
                  1.0000000000                  42.5000000000                2163.1861433627 
                  1.0000000000                  43.0000000000                2003.6387048939 
                  1.0000000000                  43.5000000000                2205.9601225500 
                  1.0000000000                  44.0000000000                2608.3998507946 
                  1.0000000000                  44.5000000000                3002.9911226499 
                  1.0000000000                  45.0000000000                3393.4916196987 
                  1.0000000000                  45.5000000000                3896.9914768656 
                  1.0000000000                  46.0000000000                4487.0437320587 
                  1.0000000000                  46.5000000000                4916.6326429435 
                  1.0000000000                  47.0000000000                5081.0875606868 
                  1.0000000000                  47.5000000000                5080.4275538196 
                  1.0000000000                  48.0000000000                5025.8523804590 
                  1.0000000000                  48.5000000000                4887.2560117169 
                  1.0000000000                  49.0000000000                4448.8970391277 
                  1.0000000000                  49.5000000000                3288.1524086976 
                  1.0000000000                  50.0000000000                   0.0000000000 
                  1.5000000000                   0.0000000000                   0.0000000000 
                  1.5000000000                   0.5000000000                1026.9983705738 
                  1.5000000000                   1.0000000000                1706.5729649276 
                  1.5000000000                   1.5000000000                1987.7366519724 
                  1.5000000000                   2.0000000000                1669.6023955004 
                  1.5000000000                   2.5000000000                1301.1516893757 
                  1.5000000000                   3.0000000000                1557.8113512755 
                  1.5000000000                   3.5000000000                2251.7355297555 
                  1.5000000000                   4.0000000000                3207.1073363440 
                  1.5000000000                   4.5000000000                4250.9066390878 
                  1.5000000000                   5.0000000000                5214.4729056300 
                  1.5000000000                   5.5000000000                6102.8242988944 
                  1.5000000000                   6.0000000000                6948.9177821971 
                  1.5000000000                   6.5000000000                7857.6013738129 
                  1.5000000000                   7.0000000000                9010.7558008081 
                  1.5000000000                   7.5000000000               10461.7017926674 
                  1.5000000000                   8.0000000000               12234.4592107420 
                  1.5000000000                   8.5000000000               14326.3293011291 
                  1.5000000000                   9.0000000000               16540.4943500601 
                  1.5000000000                   9.5000000000               18712.0690417630 
                  1.5000000000                  10.0000000000               20727.2105173999 
                  1.5000000000                  10.5000000000               22381.9606480351 
                  1.5000000000                  11.0000000000               23775.0037856554 
                  1.5000000000                  11.5000000000               25123.4995909624 
                  1.5000000000                  12.0000000000               26481.1166650770 
                  1.5000000000                  12.5000000000               27920.3798362693 
                  1.5000000000                  13.0000000000               29231.4580762912 
                  1.5000000000                  13.5000000000               30199.3732889851 
                  1.5000000000                  14.0000000000               30875.5839467614 
                  1.5000000000                  14.5000000000               31312.5736654970 
                  1.5000000000                  15.0000000000               31945.6028411184 
                  1.5000000000                  15.5000000000               33086.5138539754 
                  1.5000000000                  16.0000000000               34522.4093526051 
                  1.5000000000                  16.5000000000               36042.6975732447 
                  1.5000000000                  17.0000000000               37372.2193510512 
                  1.5000000000                  17.5000000000               38369.1585506236 
                  1.5000000000                  18.0000000000               39162.8059233970 
                  1.5000000000                  18.5000000000               39928.6906990319 
                  1.5000000000                  19.0000000000               40957.5702166173 
                  1.5000000000                  19.5000000000               42414.6347256761 
                  1.5000000000                  20.0000000000               44173.9341967975 
                  1.5000000000                  20.5000000000               46075.6583869930 
                  1.5000000000                  21.0000000000               47972.8346274018 
                  1.5000000000                  21.5000000000               49814.0630637581 
                  1.5000000000                  22.0000000000               51598.5103760457 
                  1.5000000000                  22.5000000000               53265.0766550647 
                  1.5000000000                  23.0000000000               54691.1706464407 
                  1.5000000000                  23.5000000000               55831.3344527644 
                  1.5000000000                  24.0000000000               56821.0799170458 
                  1.5000000000                  24.5000000000               57842.1114610597 
                  1.5000000000                  25.0000000000               59192.7567367462 
                  1.5000000000                  25.5000000000               61134.2177942449 
                  1.5000000000                  26.0000000000               63485.8211180905 
                  1.5000000000                  26.5000000000               65887.2302271231 
                  1.5000000000                  27.0000000000               68021.2110905025 
                  1.5000000000                  27.5000000000               69578.8649382796 
                  1.5000000000                  28.0000000000               70526.6760138325 
                  1.5000000000                  28.5000000000               70980.0932568394 
                  1.5000000000                  29.0000000000               70957.3534416177 
                  1.5000000000                  29.5000000000               70448.3723010618 
                  1.5000000000                  30.0000000000               69488.2550133115 
                  1.5000000000                  30.5000000000               68118.5015320928 
                  1.5000000000                  31.0000000000               66328.3409049286 
                  1.5000000000                  31.5000000000               64083.9447216075 
                  1.5000000000                  32.0000000000               61363.0542244687 
                  1.5000000000                  32.5000000000               58157.0095317836 
                  1.5000000000                  33.0000000000               54354.2919995677 
                  1.5000000000                  33.5000000000               50076.4491712460 
                  1.5000000000                  34.0000000000               46003.3894375355 
                  1.5000000000                  34.5000000000               42484.9100923228 
                  1.5000000000                  35.0000000000               39472.9968395736 
                  1.5000000000                  35.5000000000               37036.4233092082 
                  1.5000000000                  36.0000000000               35120.5816858575 
                  1.5000000000                  36.5000000000               33675.3883709560 
                  1.5000000000                  37.0000000000               32711.6366237937 
                  1.5000000000                  37.5000000000               32193.7805002377 
                  1.5000000000                  38.0000000000               31557.6861556967 
                  1.5000000000                  38.5000000000               30204.7180045570 
                  1.5000000000                  39.0000000000               27951.2912027218 
                  1.5000000000                  39.5000000000               24160.9877243790 
                  1.5000000000                  40.0000000000               19666.0647896474 
                  1.5000000000                  40.5000000000               15802.7361156666 
                  1.5000000000                  41.0000000000               12301.2752638967 
                  1.5000000000                  41.5000000000                8583.0663955672 
                  1.5000000000                  42.0000000000                5600.8352576276 
                  1.5000000000                  42.5000000000                4295.8920627662 
                  1.5000000000                  43.0000000000                3912.1477624472 
                  1.5000000000                  43.5000000000                4004.4452437085 
                  1.5000000000                  44.0000000000                4376.6541898290 
                  1.5000000000                  44.5000000000                4783.2988743986 
                  1.5000000000                  45.0000000000                5232.4986963673 
                  1.5000000000                  45.5000000000                5868.2332883845 
                  1.5000000000                  46.0000000000                6664.1153342329 
                  1.5000000000                  46.5000000000                7288.4811758535 
                  1.5000000000                  47.0000000000                7563.5935683216 
                  1.5000000000                  47.5000000000                7517.8798145697 
                  1.5000000000                  48.0000000000                7112.6132701353 
                  1.5000000000                  48.5000000000                6461.1492060021 
                  1.5000000000                  49.0000000000                5474.1012649725 
                  1.5000000000                  49.5000000000                3641.7376633062 
                  1.5000000000                  50.0000000000                   0.0000000000 
                  2.0000000000                   0.0000000000                   0.0000000000 
                  2.0000000000                   0.5000000000                1266.5446711028 
                  2.0000000000                   1.0000000000                2170.6652306013 
                  2.0000000000                   1.5000000000                2639.3496601728 
                  2.0000000000                   2.0000000000                2444.0721325812 
                  2.0000000000                   2.5000000000                2213.1040583717 
                  2.0000000000                   3.0000000000                2694.5883589347 
                  2.0000000000                   3.5000000000                3660.9333728753 
                  2.0000000000                   4.0000000000                4928.2786132023 
                  2.0000000000                   4.5000000000                6300.6464556345 
                  2.0000000000                   5.0000000000                7573.6699116066 
                  2.0000000000                   5.5000000000                8752.5235251175 
                  2.0000000000                   6.0000000000                9879.7589154553 
                  2.0000000000                   6.5000000000               11075.7210789512 
                  2.0000000000                   7.0000000000               12546.3837201356 
                  2.0000000000                   7.5000000000               14352.6553946198 
                  2.0000000000                   8.0000000000               16507.4410629302 
                  2.0000000000                   8.5000000000               19015.7950663675 
                  2.0000000000                   9.0000000000               21720.8780183236 
                  2.0000000000                   9.5000000000               24451.7344443204 
                  2.0000000000                  10.0000000000               27067.9826637112 
                  2.0000000000                  10.5000000000               29352.8573677942 
                  2.0000000000                  11.0000000000               31302.2396429594 
                  2.0000000000                  11.5000000000               33094.3486634313 
                  2.0000000000                  12.0000000000               34849.5420170869 
                  2.0000000000                  12.5000000000               36693.5210500156 
                  2.0000000000                  13.0000000000               38482.3590091778 
                  2.0000000000                  13.5000000000               40000.4576291424 
                  2.0000000000                  14.0000000000               41246.8793435070 
                  2.0000000000                  14.5000000000               42159.7445888076 
                  2.0000000000                  15.0000000000               43113.7498936524 
                  2.0000000000                  15.5000000000               44514.9215253271 
                  2.0000000000                  16.0000000000               46223.5663926717 
                  2.0000000000                  16.5000000000               48094.2803438223 
                  2.0000000000                  17.0000000000               49921.3432742502 
                  2.0000000000                  17.5000000000               51525.1248344534 
                  2.0000000000                  18.0000000000               52964.7856051638 
                  2.0000000000                  18.5000000000               54354.7242641759 
                  2.0000000000                  19.0000000000               55918.2163462906 
                  2.0000000000                  19.5000000000               57855.5114094596 
                  2.0000000000                  20.0000000000               60093.5391537955 
                  2.0000000000                  20.5000000000               62478.7705243384 
                  2.0000000000                  21.0000000000               64874.8739941156 
                  2.0000000000                  21.5000000000               67217.1857929290 
                  2.0000000000                  22.0000000000               69503.7888187757 
                  2.0000000000                  22.5000000000               71698.5610649115 
                  2.0000000000                  23.0000000000               73727.1083358475 
                  2.0000000000                  23.5000000000               75538.3564713721 
                  2.0000000000                  24.0000000000               77186.1019587351 
                  2.0000000000                  24.5000000000               78771.4926434244 
                  2.0000000000                  25.0000000000               80448.7287239143 
                  2.0000000000                  25.5000000000               82414.6705028834 
                  2.0000000000                  26.0000000000               84587.7357570570 
                  2.0000000000                  26.5000000000               86696.1772444510 
                  2.0000000000                  27.0000000000               88537.4260529947 
                  2.0000000000                  27.5000000000               89893.6077720179 
                  2.0000000000                  28.0000000000               90685.1298235462 
                  2.0000000000                  28.5000000000               90969.9356631618 
                  2.0000000000                  29.0000000000               90771.1205596686 
                  2.0000000000                  29.5000000000               90092.4791989866 
                  2.0000000000                  30.0000000000               88949.8027104268 
                  2.0000000000                  30.5000000000               87356.6902940391 
                  2.0000000000                  31.0000000000               85295.8091123296 
                  2.0000000000                  31.5000000000               82714.9399219650 
                  2.0000000000                  32.0000000000               79566.6387311217 
                  2.0000000000                  32.5000000000               75832.1215572203 
                  2.0000000000                  33.0000000000               71371.0937504431 
                  2.0000000000                  33.5000000000               66196.5992157591 
                  2.0000000000                  34.0000000000               60994.2314495459 
                  2.0000000000                  34.5000000000               56276.8573378258 
                  2.0000000000                  35.0000000000               52117.4362896879 
                  2.0000000000                  35.5000000000               48687.1508179578 
                  2.0000000000                  36.0000000000               46009.4141340365 
                  2.0000000000                  36.5000000000               44034.4367193825 
                  2.0000000000                  37.0000000000               42749.5611250172 
                  2.0000000000                  37.5000000000               42145.9796634776 
                  2.0000000000                  38.0000000000               41642.4111972849 
                  2.0000000000                  38.5000000000               40543.0753457956 
                  2.0000000000                  39.0000000000               38607.0098202395 
                  2.0000000000                  39.5000000000               34658.6628594223 
                  2.0000000000                  40.0000000000               29258.5546770762 
                  2.0000000000                  40.5000000000               24256.0729606015 
                  2.0000000000                  41.0000000000               19536.0826545386 
                  2.0000000000                  41.5000000000               14177.8034909451 
                  2.0000000000                  42.0000000000                9673.5616538784 
                  2.0000000000                  42.5000000000                7524.6661040231 
                  2.0000000000                  43.0000000000                6607.7634407064 
                  2.0000000000                  43.5000000000                6333.3909931984 
                  2.0000000000                  44.0000000000                6473.2792378378 
                  2.0000000000                  44.5000000000                6735.6360267295 
                  2.0000000000                  45.0000000000                7115.2206882654 
                  2.0000000000                  45.5000000000                7765.3996552814 
                  2.0000000000                  46.0000000000                8662.0643371329 
                  2.0000000000                  46.5000000000                9416.1205385472 
                  2.0000000000                  47.0000000000                9787.6554632749 
                  2.0000000000                  47.5000000000                9728.1335286054 
                  2.0000000000                  48.0000000000                8949.9944731852 
                  2.0000000000                  48.5000000000                7696.2663645599 
                  2.0000000000                  49.0000000000                6124.4399749282 
                  2.0000000000                  49.5000000000                3729.4846284425 
                  2.0000000000                  50.0000000000                   0.0000000000 
                  2.5000000000                   0.0000000000                   0.0000000000 
                  2.5000000000                   0.5000000000                1518.3422699895 
                  2.5000000000                   1.0000000000                2678.0161309337 
                  2.5000000000                   1.5000000000                3398.2086577541 
                  2.5000000000                   2.0000000000                3448.6364370359 
                  2.5000000000                   2.5000000000                3459.5447929690 
                  2.5000000000                   3.0000000000                4187.7302861249 
                  2.5000000000                   3.5000000000                5416.3668798786 
                  2.5000000000                   4.0000000000                6968.3039163873 
                  2.5000000000                   4.5000000000                8641.6870597689 
                  2.5000000000                   5.0000000000               10213.5376288369 
                  2.5000000000                   5.5000000000               11680.9550174397 
                  2.5000000000                   6.0000000000               13085.0357418413 
                  2.5000000000                   6.5000000000               14552.4049982286 
                  2.5000000000                   7.0000000000               16304.3201208655 
                  2.5000000000                   7.5000000000               18408.7146912510 
                  2.5000000000                   8.0000000000               20873.1721721719 
                  2.5000000000                   8.5000000000               23725.6023512547 
                  2.5000000000                   9.0000000000               26858.8815422401 
                  2.5000000000                   9.5000000000               30092.3676072595 
                  2.5000000000                  10.0000000000               33259.7640158149 
                  2.5000000000                  10.5000000000               36136.7448954920 
                  2.5000000000                  11.0000000000               38625.6740285477 
                  2.5000000000                  11.5000000000               40861.0297728439 
                  2.5000000000                  12.0000000000               43010.9962062141 
                  2.5000000000                  12.5000000000               45244.0373768723 
                  2.5000000000                  13.0000000000               47508.1462648529 
                  2.5000000000                  13.5000000000               49615.1806441951 
                  2.5000000000                  14.0000000000               51515.5190846536 
                  2.5000000000                  14.5000000000               53061.0929798741 
                  2.5000000000                  15.0000000000               54473.9300042204 
                  2.5000000000                  15.5000000000               56170.6635686849 
                  2.5000000000                  16.0000000000               58140.7129376896 
                  2.5000000000                  16.5000000000               60324.0261614092 
                  2.5000000000                  17.0000000000               62621.8901726512 
                  2.5000000000                  17.5000000000               64861.6461955559 
                  2.5000000000                  18.0000000000               67019.7840856489 
                  2.5000000000                  18.5000000000               69139.4280631796 
                  2.5000000000                  19.0000000000               71322.0723313664 
                  2.5000000000                  19.5000000000               73736.5457000240 
                  2.5000000000                  20.0000000000               76389.2575421979 
                  2.5000000000                  20.5000000000               79173.0362060660 
                  2.5000000000                  21.0000000000               81982.2865691592 
                  2.5000000000                  21.5000000000               84758.7472087220 
                  2.5000000000                  22.0000000000               87503.6497850004 
                  2.5000000000                  22.5000000000               90200.2112779611 
                  2.5000000000                  23.0000000000               92822.4148470097 
                  2.5000000000                  23.5000000000               95330.4667491826 
                  2.5000000000                  24.0000000000               97685.8312516171 
                  2.5000000000                  24.5000000000               99873.2132648316 
                  2.5000000000                  25.0000000000              101857.7476022128 
                  2.5000000000                  25.5000000000              103703.8978621706 
                  2.5000000000                  26.0000000000              105462.9795522141 
                  2.5000000000                  26.5000000000              107041.5695079335 
                  2.5000000000                  27.0000000000              108373.5474688561 
                  2.5000000000                  27.5000000000              109345.3610677359 
                  2.5000000000                  28.0000000000              109841.6662301730 
                  2.5000000000                  28.5000000000              109855.1099128809 
                  2.5000000000                  29.0000000000              109398.8166361420 
                  2.5000000000                  29.5000000000              108485.5621236142 
                  2.5000000000                  30.0000000000              107121.0476834992 
                  2.5000000000                  30.5000000000              105294.5341278093 
                  2.5000000000                  31.0000000000              102989.4788694430 
                  2.5000000000                  31.5000000000              100143.3518556610 
                  2.5000000000                  32.0000000000               96687.3975013623 
                  2.5000000000                  32.5000000000               92604.2700017459 
                  2.5000000000                  33.0000000000               87779.4122913559 
                  2.5000000000                  33.5000000000               82108.8688346638 
                  2.5000000000                  34.0000000000               76085.2789209050 
                  2.5000000000                  34.5000000000               70297.9161997621 
                  2.5000000000                  35.0000000000               64989.2901827771 
                  2.5000000000                  35.5000000000               60467.5129872651 
                  2.5000000000                  36.0000000000               56947.8410411963 
                  2.5000000000                  36.5000000000               54408.4997539434 
                  2.5000000000                  37.0000000000               52765.8648305490 
                  2.5000000000                  37.5000000000               52026.1741940494 
                  2.5000000000                  38.0000000000               51634.0941870351 
                  2.5000000000                  38.5000000000               50860.9446608698 
                  2.5000000000                  39.0000000000               49421.4262827977 
                  2.5000000000                  39.5000000000               45900.5626276102 
                  2.5000000000                  40.0000000000               40341.0214878820 
                  2.5000000000                  40.5000000000               34581.2844962056 
                  2.5000000000                  41.0000000000               28812.5243984717 
                  2.5000000000                  41.5000000000               22034.9139873497 
                  2.5000000000                  42.0000000000               15873.6013003974 
                  2.5000000000                  42.5000000000               12324.9087800884 
                  2.5000000000                  43.0000000000               10415.0114133803 
                  2.5000000000                  43.5000000000                9421.8509457982 
                  2.5000000000                  44.0000000000                9062.7260657584 
                  2.5000000000                  44.5000000000                8991.3838080968 
                  2.5000000000                  45.0000000000                9151.5989007958 
                  2.5000000000                  45.5000000000                9667.4781458845 
                  2.5000000000                  46.0000000000               10498.2005349003 
                  2.5000000000                  46.5000000000               11222.1940788196 
                  2.5000000000                  47.0000000000               11556.4045370831 
                  2.5000000000                  47.5000000000               11402.1321783697 
                  2.5000000000                  48.0000000000               10371.7906725758 
                  2.5000000000                  48.5000000000                8704.0421507978 
                  2.5000000000                  49.0000000000                6669.4899236185 
                  2.5000000000                  49.5000000000                3878.8593336584 
                  2.5000000000                  50.0000000000                   0.0000000000 
                  3.0000000000                   0.0000000000                   0.0000000000 
                  3.0000000000                   0.5000000000                1770.8934377303 
                  3.0000000000                   1.0000000000                3203.0985019939 
                  3.0000000000                   1.5000000000                4220.0245364037 
                  3.0000000000                   2.0000000000                4612.5740085774 
                  3.0000000000                   2.5000000000                4956.7021858764 
                  3.0000000000                   3.0000000000                5963.5255893763 
                  3.0000000000                   3.5000000000                7460.4049808325 
                  3.0000000000                   4.0000000000                9290.6169283789 
                  3.0000000000                   4.5000000000               11257.9102580431 
                  3.0000000000                   5.0000000000               13133.9511709446 
                  3.0000000000                   5.5000000000               14904.1755085136 
                  3.0000000000                   6.0000000000               16597.7338958345 
                  3.0000000000                   6.5000000000               18336.1474863423 
                  3.0000000000                   7.0000000000               20346.6822257635 
                  3.0000000000                   7.5000000000               22704.1996339219 
                  3.0000000000                   8.0000000000               25415.9802133404 
                  3.0000000000                   8.5000000000               28535.7498692927 
                  3.0000000000                   9.0000000000               32004.3748819211 
                  3.0000000000                   9.5000000000               35634.1720968146 
                  3.0000000000                  10.0000000000               39240.4228126994 
                  3.0000000000                  10.5000000000               42626.5203665221 
                  3.0000000000                  11.0000000000               45652.4429583349 
                  3.0000000000                  11.5000000000               48391.0601488358 
                  3.0000000000                  12.0000000000               51009.8608488892 
                  3.0000000000                  12.5000000000               53676.9000128996 
                  3.0000000000                  13.0000000000               56403.6485800163 
                  3.0000000000                  13.5000000000               59054.4872747517 
                  3.0000000000                  14.0000000000               61555.0984225057 
                  3.0000000000                  14.5000000000               63745.5936673055 
                  3.0000000000                  15.0000000000               65758.1113574273 
                  3.0000000000                  15.5000000000               67938.0589495420 
                  3.0000000000                  16.0000000000               70332.7895483971 
                  3.0000000000                  16.5000000000               72935.6942053924 
                  3.0000000000                  17.0000000000               75703.4541057037 
                  3.0000000000                  17.5000000000               78495.7673178079 
                  3.0000000000                  18.0000000000               81251.5764443075 
                  3.0000000000                  18.5000000000               83961.1048076691 
                  3.0000000000                  19.0000000000               86665.0567559873 
                  3.0000000000                  19.5000000000               89495.0059364478 
                  3.0000000000                  20.0000000000               92491.1539397397 
                  3.0000000000                  20.5000000000               95601.8936007448 
                  3.0000000000                  21.0000000000               98764.7036061269 
                  3.0000000000                  21.5000000000              101939.2901673556 
                  3.0000000000                  22.0000000000              105128.9040643528 
                  3.0000000000                  22.5000000000              108322.5695629423 
                  3.0000000000                  23.0000000000              111498.1630792927 
                  3.0000000000                  23.5000000000              114601.4576663687 
                  3.0000000000                  24.0000000000              117531.8177084337 
                  3.0000000000                  24.5000000000              120176.2538278733 
                  3.0000000000                  25.0000000000              122391.6876424102 
                  3.0000000000                  25.5000000000              124171.4782151693 
                  3.0000000000                  26.0000000000              125616.5141557878 
                  3.0000000000                  26.5000000000              126753.2172014233 
                  3.0000000000                  27.0000000000              127619.1247959457 
                  3.0000000000                  27.5000000000              128167.5242380606 
                  3.0000000000                  28.0000000000              128291.1121482055 
                  3.0000000000                  28.5000000000              127960.3210546418 
                  3.0000000000                  29.0000000000              127167.4792783352 
                  3.0000000000                  29.5000000000              125916.2287491624 
                  3.0000000000                  30.0000000000              124212.4965939916 
                  3.0000000000                  30.5000000000              122044.4825405454 
                  3.0000000000                  31.0000000000              119411.5817228889 
                  3.0000000000                  31.5000000000              116265.4073770882 
                  3.0000000000                  32.0000000000              112527.5972290380 
                  3.0000000000                  32.5000000000              108193.5722176226 
                  3.0000000000                  33.0000000000              103232.9637627686 
                  3.0000000000                  33.5000000000               97538.3756439908 
                  3.0000000000                  34.0000000000               91300.3516693846 
                  3.0000000000                  34.5000000000               84952.0667980526 
                  3.0000000000                  35.0000000000               78816.1198546641 
                  3.0000000000                  35.5000000000               73297.6339995010 
                  3.0000000000                  36.0000000000               68922.8683276253 
                  3.0000000000                  36.5000000000               65798.1942392655 
                  3.0000000000                  37.0000000000               63740.7683292030 
                  3.0000000000                  37.5000000000               62743.0799163961 
                  3.0000000000                  38.0000000000               62258.9475615576 
                  3.0000000000                  38.5000000000               61535.0729330418 
                  3.0000000000                  39.0000000000               60172.1213188920 
                  3.0000000000                  39.5000000000               56786.7766285543 
                  3.0000000000                  40.0000000000               51254.2702241245 
                  3.0000000000                  40.5000000000               45115.0955025192 
                  3.0000000000                  41.0000000000               38664.5849985167 
                  3.0000000000                  41.5000000000               31185.6098168517 
                  3.0000000000                  42.0000000000               23936.5262170803 
                  3.0000000000                  42.5000000000               18880.7373310749 
                  3.0000000000                  43.0000000000               15648.8559590875 
                  3.0000000000                  43.5000000000               13604.1489541065 
                  3.0000000000                  44.0000000000               12449.0678837388 
                  3.0000000000                  44.5000000000               11820.3430372809 
                  3.0000000000                  45.0000000000               11582.1815869535 
                  3.0000000000                  45.5000000000               11785.5485932733 
                  3.0000000000                  46.0000000000               12347.1569971669 
                  3.0000000000                  46.5000000000               12819.4100800267 
                  3.0000000000                  47.0000000000               12895.9851889614 
                  3.0000000000                  47.5000000000               12472.4921190213 
                  3.0000000000                  48.0000000000               11270.3842594331 
                  3.0000000000                  48.5000000000                9434.6488258890 
                  3.0000000000                  49.0000000000                7131.0369971999 
                  3.0000000000                  49.5000000000                4091.8797851843 
                  3.0000000000                  50.0000000000                   0.0000000000 
                  3.5000000000                   0.0000000000                   0.0000000000 
                  3.5000000000                   0.5000000000                2019.7559883349 
                  3.5000000000                   1.0000000000                3734.2882896010 
                  3.5000000000                   1.5000000000                5082.1161747118 
                  3.5000000000                   2.0000000000                5874.4156620440 
                  3.5000000000                   2.5000000000                6612.3754737437 
                  3.5000000000                   3.0000000000                7936.6823082387 
                  3.5000000000                   3.5000000000                9716.9276509850 
                  3.5000000000                   4.0000000000               11831.1305794750 
                  3.5000000000                   4.5000000000               14101.5869907100 
                  3.5000000000                   5.0000000000               16304.3426006470 
                  3.5000000000                   5.5000000000               18412.2622711810 
                  3.5000000000                   6.0000000000               20428.3992533915 
                  3.5000000000                   6.5000000000               22453.8878306444 
                  3.5000000000                   7.0000000000               24710.9330997963 
                  3.5000000000                   7.5000000000               27278.7478211106 
                  3.5000000000                   8.0000000000               30171.2825884720 
                  3.5000000000                   8.5000000000               33478.6550900870 
                  3.5000000000                   9.0000000000               37189.8896639412 
                  3.5000000000                   9.5000000000               41112.2360963455 
                  3.5000000000                  10.0000000000               45058.0330531192 
                  3.5000000000                  10.5000000000               48867.0235231178 
                  3.5000000000                  11.0000000000               52392.7757324926 
                  3.5000000000                  11.5000000000               55662.1609923249 
                  3.5000000000                  12.0000000000               58806.6430273336 
                  3.5000000000                  12.5000000000               61961.5676216250 
                  3.5000000000                  13.0000000000               65172.3100692022 
                  3.5000000000                  13.5000000000               68352.4467886710 
                  3.5000000000                  14.0000000000               71431.1881686776 
                  3.5000000000                  14.5000000000               74280.6643762419 
                  3.5000000000                  15.0000000000               76984.0760290466 
                  3.5000000000                  15.5000000000               79797.8641855504 
                  3.5000000000                  16.0000000000               82769.5573705824 
                  3.5000000000                  16.5000000000               85900.1750555443 
                  3.5000000000                  17.0000000000               89170.7481224983 
                  3.5000000000                  17.5000000000               92471.1350698642 
                  3.5000000000                  18.0000000000               95725.5586358182 
                  3.5000000000                  18.5000000000               98895.2891025009 
                  3.5000000000                  19.0000000000              101991.9666051089 
                  3.5000000000                  19.5000000000              105125.4421767811 
                  3.5000000000                  20.0000000000              108359.0344358495 
                  3.5000000000                  20.5000000000              111702.5777200367 
                  3.5000000000                  21.0000000000              115148.6441913522 
                  3.5000000000                  21.5000000000              118681.7764592476 
                  3.5000000000                  22.0000000000              122302.3532699049 
                  3.5000000000                  22.5000000000              125986.4323290390 
                  3.5000000000                  23.0000000000              129693.9694229862 
                  3.5000000000                  23.5000000000              133343.1462453780 
                  3.5000000000                  24.0000000000              136782.8201738654 
                  3.5000000000                  24.5000000000              139819.4493230551 
                  3.5000000000                  25.0000000000              142232.3080332233 
                  3.5000000000                  25.5000000000              143968.9313670287 
                  3.5000000000                  26.0000000000              145147.1448720066 
                  3.5000000000                  26.5000000000              145878.5928592482 
                  3.5000000000                  27.0000000000              146292.6083380035 
                  3.5000000000                  27.5000000000              146400.4521965736 
                  3.5000000000                  28.0000000000              146117.8083567265 
                  3.5000000000                  28.5000000000              145406.2665165600 
                  3.5000000000                  29.0000000000              144230.7704289785 
                  3.5000000000                  29.5000000000              142577.6564345053 
                  3.5000000000                  30.0000000000              140454.1332454344 
                  3.5000000000                  30.5000000000              137858.4769941935 
                  3.5000000000                  31.0000000000              134820.1545937742 
                  3.5000000000                  31.5000000000              131317.4266152696 
                  3.5000000000                  32.0000000000              127275.8025901809 
                  3.5000000000                  32.5000000000              122722.5087441444 
                  3.5000000000                  33.0000000000              117742.7393448117 
                  3.5000000000                  33.5000000000              112294.1880157561 
                  3.5000000000                  34.0000000000              106314.5575106555 
                  3.5000000000                  34.5000000000               99995.1086306072 
                  3.5000000000                  35.0000000000               93552.5863111624 
                  3.5000000000                  35.5000000000               87337.2914067108 
                  3.5000000000                  36.0000000000               82249.3414713608 
                  3.5000000000                  36.5000000000               78601.8883113061 
                  3.5000000000                  37.0000000000               76088.3562586429 
                  3.5000000000                  37.5000000000               74707.6007921361 
                  3.5000000000                  38.0000000000               73942.3871442208 
                  3.5000000000                  38.5000000000               73008.3271995884 
                  3.5000000000                  39.0000000000               71396.8668930981 
                  3.5000000000                  39.5000000000               67844.0152096459 
                  3.5000000000                  40.0000000000               62214.5604108037 
                  3.5000000000                  40.5000000000               55802.9848229743 
                  3.5000000000                  41.0000000000               48951.2601172715 
                  3.5000000000                  41.5000000000               41281.2651738845 
                  3.5000000000                  42.0000000000               33516.8142977906 
                  3.5000000000                  42.5000000000               27166.7054690563 
                  3.5000000000                  43.0000000000               22466.7256021025 
                  3.5000000000                  43.5000000000               19080.2567692605 
                  3.5000000000                  44.0000000000               16826.1169231290 
                  3.5000000000                  44.5000000000               15412.2043913437 
                  3.5000000000                  45.0000000000               14580.3547830615 
                  3.5000000000                  45.5000000000               14269.4482635936 
                  3.5000000000                  46.0000000000               14350.3416721746 
                  3.5000000000                  46.5000000000               14362.6475100603 
                  3.5000000000                  47.0000000000               13998.8061257846 
                  3.5000000000                  47.5000000000               13197.3419322266 
                  3.5000000000                  48.0000000000               11825.9121246744 
                  3.5000000000                  48.5000000000                9900.5282441572 
                  3.5000000000                  49.0000000000                7428.7632830136 
                  3.5000000000                  49.5000000000                4231.9990581507 
                  3.5000000000                  50.0000000000                   0.0000000000 
                  4.0000000000                   0.0000000000                   0.0000000000 
                  4.0000000000                   0.5000000000                2248.6745080730 
                  4.0000000000                   1.0000000000                4244.3056687168 
                  4.0000000000                   1.5000000000                5950.0630671641 
                  4.0000000000                   2.0000000000                7204.8915777446 
                  4.0000000000                   2.5000000000                8398.8675140616 
                  4.0000000000                   3.0000000000               10066.6690519251 
                  4.0000000000                   3.5000000000               12132.2168455775 
                  4.0000000000                   4.0000000000               14524.8677760741 
                  4.0000000000                   4.5000000000               17114.1912328702 
                  4.0000000000                   5.0000000000               19698.7846357762 
                  4.0000000000                   5.5000000000               22231.1162403465 
                  4.0000000000                   6.0000000000               24674.2691178025 
                  4.0000000000                   6.5000000000               27049.8074286728 
                  4.0000000000                   7.0000000000               29538.7513524950 
                  4.0000000000                   7.5000000000               32254.6837521215 
                  4.0000000000                   8.0000000000               35235.2107640121 
                  4.0000000000                   8.5000000000               38608.5749513833 
                  4.0000000000                   9.0000000000               42425.2398809388 
                  4.0000000000                   9.5000000000               46509.8113207543 
                  4.0000000000                  10.0000000000               50681.0550531163 
                  4.0000000000                  10.5000000000               54824.8656183443 
                  4.0000000000                  11.0000000000               58817.7870558104 
                  4.0000000000                  11.5000000000               62648.0143887421 
                  4.0000000000                  12.0000000000               66393.1846486918 
                  4.0000000000                  12.5000000000               70123.2185432227 
                  4.0000000000                  13.0000000000               73863.3572290517 
                  4.0000000000                  13.5000000000               77573.6720098985 
                  4.0000000000                  14.0000000000               81220.6444034331 
                  4.0000000000                  14.5000000000               84745.4357325020 
                  4.0000000000                  15.0000000000               88234.0310821135 
                  4.0000000000                  15.5000000000               91846.2994632850 
                  4.0000000000                  16.0000000000               95579.6247628850 
                  4.0000000000                  16.5000000000               99396.4613154211 
                  4.0000000000                  17.0000000000              103239.5290636404 
                  4.0000000000                  17.5000000000              107024.8719120856 
                  4.0000000000                  18.0000000000              110706.2604878515 
                  4.0000000000                  18.5000000000              114232.2010309207 
                  4.0000000000                  19.0000000000              117570.0420363738 
                  4.0000000000                  19.5000000000              120814.7847095776 
                  4.0000000000                  20.0000000000              124084.4300557035 
                  4.0000000000                  20.5000000000              127468.5026227258 
                  4.0000000000                  21.0000000000              131081.5080361998 
                  4.0000000000                  21.5000000000              134957.9470334837 
                  4.0000000000                  22.0000000000              139032.8458152506 
                  4.0000000000                  22.5000000000              143231.3329768949 
                  4.0000000000                  23.0000000000              147510.7897775339 
                  4.0000000000                  23.5000000000              151777.4867979661 
                  4.0000000000                  24.0000000000              155811.1289073815 
                  4.0000000000                  24.5000000000              159343.8809428014 
                  4.0000000000                  25.0000000000              162024.0889516586 
                  4.0000000000                  25.5000000000              163662.1781395572 
                  4.0000000000                  26.0000000000              164454.1350279821 
                  4.0000000000                  26.5000000000              164663.8029705932 
                  4.0000000000                  27.0000000000              164519.3743117169 
                  4.0000000000                  27.5000000000              164130.8821959160 
                  4.0000000000                  28.0000000000              163426.6388526064 
                  4.0000000000                  28.5000000000              162324.4859818831 
                  4.0000000000                  29.0000000000              160749.1183470250 
                  4.0000000000                  29.5000000000              158645.1953634981 
                  4.0000000000                  30.0000000000              156017.6159327245 
                  4.0000000000                  30.5000000000              152892.6431629830 
                  4.0000000000                  31.0000000000              149340.2287416328 
                  4.0000000000                  31.5000000000              145382.3394825271 
                  4.0000000000                  32.0000000000              140956.8771777308 
                  4.0000000000                  32.5000000000              136117.9813101812 
                  4.0000000000                  33.0000000000              131066.8757365160 
                  4.0000000000                  33.5000000000              125931.0188610056 
                  4.0000000000                  34.0000000000              120576.6245035750 
                  4.0000000000                  34.5000000000              114983.6118750190 
                  4.0000000000                  35.0000000000              109180.2321421072 
                  4.0000000000                  35.5000000000              103139.8597801787 
                  4.0000000000                  36.0000000000               97826.7346194824 
                  4.0000000000                  36.5000000000               93840.4892215810 
                  4.0000000000                  37.0000000000               90871.9427665551 
                  4.0000000000                  37.5000000000               88954.1122080198 
                  4.0000000000                  38.0000000000               87639.2576643839 
                  4.0000000000                  38.5000000000               86140.1702210124 
                  4.0000000000                  39.0000000000               83863.1837290895 
                  4.0000000000                  39.5000000000               79759.4531910948 
                  4.0000000000                  40.0000000000               73774.3934855665 
                  4.0000000000                  40.5000000000               66990.5182350544 
                  4.0000000000                  41.0000000000               59784.2585557798 
                  4.0000000000                  41.5000000000               52144.3603328697 
                  4.0000000000                  42.0000000000               44414.5855911360 
                  4.0000000000                  42.5000000000               37382.0478661226 
                  4.0000000000                  43.0000000000               31516.6100243903 
                  4.0000000000                  43.5000000000               26744.0841017324 
                  4.0000000000                  44.0000000000               23072.5250161910 
                  4.0000000000                  44.5000000000               20506.4852660598 
                  4.0000000000                  45.0000000000               18745.3039417006 
                  4.0000000000                  45.5000000000               17584.2575637908 
                  4.0000000000                  46.0000000000               16857.8774553182 
                  4.0000000000                  46.5000000000               16128.6449706296 
                  4.0000000000                  47.0000000000               15117.6071225053 
                  4.0000000000                  47.5000000000               13812.2031443594 
                  4.0000000000                  48.0000000000               12199.8529427831 
                  4.0000000000                  48.5000000000               10143.5606919324 
                  4.0000000000                  49.0000000000                7509.6078078255 
                  4.0000000000                  49.5000000000                4221.3319739243 
                  4.0000000000                  50.0000000000                   0.0000000000 
                  4.5000000000                   0.0000000000                   0.0000000000 
                  4.5000000000                   0.5000000000                2435.1293388199 
                  4.5000000000                   1.0000000000                4695.5621266787 
                  4.5000000000                   1.5000000000                6762.6150640063 
                  4.5000000000                   2.0000000000                8528.4521835928 
                  4.5000000000                   2.5000000000               10240.3731145678 
                  4.5000000000                   3.0000000000               12274.1342905843 
                  4.5000000000                   3.5000000000               14623.4617215489 
                  4.5000000000                   4.0000000000               17274.4252677469 
                  4.5000000000                   4.5000000000               20166.3989442673 
                  4.5000000000                   5.0000000000               23149.2001433560 
                  4.5000000000                   5.5000000000               26147.4239390667 
                  4.5000000000                   6.0000000000               29091.4666305187 
                  4.5000000000                   6.5000000000               31902.1812490426 
                  4.5000000000                   7.0000000000               34663.5393739008 
                  4.5000000000                   7.5000000000               37521.9669112272 
                  4.5000000000                   8.0000000000               40553.4459135939 
                  4.5000000000                   8.5000000000               43918.0318546546 
                  4.5000000000                   9.0000000000               47743.8383162952 
                  4.5000000000                   9.5000000000               51901.8215277771 
                  4.5000000000                  10.0000000000               56220.7490507979 
                  4.5000000000                  10.5000000000               60627.8984165669 
                  4.5000000000                  11.0000000000               65036.7725359373 
                  4.5000000000                  11.5000000000               69405.9757257511 
                  4.5000000000                  12.0000000000               73756.4618519850 
                  4.5000000000                  12.5000000000               78085.9754664027 
                  4.5000000000                  13.0000000000               82365.5409417086 
                  4.5000000000                  13.5000000000               86590.2622839952 
                  4.5000000000                  14.0000000000               90779.1116789827 
                  4.5000000000                  14.5000000000               94948.3530809448 
                  4.5000000000                  15.0000000000               99212.8862545206 
                  4.5000000000                  15.5000000000              103640.2272776347 
                  4.5000000000                  16.0000000000              108155.4615042469 
                  4.5000000000                  16.5000000000              112673.4280509560 
                  4.5000000000                  17.0000000000              117079.3078720182 
                  4.5000000000                  17.5000000000              121312.9300547100 
                  4.5000000000                  18.0000000000              125378.0513242316 
                  4.5000000000                  18.5000000000              129225.1900585325 
                  4.5000000000                  19.0000000000              132779.8174140808 
                  4.5000000000                  19.5000000000              136112.4231820097 
                  4.5000000000                  20.0000000000              139385.5262091727 
                  4.5000000000                  20.5000000000              142753.6191761856 
                  4.5000000000                  21.0000000000              146476.4937918690 
                  4.5000000000                  21.5000000000              150657.9477690347 
                  4.5000000000                  22.0000000000              155130.5294213131 
                  4.5000000000                  22.5000000000              159741.9849894708 
                  4.5000000000                  23.0000000000              164448.9668069748 
                  4.5000000000                  23.5000000000              169149.1419152454 
                  4.5000000000                  24.0000000000              173567.9503802574 
                  4.5000000000                  24.5000000000              177411.5064723738 
                  4.5000000000                  25.0000000000              180295.5576313138 
                  4.5000000000                  25.5000000000              181919.4201040988 
                  4.5000000000                  26.0000000000              182480.5989286232 
                  4.5000000000                  26.5000000000              182334.9777729900 
                  4.5000000000                  27.0000000000              181758.2977293877 
                  4.5000000000                  27.5000000000              180974.4339347763 
                  4.5000000000                  28.0000000000              179961.1195998505 
                  4.5000000000                  28.5000000000              178583.4360301632 
                  4.5000000000                  29.0000000000              176729.2588246514 
                  4.5000000000                  29.5000000000              174285.9361512722 
                  4.5000000000                  30.0000000000              171229.1424267686 
                  4.5000000000                  30.5000000000              167614.1448171542 
                  4.5000000000                  31.0000000000              163548.5820995875 
                  4.5000000000                  31.5000000000              159107.2215216392 
                  4.5000000000                  32.0000000000              154257.1732629502 
                  4.5000000000                  32.5000000000              149064.7620069449 
                  4.5000000000                  33.0000000000              143787.1463191276 
                  4.5000000000                  33.5000000000              138765.7022772009 
                  4.5000000000                  34.0000000000              134054.2538815126 
                  4.5000000000                  34.5000000000              129529.2929587187 
                  4.5000000000                  35.0000000000              125038.5097303706 
                  4.5000000000                  35.5000000000              120140.6963081936 
                  4.5000000000                  36.0000000000              115340.7679362513 
                  4.5000000000                  36.5000000000              111337.7125720054 
                  4.5000000000                  37.0000000000              108043.5492809901 
                  4.5000000000                  37.5000000000              105515.5255755393 
                  4.5000000000                  38.0000000000              103398.2977455751 
                  4.5000000000                  38.5000000000              100966.2908671821 
                  4.5000000000                  39.0000000000               97623.2575300331 
                  4.5000000000                  39.5000000000               92571.2627223459 
                  4.5000000000                  40.0000000000               85905.6878867605 
                  4.5000000000                  40.5000000000               78559.0313374659 
                  4.5000000000                  41.0000000000               70903.8932533607 
                  4.5000000000                  41.5000000000               63147.0236315095 
                  4.5000000000                  42.0000000000               55550.2677396709 
                  4.5000000000                  42.5000000000               48388.0064457057 
                  4.5000000000                  43.0000000000               41935.7621153608 
                  4.5000000000                  43.5000000000               36166.8000622543 
                  4.5000000000                  44.0000000000               31156.0455750877 
                  4.5000000000                  44.5000000000               27213.2905833552 
                  4.5000000000                  45.0000000000               24205.6386311835 
                  4.5000000000                  45.5000000000               21875.0264163083 
                  4.5000000000                  46.0000000000               20041.8580813887 
                  4.5000000000                  46.5000000000               18324.5373679350 
                  4.5000000000                  47.0000000000               16493.4675474047 
                  4.5000000000                  47.5000000000               14554.0605264775 
                  4.5000000000                  48.0000000000               12517.9329645365 
                  4.5000000000                  48.5000000000               10170.8862815269 
                  4.5000000000                  49.0000000000                7330.5342429524 
                  4.5000000000                  49.5000000000                3989.4284528144 
                  4.5000000000                  50.0000000000                   0.0000000000 
                  5.0000000000                   0.0000000000                   0.0000000000 
                  5.0000000000                   0.5000000000                2591.9358534335 
                  5.0000000000                   1.0000000000                5102.2998017363 
                  5.0000000000                   1.5000000000                7516.4136306896 
                  5.0000000000                   2.0000000000                9779.6595156678 
                  5.0000000000                   2.5000000000               12014.1021382053 
                  5.0000000000                   3.0000000000               14431.3384498191 
                  5.0000000000                   3.5000000000               17074.2086901057 
                  5.0000000000                   4.0000000000               19970.3074251353 
                  5.0000000000                   4.5000000000               23120.1322532172 
                  5.0000000000                   5.0000000000               26438.6444930639 
                  5.0000000000                   5.5000000000               29834.4088082518 
                  5.0000000000                   6.0000000000               33224.3858145584 
                  5.0000000000                   6.5000000000               36491.1866300385 
                  5.0000000000                   7.0000000000               39618.2646075895 
                  5.0000000000                   7.5000000000               42720.8208702476 
                  5.0000000000                   8.0000000000               45891.3111732069 
                  5.0000000000                   8.5000000000               49312.4908645863 
                  5.0000000000                   9.0000000000               53183.8161771902 
                  5.0000000000                   9.5000000000               57427.0292538969 
                  5.0000000000                  10.0000000000               61888.0438430881 
                  5.0000000000                  10.5000000000               66518.3124737411 
                  5.0000000000                  11.0000000000               71258.3669115446 
                  5.0000000000                  11.5000000000               76056.6306725787 
                  5.0000000000                  12.0000000000               80889.4086123380 
                  5.0000000000                  12.5000000000               85709.8226893691 
                  5.0000000000                  13.0000000000               90465.2445857642 
                  5.0000000000                  13.5000000000               95164.8273839667 
                  5.0000000000                  14.0000000000               99853.4922969043 
                  5.0000000000                  14.5000000000              104589.7484151967 
                  5.0000000000                  15.0000000000              109469.5753622512 
                  5.0000000000                  15.5000000000              114487.2394802034 
                  5.0000000000                  16.0000000000              119539.9659610171 
                  5.0000000000                  16.5000000000              124533.6435958275 
                  5.0000000000                  17.0000000000              129363.2681427060 
                  5.0000000000                  17.5000000000              133992.4314893070 
                  5.0000000000                  18.0000000000              138436.8347506294 
                  5.0000000000                  18.5000000000              142659.0132835560 
                  5.0000000000                  19.0000000000              146585.8127168339 
                  5.0000000000                  19.5000000000              150253.0221679552 
                  5.0000000000                  20.0000000000              153798.6877454545 
                  5.0000000000                  20.5000000000              157384.6848744994 
                  5.0000000000                  21.0000000000              161308.7557431323 
                  5.0000000000                  21.5000000000              165708.1052602751 
                  5.0000000000                  22.0000000000              170378.0891759908 
                  5.0000000000                  22.5000000000              175116.5129735320 
                  5.0000000000                  23.0000000000              179851.2991527487 
                  5.0000000000                  23.5000000000              184472.4873067272 
                  5.0000000000                  24.0000000000              188743.2211197094 
                  5.0000000000                  24.5000000000              192430.8514996188 
                  5.0000000000                  25.0000000000              195294.7600250758 
                  5.0000000000                  25.5000000000              197069.7435213769 
                  5.0000000000                  26.0000000000              197803.7825394927 
                  5.0000000000                  26.5000000000              197770.1204456457 
                  5.0000000000                  27.0000000000              197193.9837344863 
                  5.0000000000                  27.5000000000              196339.6155062154 
                  5.0000000000                  28.0000000000              195283.1276750823 
                  5.0000000000                  28.5000000000              193890.0781871950 
                  5.0000000000                  29.0000000000              192032.5998371990 
                  5.0000000000                  29.5000000000              189556.7417186556 
                  5.0000000000                  30.0000000000              186377.7355903720 
                  5.0000000000                  30.5000000000              182546.6735301893 
                  5.0000000000                  31.0000000000              178190.6793065494 
                  5.0000000000                  31.5000000000              173428.6100525634 
                  5.0000000000                  32.0000000000              168274.4416510281 
                  5.0000000000                  32.5000000000              162794.6420916776 
                  5.0000000000                  33.0000000000              157212.3098096834 
                  5.0000000000                  33.5000000000              152000.4062954545 
                  5.0000000000                  34.0000000000              147560.5143523553 
                  5.0000000000                  34.5000000000              143795.9234533866 
                  5.0000000000                  35.0000000000              140355.0081720719 
                  5.0000000000                  35.5000000000              136676.2872639023 
                  5.0000000000                  36.0000000000              132772.4105519349 
                  5.0000000000                  36.5000000000              129102.9741107677 
                  5.0000000000                  37.0000000000              125750.2569716767 
                  5.0000000000                  37.5000000000              122753.5143421860 
                  5.0000000000                  38.0000000000              119835.9300029677 
                  5.0000000000                  38.5000000000              116387.5432161686 
                  5.0000000000                  39.0000000000              111882.8330317626 
                  5.0000000000                  39.5000000000              105761.0198814645 
                  5.0000000000                  40.0000000000               98244.3362847525 
                  5.0000000000                  40.5000000000               90175.4451869831 
                  5.0000000000                  41.0000000000               81934.4765956058 
                  5.0000000000                  41.5000000000               73758.5679746037 
                  5.0000000000                  42.0000000000               65884.2958939959 
                  5.0000000000                  42.5000000000               58452.5883356022 
                  5.0000000000                  43.0000000000               51555.5100958151 
                  5.0000000000                  43.5000000000               45121.8634030449 
                  5.0000000000                  44.0000000000               39202.0097324928 
                  5.0000000000                  44.5000000000               34138.8997169358 
                  5.0000000000                  45.0000000000               29950.6216985234 
                  5.0000000000                  45.5000000000               26451.0242524843 
                  5.0000000000                  46.0000000000               23489.9131982737 
                  5.0000000000                  46.5000000000               20765.0676627273 
                  5.0000000000                  47.0000000000               18092.0747760853 
                  5.0000000000                  47.5000000000               15462.9775498339 
                  5.0000000000                  48.0000000000               12858.5203772512 
                  5.0000000000                  48.5000000000               10091.8061352427 
                  5.0000000000                  49.0000000000                7019.6290443885 
                  5.0000000000                  49.5000000000                3660.7750936450 
                  5.0000000000                  50.0000000000                   0.0000000000 
                  5.5000000000                   0.0000000000                   0.0000000000 
                  5.5000000000                   0.5000000000                2750.2026263126 
                  5.5000000000                   1.0000000000                5510.1636291150 
                  5.5000000000                   1.5000000000                8261.3213108786 
                  5.5000000000                   2.0000000000               10974.0659597621 
                  5.5000000000                   2.5000000000               13681.5476981194 
                  5.5000000000                   3.0000000000               16475.7723645709 
                  5.5000000000                   3.5000000000               19416.7061872878 
                  5.5000000000                   4.0000000000               22554.4328639177 
                  5.5000000000                   4.5000000000               25937.5271950348 
                  5.5000000000                   5.0000000000               29540.4347042894 
                  5.5000000000                   5.5000000000               33270.8064407079 
                  5.5000000000                   6.0000000000               37044.6114429238 
                  5.5000000000                   6.5000000000               40742.6823568592 
                  5.5000000000                   7.0000000000               44288.9397658898 
                  5.5000000000                   7.5000000000               47742.2918130393 
                  5.5000000000                   8.0000000000               51165.2687870121 
                  5.5000000000                   8.5000000000               54742.5688843332 
                  5.5000000000                   9.0000000000               58722.4179424570 
                  5.5000000000                   9.5000000000               63069.7304579963 
                  5.5000000000                  10.0000000000               67664.1755994296 
                  5.5000000000                  10.5000000000               72482.2537720214 
                  5.5000000000                  11.0000000000               77484.2098274203 
                  5.5000000000                  11.5000000000               82615.2329175671 
                  5.5000000000                  12.0000000000               87819.3453294886 
                  5.5000000000                  12.5000000000               93023.4964396903 
                  5.5000000000                  13.0000000000               98176.1397573692 
                  5.5000000000                  13.5000000000              103295.6848631478 
                  5.5000000000                  14.0000000000              108426.6580367927 
                  5.5000000000                  14.5000000000              113639.0035036879 
                  5.5000000000                  15.0000000000              118981.2682146354 
                  5.5000000000                  15.5000000000              124387.3917964265 
                  5.5000000000                  16.0000000000              129767.6024374564 
                  5.5000000000                  16.5000000000              135055.9665907114 
                  5.5000000000                  17.0000000000              140188.2108386683 
                  5.5000000000                  17.5000000000              145155.8514856999 
                  5.5000000000                  18.0000000000              149974.1949646662 
                  5.5000000000                  18.5000000000              154620.0134203422 
                  5.5000000000                  19.0000000000              159037.2818403585 
                  5.5000000000                  19.5000000000              163231.2198935289 
                  5.5000000000                  20.0000000000              167284.0918753538 
                  5.5000000000                  20.5000000000              171303.0526837105 
                  5.5000000000                  21.0000000000              175538.8443697148 
                  5.5000000000                  21.5000000000              180113.2639466565 
                  5.5000000000                  22.0000000000              184816.8159694293 
                  5.5000000000                  22.5000000000              189436.1827940430 
                  5.5000000000                  23.0000000000              193888.3957757881 
                  5.5000000000                  23.5000000000              198099.9509348175 
                  5.5000000000                  24.0000000000              201929.0840824804 
                  5.5000000000                  24.5000000000              205257.1831125941 
                  5.5000000000                  25.0000000000              207992.0601671529 
                  5.5000000000                  25.5000000000              209908.7331778040 
                  5.5000000000                  26.0000000000              210934.8858009639 
                  5.5000000000                  26.5000000000              211234.4703797877 
                  5.5000000000                  27.0000000000              210934.2338922067 
                  5.5000000000                  27.5000000000              210282.2075180046 
                  5.5000000000                  28.0000000000              209429.4345127952 
                  5.5000000000                  28.5000000000              208264.6017840483 
                  5.5000000000                  29.0000000000              206656.8493297613 
                  5.5000000000                  29.5000000000              204423.0687551388 
                  5.5000000000                  30.0000000000              201411.5843271776 
                  5.5000000000                  30.5000000000              197645.0188625992 
                  5.5000000000                  31.0000000000              193257.1762341530 
                  5.5000000000                  31.5000000000              188405.4472714479 
                  5.5000000000                  32.0000000000              183158.9426762561 
                  5.5000000000                  32.5000000000              177562.6546521631 
                  5.5000000000                  33.0000000000              171678.0827205284 
                  5.5000000000                  33.5000000000              166056.1968369314 
                  5.5000000000                  34.0000000000              161579.9865247283 
                  5.5000000000                  34.5000000000              158218.1419906452 
                  5.5000000000                  35.0000000000              155414.5959771329 
                  5.5000000000                  35.5000000000              152639.2984839747 
                  5.5000000000                  36.0000000000              149604.9780311169 
                  5.5000000000                  36.5000000000              146487.6298191838 
                  5.5000000000                  37.0000000000              143339.0801694385 
                  5.5000000000                  37.5000000000              140085.6645560904 
                  5.5000000000                  38.0000000000              136518.4836990241 
                  5.5000000000                  38.5000000000              132118.5717865507 
                  5.5000000000                  39.0000000000              126427.6389900524 
                  5.5000000000                  39.5000000000              119143.4534527943 
                  5.5000000000                  40.0000000000              110609.6042044663 
                  5.5000000000                  40.5000000000              101641.5813369967 
                  5.5000000000                  41.0000000000               92649.3357553217 
                  5.5000000000                  41.5000000000               83841.7370933542 
                  5.5000000000                  42.0000000000               75413.2655151211 
                  5.5000000000                  42.5000000000               67477.9280798017 
                  5.5000000000                  43.0000000000               60058.4575220577 
                  5.5000000000                  43.5000000000               53063.9894884035 
                  5.5000000000                  44.0000000000               46510.8334055357 
                  5.5000000000                  44.5000000000               40635.6935094867 
                  5.5000000000                  45.0000000000               35481.7980289492 
                  5.5000000000                  45.5000000000               30946.3466103006 
                  5.5000000000                  46.0000000000               26939.8998536646 
                  5.5000000000                  46.5000000000               23267.3820402166 
                  5.5000000000                  47.0000000000               19788.9213845978 
                  5.5000000000                  47.5000000000               16468.1884750660 
                  5.5000000000                  48.0000000000               13263.6110258234 
                  5.5000000000                  48.5000000000               10053.5379205832 
                  5.5000000000                  49.0000000000                6755.0300327317 
                  5.5000000000                  49.5000000000                3392.3127939049 
                  5.5000000000                  50.0000000000                   0.0000000000 
                  6.0000000000                   0.0000000000                   0.0000000000 
                  6.0000000000                   0.5000000000                2927.3987855124 
                  6.0000000000                   1.0000000000                5943.7282251940 
                  6.0000000000                   1.5000000000                9017.2465734702 
                  6.0000000000                   2.0000000000               12126.3468671762 
                  6.0000000000                   2.5000000000               15246.3300243097 
                  6.0000000000                   3.0000000000               18390.9902087803 
                  6.0000000000                   3.5000000000               21622.1714273647 
                  6.0000000000                   4.0000000000               24998.3387771244 
                  6.0000000000                   4.5000000000               28605.3381500069 
                  6.0000000000                   5.0000000000               32467.1525144911 
                  6.0000000000                   5.5000000000               36496.8930309965 
                  6.0000000000                   6.0000000000               40616.9455950098 
                  6.0000000000                   6.5000000000               44731.2275592050 
                  6.0000000000                   7.0000000000               48748.4323501549 
                  6.0000000000                   7.5000000000               52675.8317495351 
                  6.0000000000                   8.0000000000               56515.4007099523 
                  6.0000000000                   8.5000000000               60347.0170411743 
                  6.0000000000                   9.0000000000               64415.3905689940 
                  6.0000000000                   9.5000000000               68803.8019915854 
                  6.0000000000                  10.0000000000               73466.1974883409 
                  6.0000000000                  10.5000000000               78418.5806575164 
                  6.0000000000                  11.0000000000               83640.5738527989 
                  6.0000000000                  11.5000000000               89056.7641852239 
                  6.0000000000                  12.0000000000               94576.7087525687 
                  6.0000000000                  12.5000000000              100107.2071774290 
                  6.0000000000                  13.0000000000              105605.8960388374 
                  6.0000000000                  13.5000000000              111105.6473525851 
                  6.0000000000                  14.0000000000              116643.6405150421 
                  6.0000000000                  14.5000000000              122269.4455425384 
                  6.0000000000                  15.0000000000              127947.8918607600 
                  6.0000000000                  15.5000000000              133579.9458060788 
                  6.0000000000                  16.0000000000              139137.3430785274 
                  6.0000000000                  16.5000000000              144600.9386072517 
                  6.0000000000                  17.0000000000              149955.1060133071 
                  6.0000000000                  17.5000000000              155214.2345612597 
                  6.0000000000                  18.0000000000              160387.1167251730 
                  6.0000000000                  18.5000000000              165467.4760807198 
                  6.0000000000                  19.0000000000              170444.0135370685 
                  6.0000000000                  19.5000000000              175312.6974003886 
                  6.0000000000                  20.0000000000              180084.5881697117 
                  6.0000000000                  20.5000000000              184780.9342947734 
                  6.0000000000                  21.0000000000              189487.9646128417 
                  6.0000000000                  21.5000000000              194225.3744286140 
                  6.0000000000                  22.0000000000              198846.1017978165 
                  6.0000000000                  22.5000000000              203189.4184012388 
                  6.0000000000                  23.0000000000              207137.4462771469 
                  6.0000000000                  23.5000000000              210678.7771415101 
                  6.0000000000                  24.0000000000              213855.2757860807 
                  6.0000000000                  24.5000000000              216683.2459113033 
                  6.0000000000                  25.0000000000              219189.9280110053 
                  6.0000000000                  25.5000000000              221179.9498565510 
                  6.0000000000                  26.0000000000              222483.1128206203 
                  6.0000000000                  26.5000000000              223166.2002223830 
                  6.0000000000                  27.0000000000              223263.7616806080 
                  6.0000000000                  27.5000000000              222988.1993490691 
                  6.0000000000                  28.0000000000              222529.7920581312 
                  6.0000000000                  28.5000000000              221796.7757778987 
                  6.0000000000                  29.0000000000              220652.1513955100 
                  6.0000000000                  29.5000000000              218861.2837479633 
                  6.0000000000                  30.0000000000              216202.6884229748 
                  6.0000000000                  30.5000000000              212674.8868392156 
                  6.0000000000                  31.0000000000              208418.6590347712 
                  6.0000000000                  31.5000000000              203702.4148518048 
                  6.0000000000                  32.0000000000              198713.7719094535 
                  6.0000000000                  32.5000000000              193453.2572520803 
                  6.0000000000                  33.0000000000              187680.1715916548 
                  6.0000000000                  33.5000000000              181695.3729394405 
                  6.0000000000                  34.0000000000              176854.1185134554 
                  6.0000000000                  34.5000000000              173397.5736793350 
                  6.0000000000                  35.0000000000              170668.1878018591 
                  6.0000000000                  35.5000000000              168419.2517990193 
                  6.0000000000                  36.0000000000              166303.8465066349 
                  6.0000000000                  36.5000000000              164165.0873969985 
                  6.0000000000                  37.0000000000              161856.9808011631 
                  6.0000000000                  37.5000000000              158894.6440854794 
                  6.0000000000                  38.0000000000              154758.4157371605 
                  6.0000000000                  38.5000000000              149121.3795758345 
                  6.0000000000                  39.0000000000              141805.5753061270 
                  6.0000000000                  39.5000000000              132853.5470091343 
                  6.0000000000                  40.0000000000              122924.4022486435 
                  6.0000000000                  40.5000000000              112845.6454699608 
                  6.0000000000                  41.0000000000              102960.1045127185 
                  6.0000000000                  41.5000000000               93399.1748938271 
                  6.0000000000                  42.0000000000               84315.6251572929 
                  6.0000000000                  42.5000000000               75826.9353575188 
                  6.0000000000                  43.0000000000               67910.1957791509 
                  6.0000000000                  43.5000000000               60461.3900153543 
                  6.0000000000                  44.0000000000               53426.2240493159 
                  6.0000000000                  44.5000000000               46890.7809689173 
                  6.0000000000                  45.0000000000               40896.5725861481 
                  6.0000000000                  45.5000000000               35406.1930738510 
                  6.0000000000                  46.0000000000               30397.4146315496 
                  6.0000000000                  46.5000000000               25809.0070065566 
                  6.0000000000                  47.0000000000               21554.9649847622 
                  6.0000000000                  47.5000000000               17562.6341668231 
                  6.0000000000                  48.0000000000               13771.4960706816 
                  6.0000000000                  48.5000000000               10131.7200294285 
                  6.0000000000                  49.0000000000                6613.2642471205 
                  6.0000000000                  49.5000000000                3220.5546469245 
                  6.0000000000                  50.0000000000                   0.0000000000 
                  6.5000000000                   0.0000000000                   0.0000000000 
                  6.5000000000                   0.5000000000                3139.5211598939 
                  6.5000000000                   1.0000000000                6420.1087206361 
                  6.5000000000                   1.5000000000                9798.2953948027 
                  6.5000000000                   2.0000000000               13252.0003000477 
                  6.5000000000                   2.5000000000               16725.7767232382 
                  6.5000000000                   3.0000000000               20189.2967850750 
                  6.5000000000                   3.5000000000               23697.3938924139 
                  6.5000000000                   4.0000000000               27308.6279211660 
                  6.5000000000                   4.5000000000               31135.0024447897 
                  6.5000000000                   5.0000000000               35236.4203869587 
                  6.5000000000                   5.5000000000               39533.3932969728 
                  6.5000000000                   6.0000000000               43955.7957104838 
                  6.5000000000                   6.5000000000               48446.4864733499 
                  6.5000000000                   7.0000000000               52933.3066208813 
                  6.5000000000                   7.5000000000               57381.2784922211 
                  6.5000000000                   8.0000000000               61738.8376303255 
                  6.5000000000                   8.5000000000               65925.8659728921 
                  6.5000000000                   9.0000000000               70104.3798826872 
                  6.5000000000                   9.5000000000               74504.2893474218 
                  6.5000000000                  10.0000000000               79194.3027616831 
                  6.5000000000                  10.5000000000               84246.5442972180 
                  6.5000000000                  11.0000000000               89662.9904944157 
                  6.5000000000                  11.5000000000               95327.1480239817 
                  6.5000000000                  12.0000000000              101110.7155707872 
                  6.5000000000                  12.5000000000              106907.9061734749 
                  6.5000000000                  13.0000000000              112694.5685262754 
                  6.5000000000                  13.5000000000              118521.6425001969 
                  6.5000000000                  14.0000000000              124417.7501393163 
                  6.5000000000                  14.5000000000              130392.7252765876 
                  6.5000000000                  15.0000000000              136316.0422485944 
                  6.5000000000                  15.5000000000              142085.9242252907 
                  6.5000000000                  16.0000000000              147753.5727703903 
                  6.5000000000                  16.5000000000              153344.1088051356 
                  6.5000000000                  17.0000000000              158891.3932947986 
                  6.5000000000                  17.5000000000              164424.3903412190 
                  6.5000000000                  18.0000000000              169936.7537655635 
                  6.5000000000                  18.5000000000              175437.2645295352 
                  6.5000000000                  19.0000000000              180976.2034163577 
                  6.5000000000                  19.5000000000              186546.6153371164 
                  6.5000000000                  20.0000000000              192075.7643999480 
                  6.5000000000                  20.5000000000              197500.3648707095 
                  6.5000000000                  21.0000000000              202687.7482126832 
                  6.5000000000                  21.5000000000              207528.1778839505 
                  6.5000000000                  22.0000000000              211999.0530366289 
                  6.5000000000                  22.5000000000              216038.0106945595 
                  6.5000000000                  23.0000000000              219489.0907238931 
                  6.5000000000                  23.5000000000              222364.6330805386 
                  6.5000000000                  24.0000000000              224884.2164306035 
                  6.5000000000                  24.5000000000              227197.7846397733 
                  6.5000000000                  25.0000000000              229430.1221389534 
                  6.5000000000                  25.5000000000              231443.3905825150 
                  6.5000000000                  26.0000000000              232994.9927358439 
                  6.5000000000                  26.5000000000              234056.0065536947 
                  6.5000000000                  27.0000000000              234591.9742606871 
                  6.5000000000                  27.5000000000              234777.4041864877 
                  6.5000000000                  28.0000000000              234817.0933142965 
                  6.5000000000                  28.5000000000              234635.5466487177 
                  6.5000000000                  29.0000000000              234101.9715275366 
                  6.5000000000                  29.5000000000              232915.9464483768 
                  6.5000000000                  30.0000000000              230766.6614693465 
                  6.5000000000                  30.5000000000              227628.5543758713 
                  6.5000000000                  31.0000000000              223589.9541088449 
                  6.5000000000                  31.5000000000              219099.5988976216 
                  6.5000000000                  32.0000000000              214644.5434498671 
                  6.5000000000                  32.5000000000              210170.7879569195 
                  6.5000000000                  33.0000000000              205140.1869385214 
                  6.5000000000                  33.5000000000              199247.4776632125 
                  6.5000000000                  34.0000000000              193807.5134610623 
                  6.5000000000                  34.5000000000              189592.3216589686 
                  6.5000000000                  35.0000000000              186168.9032217364 
                  6.5000000000                  35.5000000000              183704.3514732382 
                  6.5000000000                  36.0000000000              182105.7432227386 
                  6.5000000000                  36.5000000000              180834.3557543287 
                  6.5000000000                  37.0000000000              179381.6954422086 
                  6.5000000000                  37.5000000000              177043.5103971323 
                  6.5000000000                  38.0000000000              172815.4393293032 
                  6.5000000000                  38.5000000000              166292.2381690822 
                  6.5000000000                  39.0000000000              157556.8327973121 
                  6.5000000000                  39.5000000000              146680.4822469570 
                  6.5000000000                  40.0000000000              134910.4633130492 
                  6.5000000000                  40.5000000000              123533.7615745515 
                  6.5000000000                  41.0000000000              112677.0786582147 
                  6.5000000000                  41.5000000000              102315.6053480710 
                  6.5000000000                  42.0000000000               92547.4190306955 
                  6.5000000000                  42.5000000000               83494.8096220489 
                  6.5000000000                  43.0000000000               75107.3835376595 
                  6.5000000000                  43.5000000000               67284.1629049202 
                  6.5000000000                  44.0000000000               59894.1977252293 
                  6.5000000000                  44.5000000000               52833.8245967907 
                  6.5000000000                  45.0000000000               46117.1647933485 
                  6.5000000000                  45.5000000000               39758.5965788223 
                  6.5000000000                  46.0000000000               33799.0553331009 
                  6.5000000000                  46.5000000000               28339.9798707564 
                  6.5000000000                  47.0000000000               23359.5017702420 
                  6.5000000000                  47.5000000000               18742.9117631725 
                  6.5000000000                  48.0000000000               14418.1991134272 
                  6.5000000000                  48.5000000000               10383.8409248358 
                  6.5000000000                  49.0000000000                6640.7974598926 
                  6.5000000000                  49.5000000000                3169.2731274685 
                  6.5000000000                  50.0000000000                   0.0000000000 
                  7.0000000000                   0.0000000000                   0.0000000000 
                  7.0000000000                   0.5000000000                3387.5916648154 
                  7.0000000000                   1.0000000000                6941.2606444154 
                  7.0000000000                   1.5000000000               10612.2953788967 
                  7.0000000000                   2.0000000000               14375.7606867856 
                  7.0000000000                   2.5000000000               18161.9109541791 
                  7.0000000000                   3.0000000000               21918.7405518085 
                  7.0000000000                   3.5000000000               25691.4958900040 
                  7.0000000000                   4.0000000000               29534.5436477280 
                  7.0000000000                   4.5000000000               33577.2072099540 
                  7.0000000000                   5.0000000000               37902.0235420953 
                  7.0000000000                   5.5000000000               42435.0098716312 
                  7.0000000000                   6.0000000000               47111.2582154890 
                  7.0000000000                   6.5000000000               51894.5441078895 
                  7.0000000000                   7.0000000000               56732.5629123736 
                  7.0000000000                   7.5000000000               61570.4244218123 
                  7.0000000000                   8.0000000000               66333.1994776620 
                  7.0000000000                   8.5000000000               70897.1589578788 
                  7.0000000000                   9.0000000000               75334.2331914217 
                  7.0000000000                   9.5000000000               79882.1645892707 
                  7.0000000000                  10.0000000000               84689.5666794335 
                  7.0000000000                  10.5000000000               89879.7581521193 
                  7.0000000000                  11.0000000000               95472.7410140086 
                  7.0000000000                  11.5000000000              101327.0391555833 
                  7.0000000000                  12.0000000000              107295.4097804455 
                  7.0000000000                  12.5000000000              113271.3356995490 
                  7.0000000000                  13.0000000000              119253.8581410086 
                  7.0000000000                  13.5000000000              125309.6802353519 
                  7.0000000000                  14.0000000000              131456.5257971222 
                  7.0000000000                  14.5000000000              137686.2986400854 
                  7.0000000000                  15.0000000000              143842.0638790067 
                  7.0000000000                  15.5000000000              149815.2048047482 
                  7.0000000000                  16.0000000000              155676.7988641386 
                  7.0000000000                  16.5000000000              161473.5601300298 
                  7.0000000000                  17.0000000000              167264.7935896455 
                  7.0000000000                  17.5000000000              173095.7458250866 
                  7.0000000000                  18.0000000000              178954.9910876669 
                  7.0000000000                  18.5000000000              184853.9345418220 
                  7.0000000000                  19.0000000000              190847.3876715528 
                  7.0000000000                  19.5000000000              196891.2268009167 
                  7.0000000000                  20.0000000000              202857.2971796977 
                  7.0000000000                  20.5000000000              208629.1203937904 
                  7.0000000000                  21.0000000000              214006.0730505529 
                  7.0000000000                  21.5000000000              218857.9817434811 
                  7.0000000000                  22.0000000000              223215.2911841797 
                  7.0000000000                  22.5000000000              227077.3813180088 
                  7.0000000000                  23.0000000000              230335.9757839224 
                  7.0000000000                  23.5000000000              232988.2578689984 
                  7.0000000000                  24.0000000000              235252.5345062686 
                  7.0000000000                  24.5000000000              237345.8958927286 
                  7.0000000000                  25.0000000000              239454.5452161379 
                  7.0000000000                  25.5000000000              241513.4540375214 
                  7.0000000000                  26.0000000000              243286.0930919045 
                  7.0000000000                  26.5000000000              244682.3011826628 
                  7.0000000000                  27.0000000000              245615.2203973567 
                  7.0000000000                  27.5000000000              246229.2296580636 
                  7.0000000000                  28.0000000000              246734.0043651934 
                  7.0000000000                  28.5000000000              247072.1745948929 
                  7.0000000000                  29.0000000000              247152.5029037438 
                  7.0000000000                  29.5000000000              246664.3179121264 
                  7.0000000000                  30.0000000000              245211.9578339487 
                  7.0000000000                  30.5000000000              242707.2822114754 
                  7.0000000000                  31.0000000000              239077.4036552654 
                  7.0000000000                  31.5000000000              234806.0356342787 
                  7.0000000000                  32.0000000000              230770.2112081528 
                  7.0000000000                  32.5000000000              226932.1929164069 
                  7.0000000000                  33.0000000000              222525.6506556298 
                  7.0000000000                  33.5000000000              216943.2796961359 
                  7.0000000000                  34.0000000000              211136.2207979558 
                  7.0000000000                  34.5000000000              206075.7615884870 
                  7.0000000000                  35.0000000000              201644.3558886767 
                  7.0000000000                  35.5000000000              198189.0980564978 
                  7.0000000000                  36.0000000000              196012.1745908805 
                  7.0000000000                  36.5000000000              194527.9097761466 
                  7.0000000000                  37.0000000000              192952.1546805272 
                  7.0000000000                  37.5000000000              190827.0339991353 
                  7.0000000000                  38.0000000000              187023.2567772607 
                  7.0000000000                  38.5000000000              180680.9079048146 
                  7.0000000000                  39.0000000000              171733.3647882192 
                  7.0000000000                  39.5000000000              159667.9690279161 
                  7.0000000000                  40.0000000000              146122.6905882558 
                  7.0000000000                  40.5000000000              133403.8544434694 
                  7.0000000000                  41.0000000000              121579.3150681606 
                  7.0000000000                  41.5000000000              110421.6368430195 
                  7.0000000000                  42.0000000000               99985.0060763685 
                  7.0000000000                  42.5000000000               90388.1896653354 
                  7.0000000000                  43.0000000000               81559.6829113727 
                  7.0000000000                  43.5000000000               73416.5754798501 
                  7.0000000000                  44.0000000000               65765.9903350210 
                  7.0000000000                  44.5000000000               58304.3302491779 
                  7.0000000000                  45.0000000000               50995.9032844969 
                  7.0000000000                  45.5000000000               43885.0869527881 
                  7.0000000000                  46.0000000000               37059.4601538633 
                  7.0000000000                  46.5000000000               30801.6304861689 
                  7.0000000000                  47.0000000000               25165.2268621660 
                  7.0000000000                  47.5000000000               19989.7515045645 
                  7.0000000000                  48.0000000000               15196.9905844240 
                  7.0000000000                  48.5000000000               10804.9463245220 
                  7.0000000000                  49.0000000000                6825.5962464179 
                  7.0000000000                  49.5000000000                3221.8510984124 
                  7.0000000000                  50.0000000000                   0.0000000000 
                  7.5000000000                   0.0000000000                   0.0000000000 
                  7.5000000000                   0.5000000000                3660.9916581266 
                  7.5000000000                   1.0000000000                7494.2977706954 
                  7.5000000000                   1.5000000000               11447.9642314199 
                  7.5000000000                   2.0000000000               15496.1702406587 
                  7.5000000000                   2.5000000000               19566.1439744719 
                  7.5000000000                   3.0000000000               23597.8861093476 
                  7.5000000000                   3.5000000000               27626.3569634304 
                  7.5000000000                   4.0000000000               31697.5621745513 
                  7.5000000000                   4.5000000000               35948.6005405098 
                  7.5000000000                   5.0000000000               40473.3794074265 
                  7.5000000000                   5.5000000000               45203.8047945245 
                  7.5000000000                   6.0000000000               50083.0967005579 
                  7.5000000000                   6.5000000000               55084.2644284853 
                  7.5000000000                   7.0000000000               60167.0735793351 
                  7.5000000000                   7.5000000000               65273.6960227562 
                  7.5000000000                   8.0000000000               70328.7774577859 
                  7.5000000000                   8.5000000000               75233.8690155504 
                  7.5000000000                   9.0000000000               80015.0065072615 
                  7.5000000000                   9.5000000000               84843.6916575909 
                  7.5000000000                  10.0000000000               89876.8965887749 
                  7.5000000000                  10.5000000000               95262.7038709008 
                  7.5000000000                  11.0000000000              101025.4305526213 
                  7.5000000000                  11.5000000000              107017.3014861664 
                  7.5000000000                  12.0000000000              113099.4779999504 
                  7.5000000000                  12.5000000000              119178.6074263748 
                  7.5000000000                  13.0000000000              125278.7376983313 
                  7.5000000000                  13.5000000000              131480.2889051414 
                  7.5000000000                  14.0000000000              137794.5648762049 
                  7.5000000000                  14.5000000000              144218.9822807087 
                  7.5000000000                  15.0000000000              150611.5218416867 
                  7.5000000000                  15.5000000000              156851.8120373804 
                  7.5000000000                  16.0000000000              162992.9800771027 
                  7.5000000000                  16.5000000000              169080.3591745044 
                  7.5000000000                  17.0000000000              175179.2420547807 
                  7.5000000000                  17.5000000000              181348.3513125620 
                  7.5000000000                  18.0000000000              187571.3091797666 
                  7.5000000000                  18.5000000000              193841.5480186003 
                  7.5000000000                  19.0000000000              200174.1621226446 
                  7.5000000000                  19.5000000000              206468.0789989795 
                  7.5000000000                  20.0000000000              212574.1448265523 
                  7.5000000000                  20.5000000000              218378.7641663247 
                  7.5000000000                  21.0000000000              223722.5903751866 
                  7.5000000000                  21.5000000000              228521.1698229209 
                  7.5000000000                  22.0000000000              232812.5664539088 
                  7.5000000000                  22.5000000000              236624.9252955302 
                  7.5000000000                  23.0000000000              239916.6984449985 
                  7.5000000000                  23.5000000000              242665.9929743083 
                  7.5000000000                  24.0000000000              245015.1001421261 
                  7.5000000000                  24.5000000000              247176.0140672771 
                  7.5000000000                  25.0000000000              249351.2612875145 
                  7.5000000000                  25.5000000000              251540.0477116668 
                  7.5000000000                  26.0000000000              253555.4123346979 
                  7.5000000000                  26.5000000000              255276.9574422199 
                  7.5000000000                  27.0000000000              256572.8249367024 
                  7.5000000000                  27.5000000000              257560.1225196219 
                  7.5000000000                  28.0000000000              258451.1175630193 
                  7.5000000000                  28.5000000000              259220.4248738837 
                  7.5000000000                  29.0000000000              259848.3672751802 
                  7.5000000000                  29.5000000000              260073.4396751961 
                  7.5000000000                  30.0000000000              259465.2324605561 
                  7.5000000000                  30.5000000000              257863.5686456438 
                  7.5000000000                  31.0000000000              254899.4087424136 
                  7.5000000000                  31.5000000000              250935.1687494872 
                  7.5000000000                  32.0000000000              247214.3502817202 
                  7.5000000000                  32.5000000000              243719.2492921715 
                  7.5000000000                  33.0000000000              239534.9358704290 
                  7.5000000000                  33.5000000000              234108.9591746276 
                  7.5000000000                  34.0000000000              228118.5527999971 
                  7.5000000000                  34.5000000000              222396.2962343635 
                  7.5000000000                  35.0000000000              216881.4177071729 
                  7.5000000000                  35.5000000000              211967.5152109921 
                  7.5000000000                  36.0000000000              208488.4166525314 
                  7.5000000000                  36.5000000000              206070.1235857833 
                  7.5000000000                  37.0000000000              203819.2434784297 
                  7.5000000000                  37.5000000000              201523.5163362297 
                  7.5000000000                  38.0000000000              198032.1507581969 
                  7.5000000000                  38.5000000000              192170.6754539903 
                  7.5000000000                  39.0000000000              183630.4476309057 
                  7.5000000000                  39.5000000000              171098.3634952507 
                  7.5000000000                  40.0000000000              156227.3327014860 
                  7.5000000000                  40.5000000000              142336.5309861912 
                  7.5000000000                  41.0000000000              129649.5782529815 
                  7.5000000000                  41.5000000000              117765.5748580283 
                  7.5000000000                  42.0000000000              106710.7222615966 
                  7.5000000000                  42.5000000000               96600.4662488047 
                  7.5000000000                  43.0000000000               87348.1757594446 
                  7.5000000000                  43.5000000000               78894.7856354776 
                  7.5000000000                  44.0000000000               71006.8953166472 
                  7.5000000000                  44.5000000000               63212.3062282460 
                  7.5000000000                  45.0000000000               55420.6999219927 
                  7.5000000000                  45.5000000000               47681.7001981849 
                  7.5000000000                  46.0000000000               40108.0174154220 
                  7.5000000000                  46.5000000000               33154.2071860161 
                  7.5000000000                  47.0000000000               26948.4705201305 
                  7.5000000000                  47.5000000000               21283.1422086413 
                  7.5000000000                  48.0000000000               16072.9789584611 
                  7.5000000000                  48.5000000000               11346.5707893086 
                  7.5000000000                  49.0000000000                7119.8609613792 
                  7.5000000000                  49.5000000000                3340.5617117748 
                  7.5000000000                  50.0000000000                   0.0000000000 
                  8.0000000000                   0.0000000000                   0.0000000000 
                  8.0000000000                   0.5000000000                3955.5064057952 
                  8.0000000000                   1.0000000000                8069.2350796051 
                  8.0000000000                   1.5000000000               12290.4831083708 
                  8.0000000000                   2.0000000000               16597.7266442833 
                  8.0000000000                   2.5000000000               20927.4480296947 
                  8.0000000000                   3.0000000000               25222.4656133436 
                  8.0000000000                   3.5000000000               29505.8233954134 
                  8.0000000000                   4.0000000000               33805.9735500105 
                  8.0000000000                   4.5000000000               38245.8658504633 
                  8.0000000000                   5.0000000000               42925.7471215311 
                  8.0000000000                   5.5000000000               47799.7207915105 
                  8.0000000000                   6.0000000000               52828.4391125633 
                  8.0000000000                   6.5000000000               57998.3968064736 
                  8.0000000000                   7.0000000000               63278.4305680174 
                  8.0000000000                   7.5000000000               68608.9430544092 
                  8.0000000000                   8.0000000000               73920.6372351740 
                  8.0000000000                   8.5000000000               79139.3846225762 
                  8.0000000000                   9.0000000000               84275.6137402865 
                  8.0000000000                   9.5000000000               89446.9410008188 
                  8.0000000000                  10.0000000000               94779.6438406042 
                  8.0000000000                  10.5000000000              100405.0770356139 
                  8.0000000000                  11.0000000000              106325.3581063678 
                  8.0000000000                  11.5000000000              112405.4086569308 
                  8.0000000000                  12.0000000000              118545.1534801054 
                  8.0000000000                  12.5000000000              124675.1665639021 
                  8.0000000000                  13.0000000000              130844.3406894578 
                  8.0000000000                  13.5000000000              137143.7058083203 
                  8.0000000000                  14.0000000000              143583.1580870843 
                  8.0000000000                  14.5000000000              150173.6795878489 
                  8.0000000000                  15.0000000000              156794.7116018463 
                  8.0000000000                  15.5000000000              163317.5952349697 
                  8.0000000000                  16.0000000000              169772.1112935206 
                  8.0000000000                  16.5000000000              176195.3284802029 
                  8.0000000000                  17.0000000000              182658.6468380778 
                  8.0000000000                  17.5000000000              189227.6544209723 
                  8.0000000000                  18.0000000000              195866.3044929355 
                  8.0000000000                  18.5000000000              202527.1346854738 
                  8.0000000000                  19.0000000000              209137.4242663961 
                  8.0000000000                  19.5000000000              215539.6798837063 
                  8.0000000000                  20.0000000000              221624.5667925588 
                  8.0000000000                  20.5000000000              227328.5996679856 
                  8.0000000000                  21.0000000000              232546.0428265649 
                  8.0000000000                  21.5000000000              237239.6762096671 
                  8.0000000000                  22.0000000000              241462.3660930875 
                  8.0000000000                  22.5000000000              245264.1746712197 
                  8.0000000000                  23.0000000000              248651.2810333008 
                  8.0000000000                  23.5000000000              251591.5037739712 
                  8.0000000000                  24.0000000000              254162.5100703461 
                  8.0000000000                  24.5000000000              256540.7998457828 
                  8.0000000000                  25.0000000000              258916.7185959822 
                  8.0000000000                  25.5000000000              261343.8790078618 
                  8.0000000000                  26.0000000000              263686.1511709152 
                  8.0000000000                  26.5000000000              265801.7331048496 
                  8.0000000000                  27.0000000000              267501.4451495426 
                  8.0000000000                  27.5000000000              268828.6182908326 
                  8.0000000000                  28.0000000000              269998.7903365222 
                  8.0000000000                  28.5000000000              271062.9515023601 
                  8.0000000000                  29.0000000000              272115.5820058179 
                  8.0000000000                  29.5000000000              273035.0113118213 
                  8.0000000000                  30.0000000000              273450.0893172212 
                  8.0000000000                  30.5000000000              273198.7163439331 
                  8.0000000000                  31.0000000000              271748.7152755322 
                  8.0000000000                  31.5000000000              268829.9411082772 
                  8.0000000000                  32.0000000000              265511.7218618391 
                  8.0000000000                  32.5000000000              262041.0980424497 
                  8.0000000000                  33.0000000000              257649.7366156627 
                  8.0000000000                  33.5000000000              252064.9704575486 
                  8.0000000000                  34.0000000000              245806.5181230891 
                  8.0000000000                  34.5000000000              239482.2933962820 
                  8.0000000000                  35.0000000000              232886.9525763325 
                  8.0000000000                  35.5000000000              226138.3882911104 
                  8.0000000000                  36.0000000000              220731.1461949676 
                  8.0000000000                  36.5000000000              216878.7540396429 
                  8.0000000000                  37.0000000000              213606.0702899671 
                  8.0000000000                  37.5000000000              210842.2432021376 
                  8.0000000000                  38.0000000000              207354.3401053470 
                  8.0000000000                  38.5000000000              201759.9645817986 
                  8.0000000000                  39.0000000000              193609.4477880064 
                  8.0000000000                  39.5000000000              180885.5783179458 
                  8.0000000000                  40.0000000000              165089.3025112876 
                  8.0000000000                  40.5000000000              150314.0805801568 
                  8.0000000000                  41.0000000000              136957.5371274012 
                  8.0000000000                  41.5000000000              124479.6821548281 
                  8.0000000000                  42.0000000000              112889.3303988273 
                  8.0000000000                  42.5000000000              102301.2905065451 
                  8.0000000000                  43.0000000000               92620.2043405965 
                  8.0000000000                  43.5000000000               83818.0379630625 
                  8.0000000000                  44.0000000000               75652.8288116165 
                  8.0000000000                  44.5000000000               67533.7917651048 
                  8.0000000000                  45.0000000000               59332.6834500667 
                  8.0000000000                  45.5000000000               51093.7483645333 
                  8.0000000000                  46.0000000000               42921.4325742478 
                  8.0000000000                  46.5000000000               35400.2029300702 
                  8.0000000000                  47.0000000000               28718.4012588259 
                  8.0000000000                  47.5000000000               22627.3046051583 
                  8.0000000000                  48.0000000000               17039.8393700238 
                  8.0000000000                  48.5000000000               11993.2575419415 
                  8.0000000000                  49.0000000000                7506.1930531538 
                  8.0000000000                  49.5000000000                3513.5558188263 
                  8.0000000000                  50.0000000000                   0.0000000000 
                  8.5000000000                   0.0000000000                   0.0000000000 
                  8.5000000000                   0.5000000000                4272.6881950598 
                  8.5000000000                   1.0000000000                8664.7427932172 
                  8.5000000000                   1.5000000000               13138.6746903308 
                  8.5000000000                   2.0000000000               17682.2022757576 
                  8.5000000000                   2.5000000000               22252.4229226322 
                  8.5000000000                   3.0000000000               26804.4587765899 
                  8.5000000000                   3.5000000000               31348.3906235267 
                  8.5000000000                   4.0000000000               35888.8111046579 
                  8.5000000000                   4.5000000000               40499.8283170962 
                  8.5000000000                   5.0000000000               45283.7552449809 
                  8.5000000000                   5.5000000000               50248.2913098555 
                  8.5000000000                   6.0000000000               55382.0393631591 
                  8.5000000000                   6.5000000000               60691.8433311493 
                  8.5000000000                   7.0000000000               66148.0702567953 
                  8.5000000000                   7.5000000000               71679.4586663536 
                  8.5000000000                   8.0000000000               77219.8839854210 
                  8.5000000000                   8.5000000000               82723.6855937591 
                  8.5000000000                   9.0000000000               88209.5772044856 
                  8.5000000000                   9.5000000000               93752.1255018646 
                  8.5000000000                  10.0000000000               99433.6389668021 
                  8.5000000000                  10.5000000000              105322.3248320427 
                  8.5000000000                  11.0000000000              111372.8916158405 
                  8.5000000000                  11.5000000000              117498.4457076191 
                  8.5000000000                  12.0000000000              123659.9864303915 
                  8.5000000000                  12.5000000000              129813.9510908703 
                  8.5000000000                  13.0000000000              136030.4482239762 
                  8.5000000000                  13.5000000000              142405.9052810490 
                  8.5000000000                  14.0000000000              148949.1527699722 
                  8.5000000000                  14.5000000000              155692.9851908188 
                  8.5000000000                  15.0000000000              162543.9451888711 
                  8.5000000000                  15.5000000000              169357.4146562967 
                  8.5000000000                  16.0000000000              176136.3171037717 
                  8.5000000000                  16.5000000000              182916.4374017255 
                  8.5000000000                  17.0000000000              189780.9249040660 
                  8.5000000000                  17.5000000000              196789.4011552760 
                  8.5000000000                  18.0000000000              203871.1906654631 
                  8.5000000000                  18.5000000000              210919.5191216374 
                  8.5000000000                  19.0000000000              217734.5602983345 
                  8.5000000000                  19.5000000000              224138.5053211302 
                  8.5000000000                  20.0000000000              230121.6590803890 
                  8.5000000000                  20.5000000000              235674.5746477041 
                  8.5000000000                  21.0000000000              240743.9527062346 
                  8.5000000000                  21.5000000000              245330.5628697655 
                  8.5000000000                  22.0000000000              249495.5428748532 
                  8.5000000000                  22.5000000000              253302.4962288880 
                  8.5000000000                  23.0000000000              256800.7948314525 
                  8.5000000000                  23.5000000000              259967.6266963556 
                  8.5000000000                  24.0000000000              262824.3622731522 
                  8.5000000000                  24.5000000000              265498.3650886469 
                  8.5000000000                  25.0000000000              268158.3244692424 
                  8.5000000000                  25.5000000000              270901.4221907446 
                  8.5000000000                  26.0000000000              273632.9819851163 
                  8.5000000000                  26.5000000000              276192.3653329485 
                  8.5000000000                  27.0000000000              278336.0664552195 
                  8.5000000000                  27.5000000000              279972.3015977873 
                  8.5000000000                  28.0000000000              281299.6993557558 
                  8.5000000000                  28.5000000000              282488.3121299378 
                  8.5000000000                  29.0000000000              283750.3234650078 
                  8.5000000000                  29.5000000000              285180.8511912300 
                  8.5000000000                  30.0000000000              286536.8222473869 
                  8.5000000000                  30.5000000000              287617.6031470494 
                  8.5000000000                  31.0000000000              287934.0918728172 
                  8.5000000000                  31.5000000000              286520.2569937265 
                  8.5000000000                  32.0000000000              283667.2360221274 
                  8.5000000000                  32.5000000000              279928.3645008665 
                  8.5000000000                  33.0000000000              274966.7769396416 
                  8.5000000000                  33.5000000000              268862.9030595598 
                  8.5000000000                  34.0000000000              262247.7565877208 
                  8.5000000000                  34.5000000000              255491.0591580105 
                  8.5000000000                  35.0000000000              248266.8449098208 
                  8.5000000000                  35.5000000000              240304.3689964458 
                  8.5000000000                  36.0000000000              233037.0906190329 
                  8.5000000000                  36.5000000000              227382.7023437585 
                  8.5000000000                  37.0000000000              222763.9615520807 
                  8.5000000000                  37.5000000000              219171.4960842488 
                  8.5000000000                  38.0000000000              215357.1851086190 
                  8.5000000000                  38.5000000000              209779.6739390118 
                  8.5000000000                  39.0000000000              201850.1635763372 
                  8.5000000000                  39.5000000000              189072.3423878312 
                  8.5000000000                  40.0000000000              172747.6322204374 
                  8.5000000000                  40.5000000000              157420.9946401861 
                  8.5000000000                  41.0000000000              143627.0421408851 
                  8.5000000000                  41.5000000000              130726.0389799730 
                  8.5000000000                  42.0000000000              118704.4946370400 
                  8.5000000000                  42.5000000000              107668.5171361437 
                  8.5000000000                  43.0000000000               97524.3067943446 
                  8.5000000000                  43.5000000000               88267.1275913116 
                  8.5000000000                  44.0000000000               79682.9281320035 
                  8.5000000000                  44.5000000000               71167.0846509982 
                  8.5000000000                  45.0000000000               62579.8041280920 
                  8.5000000000                  45.5000000000               53972.5428651107 
                  8.5000000000                  46.0000000000               45432.8371301272 
                  8.5000000000                  46.5000000000               37532.5451148040 
                  8.5000000000                  47.0000000000               30474.9088874500 
                  8.5000000000                  47.5000000000               24025.6270710101 
                  8.5000000000                  48.0000000000               18102.7470079159 
                  8.5000000000                  48.5000000000               12750.7376724176 
                  8.5000000000                  49.0000000000                7989.9360066279 
                  8.5000000000                  49.5000000000                3747.7057522058 
                  8.5000000000                  50.0000000000                   0.0000000000 
                  9.0000000000                   0.0000000000                   0.0000000000 
                  9.0000000000                   0.5000000000                4607.3654728123 
                  9.0000000000                   1.0000000000                9282.4646512560 
                  9.0000000000                   1.5000000000               14008.4437868159 
                  9.0000000000                   2.0000000000               18781.8944641881 
                  9.0000000000                   2.5000000000               23582.5187190464 
                  9.0000000000                   3.0000000000               28383.6179854274 
                  9.0000000000                   3.5000000000               33184.1330994232 
                  9.0000000000                   4.0000000000               37972.4527366962 
                  9.0000000000                   4.5000000000               42772.0624084011 
                  9.0000000000                   5.0000000000               47669.8340883249 
                  9.0000000000                   5.5000000000               52724.6241760103 
                  9.0000000000                   6.0000000000               57963.0765369037 
                  9.0000000000                   6.5000000000               63416.0989481473 
                  9.0000000000                   7.0000000000               69046.8193263800 
                  9.0000000000                   7.5000000000               74765.6777095951 
                  9.0000000000                   8.0000000000               80508.7685610783 
                  9.0000000000                   8.5000000000               86247.6932112062 
                  9.0000000000                   9.0000000000               92013.7040939024 
                  9.0000000000                   9.5000000000               97860.4453871912 
                  9.0000000000                  10.0000000000              103833.3822564687 
                  9.0000000000                  10.5000000000              109947.6355459353 
                  9.0000000000                  11.0000000000              116126.1909610529 
                  9.0000000000                  11.5000000000              122318.3067075940 
                  9.0000000000                  12.0000000000              128528.8322607950 
                  9.0000000000                  12.5000000000              134735.1800927852 
                  9.0000000000                  13.0000000000              141025.1271557472 
                  9.0000000000                  13.5000000000              147503.4459987553 
                  9.0000000000                  14.0000000000              154179.9853784268 
                  9.0000000000                  14.5000000000              161106.9779257668 
                  9.0000000000                  15.0000000000              168197.6883877452 
                  9.0000000000                  15.5000000000              175284.1065264402 
                  9.0000000000                  16.0000000000              182356.6935344664 
                  9.0000000000                  16.5000000000              189456.7643911119 
                  9.0000000000                  17.0000000000              196665.6223928085 
                  9.0000000000                  17.5000000000              204013.5190830586 
                  9.0000000000                  18.0000000000              211395.8511668475 
                  9.0000000000                  18.5000000000              218659.6310354103 
                  9.0000000000                  19.0000000000              225571.2299188202 
                  9.0000000000                  19.5000000000              231995.6196100939 
                  9.0000000000                  20.0000000000              237967.4641242027 
                  9.0000000000                  20.5000000000              243493.0268237553 
                  9.0000000000                  21.0000000000              248546.4142642458 
                  9.0000000000                  21.5000000000              253143.2105063578 
                  9.0000000000                  22.0000000000              257348.9430720770 
                  9.0000000000                  22.5000000000              261238.0620092790 
                  9.0000000000                  23.0000000000              264883.4104075661 
                  9.0000000000                  23.5000000000              268276.9767919270 
                  9.0000000000                  24.0000000000              271411.6564455043 
                  9.0000000000                  24.5000000000              274368.8752618721 
                  9.0000000000                  25.0000000000              277286.7401206875 
                  9.0000000000                  25.5000000000              280287.7618537503 
                  9.0000000000                  26.0000000000              283303.7833071314 
                  9.0000000000                  26.5000000000              286155.9041450769 
                  9.0000000000                  27.0000000000              288604.6422104870 
                  9.0000000000                  27.5000000000              290486.7282195573 
                  9.0000000000                  28.0000000000              291938.3743637454 
                  9.0000000000                  28.5000000000              293180.1633057588 
                  9.0000000000                  29.0000000000              294459.2325375111 
                  9.0000000000                  29.5000000000              295970.6878854008 
                  9.0000000000                  30.0000000000              297558.1569295707 
                  9.0000000000                  30.5000000000              298923.3979870051 
                  9.0000000000                  31.0000000000              299604.3092739382 
                  9.0000000000                  31.5000000000              298781.0410049068 
                  9.0000000000                  32.0000000000              296301.0544201706 
                  9.0000000000                  32.5000000000              292495.1354257045 
                  9.0000000000                  33.0000000000              287263.1485010942 
                  9.0000000000                  33.5000000000              280763.0064084585 
                  9.0000000000                  34.0000000000              273824.2788409743 
                  9.0000000000                  34.5000000000              266832.9311070558 
                  9.0000000000                  35.0000000000              259516.6915865230 
                  9.0000000000                  35.5000000000              251663.2524659468 
                  9.0000000000                  36.0000000000              243943.6365068437 
                  9.0000000000                  36.5000000000              237195.5619002617 
                  9.0000000000                  37.0000000000              231507.9735676025 
                  9.0000000000                  37.5000000000              227015.9550254288 
                  9.0000000000                  38.0000000000              222630.1735153784 
                  9.0000000000                  38.5000000000              216819.4949222416 
                  9.0000000000                  39.0000000000              208871.9847673740 
                  9.0000000000                  39.5000000000              196031.6752549132 
                  9.0000000000                  40.0000000000              179482.6605703915 
                  9.0000000000                  40.5000000000              163935.6715537467 
                  9.0000000000                  41.0000000000              149946.7362108547 
                  9.0000000000                  41.5000000000              136804.4502831801 
                  9.0000000000                  42.0000000000              124456.2758914725 
                  9.0000000000                  42.5000000000              112985.6882486739 
                  9.0000000000                  43.0000000000              102308.6645620031 
                  9.0000000000                  43.5000000000               92436.0099458154 
                  9.0000000000                  44.0000000000               83212.0989134725 
                  9.0000000000                  44.5000000000               74138.4674216498 
                  9.0000000000                  45.0000000000               65111.8204695359 
                  9.0000000000                  45.5000000000               56210.5541413571 
                  9.0000000000                  46.0000000000               47515.1150216514 
                  9.0000000000                  46.5000000000               39435.3314372325 
                  9.0000000000                  47.0000000000               32120.2982719491 
                  9.0000000000                  47.5000000000               25399.4549997677 
                  9.0000000000                  48.0000000000               19201.1679088112 
                  9.0000000000                  48.5000000000               13575.3050495376 
                  9.0000000000                  49.0000000000                8542.9567920268 
                  9.0000000000                  49.5000000000                4030.1468539640 
                  9.0000000000                  50.0000000000                   0.0000000000 
                  9.5000000000                   0.0000000000                   0.0000000000 
                  9.5000000000                   0.5000000000                4947.6040613831 
                  9.5000000000                   1.0000000000                9915.3617711940 
                  9.5000000000                   1.5000000000               14902.9849513567 
                  9.5000000000                   2.0000000000               19913.6947301989 
                  9.5000000000                   2.5000000000               24946.9270503950 
                  9.5000000000                   3.0000000000               29995.4631282695 
                  9.5000000000                   3.5000000000               35051.3323273487 
                  9.5000000000                   4.0000000000               40095.7024669859 
                  9.5000000000                   4.5000000000               45118.0929444400 
                  9.5000000000                   5.0000000000               50175.9592760119 
                  9.5000000000                   5.5000000000               55353.8079976297 
                  9.5000000000                   6.0000000000               60719.1069536928 
                  9.5000000000                   6.5000000000               66327.4891913057 
                  9.5000000000                   7.0000000000               72124.1387595868 
                  9.5000000000                   7.5000000000               78000.6256276656 
                  9.5000000000                   8.0000000000               83901.2910146040 
                  9.5000000000                   8.5000000000               89808.9745883723 
                  9.5000000000                   9.0000000000               95766.4882507951 
                  9.5000000000                   9.5000000000              101820.2350636204 
                  9.5000000000                  10.0000000000              107991.8879699616 
                  9.5000000000                  10.5000000000              114277.1176414233 
                  9.5000000000                  11.0000000000              120590.7055505831 
                  9.5000000000                  11.5000000000              126889.9856656476 
                  9.5000000000                  12.0000000000              133197.9869223859 
                  9.5000000000                  12.5000000000              139505.8149400108 
                  9.5000000000                  13.0000000000              145918.0621345685 
                  9.5000000000                  13.5000000000              152551.8051592998 
                  9.5000000000                  14.0000000000              159415.3465700095 
                  9.5000000000                  14.5000000000              166567.8531835458 
                  9.5000000000                  15.0000000000              173906.8646219126 
                  9.5000000000                  15.5000000000              181237.8942852704 
                  9.5000000000                  16.0000000000              188553.0605792950 
                  9.5000000000                  16.5000000000              195903.6493741583 
                  9.5000000000                  17.0000000000              203353.1372696669 
                  9.5000000000                  17.5000000000              210891.1613990311 
                  9.5000000000                  18.0000000000              218397.2626954622 
                  9.5000000000                  18.5000000000              225713.4746917520 
                  9.5000000000                  19.0000000000              232658.3535667277 
                  9.5000000000                  19.5000000000              239160.0809996551 
                  9.5000000000                  20.0000000000              245239.8150560439 
                  9.5000000000                  20.5000000000              250886.5600458463 
                  9.5000000000                  21.0000000000              256076.0243966182 
                  9.5000000000                  21.5000000000              260819.8935363608 
                  9.5000000000                  22.0000000000              265183.0383701993 
                  9.5000000000                  22.5000000000              269248.7681721076 
                  9.5000000000                  23.0000000000              273099.1566940243 
                  9.5000000000                  23.5000000000              276737.8281359354 
                  9.5000000000                  24.0000000000              280145.7679298811 
                  9.5000000000                  24.5000000000              283360.6426265584 
                  9.5000000000                  25.0000000000              286475.3150110210 
                  9.5000000000                  25.5000000000              289617.6446068482 
                  9.5000000000                  26.0000000000              292740.7976308367 
                  9.5000000000                  26.5000000000              295668.3352946785 
                  9.5000000000                  27.0000000000              298218.8006503453 
                  9.5000000000                  27.5000000000              300239.5656405053 
                  9.5000000000                  28.0000000000              301789.9805238209 
                  9.5000000000                  28.5000000000              303049.1923241292 
                  9.5000000000                  29.0000000000              304207.7778887437 
                  9.5000000000                  29.5000000000              305440.1792572610 
                  9.5000000000                  30.0000000000              306649.8820037384 
                  9.5000000000                  30.5000000000              307528.2322757390 
                  9.5000000000                  31.0000000000              307715.1873943649 
                  9.5000000000                  31.5000000000              306762.1901950858 
                  9.5000000000                  32.0000000000              304422.7228716310 
                  9.5000000000                  32.5000000000              300710.1884435677 
                  9.5000000000                  33.0000000000              295490.7199391767 
                  9.5000000000                  33.5000000000              288862.6652161120 
                  9.5000000000                  34.0000000000              281751.2812048269 
                  9.5000000000                  34.5000000000              274669.7811065165 
                  9.5000000000                  35.0000000000              267467.0090632084 
                  9.5000000000                  35.5000000000              260123.8455898525 
                  9.5000000000                  36.0000000000              252756.0543530493 
                  9.5000000000                  36.5000000000              245743.1907579496 
                  9.5000000000                  37.0000000000              239459.7108860381 
                  9.5000000000                  37.5000000000              234210.5731003962 
                  9.5000000000                  38.0000000000              229162.1382135402 
                  9.5000000000                  38.5000000000              222960.0678946914 
                  9.5000000000                  39.0000000000              214863.5443031569 
                  9.5000000000                  39.5000000000              202006.4570358345 
                  9.5000000000                  40.0000000000              185512.4918629132 
                  9.5000000000                  40.5000000000              170081.9135637141 
                  9.5000000000                  41.0000000000              156169.2622084993 
                  9.5000000000                  41.5000000000              142982.5106500112 
                  9.5000000000                  42.0000000000              130416.7743100958 
                  9.5000000000                  42.5000000000              118515.5085023738 
                  9.5000000000                  43.0000000000              107206.1143671727 
                  9.5000000000                  43.5000000000               96533.3071152224 
                  9.5000000000                  44.0000000000               86449.4719756472 
                  9.5000000000                  44.5000000000               76646.0734766371 
                  9.5000000000                  45.0000000000               67104.0125204170 
                  9.5000000000                  45.5000000000               57926.7663968210 
                  9.5000000000                  46.0000000000               49164.9608966206 
                  9.5000000000                  46.5000000000               41024.4831761797 
                  9.5000000000                  47.0000000000               33560.9876084816 
                  9.5000000000                  47.5000000000               26654.7177770099 
                  9.5000000000                  48.0000000000               20245.5732746478 
                  9.5000000000                  48.5000000000               14388.2062790206 
                  9.5000000000                  49.0000000000                9105.2264221857 
                  9.5000000000                  49.5000000000                4324.0139378553 
                  9.5000000000                  50.0000000000                   0.0000000000 
                 10.0000000000                   0.0000000000                   0.0000000000 
                 10.0000000000                   0.5000000000                5286.6840561918 
                 10.0000000000                   1.0000000000               10553.9905071122 
                 10.0000000000                   1.5000000000               15812.8177891715 
                 10.0000000000                   2.0000000000               21071.6579708647 
                 10.0000000000                   2.5000000000               26348.7794091825 
                 10.0000000000                   3.0000000000               31656.2550409124 
                 10.0000000000                   3.5000000000               36982.8061826605 
                 10.0000000000                   4.0000000000               42305.9311113921 
                 10.0000000000                   4.5000000000               47588.2772370401 
                 10.0000000000                   5.0000000000               52855.4857319883 
                 10.0000000000                   5.5000000000               58196.7512425827 
                 10.0000000000                   6.0000000000               63708.3630979515 
                 10.0000000000                   6.5000000000               69463.5192796432 
                 10.0000000000                   7.0000000000               75380.3995611520 
                 10.0000000000                   7.5000000000               81347.0231376783 
                 10.0000000000                   8.0000000000               87335.2162946123 
                 10.0000000000                   8.5000000000               93342.7972669333 
                 10.0000000000                   9.0000000000               99424.4546228118 
                 10.0000000000                   9.5000000000              105620.1429941119 
                 10.0000000000                  10.0000000000              111935.6537783480 
                 10.0000000000                  10.5000000000              118356.5310354483 
                 10.0000000000                  11.0000000000              124795.1126239432 
                 10.0000000000                  11.5000000000              131214.1608648362 
                 10.0000000000                  12.0000000000              137646.6961218314 
                 10.0000000000                  12.5000000000              144093.7790531226 
                 10.0000000000                  13.0000000000              150678.7268267475 
                 10.0000000000                  13.5000000000              157529.0552415248 
                 10.0000000000                  14.0000000000              164640.1532682751 
                 10.0000000000                  14.5000000000              172060.1992776484 
                 10.0000000000                  15.0000000000              179650.4303740665 
                 10.0000000000                  15.5000000000              187191.0746532435 
                 10.0000000000                  16.0000000000              194692.0299233163 
                 10.0000000000                  16.5000000000              202220.4775318219 
                 10.0000000000                  17.0000000000              209819.5851224643 
                 10.0000000000                  17.5000000000              217443.8582832881 
                 10.0000000000                  18.0000000000              224979.9476975252 
                 10.0000000000                  18.5000000000              232296.0326861124 
                 10.0000000000                  19.0000000000              239268.9203951303 
                 10.0000000000                  19.5000000000              245879.2920096634 
                 10.0000000000                  20.0000000000              252130.5620343139 
                 10.0000000000                  20.5000000000              257981.3124161999 
                 10.0000000000                  21.0000000000              263390.7749007528 
                 10.0000000000                  21.5000000000              268355.5052155388 
                 10.0000000000                  22.0000000000              272938.9947512393 
                 10.0000000000                  22.5000000000              277234.8234088840 
                 10.0000000000                  23.0000000000              281339.0850060369 
                 10.0000000000                  23.5000000000              285272.1240796936 
                 10.0000000000                  24.0000000000              289000.0174257478 
                 10.0000000000                  24.5000000000              292504.4215857383 
                 10.0000000000                  25.0000000000              295799.7506286842 
                 10.0000000000                  25.5000000000              298988.1441640523 
                 10.0000000000                  26.0000000000              302059.9823514443 
                 10.0000000000                  26.5000000000              304888.2516054149 
                 10.0000000000                  27.0000000000              307385.8441866481 
                 10.0000000000                  27.5000000000              309434.6355396056 
                 10.0000000000                  28.0000000000              311022.4615841482 
                 10.0000000000                  28.5000000000              312252.8928378143 
                 10.0000000000                  29.0000000000              313205.3043415778 
                 10.0000000000                  29.5000000000              314012.2774966610 
                 10.0000000000                  30.0000000000              314672.4292738082 
                 10.0000000000                  30.5000000000              314954.1369399417 
                 10.0000000000                  31.0000000000              314659.3833713633 
                 10.0000000000                  31.5000000000              313507.1049304825 
                 10.0000000000                  32.0000000000              311144.5256060242 
                 10.0000000000                  32.5000000000              307456.7869113167 
                 10.0000000000                  33.0000000000              302267.2884468111 
                 10.0000000000                  33.5000000000              295602.9648246236 
                 10.0000000000                  34.0000000000              288410.3893334334 
                 10.0000000000                  34.5000000000              281270.7705083941 
                 10.0000000000                  35.0000000000              274137.8261430004 
                 10.0000000000                  35.5000000000              267106.7804037326 
                 10.0000000000                  36.0000000000              259995.5817191148 
                 10.0000000000                  36.5000000000              252888.3607519580 
                 10.0000000000                  37.0000000000              246203.7274457156 
                 10.0000000000                  37.5000000000              240279.3235254023 
                 10.0000000000                  38.0000000000              234525.6563561111 
                 10.0000000000                  38.5000000000              227834.3109893989 
                 10.0000000000                  39.0000000000              219561.4461245068 
                 10.0000000000                  39.5000000000              206930.1038362322 
                 10.0000000000                  40.0000000000              190968.7428959596 
                 10.0000000000                  40.5000000000              176102.4722697177 
                 10.0000000000                  41.0000000000              162587.6752246818 
                 10.0000000000                  41.5000000000              149580.5168971258 
                 10.0000000000                  42.0000000000              136905.8627242681 
                 10.0000000000                  42.5000000000              124547.0810923285 
                 10.0000000000                  43.0000000000              112449.3041441828 
                 10.0000000000                  43.5000000000              100727.3017585608 
                 10.0000000000                  44.0000000000               89528.0405439614 
                 10.0000000000                  44.5000000000               78816.1013437111 
                 10.0000000000                  45.0000000000               68686.1237524928 
                 10.0000000000                  45.5000000000               59238.7754553535 
                 10.0000000000                  46.0000000000               50450.1345546314 
                 10.0000000000                  46.5000000000               42313.7169596528 
                 10.0000000000                  47.0000000000               34779.1185645968 
                 10.0000000000                  47.5000000000               27754.8373414241 
                 10.0000000000                  48.0000000000               21189.1746574029 
                 10.0000000000                  48.5000000000               15141.6211628773 
                 10.0000000000                  49.0000000000                9637.2549482920 
                 10.0000000000                  49.5000000000                4605.8391081310 
                 10.0000000000                  50.0000000000                   0.0000000000 
                 10.5000000000                   0.0000000000                   0.0000000000 
                 10.5000000000                   0.5000000000                5622.9622968045 
                 10.5000000000                   1.0000000000               11195.5995307217 
                 10.5000000000                   1.5000000000               16736.2591012705 
                 10.5000000000                   2.0000000000               22257.8213395009 
                 10.5000000000                   2.5000000000               27795.9755690477 
                 10.5000000000                   3.0000000000               33380.2514917582 
                 10.5000000000                   3.5000000000               38997.6659556100 
                 10.5000000000                   4.0000000000               44626.3057356691 
                 10.5000000000                   4.5000000000               50220.6052244593 
                 10.5000000000                   5.0000000000               55776.8162040650 
                 10.5000000000                   5.5000000000               61361.8128040593 
                 10.5000000000                   6.0000000000               67065.3473376133 
                 10.5000000000                   6.5000000000               72915.5707861410 
                 10.5000000000                   7.0000000000               78834.7042812641 
                 10.5000000000                   7.5000000000               84786.7229310502 
                 10.5000000000                   8.0000000000               90778.7765621955 
                 10.5000000000                   8.5000000000               96822.9871451420 
                 10.5000000000                   9.0000000000              102977.0689037156 
                 10.5000000000                   9.5000000000              109266.9565324738 
                 10.5000000000                  10.0000000000              115685.1455350311 
                 10.5000000000                  10.5000000000              122214.0858279452 
                 10.5000000000                  11.0000000000              128767.8350723100 
                 10.5000000000                  11.5000000000              135311.1846885857 
                 10.5000000000                  12.0000000000              141884.4354068499 
                 10.5000000000                  12.5000000000              148505.6568404388 
                 10.5000000000                  13.0000000000              155323.5024898159 
                 10.5000000000                  13.5000000000              162466.0019322503 
                 10.5000000000                  14.0000000000              169903.9256560678 
                 10.5000000000                  14.5000000000              177635.5559965057 
                 10.5000000000                  15.0000000000              185453.8038831129 
                 10.5000000000                  15.5000000000              193149.0080292831 
                 10.5000000000                  16.0000000000              200776.4628950882 
                 10.5000000000                  16.5000000000              208412.7417844321 
                 10.5000000000                  17.0000000000              216077.6212587240 
                 10.5000000000                  17.5000000000              223706.5274325044 
                 10.5000000000                  18.0000000000              231214.4583966750 
                 10.5000000000                  18.5000000000              238509.0361771816 
                 10.5000000000                  19.0000000000              245533.1666587352 
                 10.5000000000                  19.5000000000              252301.4239903528 
                 10.5000000000                  20.0000000000              258783.9272565559 
                 10.5000000000                  20.5000000000              264907.4445691763 
                 10.5000000000                  21.0000000000              270595.9786063741 
                 10.5000000000                  21.5000000000              275822.7282253742 
                 10.5000000000                  22.0000000000              280659.4864153658 
                 10.5000000000                  22.5000000000              285213.3898717152 
                 10.5000000000                  23.0000000000              289611.3897536756 
                 10.5000000000                  23.5000000000              293908.1725005427 
                 10.5000000000                  24.0000000000              298042.5198468700 
                 10.5000000000                  24.5000000000              301928.5783797421 
                 10.5000000000                  25.0000000000              305448.5010720745 
                 10.5000000000                  25.5000000000              308594.6820704679 
                 10.5000000000                  26.0000000000              311437.5441985401 
                 10.5000000000                  26.5000000000              313979.0823903653 
                 10.5000000000                  27.0000000000              316252.9503877179 
                 10.5000000000                  27.5000000000              318229.7402234862 
                 10.5000000000                  28.0000000000              319828.1210135639 
                 10.5000000000                  28.5000000000              321033.1289664379 
                 10.5000000000                  29.0000000000              321794.3189765560 
                 10.5000000000                  29.5000000000              322151.8965822466 
                 10.5000000000                  30.0000000000              322198.8165185847 
                 10.5000000000                  30.5000000000              321841.0827122180 
                 10.5000000000                  31.0000000000              321005.5420740093 
                 10.5000000000                  31.5000000000              319541.7677919327 
                 10.5000000000                  32.0000000000              317063.6074254364 
                 10.5000000000                  32.5000000000              313367.0380762338 
                 10.5000000000                  33.0000000000              308259.0369444442 
                 10.5000000000                  33.5000000000              301684.7828483101 
                 10.5000000000                  34.0000000000              294467.2550941086 
                 10.5000000000                  34.5000000000              287206.6240139137 
                 10.5000000000                  35.0000000000              279969.7301108779 
                 10.5000000000                  35.5000000000              272948.9787281954 
                 10.5000000000                  36.0000000000              265866.2834932914 
                 10.5000000000                  36.5000000000              258619.1881407844 
                 10.5000000000                  37.0000000000              251555.8186902246 
                 10.5000000000                  37.5000000000              244946.9249458496 
                 10.5000000000                  38.0000000000              238377.7062678040 
                 10.5000000000                  38.5000000000              231012.2935605287 
                 10.5000000000                  39.0000000000              222328.5326035630 
                 10.5000000000                  39.5000000000              210288.8797289008 
                 10.5000000000                  40.0000000000              195772.9251107104 
                 10.5000000000                  40.5000000000              182054.7924800916 
                 10.5000000000                  41.0000000000              169255.0362936777 
                 10.5000000000                  41.5000000000              156755.9045786820 
                 10.5000000000                  42.0000000000              144238.0053153999 
                 10.5000000000                  42.5000000000              131471.2180055168 
                 10.5000000000                  43.0000000000              118436.4624209802 
                 10.5000000000                  43.5000000000              105289.9439870873 
                 10.5000000000                  44.0000000000               92508.3189528027 
                 10.5000000000                  44.5000000000               80625.5750268925 
                 10.5000000000                  45.0000000000               69840.8181488139 
                 10.5000000000                  45.5000000000               60138.6743090967 
                 10.5000000000                  46.0000000000               51384.6895552336 
                 10.5000000000                  46.5000000000               43319.7349569406 
                 10.5000000000                  47.0000000000               35776.9444055289 
                 10.5000000000                  47.5000000000               28691.9008350323 
                 10.5000000000                  48.0000000000               22012.4368452008 
                 10.5000000000                  48.5000000000               15811.9820174674 
                 10.5000000000                  49.0000000000               10121.5211108610 
                 10.5000000000                  49.5000000000                4865.8805526440 
                 10.5000000000                  50.0000000000                   0.0000000000 
                 11.0000000000                   0.0000000000                   0.0000000000 
                 11.0000000000                   0.5000000000                5963.3614950678 
                 11.0000000000                   1.0000000000               11850.0045650919 
                 11.0000000000                   1.5000000000               17684.2705057776 
                 11.0000000000                   2.0000000000               23483.4536617539 
                 11.0000000000                   2.5000000000               29296.7510837305 
                 11.0000000000                   3.0000000000               35165.1615599986 
                 11.0000000000                   3.5000000000               41073.3041663403 
                 11.0000000000                   4.0000000000               46999.0714478770 
                 11.0000000000                   4.5000000000               52897.5652702326 
                 11.0000000000                   5.0000000000               58748.5407434647 
                 11.0000000000                   5.5000000000               64593.5693691781 
                 11.0000000000                   6.0000000000               70492.4755556936 
                 11.0000000000                   6.5000000000               76420.1779018977 
                 11.0000000000                   7.0000000000               82326.7645599839 
                 11.0000000000                   7.5000000000               88258.7552837126 
                 11.0000000000                   8.0000000000               94252.8340996356 
                 11.0000000000                   8.5000000000              100334.2197582635 
                 11.0000000000                   9.0000000000              106558.9311823021 
                 11.0000000000                   9.5000000000              112939.6844556485 
                 11.0000000000                  10.0000000000              119459.2954238212 
                 11.0000000000                  10.5000000000              126097.9375819077 
                 11.0000000000                  11.0000000000              132770.3372118132 
                 11.0000000000                  11.5000000000              139444.7500486671 
                 11.0000000000                  12.0000000000              146171.7537901396 
                 11.0000000000                  12.5000000000              152992.1150548630 
                 11.0000000000                  13.0000000000              160071.1676599896 
                 11.0000000000                  13.5000000000              167518.3871490945 
                 11.0000000000                  14.0000000000              175270.1384779807 
                 11.0000000000                  14.5000000000              183251.4982293007 
                 11.0000000000                  15.0000000000              191227.5602029085 
                 11.0000000000                  15.5000000000              199047.9891555994 
                 11.0000000000                  16.0000000000              206792.5580825557 
                 11.0000000000                  16.5000000000              214532.4916681278 
                 11.0000000000                  17.0000000000              222268.7380364353 
                 11.0000000000                  17.5000000000              229927.4127872189 
                 11.0000000000                  18.0000000000              237450.0120361789 
                 11.0000000000                  18.5000000000              244782.5684689726 
                 11.0000000000                  19.0000000000              251915.6773828227 
                 11.0000000000                  19.5000000000              258879.1281626454 
                 11.0000000000                  20.0000000000              265621.4532492672 
                 11.0000000000                  20.5000000000              272047.5917243256 
                 11.0000000000                  21.0000000000              278051.2730766468 
                 11.0000000000                  21.5000000000              283589.1331800211 
                 11.0000000000                  22.0000000000              288735.2790784460 
                 11.0000000000                  22.5000000000              293598.7581334547 
                 11.0000000000                  23.0000000000              298335.9469990897 
                 11.0000000000                  23.5000000000              303035.7667475242 
                 11.0000000000                  24.0000000000              307605.8046336916 
                 11.0000000000                  24.5000000000              311896.6907596376 
                 11.0000000000                  25.0000000000              315687.6364397874 
                 11.0000000000                  25.5000000000              318852.0884040383 
                 11.0000000000                  26.0000000000              321504.2865897799 
                 11.0000000000                  26.5000000000              323770.7737341319 
                 11.0000000000                  27.0000000000              325782.7408093829 
                 11.0000000000                  27.5000000000              327620.0548598527 
                 11.0000000000                  28.0000000000              329179.1922508812 
                 11.0000000000                  28.5000000000              330325.8730068287 
                 11.0000000000                  29.0000000000              330911.5685658783 
                 11.0000000000                  29.5000000000              330886.1692624766 
                 11.0000000000                  30.0000000000              330373.7705248405 
                 11.0000000000                  30.5000000000              329402.8854911893 
                 11.0000000000                  31.0000000000              327985.1822012530 
                 11.0000000000                  31.5000000000              326065.3803173801 
                 11.0000000000                  32.0000000000              323316.6590820465 
                 11.0000000000                  32.5000000000              319499.1202071654 
                 11.0000000000                  33.0000000000              314438.3560748451 
                 11.0000000000                  33.5000000000              308044.2272900525 
                 11.0000000000                  34.0000000000              300860.3799427998 
                 11.0000000000                  34.5000000000              293407.0418899088 
                 11.0000000000                  35.0000000000              285877.7466631520 
                 11.0000000000                  35.5000000000              278509.0955138343 
                 11.0000000000                  36.0000000000              271080.3515182687 
                 11.0000000000                  36.5000000000              263433.1742943163 
                 11.0000000000                  37.0000000000              255786.3209732520 
                 11.0000000000                  37.5000000000              248297.4515684633 
                 11.0000000000                  38.0000000000              240693.2181694499 
                 11.0000000000                  38.5000000000              232432.9259244225 
                 11.0000000000                  39.0000000000              223121.0861742248 
                 11.0000000000                  39.5000000000              211821.7726769280 
                 11.0000000000                  40.0000000000              199173.0827727056 
                 11.0000000000                  40.5000000000              186842.9467654263 
                 11.0000000000                  41.0000000000              174950.0701533683 
                 11.0000000000                  41.5000000000              163293.1838459001 
                 11.0000000000                  42.0000000000              151428.4624225286 
                 11.0000000000                  42.5000000000              138730.1383221061 
                 11.0000000000                  43.0000000000              125072.7837657295 
                 11.0000000000                  43.5000000000              110368.0495436221 
                 11.0000000000                  44.0000000000               95459.3346030048 
                 11.0000000000                  44.5000000000               82062.0244623151 
                 11.0000000000                  45.0000000000               70563.0318501729 
                 11.0000000000                  45.5000000000               60620.3936875167 
                 11.0000000000                  46.0000000000               51969.3630122296 
                 11.0000000000                  46.5000000000               44042.3336415549 
                 11.0000000000                  47.0000000000               36552.0775605156 
                 11.0000000000                  47.5000000000               29471.5232215798 
                 11.0000000000                  48.0000000000               22727.8997453342 
                 11.0000000000                  48.5000000000               16417.4825913444 
                 11.0000000000                  49.0000000000               10579.0370495485 
                 11.0000000000                  49.5000000000                5117.1353421130 
                 11.0000000000                  50.0000000000                   0.0000000000 
                 11.5000000000                   0.0000000000                   0.0000000000 
                 11.5000000000                   0.5000000000                6312.8891465532 
                 11.5000000000                   1.0000000000               12525.4209975764 
                 11.5000000000                   1.5000000000               18666.5029089241 
                 11.5000000000                   2.0000000000               24757.8179136083 
                 11.5000000000                   2.5000000000               30855.4585818564 
                 11.5000000000                   3.0000000000               37003.2302467823 
                 11.5000000000                   3.5000000000               43182.2176441186 
                 11.5000000000                   4.0000000000               49366.4309906942 
                 11.5000000000                   4.5000000000               55511.6046683190 
                 11.5000000000                   5.0000000000               61596.6942837545 
                 11.5000000000                   5.5000000000               67651.0651574421 
                 11.5000000000                   6.0000000000               73714.1567537954 
                 11.5000000000                   6.5000000000               79755.5690422340 
                 11.5000000000                   7.0000000000               85739.9634821878 
                 11.5000000000                   7.5000000000               91734.4692139903 
                 11.5000000000                   8.0000000000               97797.8402079248 
                 11.5000000000                   8.5000000000              103968.3651073897 
                 11.5000000000                   9.0000000000              110303.2482233656 
                 11.5000000000                   9.5000000000              116808.5083464019 
                 11.5000000000                  10.0000000000              123459.4396569844 
                 11.5000000000                  10.5000000000              130231.2863419460 
                 11.5000000000                  11.0000000000              137037.6678810114 
                 11.5000000000                  11.5000000000              143853.0642898665 
                 11.5000000000                  12.0000000000              150741.3521742593 
                 11.5000000000                  12.5000000000              157765.4887248259 
                 11.5000000000                  13.0000000000              165087.0190270299 
                 11.5000000000                  13.5000000000              172778.6926612761 
                 11.5000000000                  14.0000000000              180742.5480509301 
                 11.5000000000                  14.5000000000              188852.2274744234 
                 11.5000000000                  15.0000000000              196916.4216068572 
                 11.5000000000                  15.5000000000              204863.5548712306 
                 11.5000000000                  16.0000000000              212758.2906331024 
                 11.5000000000                  16.5000000000              220653.8511963028 
                 11.5000000000                  17.0000000000              228533.9921665626 
                 11.5000000000                  17.5000000000              236311.3178457970 
                 11.5000000000                  18.0000000000              243941.8383299516 
                 11.5000000000                  18.5000000000              251401.2536337011 
                 11.5000000000                  19.0000000000              258703.7671119792 
                 11.5000000000                  19.5000000000              265887.9088989360 
                 11.5000000000                  20.0000000000              272903.1114995638 
                 11.5000000000                  20.5000000000              279647.6082448114 
                 11.5000000000                  21.0000000000              286007.3489655067 
                 11.5000000000                  21.5000000000              291938.7861382600 
                 11.5000000000                  22.0000000000              297500.9562809604 
                 11.5000000000                  22.5000000000              302778.7278021845 
                 11.5000000000                  23.0000000000              307932.1414582477 
                 11.5000000000                  23.5000000000              313058.0363601149 
                 11.5000000000                  24.0000000000              318038.0718637811 
                 11.5000000000                  24.5000000000              322689.9521849258 
                 11.5000000000                  25.0000000000              326774.9763213912 
                 11.5000000000                  25.5000000000              330115.9168071431 
                 11.5000000000                  26.0000000000              332798.5488310687 
                 11.5000000000                  26.5000000000              334981.9103481541 
                 11.5000000000                  27.0000000000              336834.4365943407 
                 11.5000000000                  27.5000000000              338529.9953046770 
                 11.5000000000                  28.0000000000              339997.0750714021 
                 11.5000000000                  28.5000000000              341021.0039804783 
                 11.5000000000                  29.0000000000              341404.3027340429 
                 11.5000000000                  29.5000000000              341046.4300797557 
                 11.5000000000                  30.0000000000              340046.5638317406 
                 11.5000000000                  30.5000000000              338491.3560854996 
                 11.5000000000                  31.0000000000              336435.3025859594 
                 11.5000000000                  31.5000000000              333901.4237400130 
                 11.5000000000                  32.0000000000              330691.2016319601 
                 11.5000000000                  32.5000000000              326583.0658761784 
                 11.5000000000                  33.0000000000              321444.8088608158 
                 11.5000000000                  33.5000000000              315184.0330303118 
                 11.5000000000                  34.0000000000              308017.9164344249 
                 11.5000000000                  34.5000000000              300306.5723257028 
                 11.5000000000                  35.0000000000              292328.1909241896 
                 11.5000000000                  35.5000000000              284331.1495784196 
                 11.5000000000                  36.0000000000              276220.8287260081 
                 11.5000000000                  36.5000000000              267871.5528413688 
                 11.5000000000                  37.0000000000              259376.3045129516 
                 11.5000000000                  37.5000000000              250775.1361837508 
                 11.5000000000                  38.0000000000              241994.4595696180 
                 11.5000000000                  38.5000000000              232832.8581238934 
                 11.5000000000                  39.0000000000              223068.2295808471 
                 11.5000000000                  39.5000000000              212431.6212823379 
                 11.5000000000                  40.0000000000              201220.3447851154 
                 11.5000000000                  40.5000000000              190047.0659902730 
                 11.5000000000                  41.0000000000              179049.9063940177 
                 11.5000000000                  41.5000000000              168310.1907853323 
                 11.5000000000                  42.0000000000              157368.2364376880 
                 11.5000000000                  42.5000000000              145251.6865299459 
                 11.5000000000                  43.0000000000              131563.0623456279 
                 11.5000000000                  43.5000000000              115564.8280797736 
                 11.5000000000                  44.0000000000               98292.1179222974 
                 11.5000000000                  44.5000000000               83145.3983227323 
                 11.5000000000                  45.0000000000               70899.6900207092 
                 11.5000000000                  45.5000000000               60704.4289313214 
                 11.5000000000                  46.0000000000               52154.3167414773 
                 11.5000000000                  46.5000000000               44384.7303708379 
                 11.5000000000                  47.0000000000               37006.8990717543 
                 11.5000000000                  47.5000000000               30025.8743680900 
                 11.5000000000                  48.0000000000               23326.6597758373 
                 11.5000000000                  48.5000000000               16997.6692720674 
                 11.5000000000                  49.0000000000               11062.4584977564 
                 11.5000000000                  49.5000000000                5398.5940587601 
                 11.5000000000                  50.0000000000                   0.0000000000 
                 12.0000000000                   0.0000000000                   0.0000000000 
                 12.0000000000                   0.5000000000                6670.9658043625 
                 12.0000000000                   1.0000000000               13222.1810614716 
                 12.0000000000                   1.5000000000               19684.1816120190 
                 12.0000000000                   2.0000000000               26082.7849252809 
                 12.0000000000                   2.5000000000               32473.3038225867 
                 12.0000000000                   3.0000000000               38893.4538400048 
                 12.0000000000                   3.5000000000               45322.2473381813 
                 12.0000000000                   4.0000000000               51730.7586823700 
                 12.0000000000                   4.5000000000               58081.7130800695 
                 12.0000000000                   5.0000000000               64364.6671034823 
                 12.0000000000                   5.5000000000               70603.8252544319 
                 12.0000000000                   6.0000000000               76827.8969193838 
                 12.0000000000                   6.5000000000               83007.7710337901 
                 12.0000000000                   7.0000000000               89118.3307628507 
                 12.0000000000                   7.5000000000               95233.9524698383 
                 12.0000000000                   8.0000000000              101424.4816313798 
                 12.0000000000                   8.5000000000              107740.0731217423 
                 12.0000000000                   9.0000000000              114238.4014964495 
                 12.0000000000                   9.5000000000              120916.3022648398 
                 12.0000000000                  10.0000000000              127738.7030237591 
                 12.0000000000                  10.5000000000              134672.8584073052 
                 12.0000000000                  11.0000000000              141630.2278531934 
                 12.0000000000                  11.5000000000              148592.4281229620 
                 12.0000000000                  12.0000000000              155633.9371500840 
                 12.0000000000                  12.5000000000              162840.4770506964 
                 12.0000000000                  13.0000000000              170354.0815994183 
                 12.0000000000                  13.5000000000              178199.1463282761 
                 12.0000000000                  14.0000000000              186268.4146988352 
                 12.0000000000                  14.5000000000              194423.1240610455 
                 12.0000000000                  15.0000000000              202542.2855748872 
                 12.0000000000                  15.5000000000              210629.8146411664 
                 12.0000000000                  16.0000000000              218716.7758940870 
                 12.0000000000                  16.5000000000              226824.0855384695 
                 12.0000000000                  17.0000000000              234909.4841739210 
                 12.0000000000                  17.5000000000              242866.8142465441 
                 12.0000000000                  18.0000000000              250665.2597852082 
                 12.0000000000                  18.5000000000              258304.5932188781 
                 12.0000000000                  19.0000000000              265815.7879698438 
                 12.0000000000                  19.5000000000              273245.3231592906 
                 12.0000000000                  20.0000000000              280553.6749645330 
                 12.0000000000                  20.5000000000              287650.5327065609 
                 12.0000000000                  21.0000000000              294433.3668238260 
                 12.0000000000                  21.5000000000              300875.7059596985 
                 12.0000000000                  22.0000000000              307013.2997821114 
                 12.0000000000                  22.5000000000              312867.1679912008 
                 12.0000000000                  23.0000000000              318560.8486695777 
                 12.0000000000                  23.5000000000              324157.8319629217 
                 12.0000000000                  24.0000000000              329513.4163466699 
                 12.0000000000                  24.5000000000              334479.1691500650 
                 12.0000000000                  25.0000000000              338876.9446748827 
                 12.0000000000                  25.5000000000              342533.3488680438 
                 12.0000000000                  26.0000000000              345489.3013221206 
                 12.0000000000                  26.5000000000              347847.4292648619 
                 12.0000000000                  27.0000000000              349713.5087783556 
                 12.0000000000                  27.5000000000              351333.2980073102 
                 12.0000000000                  28.0000000000              352688.8615757083 
                 12.0000000000                  28.5000000000              353519.4856987969 
                 12.0000000000                  29.0000000000              353646.4958982212 
                 12.0000000000                  29.5000000000              352944.5134938648 
                 12.0000000000                  30.0000000000              351466.9232374278 
                 12.0000000000                  30.5000000000              349325.1081955218 
                 12.0000000000                  31.0000000000              346554.5248187825 
                 12.0000000000                  31.5000000000              343243.5362098775 
                 12.0000000000                  32.0000000000              339375.6106814487 
                 12.0000000000                  32.5000000000              334775.0469194021 
                 12.0000000000                  33.0000000000              329371.7987562031 
                 12.0000000000                  33.5000000000              323088.4819790614 
                 12.0000000000                  34.0000000000              315826.4259388297 
                 12.0000000000                  34.5000000000              307763.4559223347 
                 12.0000000000                  35.0000000000              299205.8701572659 
                 12.0000000000                  35.5000000000              290383.2941697481 
                 12.0000000000                  36.0000000000              281370.1279611005 
                 12.0000000000                  36.5000000000              272127.6661320816 
                 12.0000000000                  37.0000000000              262636.3360835752 
                 12.0000000000                  37.5000000000              252825.0331331287 
                 12.0000000000                  38.0000000000              242892.6982922850 
                 12.0000000000                  38.5000000000              232994.0501526606 
                 12.0000000000                  39.0000000000              222988.0759137592 
                 12.0000000000                  39.5000000000              212883.7254554413 
                 12.0000000000                  40.0000000000              202652.7516963889 
                 12.0000000000                  40.5000000000              192315.0537465909 
                 12.0000000000                  41.0000000000              182040.2852962340 
                 12.0000000000                  41.5000000000              172069.8232020265 
                 12.0000000000                  42.0000000000              161967.0848353265 
                 12.0000000000                  42.5000000000              150553.4088919881 
                 12.0000000000                  43.0000000000              137217.7360323850 
                 12.0000000000                  43.5000000000              120325.3702491251 
                 12.0000000000                  44.0000000000              100766.2401605508 
                 12.0000000000                  44.5000000000               83856.3746750835 
                 12.0000000000                  45.0000000000               70900.0410755007 
                 12.0000000000                  45.5000000000               60394.3269444366 
                 12.0000000000                  46.0000000000               51855.9297241729 
                 12.0000000000                  46.5000000000               44193.8735343480 
                 12.0000000000                  47.0000000000               36974.0882140501 
                 12.0000000000                  47.5000000000               30236.4318004377 
                 12.0000000000                  48.0000000000               23775.5111727243 
                 12.0000000000                  48.5000000000               17598.4117460695 
                 12.0000000000                  49.0000000000               11652.6031650524 
                 12.0000000000                  49.5000000000                5767.1722977187 
                 12.0000000000                  50.0000000000                   0.0000000000 
                 12.5000000000                   0.0000000000                   0.0000000000 
                 12.5000000000                   0.5000000000                7040.1312497920 
                 12.5000000000                   1.0000000000               13944.7854464787 
                 12.5000000000                   1.5000000000               20743.9306825437 
                 12.5000000000                   2.0000000000               27463.9627089498 
                 12.5000000000                   2.5000000000               34149.5205104354 
                 12.5000000000                   3.0000000000               40828.4020890892 
                 12.5000000000                   3.5000000000               47483.3300594002 
                 12.5000000000                   4.0000000000               54085.0174837301 
                 12.5000000000                   4.5000000000               60608.7327709323 
                 12.5000000000                   5.0000000000               67062.8439790869 
                 12.5000000000                   5.5000000000               73470.6856246338 
                 12.5000000000                   6.0000000000               79854.8714514752 
                 12.5000000000                   6.5000000000               86198.4138033340 
                 12.5000000000                   7.0000000000               92483.4688217896 
                 12.5000000000                   7.5000000000               98777.3494712132 
                 12.5000000000                   8.0000000000              105157.7401813009 
                 12.5000000000                   8.5000000000              111691.1434043169 
                 12.5000000000                   9.0000000000              118431.5504051790 
                 12.5000000000                   9.5000000000              125355.5132383626 
                 12.5000000000                  10.0000000000              132412.4708681422 
                 12.5000000000                  10.5000000000              139554.3840933438 
                 12.5000000000                  11.0000000000              146689.5796251346 
                 12.5000000000                  11.5000000000              153809.5918676844 
                 12.5000000000                  12.0000000000              160994.3862106228 
                 12.5000000000                  12.5000000000              168322.4350966430 
                 12.5000000000                  13.0000000000              175892.1945901366 
                 12.5000000000                  13.5000000000              183721.9794020984 
                 12.5000000000                  14.0000000000              191748.6252300962 
                 12.5000000000                  14.5000000000              199871.4637161162 
                 12.5000000000                  15.0000000000              208060.3573397764 
                 12.5000000000                  15.5000000000              216347.9337594454 
                 12.5000000000                  16.0000000000              224700.6861154750 
                 12.5000000000                  16.5000000000              233093.6940655660 
                 12.5000000000                  17.0000000000              241438.8497794152 
                 12.5000000000                  17.5000000000              249618.5156858017 
                 12.5000000000                  18.0000000000              257627.3765122109 
                 12.5000000000                  18.5000000000              265483.3790897607 
                 12.5000000000                  19.0000000000              273222.5417526558 
                 12.5000000000                  19.5000000000              280900.7834401214 
                 12.5000000000                  20.0000000000              288506.3970753407 
                 12.5000000000                  20.5000000000              295979.2573031888 
                 12.5000000000                  21.0000000000              303277.3315808794 
                 12.5000000000                  21.5000000000              310423.3804095000 
                 12.5000000000                  22.0000000000              317406.0585692251 
                 12.5000000000                  22.5000000000              324156.6301701738 
                 12.5000000000                  23.0000000000              330620.1749497287 
                 12.5000000000                  23.5000000000              336680.9273068992 
                 12.5000000000                  24.0000000000              342257.8368981677 
                 12.5000000000                  24.5000000000              347359.1182163809 
                 12.5000000000                  25.0000000000              352001.4819889119 
                 12.5000000000                  25.5000000000              356176.4588744990 
                 12.5000000000                  26.0000000000              359828.2512660757 
                 12.5000000000                  26.5000000000              362887.4063220365 
                 12.5000000000                  27.0000000000              365241.6664451910 
                 12.5000000000                  27.5000000000              366929.5201964867 
                 12.5000000000                  28.0000000000              368027.1916757773 
                 12.5000000000                  28.5000000000              368445.6388809292 
                 12.5000000000                  29.0000000000              368112.8201323468 
                 12.5000000000                  29.5000000000              366978.5474908787 
                 12.5000000000                  30.0000000000              365038.6720345560 
                 12.5000000000                  30.5000000000              362343.4185367708 
                 12.5000000000                  31.0000000000              358859.5824219417 
                 12.5000000000                  31.5000000000              354616.6622281653 
                 12.5000000000                  32.0000000000              349774.4350742962 
                 12.5000000000                  32.5000000000              344337.5904771942 
                 12.5000000000                  33.0000000000              338330.9109788994 
                 12.5000000000                  33.5000000000              331732.4953780097 
                 12.5000000000                  34.0000000000              324199.8459251650 
                 12.5000000000                  34.5000000000              315695.5336160943 
                 12.5000000000                  35.0000000000              306477.9609117546 
                 12.5000000000                  35.5000000000              296713.9856301169 
                 12.5000000000                  36.0000000000              286658.4756816259 
                 12.5000000000                  36.5000000000              276412.3436920826 
                 12.5000000000                  37.0000000000              265877.0159761197 
                 12.5000000000                  37.5000000000              254906.5131148970 
                 12.5000000000                  38.0000000000              243948.8420137471 
                 12.5000000000                  38.5000000000              233435.7522956150 
                 12.5000000000                  39.0000000000              223216.4925556642 
                 12.5000000000                  39.5000000000              213377.8502577129 
                 12.5000000000                  40.0000000000              203678.0062685292 
                 12.5000000000                  40.5000000000              193834.9963380969 
                 12.5000000000                  41.0000000000              184036.5120366163 
                 12.5000000000                  41.5000000000              174599.7122139550 
                 12.5000000000                  42.0000000000              165113.1088690952 
                 12.5000000000                  42.5000000000              154294.6162640710 
                 12.5000000000                  43.0000000000              141416.5422414418 
                 12.5000000000                  43.5000000000              124105.5435929910 
                 12.5000000000                  44.0000000000              102838.2862064399 
                 12.5000000000                  44.5000000000               84414.3041881958 
                 12.5000000000                  45.0000000000               70737.8974606282 
                 12.5000000000                  45.5000000000               59744.1015181641 
                 12.5000000000                  46.0000000000               50921.2876650626 
                 12.5000000000                  46.5000000000               43182.6045034350 
                 12.5000000000                  47.0000000000               36154.0809321346 
                 12.5000000000                  47.5000000000               29877.2676657359 
                 12.5000000000                  48.0000000000               24071.8849449520 
                 12.5000000000                  48.5000000000               18406.1460890858 
                 12.5000000000                  49.0000000000               12573.7071269121 
                 12.5000000000                  49.5000000000                6410.3953471625 
                 12.5000000000                  50.0000000000                   0.0000000000 
                 13.0000000000                   0.0000000000                   0.0000000000 
                 13.0000000000                   0.5000000000                7388.2603115409 
                 13.0000000000                   1.0000000000               14627.6209061205 
                 13.0000000000                   1.5000000000               21747.8793861427 
                 13.0000000000                   2.0000000000               28772.2798496768 
                 13.0000000000                   2.5000000000               35734.1513798297 
                 13.0000000000                   3.0000000000               42654.7469126633 
                 13.0000000000                   3.5000000000               49521.5507596581 
                 13.0000000000                   4.0000000000               56305.7290055765 
                 13.0000000000                   4.5000000000               62999.2496799309 
                 13.0000000000                   5.0000000000               69633.0791284568 
                 13.0000000000                   5.5000000000               76228.5041871821 
                 13.0000000000                   6.0000000000               82803.1413289552 
                 13.0000000000                   6.5000000000               89350.3840470973 
                 13.0000000000                   7.0000000000               95854.3449962146 
                 13.0000000000                   7.5000000000              102374.7714629643 
                 13.0000000000                   8.0000000000              109000.8689702477 
                 13.0000000000                   8.5000000000              115817.6766460947 
                 13.0000000000                   9.0000000000              122861.1468986408 
                 13.0000000000                   9.5000000000              130076.0664866529 
                 13.0000000000                  10.0000000000              137397.6678953166 
                 13.0000000000                  10.5000000000              144762.0572225078 
                 13.0000000000                  11.0000000000              152082.8763952571 
                 13.0000000000                  11.5000000000              159363.5547987270 
                 13.0000000000                  12.0000000000              166678.4851095292 
                 13.0000000000                  12.5000000000              174074.6080667834 
                 13.0000000000                  13.0000000000              181620.4540855843 
                 13.0000000000                  13.5000000000              189372.0871341462 
                 13.0000000000                  14.0000000000              197327.8350517882 
                 13.0000000000                  14.5000000000              205455.4146194649 
                 13.0000000000                  15.0000000000              213787.1132646118 
                 13.0000000000                  15.5000000000              222330.8679805635 
                 13.0000000000                  16.0000000000              230993.4816905115 
                 13.0000000000                  16.5000000000              239699.4939498985 
                 13.0000000000                  17.0000000000              248320.0025331670 
                 13.0000000000                  17.5000000000              256749.6871656554 
                 13.0000000000                  18.0000000000              265009.1588657571 
                 13.0000000000                  18.5000000000              273122.7083927364 
                 13.0000000000                  19.0000000000              281127.7694632577 
                 13.0000000000                  19.5000000000              289095.5318825559 
                 13.0000000000                  20.0000000000              297048.2391064002 
                 13.0000000000                  20.5000000000              304967.8479121380 
                 13.0000000000                  21.0000000000              312890.6413249365 
                 13.0000000000                  21.5000000000              320876.9559880880 
                 13.0000000000                  22.0000000000              328849.6458295859 
                 13.0000000000                  22.5000000000              336638.9859938055 
                 13.0000000000                  23.0000000000              343962.8419243961 
                 13.0000000000                  23.5000000000              350514.1897612158 
                 13.0000000000                  24.0000000000              356307.6148725718 
                 13.0000000000                  24.5000000000              361514.7559255558 
                 13.0000000000                  25.0000000000              366370.0632425289 
                 13.0000000000                  25.5000000000              371068.4542186789 
                 13.0000000000                  26.0000000000              375440.3896841268 
                 13.0000000000                  26.5000000000              379207.1510285579 
                 13.0000000000                  27.0000000000              382055.1056437929 
                 13.0000000000                  27.5000000000              383762.1698160664 
                 13.0000000000                  28.0000000000              384466.6411174929 
                 13.0000000000                  28.5000000000              384316.0515336380 
                 13.0000000000                  29.0000000000              383352.9816643124 
                 13.0000000000                  29.5000000000              381629.6065069995 
                 13.0000000000                  30.0000000000              379136.0031057577 
                 13.0000000000                  30.5000000000              375848.0681630847 
                 13.0000000000                  31.0000000000              371706.9083830859 
                 13.0000000000                  31.5000000000              366661.5741107676 
                 13.0000000000                  32.0000000000              360883.8166124613 
                 13.0000000000                  32.5000000000              354547.2970549762 
                 13.0000000000                  33.0000000000              347791.3991468739 
                 13.0000000000                  33.5000000000              340639.6934579095 
                 13.0000000000                  34.0000000000              332648.3586697043 
                 13.0000000000                  34.5000000000              323614.6911221052 
                 13.0000000000                  35.0000000000              313692.5488509494 
                 13.0000000000                  35.5000000000              302978.3498417047 
                 13.0000000000                  36.0000000000              291879.9678998280 
                 13.0000000000                  36.5000000000              280650.5291026263 
                 13.0000000000                  37.0000000000              269163.0078357976 
                 13.0000000000                  37.5000000000              257265.4746835009 
                 13.0000000000                  38.0000000000              245508.6075432254 
                 13.0000000000                  38.5000000000              234438.5636357739 
                 13.0000000000                  39.0000000000              223918.6745175125 
                 13.0000000000                  39.5000000000              214026.1960818216 
                 13.0000000000                  40.0000000000              204437.8505333336 
                 13.0000000000                  40.5000000000              194775.4048072439 
                 13.0000000000                  41.0000000000              185206.2552196606 
                 13.0000000000                  41.5000000000              176052.6324832764 
                 13.0000000000                  42.0000000000              166897.1191469870 
                 13.0000000000                  42.5000000000              156416.5749263306 
                 13.0000000000                  43.0000000000              143778.8006576514 
                 13.0000000000                  43.5000000000              126385.9738110378 
                 13.0000000000                  44.0000000000              104426.0377364670 
                 13.0000000000                  44.5000000000               85026.2043779226 
                 13.0000000000                  45.0000000000               70557.1925396016 
                 13.0000000000                  45.5000000000               58818.1356155855 
                 13.0000000000                  46.0000000000               49288.4255658163 
                 13.0000000000                  46.5000000000               41318.3895990102 
                 13.0000000000                  47.0000000000               34618.4259876528 
                 13.0000000000                  47.5000000000               29021.9857292699 
                 13.0000000000                  48.0000000000               24221.5776852777 
                 13.0000000000                  48.5000000000               19375.2440646438 
                 13.0000000000                  49.0000000000               13811.7104741365 
                 13.0000000000                  49.5000000000                7399.1320761328 
                 13.0000000000                  50.0000000000                   0.0000000000 
                 13.5000000000                   0.0000000000                   0.0000000000 
                 13.5000000000                   0.5000000000                7685.6755697747 
                 13.5000000000                   1.0000000000               15212.2468063673 
                 13.5000000000                   1.5000000000               22610.1998461926 
                 13.5000000000                   2.0000000000               29900.6139440709 
                 13.5000000000                   2.5000000000               37111.6392998615 
                 13.5000000000                   3.0000000000               44261.0435561507 
                 13.5000000000                   3.5000000000               51338.2034243030 
                 13.5000000000                   4.0000000000               58314.0829081522 
                 13.5000000000                   4.5000000000               65198.2218323924 
                 13.5000000000                   5.0000000000               72044.8720628093 
                 13.5000000000                   5.5000000000               78871.8980005762 
                 13.5000000000                   6.0000000000               85688.8706628354 
                 13.5000000000                   6.5000000000               92488.6870367843 
                 13.5000000000                   7.0000000000               99253.5511786544 
                 13.5000000000                   7.5000000000              106041.9893861841 
                 13.5000000000                   8.0000000000              112960.0482107593 
                 13.5000000000                   8.5000000000              120106.8078583336 
                 13.5000000000                   9.0000000000              127477.6507651689 
                 13.5000000000                   9.5000000000              134980.4590867332 
                 13.5000000000                  10.0000000000              142547.7299921112 
                 13.5000000000                  10.5000000000              150110.8334518400 
                 13.5000000000                  11.0000000000              157603.3762548067 
                 13.5000000000                  11.5000000000              165040.6226574692 
                 13.5000000000                  12.0000000000              172480.7160004801 
                 13.5000000000                  12.5000000000              179949.4753693221 
                 13.5000000000                  13.0000000000              187519.4019985601 
                 13.5000000000                  13.5000000000              195280.3454659792 
                 13.5000000000                  14.0000000000              203271.0013273974 
                 13.5000000000                  14.5000000000              211522.5010687129 
                 13.5000000000                  15.0000000000              220081.7226498512 
                 13.5000000000                  15.5000000000              228910.1088287929 
                 13.5000000000                  16.0000000000              237880.8731272484 
                 13.5000000000                  16.5000000000              246879.5238191993 
                 13.5000000000                  17.0000000000              255769.4418761747 
                 13.5000000000                  17.5000000000              264479.9943446158 
                 13.5000000000                  18.0000000000              273043.2016669435 
                 13.5000000000                  18.5000000000              281477.9930060501 
                 13.5000000000                  19.0000000000              289826.0732326709 
                 13.5000000000                  19.5000000000              298177.8952282583 
                 13.5000000000                  20.0000000000              306584.0481087635 
                 13.5000000000                  20.5000000000              315069.1673636173 
                 13.5000000000                  21.0000000000              323720.1462897196 
                 13.5000000000                  21.5000000000              332582.1044851272 
                 13.5000000000                  22.0000000000              341503.9446505196 
                 13.5000000000                  22.5000000000              350219.6943115865 
                 13.5000000000                  23.0000000000              358325.5004209789 
                 13.5000000000                  23.5000000000              365474.5311881119 
                 13.5000000000                  24.0000000000              371705.8582416006 
                 13.5000000000                  24.5000000000              377218.3587345175 
                 13.5000000000                  25.0000000000              382336.1614839426 
                 13.5000000000                  25.5000000000              387319.0474955416 
                 13.5000000000                  26.0000000000              391920.5250040287 
                 13.5000000000                  26.5000000000              395748.5563224241 
                 13.5000000000                  27.0000000000              398480.7913071205 
                 13.5000000000                  27.5000000000              399908.3713332481 
                 13.5000000000                  28.0000000000              400164.7541748448 
                 13.5000000000                  28.5000000000              399445.0471750972 
                 13.5000000000                  29.0000000000              397831.0048713372 
                 13.5000000000                  29.5000000000              395408.0239283524 
                 13.5000000000                  30.0000000000              392218.3981208312 
                 13.5000000000                  30.5000000000              388247.1387541892 
                 13.5000000000                  31.0000000000              383478.8602857015 
                 13.5000000000                  31.5000000000              377868.9053434262 
                 13.5000000000                  32.0000000000              371470.3852971005 
                 13.5000000000                  32.5000000000              364458.4846623434 
                 13.5000000000                  33.0000000000              357054.3115024723 
                 13.5000000000                  33.5000000000              349298.1484493524 
                 13.5000000000                  34.0000000000              340734.6503860769 
                 13.5000000000                  34.5000000000              331094.1306271190 
                 13.5000000000                  35.0000000000              320437.8882661824 
                 13.5000000000                  35.5000000000              308805.3286010518 
                 13.5000000000                  36.0000000000              296743.0784542886 
                 13.5000000000                  36.5000000000              284645.9239686849 
                 13.5000000000                  37.0000000000              272379.7564410998 
                 13.5000000000                  37.5000000000              259809.3996357711 
                 13.5000000000                  38.0000000000              247461.2638065717 
                 13.5000000000                  38.5000000000              235870.9143787648 
                 13.5000000000                  39.0000000000              224938.0970422024 
                 13.5000000000                  39.5000000000              214738.6933554950 
                 13.5000000000                  40.0000000000              204952.8501530867 
                 13.5000000000                  40.5000000000              195204.0396965621 
                 13.5000000000                  41.0000000000              185640.0016916703 
                 13.5000000000                  41.5000000000              176561.1241447071 
                 13.5000000000                  42.0000000000              167519.2684336953 
                 13.5000000000                  42.5000000000              157156.8811223563 
                 13.5000000000                  43.0000000000              144554.6922811519 
                 13.5000000000                  43.5000000000              127203.6319518238 
                 13.5000000000                  44.0000000000              105193.6200656459 
                 13.5000000000                  44.5000000000               85316.6460516077 
                 13.5000000000                  45.0000000000               70164.4424734463 
                 13.5000000000                  45.5000000000               57628.8821832684 
                 13.5000000000                  46.0000000000               47295.9182540129 
                 13.5000000000                  46.5000000000               39198.8530070489 
                 13.5000000000                  47.0000000000               33013.1106698684 
                 13.5000000000                  47.5000000000               28155.9222925215 
                 13.5000000000                  48.0000000000               24272.4349411765 
                 13.5000000000                  48.5000000000               20187.9514232369 
                 13.5000000000                  49.0000000000               14980.8452435246 
                 13.5000000000                  49.5000000000                8442.7025384220 
                 13.5000000000                  50.0000000000                   0.0000000000 
                 14.0000000000                   0.0000000000                   0.0000000000 
                 14.0000000000                   0.5000000000                7939.5381051872 
                 14.0000000000                   1.0000000000               15714.6526336142 
                 14.0000000000                   1.5000000000               23357.4842726234 
                 14.0000000000                   2.0000000000               30888.0993651013 
                 14.0000000000                   2.5000000000               38331.1280581165 
                 14.0000000000                   3.0000000000               45701.7807073911 
                 14.0000000000                   3.5000000000               52991.9354784906 
                 14.0000000000                   4.0000000000               60171.9916489063 
                 14.0000000000                   4.5000000000               67267.4871595292 
                 14.0000000000                   5.0000000000               74356.0863018877 
                 14.0000000000                   5.5000000000               81452.3685621970 
                 14.0000000000                   6.0000000000               88554.4363038481 
                 14.0000000000                   6.5000000000               95651.1511263562 
                 14.0000000000                   7.0000000000              102722.0724073236 
                 14.0000000000                   7.5000000000              109822.8308694675 
                 14.0000000000                   8.0000000000              117076.9759303823 
                 14.0000000000                   8.5000000000              124597.6931108003 
                 14.0000000000                   9.0000000000              132314.3823682083 
                 14.0000000000                   9.5000000000              140091.1237958323 
                 14.0000000000                  10.0000000000              147881.4697338023 
                 14.0000000000                  10.5000000000              155625.1029899463 
                 14.0000000000                  11.0000000000              163286.8006790834 
                 14.0000000000                  11.5000000000              170894.3713926142 
                 14.0000000000                  12.0000000000              178483.9064855119 
                 14.0000000000                  12.5000000000              186063.3761837128 
                 14.0000000000                  13.0000000000              193715.6246675150 
                 14.0000000000                  13.5000000000              201563.0003587993 
                 14.0000000000                  14.0000000000              209672.4779666636 
                 14.0000000000                  14.5000000000              218132.9363014257 
                 14.0000000000                  15.0000000000              226987.9761041012 
                 14.0000000000                  15.5000000000              236128.3517776890 
                 14.0000000000                  16.0000000000              245405.2873206386 
                 14.0000000000                  16.5000000000              254688.6719985823 
                 14.0000000000                  17.0000000000              263856.9313573355 
                 14.0000000000                  17.5000000000              272891.3480898016 
                 14.0000000000                  18.0000000000              281828.1305628063 
                 14.0000000000                  18.5000000000              290667.5241414139 
                 14.0000000000                  19.0000000000              299451.4061472312 
                 14.0000000000                  19.5000000000              308288.6647481375 
                 14.0000000000                  20.0000000000              317253.9456266012 
                 14.0000000000                  20.5000000000              326407.4853241488 
                 14.0000000000                  21.0000000000              335877.6715182607 
                 14.0000000000                  21.5000000000              345652.6978941962 
                 14.0000000000                  22.0000000000              355488.2026163029 
                 14.0000000000                  22.5000000000              365070.2583452908 
                 14.0000000000                  23.0000000000              373946.4956818036 
                 14.0000000000                  23.5000000000              381811.6128498354 
                 14.0000000000                  24.0000000000              388714.0018395219 
                 14.0000000000                  24.5000000000              394730.9469295496 
                 14.0000000000                  25.0000000000              400131.8296796259 
                 14.0000000000                  25.5000000000              405160.5835101374 
                 14.0000000000                  26.0000000000              409503.3201584535 
                 14.0000000000                  26.5000000000              412808.1000868379 
                 14.0000000000                  27.0000000000              414935.2761425153 
                 14.0000000000                  27.5000000000              415786.1762746323 
                 14.0000000000                  28.0000000000              415475.1852032729 
                 14.0000000000                  28.5000000000              414157.1416810719 
                 14.0000000000                  29.0000000000              411872.2513051127 
                 14.0000000000                  29.5000000000              408708.1319746944 
                 14.0000000000                  30.0000000000              404764.9499510622 
                 14.0000000000                  30.5000000000              400070.1403437675 
                 14.0000000000                  31.0000000000              394676.2042263518 
                 14.0000000000                  31.5000000000              388545.4617352890 
                 14.0000000000                  32.0000000000              381607.4307721595 
                 14.0000000000                  32.5000000000              373997.0878685252 
                 14.0000000000                  33.0000000000              365973.1640887997 
                 14.0000000000                  33.5000000000              357590.2988721831 
                 14.0000000000                  34.0000000000              348401.1071577469 
                 14.0000000000                  34.5000000000              338103.6669504510 
                 14.0000000000                  35.0000000000              326692.1224789403 
                 14.0000000000                  35.5000000000              314157.1481894823 
                 14.0000000000                  36.0000000000              301192.6835170437 
                 14.0000000000                  36.5000000000              288341.2181808822 
                 14.0000000000                  37.0000000000              275462.2401793387 
                 14.0000000000                  37.5000000000              262403.8058771884 
                 14.0000000000                  38.0000000000              249601.5178039813 
                 14.0000000000                  38.5000000000              237518.1655289340 
                 14.0000000000                  39.0000000000              226066.9122591705 
                 14.0000000000                  39.5000000000              215358.7136144849 
                 14.0000000000                  40.0000000000              205129.0285922188 
                 14.0000000000                  40.5000000000              195052.8024794931 
                 14.0000000000                  41.0000000000              185291.1951480440 
                 14.0000000000                  41.5000000000              176125.6300842618 
                 14.0000000000                  42.0000000000              167067.0818503934 
                 14.0000000000                  42.5000000000              156713.0830740604 
                 14.0000000000                  43.0000000000              144066.5228475934 
                 14.0000000000                  43.5000000000              126745.4027261688 
                 14.0000000000                  44.0000000000              104824.4372494363 
                 14.0000000000                  44.5000000000               84750.8522904525 
                 14.0000000000                  45.0000000000               69257.4062418785 
                 14.0000000000                  45.5000000000               56234.8350386708 
                 14.0000000000                  46.0000000000               45399.3498182769 
                 14.0000000000                  46.5000000000               37451.2309111786 
                 14.0000000000                  47.0000000000               31851.4063750823 
                 14.0000000000                  47.5000000000               27583.9937432989 
                 14.0000000000                  48.0000000000               24313.3532757907 
                 14.0000000000                  48.5000000000               20733.1549089535 
                 14.0000000000                  49.0000000000               15816.9280543399 
                 14.0000000000                  49.5000000000                9279.6803727029 
                 14.0000000000                  50.0000000000                   0.0000000000 
                 14.5000000000                   0.0000000000                   0.0000000000 
                 14.5000000000                   0.5000000000                8150.0091127378 
                 14.5000000000                   1.0000000000               16140.0238042986 
                 14.5000000000                   1.5000000000               24001.2720836463 
                 14.5000000000                   2.0000000000               31751.7830642764 
                 14.5000000000                   2.5000000000               39413.1471647464 
                 14.5000000000                   3.0000000000               46999.0011938087 
                 14.5000000000                   3.5000000000               54504.8511719640 
                 14.5000000000                   4.0000000000               61903.4786694293 
                 14.5000000000                   4.5000000000               69237.8196425916 
                 14.5000000000                   5.0000000000               76605.1370794606 
                 14.5000000000                   5.5000000000               84014.8448789378 
                 14.5000000000                   6.0000000000               91452.9561288104 
                 14.5000000000                   6.5000000000               98901.1569517742 
                 14.5000000000                   7.0000000000              106340.2780077633 
                 14.5000000000                   7.5000000000              113824.1083202742 
                 14.5000000000                   8.0000000000              121486.4203973737 
                 14.5000000000                   8.5000000000              129417.2354430212 
                 14.5000000000                   9.0000000000              137451.3915106997 
                 14.5000000000                   9.5000000000              145444.6085805396 
                 14.5000000000                  10.0000000000              153408.4580151128 
                 14.5000000000                  10.5000000000              161316.4276992604 
                 14.5000000000                  11.0000000000              169172.7466862692 
                 14.5000000000                  11.5000000000              176997.1121435566 
                 14.5000000000                  12.0000000000              184793.2510078705 
                 14.5000000000                  12.5000000000              192552.1805833307 
                 14.5000000000                  13.0000000000              200373.0966553994 
                 14.5000000000                  13.5000000000              208409.8561110361 
                 14.5000000000                  14.0000000000              216743.9382500924 
                 14.5000000000                  14.5000000000              225500.3842283387 
                 14.5000000000                  15.0000000000              234675.8747515616 
                 14.5000000000                  15.5000000000              244090.9140079046 
                 14.5000000000                  16.0000000000              253619.4805260741 
                 14.5000000000                  16.5000000000              263153.8046627551 
                 14.5000000000                  17.0000000000              272632.1205339391 
                 14.5000000000                  17.5000000000              282082.4802140564 
                 14.5000000000                  18.0000000000              291511.4223946841 
                 14.5000000000                  18.5000000000              300887.3655398416 
                 14.5000000000                  19.0000000000              310241.0297277180 
                 14.5000000000                  19.5000000000              319703.6590923743 
                 14.5000000000                  20.0000000000              329376.5691299838 
                 14.5000000000                  20.5000000000              339341.0517349743 
                 14.5000000000                  21.0000000000              349701.5403326623 
                 14.5000000000                  21.5000000000              360331.0978909461 
                 14.5000000000                  22.0000000000              370940.2876424167 
                 14.5000000000                  22.5000000000              381247.7111244522 
                 14.5000000000                  23.0000000000              390899.9166639526 
                 14.5000000000                  23.5000000000              399759.4620069698 
                 14.5000000000                  24.0000000000              407804.6513371690 
                 14.5000000000                  24.5000000000              414872.6418215389 
                 14.5000000000                  25.0000000000              420777.0729307476 
                 14.5000000000                  25.5000000000              425352.0207733017 
                 14.5000000000                  26.0000000000              428573.3688930871 
                 14.5000000000                  26.5000000000              430549.8550001809 
                 14.5000000000                  27.0000000000              431471.4570684046 
                 14.5000000000                  27.5000000000              431477.9020877455 
                 14.5000000000                  28.0000000000              430558.8800455690 
                 14.5000000000                  28.5000000000              428668.0887086055 
                 14.5000000000                  29.0000000000              425748.7946217228 
                 14.5000000000                  29.5000000000              421833.0367571486 
                 14.5000000000                  30.0000000000              417074.7732376130 
                 14.5000000000                  30.5000000000              411591.5475411874 
                 14.5000000000                  31.0000000000              405517.5218017414 
                 14.5000000000                  31.5000000000              398827.9509418017 
                 14.5000000000                  32.0000000000              391338.3399636528 
                 14.5000000000                  32.5000000000              383126.9056772129 
                 14.5000000000                  33.0000000000              374462.2663513253 
                 14.5000000000                  33.5000000000              365409.6647913688 
                 14.5000000000                  34.0000000000              355549.6040360252 
                 14.5000000000                  34.5000000000              344560.9154093113 
                 14.5000000000                  35.0000000000              332371.5616213334 
                 14.5000000000                  35.5000000000              318932.9234180228 
                 14.5000000000                  36.0000000000              305115.0433581742 
                 14.5000000000                  36.5000000000              291620.1511794375 
                 14.5000000000                  37.0000000000              278301.9646560058 
                 14.5000000000                  37.5000000000              265005.2243797712 
                 14.5000000000                  38.0000000000              251934.4054062252 
                 14.5000000000                  38.5000000000              239364.8308307666 
                 14.5000000000                  39.0000000000              227266.4581233853 
                 14.5000000000                  39.5000000000              215800.1061193507 
                 14.5000000000                  40.0000000000              204834.5021816955 
                 14.5000000000                  40.5000000000              194186.8260485635 
                 14.5000000000                  41.0000000000              184043.3069672946 
                 14.5000000000                  41.5000000000              174682.6149192319 
                 14.5000000000                  42.0000000000              165570.2252690740 
                 14.5000000000                  42.5000000000              155210.8838678851 
                 14.5000000000                  43.0000000000              142511.5142480912 
                 14.5000000000                  43.5000000000              124982.7136363145 
                 14.5000000000                  44.0000000000              102718.0025136151 
                 14.5000000000                  44.5000000000               82494.7271697321 
                 14.5000000000                  45.0000000000               67253.1174803260 
                 14.5000000000                  45.5000000000               54633.9915239721 
                 14.5000000000                  46.0000000000               44210.9109894157 
                 14.5000000000                  46.5000000000               36724.1197876601 
                 14.5000000000                  47.0000000000               31503.4261359987 
                 14.5000000000                  47.5000000000               27479.1822814418 
                 14.5000000000                  48.0000000000               24397.3783217839 
                 14.5000000000                  48.5000000000               20948.7666077325 
                 14.5000000000                  49.0000000000               16098.2494863811 
                 14.5000000000                  49.5000000000                9569.9631019898 
                 14.5000000000                  50.0000000000                   0.0000000000 
                 15.0000000000                   0.0000000000                   0.0000000000 
                 15.0000000000                   0.5000000000                8319.7345023213 
                 15.0000000000                   1.0000000000               16502.1125026302 
                 15.0000000000                   1.5000000000               24568.5331469366 
                 15.0000000000                   2.0000000000               32532.8622124123 
                 15.0000000000                   2.5000000000               40413.2477309699 
                 15.0000000000                   3.0000000000               48222.5728829887 
                 15.0000000000                   3.5000000000               55960.9297729125 
                 15.0000000000                   4.0000000000               63609.1290970220 
                 15.0000000000                   4.5000000000               71223.2170899909 
                 15.0000000000                   5.0000000000               78905.6942456255 
                 15.0000000000                   5.5000000000               86660.1120642119 
                 15.0000000000                   6.0000000000               94460.0110137493 
                 15.0000000000                   6.5000000000              102279.6848511667 
                 15.0000000000                   7.0000000000              110113.6841615718 
                 15.0000000000                   7.5000000000              118017.7207083727 
                 15.0000000000                   8.0000000000              126118.2707893383 
                 15.0000000000                   8.5000000000              134452.0635046345 
                 15.0000000000                   9.0000000000              142771.9849365271 
                 15.0000000000                   9.5000000000              150955.9275675458 
                 15.0000000000                  10.0000000000              159081.8422827068 
                 15.0000000000                  10.5000000000              167172.6663803729 
                 15.0000000000                  11.0000000000              175258.3570386817 
                 15.0000000000                  11.5000000000              183334.9836240656 
                 15.0000000000                  12.0000000000              191381.4995062194 
                 15.0000000000                  12.5000000000              199375.4512662765 
                 15.0000000000                  13.0000000000              207438.2706161527 
                 15.0000000000                  13.5000000000              215752.7890043163 
                 15.0000000000                  14.0000000000              224402.4930458770 
                 15.0000000000                  14.5000000000              233515.6024672583 
                 15.0000000000                  15.0000000000              243020.2453621032 
                 15.0000000000                  15.5000000000              252692.0092009316 
                 15.0000000000                  16.0000000000              262453.4171548872 
                 15.0000000000                  16.5000000000              272251.4894667581 
                 15.0000000000                  17.0000000000              282097.7165678727 
                 15.0000000000                  17.5000000000              292034.4558504144 
                 15.0000000000                  18.0000000000              302026.6236352841 
                 15.0000000000                  18.5000000000              312012.2955881262 
                 15.0000000000                  19.0000000000              322010.1416820713 
                 15.0000000000                  19.5000000000              332186.8272764393 
                 15.0000000000                  20.0000000000              342670.3793255588 
                 15.0000000000                  20.5000000000              353538.2935210845 
                 15.0000000000                  21.0000000000              364815.0847461059 
                 15.0000000000                  21.5000000000              376252.3077853145 
                 15.0000000000                  22.0000000000              387567.8230604589 
                 15.0000000000                  22.5000000000              398558.1122087109 
                 15.0000000000                  23.0000000000              409039.3955695200 
                 15.0000000000                  23.5000000000              419028.3576381729 
                 15.0000000000                  24.0000000000              428368.5676572851 
                 15.0000000000                  24.5000000000              436647.3232713047 
                 15.0000000000                  25.0000000000              443145.1266648786 
                 15.0000000000                  25.5000000000              447207.7547852222 
                 15.0000000000                  26.0000000000              449148.8707032047 
                 15.0000000000                  26.5000000000              449574.8518991511 
                 15.0000000000                  27.0000000000              448979.3614169298 
                 15.0000000000                  27.5000000000              447881.6428403953 
                 15.0000000000                  28.0000000000              446214.7520154745 
                 15.0000000000                  28.5000000000              443633.4395984202 
                 15.0000000000                  29.0000000000              440001.0061138525 
                 15.0000000000                  29.5000000000              435278.5801908678 
                 15.0000000000                  30.0000000000              429624.3563172037 
                 15.0000000000                  30.5000000000              423263.8630375653 
                 15.0000000000                  31.0000000000              416421.1411018943 
                 15.0000000000                  31.5000000000              409080.8332617111 
                 15.0000000000                  32.0000000000              400964.9649117352 
                 15.0000000000                  32.5000000000              392092.5922622462 
                 15.0000000000                  33.0000000000              382712.4317215774 
                 15.0000000000                  33.5000000000              372886.6736800068 
                 15.0000000000                  34.0000000000              362255.4142230363 
                 15.0000000000                  34.5000000000              350496.7224175141 
                 15.0000000000                  35.0000000000              337454.8733805401 
                 15.0000000000                  35.5000000000              323046.6163895087 
                 15.0000000000                  36.0000000000              308375.5695103414 
                 15.0000000000                  36.5000000000              294314.3968742674 
                 15.0000000000                  37.0000000000              280685.2296365066 
                 15.0000000000                  37.5000000000              267411.5914768320 
                 15.0000000000                  38.0000000000              254305.4563866290 
                 15.0000000000                  38.5000000000              241287.1445388690 
                 15.0000000000                  39.0000000000              228459.4980961111 
                 15.0000000000                  39.5000000000              215982.6140697945 
                 15.0000000000                  40.0000000000              203972.8752724555 
                 15.0000000000                  40.5000000000              192554.4372014906 
                 15.0000000000                  41.0000000000              181900.7841292627 
                 15.0000000000                  41.5000000000              172298.1962489654 
                 15.0000000000                  42.0000000000              163161.0190254566 
                 15.0000000000                  42.5000000000              152816.3676225766 
                 15.0000000000                  43.0000000000              140159.2823673842 
                 15.0000000000                  43.5000000000              122046.3430285960 
                 15.0000000000                  44.0000000000               98685.0110504641 
                 15.0000000000                  44.5000000000               78542.3693296304 
                 15.0000000000                  45.0000000000               64435.7356640400 
                 15.0000000000                  45.5000000000               53238.9483331915 
                 15.0000000000                  46.0000000000               44228.5500832569 
                 15.0000000000                  46.5000000000               37356.2811845412 
                 15.0000000000                  47.0000000000               32128.7427733607 
                 15.0000000000                  47.5000000000               27935.4001124943 
                 15.0000000000                  48.0000000000               24552.1776790706 
                 15.0000000000                  48.5000000000               20801.4072088807 
                 15.0000000000                  49.0000000000               15728.8464046944 
                 15.0000000000                  49.5000000000                9100.6004189902 
                 15.0000000000                  50.0000000000                   0.0000000000 
                 15.5000000000                   0.0000000000                   0.0000000000 
                 15.5000000000                   0.5000000000                8465.9162361874 
                 15.5000000000                   1.0000000000               16830.0167412759 
                 15.5000000000                   1.5000000000               25100.0197845627 
                 15.5000000000                   2.0000000000               33284.3815289492 
                 15.5000000000                   2.5000000000               41397.7014525319 
                 15.5000000000                   3.0000000000               49452.7667689729 
                 15.5000000000                   3.5000000000               57455.1833802188 
                 15.5000000000                   4.0000000000               65396.1310260849 
                 15.5000000000                   4.5000000000               73333.2329015458 
                 15.5000000000                   5.0000000000               81357.3541173849 
                 15.5000000000                   5.5000000000               89465.3224791755 
                 15.5000000000                   6.0000000000               97616.9788652692 
                 15.5000000000                   6.5000000000              105784.4884241862 
                 15.5000000000                   7.0000000000              113988.9499656788 
                 15.5000000000                   7.5000000000              122287.5748304964 
                 15.5000000000                   8.0000000000              130787.2976058155 
                 15.5000000000                   8.5000000000              139492.7265371667 
                 15.5000000000                   9.0000000000              148110.6793281663 
                 15.5000000000                   9.5000000000              156525.1352844654 
                 15.5000000000                  10.0000000000              164860.1723050559 
                 15.5000000000                  10.5000000000              173175.6887412162 
                 15.5000000000                  11.0000000000              181504.8364388694 
                 15.5000000000                  11.5000000000              189832.1823354337 
                 15.5000000000                  12.0000000000              198134.5501680804 
                 15.5000000000                  12.5000000000              206380.7090917444 
                 15.5000000000                  13.0000000000              214717.8656735842 
                 15.5000000000                  13.5000000000              223355.0533437404 
                 15.5000000000                  14.0000000000              232365.7106293242 
                 15.5000000000                  14.5000000000              241874.6391453605 
                 15.5000000000                  15.0000000000              251762.4883248935 
                 15.5000000000                  15.5000000000              261762.4344253424 
                 15.5000000000                  16.0000000000              271828.0718675216 
                 15.5000000000                  16.5000000000              281963.4859197903 
                 15.5000000000                  17.0000000000              292217.8159356306 
                 15.5000000000                  17.5000000000              302626.0894656345 
                 15.5000000000                  18.0000000000              313141.3156651219 
                 15.5000000000                  18.5000000000              323687.4932449756 
                 15.5000000000                  19.0000000000              334290.1137164886 
                 15.5000000000                  19.5000000000              345165.2226319105 
                 15.5000000000                  20.0000000000              356458.0392149516 
                 15.5000000000                  20.5000000000              368227.6907386961 
                 15.5000000000                  21.0000000000              380446.9124415305 
                 15.5000000000                  21.5000000000              392781.5048499085 
                 15.5000000000                  22.0000000000              404930.0753912156 
                 15.5000000000                  22.5000000000              416742.7022143506 
                 15.5000000000                  23.0000000000              428112.6468792915 
                 15.5000000000                  23.5000000000              439058.7193373696 
                 15.5000000000                  24.0000000000              449323.9220864121 
                 15.5000000000                  24.5000000000              458350.3988795450 
                 15.5000000000                  25.0000000000              465302.6900618748 
                 15.5000000000                  25.5000000000              469463.1984118698 
                 15.5000000000                  26.0000000000              471049.7863976092 
                 15.5000000000                  26.5000000000              470640.0766617261 
                 15.5000000000                  27.0000000000              468781.4823508451 
                 15.5000000000                  27.5000000000              466367.1385892197 
                 15.5000000000                  28.0000000000              463579.5327191745 
                 15.5000000000                  28.5000000000              459916.2822594104 
                 15.5000000000                  29.0000000000              455240.3155464700 
                 15.5000000000                  29.5000000000              449504.7311654165 
                 15.5000000000                  30.0000000000              442813.5503510309 
                 15.5000000000                  30.5000000000              435453.7360361648 
                 15.5000000000                  31.0000000000              427732.1810353983 
                 15.5000000000                  31.5000000000              419631.6650117212 
                 15.5000000000                  32.0000000000              410789.8413404779 
                 15.5000000000                  32.5000000000              401170.5546895519 
                 15.5000000000                  33.0000000000              390982.7759028589 
                 15.5000000000                  33.5000000000              380266.9851915441 
                 15.5000000000                  34.0000000000              368749.9026784982 
                 15.5000000000                  34.5000000000              356136.3296885958 
                 15.5000000000                  35.0000000000              342178.9121545754 
                 15.5000000000                  35.5000000000              326763.4569031206 
                 15.5000000000                  36.0000000000              311243.9056875547 
                 15.5000000000                  36.5000000000              296643.0151412729 
                 15.5000000000                  37.0000000000              282719.7840560183 
                 15.5000000000                  37.5000000000              269491.7188927061 
                 15.5000000000                  38.0000000000              256389.4096857221 
                 15.5000000000                  38.5000000000              242951.4564768074 
                 15.5000000000                  39.0000000000              229383.0410202283 
                 15.5000000000                  39.5000000000              215785.2308484209 
                 15.5000000000                  40.0000000000              202579.4397804664 
                 15.5000000000                  40.5000000000              190295.7361941885 
                 15.5000000000                  41.0000000000              179063.1842011863 
                 15.5000000000                  41.5000000000              169154.9221567351 
                 15.5000000000                  42.0000000000              159922.5106137856 
                 15.5000000000                  42.5000000000              149517.2419898252 
                 15.5000000000                  43.0000000000              136912.1750319335 
                 15.5000000000                  43.5000000000              118158.4557340287 
                 15.5000000000                  44.0000000000               93884.1660255937 
                 15.5000000000                  44.5000000000               74475.2976149829 
                 15.5000000000                  45.0000000000               62051.7166341061 
                 15.5000000000                  45.5000000000               52514.8278393350 
                 15.5000000000                  46.0000000000               44989.9235933513 
                 15.5000000000                  46.5000000000               38711.6565922613 
                 15.5000000000                  47.0000000000               33355.6648882332 
                 15.5000000000                  47.5000000000               28779.3458535769 
                 15.5000000000                  48.0000000000               24807.0391386152 
                 15.5000000000                  48.5000000000               20496.7811140838 
                 15.5000000000                  49.0000000000               15064.7473764866 
                 15.5000000000                  49.5000000000                8356.4422333150 
                 15.5000000000                  50.0000000000                   0.0000000000 
                 16.0000000000                   0.0000000000                   0.0000000000 
                 16.0000000000                   0.5000000000                8606.8636633280 
                 16.0000000000                   1.0000000000               17148.7056146536 
                 16.0000000000                   1.5000000000               25621.4725552412 
                 16.0000000000                   2.0000000000               34029.4458512181 
                 16.0000000000                   2.5000000000               42385.1096909097 
                 16.0000000000                   3.0000000000               50702.5539030057 
                 16.0000000000                   3.5000000000               58994.2550431886 
                 16.0000000000                   4.0000000000               67262.3699921259 
                 16.0000000000                   4.5000000000               75557.7825364255 
                 16.0000000000                   5.0000000000               83946.8639169729 
                 16.0000000000                   5.5000000000               92417.0613873698 
                 16.0000000000                   6.0000000000              100916.4623470703 
                 16.0000000000                   6.5000000000              109419.9370058957 
                 16.0000000000                   7.0000000000              117982.4408686641 
                 16.0000000000                   7.5000000000              126659.8311298638 
                 16.0000000000                   8.0000000000              135532.9883961775 
                 16.0000000000                   8.5000000000              144590.4822623160 
                 16.0000000000                   9.0000000000              153508.5426197326 
                 16.0000000000                   9.5000000000              162171.6035301879 
                 16.0000000000                  10.0000000000              170739.8275191149 
                 16.0000000000                  10.5000000000              179298.3496759043 
                 16.0000000000                  11.0000000000              187875.2257226070 
                 16.0000000000                  11.5000000000              196451.1079566270 
                 16.0000000000                  12.0000000000              205018.4162195125 
                 16.0000000000                  12.5000000000              213543.9291721633 
                 16.0000000000                  13.0000000000              222203.3631509500 
                 16.0000000000                  13.5000000000              231229.5270595582 
                 16.0000000000                  14.0000000000              240669.4083545211 
                 16.0000000000                  14.5000000000              250643.4905931924 
                 16.0000000000                  15.0000000000              260988.8164876595 
                 16.0000000000                  15.5000000000              271383.1051441891 
                 16.0000000000                  16.0000000000              281804.7043148474 
                 16.0000000000                  16.5000000000              292311.1473193594 
                 16.0000000000                  17.0000000000              302972.5524896275 
                 16.0000000000                  17.5000000000              313808.6095599674 
                 16.0000000000                  18.0000000000              324779.3269610407 
                 16.0000000000                  18.5000000000              335818.2706640178 
                 16.0000000000                  19.0000000000              346974.5387532439 
                 16.0000000000                  19.5000000000              358524.3163104553 
                 16.0000000000                  20.0000000000              370626.2993181861 
                 16.0000000000                  20.5000000000              383320.7676440502 
                 16.0000000000                  21.0000000000              396547.4604571742 
                 16.0000000000                  21.5000000000              409885.1917531081 
                 16.0000000000                  22.0000000000              422983.2788513027 
                 16.0000000000                  22.5000000000              435706.3709096619 
                 16.0000000000                  23.0000000000              447960.8221822992 
                 16.0000000000                  23.5000000000              459708.3976276302 
                 16.0000000000                  24.0000000000              470626.6273166707 
                 16.0000000000                  24.5000000000              480165.7581679688 
                 16.0000000000                  25.0000000000              487602.4726981693 
                 16.0000000000                  25.5000000000              492321.1536971701 
                 16.0000000000                  26.0000000000              494345.8729314137 
                 16.0000000000                  26.5000000000              493888.5619036659 
                 16.0000000000                  27.0000000000              491131.7556137479 
                 16.0000000000                  27.5000000000              487321.5467686748 
                 16.0000000000                  28.0000000000              483077.8493143877 
                 16.0000000000                  28.5000000000              477857.6796899544 
                 16.0000000000                  29.0000000000              471704.7512210215 
                 16.0000000000                  29.5000000000              464622.6767248363 
                 16.0000000000                  30.0000000000              456652.6992071756 
                 16.0000000000                  30.5000000000              448113.9876965814 
                 16.0000000000                  31.0000000000              439370.8895004229 
                 16.0000000000                  31.5000000000              430393.9375827842 
                 16.0000000000                  32.0000000000              420734.0258134828 
                 16.0000000000                  32.5000000000              410299.7514053405 
                 16.0000000000                  33.0000000000              399249.6390568805 
                 16.0000000000                  33.5000000000              387594.5925905117 
                 16.0000000000                  34.0000000000              375165.0543698128 
                 16.0000000000                  34.5000000000              361713.8075018651 
                 16.0000000000                  35.0000000000              346905.2331431244 
                 16.0000000000                  35.5000000000              330581.4635264506 
                 16.0000000000                  36.0000000000              314289.4307363492 
                 16.0000000000                  36.5000000000              299135.8983714174 
                 16.0000000000                  37.0000000000              284804.4814720578 
                 16.0000000000                  37.5000000000              271395.1214212660 
                 16.0000000000                  38.0000000000              258081.0681249645 
                 16.0000000000                  38.5000000000              244128.7064887872 
                 16.0000000000                  39.0000000000              229795.0806161242 
                 16.0000000000                  39.5000000000              215087.0886736801 
                 16.0000000000                  40.0000000000              200697.1303305117 
                 16.0000000000                  40.5000000000              187532.2943559643 
                 16.0000000000                  41.0000000000              175647.9660242418 
                 16.0000000000                  41.5000000000              165272.1992503997 
                 16.0000000000                  42.0000000000              155708.3907867506 
                 16.0000000000                  42.5000000000              145018.2835161780 
                 16.0000000000                  43.0000000000              132402.3958594560 
                 16.0000000000                  43.5000000000              113478.5776650783 
                 16.0000000000                  44.0000000000               89325.7791679210 
                 16.0000000000                  44.5000000000               71331.3811187622 
                 16.0000000000                  45.0000000000               60618.2418563907 
                 16.0000000000                  45.5000000000               52433.9879017608 
                 16.0000000000                  46.0000000000               45987.2685637269 
                 16.0000000000                  46.5000000000               40196.6087123524 
                 16.0000000000                  47.0000000000               34765.9748534775 
                 16.0000000000                  47.5000000000               29790.5220916366 
                 16.0000000000                  48.0000000000               25176.3632456113 
                 16.0000000000                  48.5000000000               20261.2525369030 
                 16.0000000000                  49.0000000000               14481.1183209392 
                 16.0000000000                  49.5000000000                7765.0677435598 
                 16.0000000000                  50.0000000000                   0.0000000000 
                 16.5000000000                   0.0000000000                   0.0000000000 
                 16.5000000000                   0.5000000000                8756.3427218813 
                 16.5000000000                   1.0000000000               17477.9717537720 
                 16.5000000000                   1.5000000000               26151.9904755317 
                 16.5000000000                   2.0000000000               34781.1123381128 
                 16.5000000000                   2.5000000000               43378.9276151308 
                 16.5000000000                   3.0000000000               51964.9832737424 
                 16.5000000000                   3.5000000000               60560.6677951378 
                 16.5000000000                   4.0000000000               69181.5822271884 
                 16.5000000000                   4.5000000000               77865.3037962448 
                 16.5000000000                   5.0000000000               86640.0738599537 
                 16.5000000000                   5.5000000000               95482.5349095194 
                 16.5000000000                   6.0000000000              104336.8703653202 
                 16.5000000000                   6.5000000000              113194.9691965118 
                 16.5000000000                   7.0000000000              122149.6571561988 
                 16.5000000000                   7.5000000000              131245.0498692542 
                 16.5000000000                   8.0000000000              140521.7887986504 
                 16.5000000000                   8.5000000000              149919.8192593794 
                 16.5000000000                   9.0000000000              159103.1703296406 
                 16.5000000000                   9.5000000000              167999.3765241628 
                 16.5000000000                  10.0000000000              176797.0481539688 
                 16.5000000000                  10.5000000000              185583.1132142316 
                 16.5000000000                  11.0000000000              194374.6141884681 
                 16.5000000000                  11.5000000000              203171.0451238672 
                 16.5000000000                  12.0000000000              211999.5759351103 
                 16.5000000000                  12.5000000000              220848.0169455524 
                 16.5000000000                  13.0000000000              229938.4506642457 
                 16.5000000000                  13.5000000000              239504.4895376709 
                 16.5000000000                  14.0000000000              249537.3836001153 
                 16.5000000000                  14.5000000000              260119.3324093122 
                 16.5000000000                  15.0000000000              270996.8561333856 
                 16.5000000000                  15.5000000000              281808.6052015370 
                 16.5000000000                  16.0000000000              292591.6266341647 
                 16.5000000000                  16.5000000000              303445.6206464581 
                 16.5000000000                  17.0000000000              314437.6410060172 
                 16.5000000000                  17.5000000000              325580.0207664681 
                 16.5000000000                  18.0000000000              336876.9142955207 
                 16.5000000000                  18.5000000000              348300.8582547415 
                 16.5000000000                  19.0000000000              359960.6421563651 
                 16.5000000000                  19.5000000000              372190.1860023913 
                 16.5000000000                  20.0000000000              385132.9002934428 
                 16.5000000000                  20.5000000000              398812.0479129081 
                 16.5000000000                  21.0000000000              413144.0073895780 
                 16.5000000000                  21.5000000000              427603.4687061272 
                 16.5000000000                  22.0000000000              441757.7239409565 
                 16.5000000000                  22.5000000000              455456.8838503150 
                 16.5000000000                  23.0000000000              468572.0356378429 
                 16.5000000000                  23.5000000000              480978.3994399335 
                 16.5000000000                  24.0000000000              492348.1573465477 
                 16.5000000000                  24.5000000000              502250.2020246370 
                 16.5000000000                  25.0000000000              510258.8388089932 
                 16.5000000000                  25.5000000000              516085.6685496308 
                 16.5000000000                  26.0000000000              519553.1889725269 
                 16.5000000000                  26.5000000000              520428.2814179080 
                 16.5000000000                  27.0000000000              517934.4301382293 
                 16.5000000000                  27.5000000000              512563.4392582577 
                 16.5000000000                  28.0000000000              505798.4964632966 
                 16.5000000000                  28.5000000000              498019.9126285209 
                 16.5000000000                  29.0000000000              489570.4278022771 
                 16.5000000000                  29.5000000000              480602.3596098038 
                 16.5000000000                  30.0000000000              471033.9128426378 
                 16.5000000000                  30.5000000000              461091.9589619610 
                 16.5000000000                  31.0000000000              451144.3176169289 
                 16.5000000000                  31.5000000000              441154.6649649543 
                 16.5000000000                  32.0000000000              430602.1860095240 
                 16.5000000000                  32.5000000000              419324.9636734156 
                 16.5000000000                  33.0000000000              407417.6904835562 
                 16.5000000000                  33.5000000000              394851.7211946779 
                 16.5000000000                  34.0000000000              381567.9768833335 
                 16.5000000000                  34.5000000000              367393.0387751500 
                 16.5000000000                  35.0000000000              351944.6111506001 
                 16.5000000000                  35.5000000000              334980.5752775103 
                 16.5000000000                  36.0000000000              318026.6160792474 
                 16.5000000000                  36.5000000000              302196.4833520645 
                 16.5000000000                  37.0000000000              287182.1056484443 
                 16.5000000000                  37.5000000000              273199.4068811780 
                 16.5000000000                  38.0000000000              259317.5526732449 
                 16.5000000000                  38.5000000000              244660.6159306437 
                 16.5000000000                  39.0000000000              229523.3763199575 
                 16.5000000000                  39.5000000000              213809.6354576371 
                 16.5000000000                  40.0000000000              198391.3750550894 
                 16.5000000000                  40.5000000000              184422.7408310504 
                 16.5000000000                  41.0000000000              171831.0012417547 
                 16.5000000000                  41.5000000000              160753.1568316311 
                 16.5000000000                  42.0000000000              150426.0907639242 
                 16.5000000000                  42.5000000000              138934.3495266475 
                 16.5000000000                  43.0000000000              125778.3496367610 
                 16.5000000000                  43.5000000000              107307.1968432828 
                 16.5000000000                  44.0000000000               85289.2578676680 
                 16.5000000000                  44.5000000000               69661.2059533116 
                 16.5000000000                  45.0000000000               60305.7316828487 
                 16.5000000000                  45.5000000000               53022.4449987588 
                 16.5000000000                  46.0000000000               47208.0378863426 
                 16.5000000000                  46.5000000000               41698.5115345518 
                 16.5000000000                  47.0000000000               36186.4033294275 
                 16.5000000000                  47.5000000000               30855.8092677491 
                 16.5000000000                  48.0000000000               25653.2922399156 
                 16.5000000000                  48.5000000000               20184.2410147495 
                 16.5000000000                  49.0000000000               14100.2450434226 
                 16.5000000000                  49.5000000000                7367.4520934805 
                 16.5000000000                  50.0000000000                   0.0000000000 
                 17.0000000000                   0.0000000000                   0.0000000000 
                 17.0000000000                   0.5000000000                8942.1329007580 
                 17.0000000000                   1.0000000000               17860.0624453290 
                 17.0000000000                   1.5000000000               26741.9053815799 
                 17.0000000000                   2.0000000000               35589.6036993370 
                 17.0000000000                   2.5000000000               44424.9163742853 
                 17.0000000000                   3.0000000000               53282.9730960117 
                 17.0000000000                   3.5000000000               62194.9202005900 
                 17.0000000000                   4.0000000000               71194.2404281704 
                 17.0000000000                   4.5000000000               80297.5381832624 
                 17.0000000000                   5.0000000000               89475.2718634420 
                 17.0000000000                   5.5000000000               98690.2476065423 
                 17.0000000000                   6.0000000000              107898.9120005133 
                 17.0000000000                   6.5000000000              117121.1870864528 
                 17.0000000000                   7.0000000000              126466.3423974966 
                 17.0000000000                   7.5000000000              135953.7160868895 
                 17.0000000000                   8.0000000000              145568.1183883819 
                 17.0000000000                   8.5000000000              155192.1183568817 
                 17.0000000000                   9.0000000000              164562.0630746441 
                 17.0000000000                   9.5000000000              173679.9000147880 
                 17.0000000000                  10.0000000000              182714.6285077678 
                 17.0000000000                  10.5000000000              191731.4558492040 
                 17.0000000000                  11.0000000000              200745.7791105894 
                 17.0000000000                  11.5000000000              209794.6985173514 
                 17.0000000000                  12.0000000000              218938.3784965468 
                 17.0000000000                  12.5000000000              228213.8019950656 
                 17.0000000000                  13.0000000000              237879.9743944530 
                 17.0000000000                  13.5000000000              248128.4315545073 
                 17.0000000000                  14.0000000000              258886.0367502509 
                 17.0000000000                  14.5000000000              270147.7372336609 
                 17.0000000000                  15.0000000000              281569.2404322827 
                 17.0000000000                  15.5000000000              292815.3328829822 
                 17.0000000000                  16.0000000000              303984.9114954460 
                 17.0000000000                  16.5000000000              315184.4591093680 
                 17.0000000000                  17.0000000000              326460.1580615315 
                 17.0000000000                  17.5000000000              337844.6526560343 
                 17.0000000000                  18.0000000000              349407.8117377919 
                 17.0000000000                  18.5000000000              361184.6038499594 
                 17.0000000000                  19.0000000000              373373.1742889460 
                 17.0000000000                  19.5000000000              386329.9290420058 
                 17.0000000000                  20.0000000000              400155.6076197378 
                 17.0000000000                  20.5000000000              414879.1170386614 
                 17.0000000000                  21.0000000000              430403.0359018943 
                 17.0000000000                  21.5000000000              446064.5064368678 
                 17.0000000000                  22.0000000000              461318.2974107204 
                 17.0000000000                  22.5000000000              475993.5279827330 
                 17.0000000000                  23.0000000000              489893.3801708993 
                 17.0000000000                  23.5000000000              502810.3663595957 
                 17.0000000000                  24.0000000000              514453.7242035238 
                 17.0000000000                  24.5000000000              524524.4547811715 
                 17.0000000000                  25.0000000000              532925.0675665612 
                 17.0000000000                  25.5000000000              539663.7961880714 
                 17.0000000000                  26.0000000000              544345.4373593514 
                 17.0000000000                  26.5000000000              546404.4354213382 
                 17.0000000000                  27.0000000000              544674.3544295356 
                 17.0000000000                  27.5000000000              538613.1206158639 
                 17.0000000000                  28.0000000000              529757.4387068072 
                 17.0000000000                  28.5000000000              519489.8897327961 
                 17.0000000000                  29.0000000000              508516.2984235899 
                 17.0000000000                  29.5000000000              497334.2885660397 
                 17.0000000000                  30.0000000000              485967.6199892171 
                 17.0000000000                  30.5000000000              474480.3573930280 
                 17.0000000000                  31.0000000000              463153.1429484559 
                 17.0000000000                  31.5000000000              451962.6080129906 
                 17.0000000000                  32.0000000000              440399.3491403023 
                 17.0000000000                  32.5000000000              428231.5404166963 
                 17.0000000000                  33.0000000000              415471.7598900177 
                 17.0000000000                  33.5000000000              402058.9702594175 
                 17.0000000000                  34.0000000000              388023.0950432178 
                 17.0000000000                  34.5000000000              373277.5293018252 
                 17.0000000000                  35.0000000000              357511.3163675468 
                 17.0000000000                  35.5000000000              340465.5996688947 
                 17.0000000000                  36.0000000000              323149.4407592018 
                 17.0000000000                  36.5000000000              306463.1688104685 
                 17.0000000000                  37.0000000000              290348.1696156290 
                 17.0000000000                  37.5000000000              275114.4408240922 
                 17.0000000000                  38.0000000000              260024.6473467090 
                 17.0000000000                  38.5000000000              244310.4466295801 
                 17.0000000000                  39.0000000000              228231.5408734044 
                 17.0000000000                  39.5000000000              211675.6002817353 
                 17.0000000000                  40.0000000000              195516.9935808537 
                 17.0000000000                  40.5000000000              180852.3897712044 
                 17.0000000000                  41.0000000000              167475.1275553266 
                 17.0000000000                  41.5000000000              155296.9225795821 
                 17.0000000000                  42.0000000000              143498.0103070013 
                 17.0000000000                  42.5000000000              130660.8559973578 
                 17.0000000000                  43.0000000000              116629.9604387584 
                 17.0000000000                  43.5000000000               99936.9092860307 
                 17.0000000000                  44.0000000000               82541.5102233832 
                 17.0000000000                  44.5000000000               69843.3516894628 
                 17.0000000000                  45.0000000000               61225.4701952141 
                 17.0000000000                  45.5000000000               54360.4832274787 
                 17.0000000000                  46.0000000000               48694.8189002522 
                 17.0000000000                  46.5000000000               43217.1221119621 
                 17.0000000000                  47.0000000000               37580.4123416897 
                 17.0000000000                  47.5000000000               31935.9022470526 
                 17.0000000000                  48.0000000000               26249.5427714469 
                 17.0000000000                  48.5000000000               20320.1000046078 
                 17.0000000000                  49.0000000000               13965.7373161297 
                 17.0000000000                  49.5000000000                7176.9910099801 
                 17.0000000000                  50.0000000000                   0.0000000000 
                 17.5000000000                   0.0000000000                   0.0000000000 
                 17.5000000000                   0.5000000000                9187.2284182087 
                 17.5000000000                   1.0000000000               18338.4002795671 
                 17.5000000000                   1.5000000000               27450.7058362266 
                 17.5000000000                   2.0000000000               36525.4963207183 
                 17.5000000000                   2.5000000000               45602.1124507058 
                 17.5000000000                   3.0000000000               54743.6198362241 
                 17.5000000000                   3.5000000000               63990.5931022863 
                 17.5000000000                   4.0000000000               73401.9264269748 
                 17.5000000000                   4.5000000000               82958.2397871132 
                 17.5000000000                   5.0000000000               92541.0193656517 
                 17.5000000000                   5.5000000000              102099.5104800976 
                 17.5000000000                   6.0000000000              111620.0932925144 
                 17.5000000000                   6.5000000000              121141.6616258326 
                 17.5000000000                   7.0000000000              130759.2821236756 
                 17.5000000000                   7.5000000000              140469.1318738175 
                 17.5000000000                   8.0000000000              150212.4216760321 
                 17.5000000000                   8.5000000000              159878.7835135949 
                 17.5000000000                   9.0000000000              169353.5893010016 
                 17.5000000000                   9.5000000000              178686.5111590082 
                 17.5000000000                  10.0000000000              187982.0930428897 
                 17.5000000000                  10.5000000000              197285.1332839345 
                 17.5000000000                  11.0000000000              206626.3740043619 
                 17.5000000000                  11.5000000000              216066.4647765941 
                 17.5000000000                  12.0000000000              225677.2913228615 
                 17.5000000000                  12.5000000000              235538.6189323396 
                 17.5000000000                  13.0000000000              245886.6353684448 
                 17.5000000000                  13.5000000000              256841.1379872068 
                 17.5000000000                  14.0000000000              268287.3310726394 
                 17.5000000000                  14.5000000000              280135.9049209996 
                 17.5000000000                  15.0000000000              292049.4095594964 
                 17.5000000000                  15.5000000000              303775.4374355265 
                 17.5000000000                  16.0000000000              315419.4251718278 
                 17.5000000000                  16.5000000000              327066.4860719360 
                 17.5000000000                  17.0000000000              338754.9401785312 
                 17.5000000000                  17.5000000000              350544.2426711872 
                 17.5000000000                  18.0000000000              362536.8225637253 
                 17.5000000000                  18.5000000000              374828.8937382811 
                 17.5000000000                  19.0000000000              387680.5775993431 
                 17.5000000000                  19.5000000000              401427.4707676618 
                 17.5000000000                  20.0000000000              416150.7959261948 
                 17.5000000000                  20.5000000000              431924.8913110412 
                 17.5000000000                  21.0000000000              448637.6152866295 
                 17.5000000000                  21.5000000000              465451.3238611935 
                 17.5000000000                  22.0000000000              481708.7339399902 
                 17.5000000000                  22.5000000000              497241.0962008841 
                 17.5000000000                  23.0000000000              511808.9275677504 
                 17.5000000000                  23.5000000000              525149.6806285481 
                 17.5000000000                  24.0000000000              536960.3710428816 
                 17.5000000000                  24.5000000000              546997.3198471573 
                 17.5000000000                  25.0000000000              555264.1442854458 
                 17.5000000000                  25.5000000000              561753.2533329553 
                 17.5000000000                  26.0000000000              566027.8515275230 
                 17.5000000000                  26.5000000000              567555.3294995772 
                 17.5000000000                  27.0000000000              565764.5546021627 
                 17.5000000000                  27.5000000000              560121.0134981385 
                 17.5000000000                  28.0000000000              551155.7372905925 
                 17.5000000000                  28.5000000000              540003.2554559946 
                 17.5000000000                  29.0000000000              527487.7746167841 
                 17.5000000000                  29.5000000000              514450.5556857191 
                 17.5000000000                  30.0000000000              501405.6346924850 
                 17.5000000000                  30.5000000000              488423.3968976518 
                 17.5000000000                  31.0000000000              475648.7338119570 
                 17.5000000000                  31.5000000000              463087.5623107248 
                 17.5000000000                  32.0000000000              450354.7805691751 
                 17.5000000000                  32.5000000000              437200.6580747789 
                 17.5000000000                  33.0000000000              423547.2619595251 
                 17.5000000000                  33.5000000000              409315.7501726186 
                 17.5000000000                  34.0000000000              394599.9597225208 
                 17.5000000000                  34.5000000000              379400.5718346991 
                 17.5000000000                  35.0000000000              363573.7263792302 
                 17.5000000000                  35.5000000000              346974.3611741246 
                 17.5000000000                  36.0000000000              329754.6052515551 
                 17.5000000000                  36.5000000000              312260.5710369636 
                 17.5000000000                  37.0000000000              294700.4078728228 
                 17.5000000000                  37.5000000000              277344.0441759095 
                 17.5000000000                  38.0000000000              260083.5872036752 
                 17.5000000000                  38.5000000000              242726.3558341590 
                 17.5000000000                  39.0000000000              225414.2601978001 
                 17.5000000000                  39.5000000000              208092.3669288509 
                 17.5000000000                  40.0000000000              191424.2035090554 
                 17.5000000000                  40.5000000000              176122.3849277873 
                 17.5000000000                  41.0000000000              161849.6189543133 
                 17.5000000000                  41.5000000000              148107.4953714062 
                 17.5000000000                  42.0000000000              134360.2988857063 
                 17.5000000000                  42.5000000000              120488.0230935456 
                 17.5000000000                  43.0000000000              106810.4906052762 
                 17.5000000000                  43.5000000000               93290.6627175523 
                 17.5000000000                  44.0000000000               80842.4593095437 
                 17.5000000000                  44.5000000000               70818.8011501766 
                 17.5000000000                  45.0000000000               62865.1389349806 
                 17.5000000000                  45.5000000000               56228.5583470753 
                 17.5000000000                  46.0000000000               50469.9873784366 
                 17.5000000000                  46.5000000000               44855.3895141146 
                 17.5000000000                  47.0000000000               39043.2269605743 
                 17.5000000000                  47.5000000000               33095.9697183872 
                 17.5000000000                  48.0000000000               26989.8371455953 
                 17.5000000000                  48.5000000000               20656.0148432696 
                 17.5000000000                  49.0000000000               14033.6957336600 
                 17.5000000000                  49.5000000000                7133.3164907070 
                 17.5000000000                  50.0000000000                   0.0000000000 
                 18.0000000000                   0.0000000000                   0.0000000000 
                 18.0000000000                   0.5000000000                9492.8227944814 
                 18.0000000000                   1.0000000000               18921.7579247939 
                 18.0000000000                   1.5000000000               28296.3925327002 
                 18.0000000000                   2.0000000000               37617.4734336586 
                 18.0000000000                   2.5000000000               46948.4465292688 
                 18.0000000000                   3.0000000000               56389.6605453997 
                 18.0000000000                   3.5000000000               65988.9811073590 
                 18.0000000000                   4.0000000000               75841.2639887834 
                 18.0000000000                   4.5000000000               85871.7278937893 
                 18.0000000000                   5.0000000000               95831.4559990778 
                 18.0000000000                   5.5000000000              105664.8257690982 
                 18.0000000000                   6.0000000000              115409.2246686482 
                 18.0000000000                   6.5000000000              125117.3907970255 
                 18.0000000000                   7.0000000000              134863.5876564978 
                 18.0000000000                   7.5000000000              144634.3808691627 
                 18.0000000000                   8.0000000000              154362.3788363181 
                 18.0000000000                   8.5000000000              163982.3093233563 
                 18.0000000000                   9.0000000000              173517.1445540908 
                 18.0000000000                   9.5000000000              183047.2121504247 
                 18.0000000000                  10.0000000000              192618.9504303823 
                 18.0000000000                  10.5000000000              202260.2632573408 
                 18.0000000000                  11.0000000000              212020.3563638788 
                 18.0000000000                  11.5000000000              221972.2604628174 
                 18.0000000000                  12.0000000000              232183.0069536684 
                 18.0000000000                  12.5000000000              242757.6417926938 
                 18.0000000000                  13.0000000000              253861.0523003542 
                 18.0000000000                  13.5000000000              265514.3071799300 
                 18.0000000000                  14.0000000000              277585.0535323088 
                 18.0000000000                  14.5000000000              289939.7321115736 
                 18.0000000000                  15.0000000000              302315.7953665289 
                 18.0000000000                  15.5000000000              314572.1996729610 
                 18.0000000000                  16.0000000000              326800.7838964615 
                 18.0000000000                  16.5000000000              339056.1453301603 
                 18.0000000000                  17.0000000000              351368.8650555109 
                 18.0000000000                  17.5000000000              363807.6782967986 
                 18.0000000000                  18.0000000000              376465.6178824776 
                 18.0000000000                  18.5000000000              389467.3123784225 
                 18.0000000000                  19.0000000000              403117.9842270453 
                 18.0000000000                  19.5000000000              417702.5184772494 
                 18.0000000000                  20.0000000000              433292.0706503473 
                 18.0000000000                  20.5000000000              450059.9640522554 
                 18.0000000000                  21.0000000000              467889.8939982994 
                 18.0000000000                  21.5000000000              485747.5717394971 
                 18.0000000000                  22.0000000000              502880.3396856299 
                 18.0000000000                  22.5000000000              519167.3924085413 
                 18.0000000000                  23.0000000000              534348.3466004110 
                 18.0000000000                  23.5000000000              548084.3269036553 
                 18.0000000000                  24.0000000000              559992.3681834389 
                 18.0000000000                  24.5000000000              569778.6833503277 
                 18.0000000000                  25.0000000000              577405.7242765235 
                 18.0000000000                  25.5000000000              582844.0981576190 
                 18.0000000000                  26.0000000000              585829.1832233382 
                 18.0000000000                  26.5000000000              586182.9185471118 
                 18.0000000000                  27.0000000000              583905.6817546851 
                 18.0000000000                  27.5000000000              578575.7488743026 
                 18.0000000000                  28.0000000000              570038.2515520413 
                 18.0000000000                  28.5000000000              558917.7869597743 
                 18.0000000000                  29.0000000000              545723.0258320981 
                 18.0000000000                  29.5000000000              531397.3632180857 
                 18.0000000000                  30.0000000000              516978.5096027162 
                 18.0000000000                  30.5000000000              502670.0864395003 
                 18.0000000000                  31.0000000000              488488.5555046572 
                 18.0000000000                  31.5000000000              474493.4456331899 
                 18.0000000000                  32.0000000000              460508.2021114317 
                 18.0000000000                  32.5000000000              446317.3439419981 
                 18.0000000000                  33.0000000000              431754.4726337100 
                 18.0000000000                  33.5000000000              416720.0761115259 
                 18.0000000000                  34.0000000000              401349.5405704310 
                 18.0000000000                  34.5000000000              385719.3441879196 
                 18.0000000000                  35.0000000000              369874.8077615611 
                 18.0000000000                  35.5000000000              353861.4370822265 
                 18.0000000000                  36.0000000000              337039.4522769151 
                 18.0000000000                  36.5000000000              319033.0112015170 
                 18.0000000000                  37.0000000000              299966.9907581821 
                 18.0000000000                  37.5000000000              279643.1863638770 
                 18.0000000000                  38.0000000000              259089.9555827778 
                 18.0000000000                  38.5000000000              239403.1911178340 
                 18.0000000000                  39.0000000000              220501.9340589195 
                 18.0000000000                  39.5000000000              202391.2431318829 
                 18.0000000000                  40.0000000000              185416.4291544107 
                 18.0000000000                  40.5000000000              169664.1309349331 
                 18.0000000000                  41.0000000000              154676.9053895587 
                 18.0000000000                  41.5000000000              139186.9683772389 
                 18.0000000000                  42.0000000000              123534.6544112077 
                 18.0000000000                  42.5000000000              109814.4591838370 
                 18.0000000000                  43.0000000000               98166.3941491266 
                 18.0000000000                  43.5000000000               88043.6425559321 
                 18.0000000000                  44.0000000000               79305.6167688409 
                 18.0000000000                  44.5000000000               71542.3334347106 
                 18.0000000000                  45.0000000000               64527.7545053347 
                 18.0000000000                  45.5000000000               58214.4302801303 
                 18.0000000000                  46.0000000000               52394.8979420678 
                 18.0000000000                  46.5000000000               46628.0873817924 
                 18.0000000000                  47.0000000000               40637.9899176245 
                 18.0000000000                  47.5000000000               34399.6496802207 
                 18.0000000000                  48.0000000000               27886.7923381779 
                 18.0000000000                  48.5000000000               21152.3033459396 
                 18.0000000000                  49.0000000000               14243.4133775202 
                 18.0000000000                  49.5000000000                7176.4786909584 
                 18.0000000000                  50.0000000000                   0.0000000000 
                 18.5000000000                   0.0000000000                   0.0000000000 
                 18.5000000000                   0.5000000000                9868.8832804770 
                 18.5000000000                   1.0000000000               19628.4863671887 
                 18.5000000000                   1.5000000000               29310.5888805707 
                 18.5000000000                   2.0000000000               38915.0945274817 
                 18.5000000000                   2.5000000000               48536.6047591274 
                 18.5000000000                   3.0000000000               58317.5667703972 
                 18.5000000000                   3.5000000000               68298.5388091053 
                 18.5000000000                   4.0000000000               78614.2693122174 
                 18.5000000000                   4.5000000000               89091.0722284856 
                 18.5000000000                   5.0000000000               99322.1276833741 
                 18.5000000000                   5.5000000000              109299.9383313174 
                 18.5000000000                   6.0000000000              119137.1061471730 
                 18.5000000000                   6.5000000000              128898.3006375646 
                 18.5000000000                   7.0000000000              138643.3703848242 
                 18.5000000000                   7.5000000000              148367.7459702847 
                 18.5000000000                   8.0000000000              158017.3123312645 
                 18.5000000000                   8.5000000000              167572.7821140392 
                 18.5000000000                   9.0000000000              177159.9076065141 
                 18.5000000000                   9.5000000000              186879.1475339719 
                 18.5000000000                  10.0000000000              196737.5781233353 
                 18.5000000000                  10.5000000000              206756.8118531311 
                 18.5000000000                  11.0000000000              217008.1027983300 
                 18.5000000000                  11.5000000000              227571.1208618451 
                 18.5000000000                  12.0000000000              238496.1222004854 
                 18.5000000000                  12.5000000000              249895.0221618157 
                 18.5000000000                  13.0000000000              261809.8258839316 
                 18.5000000000                  13.5000000000              274149.0635113414 
                 18.5000000000                  14.0000000000              286804.1822462060 
                 18.5000000000                  14.5000000000              299631.1001009797 
                 18.5000000000                  15.0000000000              312478.8344639562 
                 18.5000000000                  15.5000000000              325335.0028891960 
                 18.5000000000                  16.0000000000              338280.8488167645 
                 18.5000000000                  16.5000000000              351353.8409898378 
                 18.5000000000                  17.0000000000              364597.4333763133 
                 18.5000000000                  17.5000000000              378070.3196154963 
                 18.5000000000                  18.0000000000              391789.9290053373 
                 18.5000000000                  18.5000000000              405834.2204170016 
                 18.5000000000                  19.0000000000              420405.9777023606 
                 18.5000000000                  19.5000000000              435705.4352503213 
                 18.5000000000                  20.0000000000              451928.8481888741 
                 18.5000000000                  20.5000000000              469434.6030377471 
                 18.5000000000                  21.0000000000              488138.3753259194 
                 18.5000000000                  21.5000000000              506814.4638548363 
                 18.5000000000                  22.0000000000              524634.8442760410 
                 18.5000000000                  22.5000000000              541574.2260619394 
                 18.5000000000                  23.0000000000              557421.7434995467 
                 18.5000000000                  23.5000000000              571723.7762379433 
                 18.5000000000                  24.0000000000              583846.5145243012 
                 18.5000000000                  24.5000000000              593339.9901562204 
                 18.5000000000                  25.0000000000              599990.2119629938 
                 18.5000000000                  25.5000000000              603801.5519513965 
                 18.5000000000                  26.0000000000              604984.1937328477 
                 18.5000000000                  26.5000000000              603830.6138662692 
                 18.5000000000                  27.0000000000              600749.0091028742 
                 18.5000000000                  27.5000000000              595369.8307238440 
                 18.5000000000                  28.0000000000              587106.2723442531 
                 18.5000000000                  28.5000000000              576216.7626209446 
                 18.5000000000                  29.0000000000              562796.9664824016 
                 18.5000000000                  29.5000000000              547664.8022760564 
                 18.5000000000                  30.0000000000              532231.6329059906 
                 18.5000000000                  30.5000000000              516852.3637168714 
                 18.5000000000                  31.0000000000              501416.0898652045 
                 18.5000000000                  31.5000000000              486036.2233772352 
                 18.5000000000                  32.0000000000              470806.2309091832 
                 18.5000000000                  32.5000000000              455599.7553191179 
                 18.5000000000                  33.0000000000              440177.9545610301 
                 18.5000000000                  33.5000000000              424385.1660332078 
                 18.5000000000                  34.0000000000              408324.3830700350 
                 18.5000000000                  34.5000000000              392121.5295432566 
                 18.5000000000                  35.0000000000              376002.2595537037 
                 18.5000000000                  35.5000000000              360292.7956865241 
                 18.5000000000                  36.0000000000              343840.4915470141 
                 18.5000000000                  36.5000000000              325602.0283705734 
                 18.5000000000                  37.0000000000              305488.7324914741 
                 18.5000000000                  37.5000000000              281203.6456429668 
                 18.5000000000                  38.0000000000              255539.6949647019 
                 18.5000000000                  38.5000000000              232743.9544971717 
                 18.5000000000                  39.0000000000              211891.7907509439 
                 18.5000000000                  39.5000000000              192839.4413618311 
                 18.5000000000                  40.0000000000              175364.5086512480 
                 18.5000000000                  40.5000000000              158910.4238418693 
                 18.5000000000                  41.0000000000              143390.0991415187 
                 18.5000000000                  41.5000000000              126809.1944998715 
                 18.5000000000                  42.0000000000              111244.8178905390 
                 18.5000000000                  42.5000000000              100064.6960461255 
                 18.5000000000                  43.0000000000               91371.2498697835 
                 18.5000000000                  43.5000000000               84167.4239037588 
                 18.5000000000                  44.0000000000               78028.6130173054 
                 18.5000000000                  44.5000000000               71981.2624561755 
                 18.5000000000                  45.0000000000               65908.8129426012 
                 18.5000000000                  45.5000000000               60045.1637547201 
                 18.5000000000                  46.0000000000               54302.8759966366 
                 18.5000000000                  46.5000000000               48476.2388615890 
                 18.5000000000                  47.0000000000               42363.8859009311 
                 18.5000000000                  47.5000000000               35863.5078362790 
                 18.5000000000                  48.0000000000               28946.3918487886 
                 18.5000000000                  48.5000000000               21797.1890880267 
                 18.5000000000                  49.0000000000               14575.4211755637 
                 18.5000000000                  49.5000000000                7292.2588870405 
                 18.5000000000                  50.0000000000                   0.0000000000 
                 19.0000000000                   0.0000000000                   0.0000000000 
                 19.0000000000                   0.5000000000               10289.5463947065 
                 19.0000000000                   1.0000000000               20428.4531408574 
                 19.0000000000                   1.5000000000               30467.4451679490 
                 19.0000000000                   2.0000000000               40418.3414100592 
                 19.0000000000                   2.5000000000               50400.1515180129 
                 19.0000000000                   3.0000000000               60569.9874425672 
                 19.0000000000                   3.5000000000               70952.9801204284 
                 19.0000000000                   4.0000000000               81673.9218175587 
                 19.0000000000                   4.5000000000               92451.1778493532 
                 19.0000000000                   5.0000000000              102807.9943802791 
                 19.0000000000                   5.5000000000              112815.8685412845 
                 19.0000000000                   6.0000000000              122641.5067991503 
                 19.0000000000                   6.5000000000              132358.7899284988 
                 19.0000000000                   7.0000000000              142029.6635182353 
                 19.0000000000                   7.5000000000              151669.0576271848 
                 19.0000000000                   8.0000000000              161241.9928142875 
                 19.0000000000                   8.5000000000              170769.2138690304 
                 19.0000000000                   9.0000000000              180433.7366268460 
                 19.0000000000                   9.5000000000              190345.9188380313 
                 19.0000000000                  10.0000000000              200502.8567688674 
                 19.0000000000                  10.5000000000              210943.8291685117 
                 19.0000000000                  11.0000000000              221751.1823730533 
                 19.0000000000                  11.5000000000              232991.2647063519 
                 19.0000000000                  12.0000000000              244699.4041733224 
                 19.0000000000                  12.5000000000              256947.6653130522 
                 19.0000000000                  13.0000000000              269643.3657870048 
                 19.0000000000                  13.5000000000              282624.8820790544 
                 19.0000000000                  14.0000000000              295821.4658825237 
                 19.0000000000                  14.5000000000              309105.4717921380 
                 19.0000000000                  15.0000000000              322451.6978257255 
                 19.0000000000                  15.5000000000              335967.9982770433 
                 19.0000000000                  16.0000000000              349734.8211789146 
                 19.0000000000                  16.5000000000              363815.9175405056 
                 19.0000000000                  17.0000000000              378284.1008932606 
                 19.0000000000                  17.5000000000              393122.7668457945 
                 19.0000000000                  18.0000000000              408230.1206701647 
                 19.0000000000                  18.5000000000              423536.4014345855 
                 19.0000000000                  19.0000000000              438986.6220963252 
                 19.0000000000                  19.5000000000              454820.9536106095 
                 19.0000000000                  20.0000000000              471500.8542793804 
                 19.0000000000                  20.5000000000              489565.1221914260 
                 19.0000000000                  21.0000000000              509023.9540856380 
                 19.0000000000                  21.5000000000              528450.8520022705 
                 19.0000000000                  22.0000000000              546919.5622064162 
                 19.0000000000                  22.5000000000              564549.4229344977 
                 19.0000000000                  23.0000000000              581291.0722369666 
                 19.0000000000                  23.5000000000              596418.5524076680 
                 19.0000000000                  24.0000000000              608836.1514865989 
                 19.0000000000                  24.5000000000              618011.0273465634 
                 19.0000000000                  25.0000000000              623551.2584501931 
                 19.0000000000                  25.5000000000              625488.2235899712 
                 19.0000000000                  26.0000000000              624604.7545448936 
                 19.0000000000                  26.5000000000              621675.4306615691 
                 19.0000000000                  27.0000000000              617396.1994625301 
                 19.0000000000                  27.5000000000              611511.5683640492 
                 19.0000000000                  28.0000000000              603184.1052936339 
                 19.0000000000                  28.5000000000              592371.8452168475 
                 19.0000000000                  29.0000000000              578843.1483200266 
                 19.0000000000                  29.5000000000              563200.7373356668 
                 19.0000000000                  30.0000000000              547012.2186242952 
                 19.0000000000                  30.5000000000              530752.4554644214 
                 19.0000000000                  31.0000000000              514227.5814448030 
                 19.0000000000                  31.5000000000              497587.0977886087 
                 19.0000000000                  32.0000000000              481173.3124493489 
                 19.0000000000                  32.5000000000              464994.7269284368 
                 19.0000000000                  33.0000000000              448839.0012297233 
                 19.0000000000                  33.5000000000              432487.5607611581 
                 19.0000000000                  34.0000000000              415775.2753046321 
                 19.0000000000                  34.5000000000              398776.2462900951 
                 19.0000000000                  35.0000000000              381866.4661049202 
                 19.0000000000                  35.5000000000              365537.9365645374 
                 19.0000000000                  36.0000000000              348571.5696082746 
                 19.0000000000                  36.5000000000              329551.7137255869 
                 19.0000000000                  37.0000000000              307954.9573328015 
                 19.0000000000                  37.5000000000              279260.3744557707 
                 19.0000000000                  38.0000000000              248044.3406465895 
                 19.0000000000                  38.5000000000              221907.0829114860 
                 19.0000000000                  39.0000000000              199091.0636733498 
                 19.0000000000                  39.5000000000              178606.0921225239 
                 19.0000000000                  40.0000000000              159924.7068759172 
                 19.0000000000                  40.5000000000              142957.9186409817 
                 19.0000000000                  41.0000000000              127886.4938966769 
                 19.0000000000                  41.5000000000              113290.1453361280 
                 19.0000000000                  42.0000000000              101203.3539381577 
                 19.0000000000                  42.5000000000               93312.2429000722 
                 19.0000000000                  43.0000000000               87046.7141838579 
                 19.0000000000                  43.5000000000               81756.6784368619 
                 19.0000000000                  44.0000000000               77097.6487007190 
                 19.0000000000                  44.5000000000               72165.1739921687 
                 19.0000000000                  45.0000000000               66895.0550995513 
                 19.0000000000                  45.5000000000               61564.9588293821 
                 19.0000000000                  46.0000000000               56123.9350455181 
                 19.0000000000                  46.5000000000               50427.7957100369 
                 19.0000000000                  47.0000000000               44298.5812955580 
                 19.0000000000                  47.5000000000               37586.9824103216 
                 19.0000000000                  48.0000000000               30246.4635309972 
                 19.0000000000                  48.5000000000               22637.2913535251 
                 19.0000000000                  49.0000000000               15061.7759027155 
                 19.0000000000                  49.5000000000                7503.7926311234 
                 19.0000000000                  50.0000000000                   0.0000000000 
                 19.5000000000                   0.0000000000                   0.0000000000 
                 19.5000000000                   0.5000000000               10690.4716878482 
                 19.5000000000                   1.0000000000               21214.9729946314 
                 19.5000000000                   1.5000000000               31631.8164017869 
                 19.5000000000                   2.0000000000               41974.0117082450 
                 19.5000000000                   2.5000000000               52354.8377363707 
                 19.5000000000                   3.0000000000               62901.8988404500 
                 19.5000000000                   3.5000000000               73627.7385512144 
                 19.5000000000                   4.0000000000               84606.6203395514 
                 19.5000000000                   4.5000000000               95528.8065847367 
                 19.5000000000                   5.0000000000              105960.4882680909 
                 19.5000000000                   5.5000000000              115998.5160037022 
                 19.5000000000                   6.0000000000              125816.5319106475 
                 19.5000000000                   6.5000000000              135500.7559876516 
                 19.5000000000                   7.0000000000              145129.7391633790 
                 19.5000000000                   7.5000000000              154735.3590753418 
                 19.5000000000                   8.0000000000              164299.1345611491 
                 19.5000000000                   8.5000000000              173866.9564221815 
                 19.5000000000                   9.0000000000              183646.6593937115 
                 19.5000000000                   9.5000000000              193762.5778513976 
                 19.5000000000                  10.0000000000              204228.0802486855 
                 19.5000000000                  10.5000000000              215111.3800698772 
                 19.5000000000                  11.0000000000              226473.1421138269 
                 19.5000000000                  11.5000000000              238348.1623151608 
                 19.5000000000                  12.0000000000              250767.6619316358 
                 19.5000000000                  12.5000000000              263748.6054121737 
                 19.5000000000                  13.0000000000              277127.5701901218 
                 19.5000000000                  13.5000000000              290711.9722473085 
                 19.5000000000                  14.0000000000              304431.5369656702 
                 19.5000000000                  14.5000000000              318174.8648969335 
                 19.5000000000                  15.0000000000              332018.9430264617 
                 19.5000000000                  15.5000000000              346180.3547495193 
                 19.5000000000                  16.0000000000              360758.7532083585 
                 19.5000000000                  16.5000000000              375864.4387091306 
                 19.5000000000                  17.0000000000              391536.6614223635 
                 19.5000000000                  17.5000000000              407604.3148268888 
                 19.5000000000                  18.0000000000              423881.7634248992 
                 19.5000000000                  18.5000000000              440153.1217327928 
                 19.5000000000                  19.0000000000              456290.9144203227 
                 19.5000000000                  19.5000000000              472780.2283786787 
                 19.5000000000                  20.0000000000              490222.7287513097 
                 19.5000000000                  20.5000000000              509249.3899466044 
                 19.5000000000                  21.0000000000              529987.3922502215 
                 19.5000000000                  21.5000000000              550690.2398212043 
                 19.5000000000                  22.0000000000              570230.3139042470 
                 19.5000000000                  22.5000000000              588927.7561668094 
                 19.5000000000                  23.0000000000              606835.7613485977 
                 19.5000000000                  23.5000000000              622701.3236497642 
                 19.5000000000                  24.0000000000              635073.3194926761 
                 19.5000000000                  24.5000000000              643662.4503847586 
                 19.5000000000                  25.0000000000              648187.9220993415 
                 19.5000000000                  25.5000000000              648720.3041795780 
                 19.5000000000                  26.0000000000              646180.9893713556 
                 19.5000000000                  26.5000000000              641615.8123106256 
                 19.5000000000                  27.0000000000              635943.5445001414 
                 19.5000000000                  27.5000000000              629078.7353149966 
                 19.5000000000                  28.0000000000              620158.1844669671 
                 19.5000000000                  28.5000000000              608943.0695721268 
                 19.5000000000                  29.0000000000              594978.0078336083 
                 19.5000000000                  29.5000000000              578713.7241307201 
                 19.5000000000                  30.0000000000              561734.9077961196 
                 19.5000000000                  30.5000000000              544547.9446951865 
                 19.5000000000                  31.0000000000              526921.6655566256 
                 19.5000000000                  31.5000000000              509054.8373911294 
                 19.5000000000                  32.0000000000              491482.4178934693 
                 19.5000000000                  32.5000000000              474339.7695291998 
                 19.5000000000                  33.0000000000              457547.0160365851 
                 19.5000000000                  33.5000000000              440882.5318094615 
                 19.5000000000                  34.0000000000              423689.7638010198 
                 19.5000000000                  34.5000000000              405792.3684308140 
                 19.5000000000                  35.0000000000              387587.6073329746 
                 19.5000000000                  35.5000000000              369428.9346065205 
                 19.5000000000                  36.0000000000              350403.6844154444 
                 19.5000000000                  36.5000000000              329170.9061359204 
                 19.5000000000                  37.0000000000              304607.8537153872 
                 19.5000000000                  37.5000000000              272315.1043620243 
                 19.5000000000                  38.0000000000              237862.3499541410 
                 19.5000000000                  38.5000000000              209438.7035133609 
                 19.5000000000                  39.0000000000              185183.5914760397 
                 19.5000000000                  39.5000000000              163271.7115476372 
                 19.5000000000                  40.0000000000              143947.3305469666 
                 19.5000000000                  40.5000000000              128198.1677999876 
                 19.5000000000                  41.0000000000              115363.8708598646 
                 19.5000000000                  41.5000000000              104621.4818887381 
                 19.5000000000                  42.0000000000               96204.0155618129 
                 19.5000000000                  42.5000000000               89976.8278009692 
                 19.5000000000                  43.0000000000               84828.1519002821 
                 19.5000000000                  43.5000000000               80424.1627127055 
                 19.5000000000                  44.0000000000               76449.2151163559 
                 19.5000000000                  44.5000000000               72192.2057484557 
                 19.5000000000                  45.0000000000               67568.4857933361 
                 19.5000000000                  45.5000000000               62808.8071994643 
                 19.5000000000                  46.0000000000               57873.4035118208 
                 19.5000000000                  46.5000000000               52532.7729785458 
                 19.5000000000                  47.0000000000               46547.5606207324 
                 19.5000000000                  47.5000000000               39715.8223943276 
                 19.5000000000                  48.0000000000               31912.2293218468 
                 19.5000000000                  48.5000000000               23748.1309882237 
                 19.5000000000                  49.0000000000               15747.6142376278 
                 19.5000000000                  49.5000000000                7833.4691963683 
                 19.5000000000                  50.0000000000                   0.0000000000 
                 20.0000000000                   0.0000000000                   0.0000000000 
                 20.0000000000                   0.5000000000               11052.9407462750 
                 20.0000000000                   1.0000000000               21941.8227447247 
                 20.0000000000                   1.5000000000               32732.4619198464 
                 20.0000000000                   2.0000000000               43474.8584453704 
                 20.0000000000                   2.5000000000               54249.1506583875 
                 20.0000000000                   3.0000000000               65128.0537240535 
                 20.0000000000                   3.5000000000               76112.9418687855 
                 20.0000000000                   4.0000000000               87243.9188687192 
                 20.0000000000                   4.5000000000               98243.9910060170 
                 20.0000000000                   5.0000000000              108749.6257615491 
                 20.0000000000                   5.5000000000              118846.7042457187 
                 20.0000000000                   6.0000000000              128693.6721079609 
                 20.0000000000                   6.5000000000              138388.4085818789 
                 20.0000000000                   7.0000000000              148029.5782468579 
                 20.0000000000                   7.5000000000              157663.4683117085 
                 20.0000000000                   8.0000000000              167282.8053621288 
                 20.0000000000                   8.5000000000              176945.0749220524 
                 20.0000000000                   9.0000000000              186870.8671551323 
                 20.0000000000                   9.5000000000              197197.8950769108 
                 20.0000000000                  10.0000000000              207960.8712313258 
                 20.0000000000                  10.5000000000              219258.3474712296 
                 20.0000000000                  11.0000000000              231112.2356954202 
                 20.0000000000                  11.5000000000              243525.0260535016 
                 20.0000000000                  12.0000000000              256543.8912701132 
                 20.0000000000                  12.5000000000              270155.3323021128 
                 20.0000000000                  13.0000000000              284159.2540090129 
                 20.0000000000                  13.5000000000              298326.9417878812 
                 20.0000000000                  14.0000000000              312560.4269843264 
                 20.0000000000                  14.5000000000              326749.0522968205 
                 20.0000000000                  15.0000000000              341057.1297342080 
                 20.0000000000                  15.5000000000              355808.1371897367 
                 20.0000000000                  16.0000000000              371126.2998530693 
                 20.0000000000                  16.5000000000              387158.4343172209 
                 20.0000000000                  17.0000000000              403860.0596217327 
                 20.0000000000                  17.5000000000              420885.1536861492 
                 20.0000000000                  18.0000000000              438013.6472946418 
                 20.0000000000                  18.5000000000              454978.1322193478 
                 20.0000000000                  19.0000000000              471758.7939954369 
                 20.0000000000                  19.5000000000              489145.1206052657 
                 20.0000000000                  20.0000000000              507786.5207990982 
                 20.0000000000                  20.5000000000              528373.9322349941 
                 20.0000000000                  21.0000000000              551152.6683671984 
                 20.0000000000                  21.5000000000              573882.8461959420 
                 20.0000000000                  22.0000000000              595072.3920117023 
                 20.0000000000                  22.5000000000              615254.7981628700 
                 20.0000000000                  23.0000000000              634484.1244931861 
                 20.0000000000                  23.5000000000              650860.1328664452 
                 20.0000000000                  24.0000000000              662830.0436711089 
                 20.0000000000                  24.5000000000              670658.5639857099 
                 20.0000000000                  25.0000000000              674319.9653468113 
                 20.0000000000                  25.5000000000              673876.6567856208 
                 20.0000000000                  26.0000000000              670068.6146655525 
                 20.0000000000                  26.5000000000              664009.7168375426 
                 20.0000000000                  27.0000000000              656807.1405367040 
                 20.0000000000                  27.5000000000              648600.2572859499 
                 20.0000000000                  28.0000000000              638639.0280208254 
                 20.0000000000                  28.5000000000              626595.4620824069 
                 20.0000000000                  29.0000000000              611841.2366382538 
                 20.0000000000                  29.5000000000              594721.4062533407 
                 20.0000000000                  30.0000000000              576806.2351735402 
                 20.0000000000                  30.5000000000              558571.5105864352 
                 20.0000000000                  31.0000000000              539744.1195351415 
                 20.0000000000                  31.5000000000              520580.3676461476 
                 20.0000000000                  32.0000000000              501782.9762863868 
                 20.0000000000                  32.5000000000              483589.8786791618 
                 20.0000000000                  33.0000000000              466085.9490931887 
                 20.0000000000                  33.5000000000              449104.1844530230 
                 20.0000000000                  34.0000000000              431470.2583476627 
                 20.0000000000                  34.5000000000              412627.0019977210 
                 20.0000000000                  35.0000000000              392763.5894705356 
                 20.0000000000                  35.5000000000              371761.9202952167 
                 20.0000000000                  36.0000000000              349305.7953326060 
                 20.0000000000                  36.5000000000              324630.0973801525 
                 20.0000000000                  37.0000000000              296325.1258633148 
                 20.0000000000                  37.5000000000              261446.3090865022 
                 20.0000000000                  38.0000000000              225894.9251778151 
                 20.0000000000                  38.5000000000              196659.4842796573 
                 20.0000000000                  39.0000000000              171925.9263219076 
                 20.0000000000                  39.5000000000              149627.4820150189 
                 20.0000000000                  40.0000000000              131122.6372143534 
                 20.0000000000                  40.5000000000              117807.1460263720 
                 20.0000000000                  41.0000000000              107713.5572279889 
                 20.0000000000                  41.5000000000               99800.8362562441 
                 20.0000000000                  42.0000000000               93511.9914106233 
                 20.0000000000                  42.5000000000               88268.6726066212 
                 20.0000000000                  43.0000000000               83676.7128165328 
                 20.0000000000                  43.5000000000               79658.2657114264 
                 20.0000000000                  44.0000000000               75978.5607751092 
                 20.0000000000                  44.5000000000               72130.1124875362 
                 20.0000000000                  45.0000000000               68021.7700062370 
                 20.0000000000                  45.5000000000               63827.6026825689 
                 20.0000000000                  46.0000000000               59503.7832358930 
                 20.0000000000                  46.5000000000               54696.4877800610 
                 20.0000000000                  47.0000000000               49051.7454115353 
                 20.0000000000                  47.5000000000               42243.7724655586 
                 20.0000000000                  48.0000000000               33948.5318169892 
                 20.0000000000                  48.5000000000               25114.2675065120 
                 20.0000000000                  49.0000000000               16612.3870814425 
                 20.0000000000                  49.5000000000                8263.2167886703 
                 20.0000000000                  50.0000000000                   0.0000000000 
                 20.5000000000                   0.0000000000                   0.0000000000 
                 20.5000000000                   0.5000000000               11377.6417851848 
                 20.5000000000                   1.0000000000               22604.6545726765 
                 20.5000000000                   1.5000000000               33754.6063650141 
                 20.5000000000                   2.0000000000               44892.0999634493 
                 20.5000000000                   2.5000000000               56046.3178948345 
                 20.5000000000                   3.0000000000               67219.9304254929 
                 20.5000000000                   3.5000000000               78414.0687492039 
                 20.5000000000                   4.0000000000               89652.5285927725 
                 20.5000000000                   4.5000000000              100703.6022526450 
                 20.5000000000                   5.0000000000              111276.0180608145 
                 20.5000000000                   5.5000000000              121439.1336644927 
                 20.5000000000                   6.0000000000              131329.6048361384 
                 20.5000000000                   6.5000000000              141054.9206859744 
                 20.5000000000                   7.0000000000              150736.7614986007 
                 20.5000000000                   7.5000000000              160437.5667893043 
                 20.5000000000                   8.0000000000              170157.3532442179 
                 20.5000000000                   8.5000000000              179958.3941806485 
                 20.5000000000                   9.0000000000              190061.8117246348 
                 20.5000000000                   9.5000000000              200602.8449754372 
                 20.5000000000                  10.0000000000              211625.2048340970 
                 20.5000000000                  10.5000000000              223250.7397455773 
                 20.5000000000                  11.0000000000              235467.1446844982 
                 20.5000000000                  11.5000000000              248282.3303971370 
                 20.5000000000                  12.0000000000              261806.2401416482 
                 20.5000000000                  12.5000000000              276018.6386119119 
                 20.5000000000                  13.0000000000              290669.1237204949 
                 20.5000000000                  13.5000000000              305445.7756102622 
                 20.5000000000                  14.0000000000              320195.9710600724 
                 20.5000000000                  14.5000000000              334808.4911815352 
                 20.5000000000                  15.0000000000              349537.3508479751 
                 20.5000000000                  15.5000000000              364819.8057717705 
                 20.5000000000                  16.0000000000              380802.4906725364 
                 20.5000000000                  16.5000000000              397653.4221401658 
                 20.5000000000                  17.0000000000              415232.1785527207 
                 20.5000000000                  17.5000000000              433044.7502453038 
                 20.5000000000                  18.0000000000              450897.0080125403 
                 20.5000000000                  18.5000000000              468537.3803648193 
                 20.5000000000                  19.0000000000              486081.7937795722 
                 20.5000000000                  19.5000000000              504626.7339787698 
                 20.5000000000                  20.0000000000              524883.8080275009 
                 20.5000000000                  20.5000000000              547626.1046529192 
                 20.5000000000                  21.0000000000              573211.0098866449 
                 20.5000000000                  21.5000000000              598697.2622328219 
                 20.5000000000                  22.0000000000              622080.6189298655 
                 20.5000000000                  22.5000000000              644078.2918220786 
                 20.5000000000                  23.0000000000              664527.2960835202 
                 20.5000000000                  23.5000000000              680961.1567033972 
                 20.5000000000                  24.0000000000              692132.4729482995 
                 20.5000000000                  24.5000000000              699033.2031618364 
                 20.5000000000                  25.0000000000              701873.2622696153 
                 20.5000000000                  25.5000000000              700631.8591732815 
                 20.5000000000                  26.0000000000              695755.6776787530 
                 20.5000000000                  26.5000000000              688289.0429738262 
                 20.5000000000                  27.0000000000              679406.0554383413 
                 20.5000000000                  27.5000000000              669563.2546883875 
                 20.5000000000                  28.0000000000              658276.6915722900 
                 20.5000000000                  28.5000000000              645191.8808651862 
                 20.5000000000                  29.0000000000              629546.4066864259 
                 20.5000000000                  29.5000000000              611498.5046882804 
                 20.5000000000                  30.0000000000              592539.3772000929 
                 20.5000000000                  30.5000000000              573147.5118921419 
                 20.5000000000                  31.0000000000              553027.1643073666 
                 20.5000000000                  31.5000000000              532451.4649204554 
                 20.5000000000                  32.0000000000              512247.0488019575 
                 20.5000000000                  32.5000000000              492742.2645062021 
                 20.5000000000                  33.0000000000              474197.3332164456 
                 20.5000000000                  33.5000000000              456579.6956446917 
                 20.5000000000                  34.0000000000              438281.2301955937 
                 20.5000000000                  34.5000000000              418360.0041477170 
                 20.5000000000                  35.0000000000              396646.5200617042 
                 20.5000000000                  35.5000000000              371908.2729752728 
                 20.5000000000                  36.0000000000              344864.4036101997 
                 20.5000000000                  36.5000000000              316121.0909839045 
                 20.5000000000                  37.0000000000              284057.9649084322 
                 20.5000000000                  37.5000000000              247323.5612166969 
                 20.5000000000                  38.0000000000              211630.9077888485 
                 20.5000000000                  38.5000000000              182572.0851542287 
                 20.5000000000                  39.0000000000              158553.9504395275 
                 20.5000000000                  39.5000000000              137395.1075627906 
                 20.5000000000                  40.0000000000              120888.4541558885 
                 20.5000000000                  40.5000000000              110118.6336944846 
                 20.5000000000                  41.0000000000              102216.0476504264 
                 20.5000000000                  41.5000000000               96250.4423572464 
                 20.5000000000                  42.0000000000               91471.0089394662 
                 20.5000000000                  42.5000000000               87055.4702223392 
                 20.5000000000                  43.0000000000               82887.2539353127 
                 20.5000000000                  43.5000000000               79071.6899849035 
                 20.5000000000                  44.0000000000               75493.7404813112 
                 20.5000000000                  44.5000000000               71885.2690703208 
                 20.5000000000                  45.0000000000               68186.2902909504 
                 20.5000000000                  45.5000000000               64524.5398130928 
                 20.5000000000                  46.0000000000               60858.7275192681 
                 20.5000000000                  46.5000000000               56717.7916993417 
                 20.5000000000                  47.0000000000               51630.9117347656 
                 20.5000000000                  47.5000000000               45110.3519691636 
                 20.5000000000                  48.0000000000               36351.8967158631 
                 20.5000000000                  48.5000000000               26712.6772277415 
                 20.5000000000                  49.0000000000               17648.8467553912 
                 20.5000000000                  49.5000000000                8796.2454579543 
                 20.5000000000                  50.0000000000                   0.0000000000 
                 21.0000000000                   0.0000000000                   0.0000000000 
                 21.0000000000                   0.5000000000               11644.7647185700 
                 21.0000000000                   1.0000000000               23173.3451976850 
                 21.0000000000                   1.5000000000               34658.8547209233 
                 21.0000000000                   2.0000000000               46174.1567697228 
                 21.0000000000                   2.5000000000               57685.7337755007 
                 21.0000000000                   3.0000000000               69122.8806711034 
                 21.0000000000                   3.5000000000               80496.4164081767 
                 21.0000000000                   4.0000000000               91839.6582960993 
                 21.0000000000                   4.5000000000              102960.6692138485 
                 21.0000000000                   5.0000000000              113607.1393477708 
                 21.0000000000                   5.5000000000              123836.1661641555 
                 21.0000000000                   6.0000000000              133770.0299499099 
                 21.0000000000                   6.5000000000              143527.1971676371 
                 21.0000000000                   7.0000000000              153263.1530655608 
                 21.0000000000                   7.5000000000              163058.0261119523 
                 21.0000000000                   8.0000000000              172917.7696808903 
                 21.0000000000                   8.5000000000              182908.2835440423 
                 21.0000000000                   9.0000000000              193224.6908287182 
                 21.0000000000                   9.5000000000              203972.6260958351 
                 21.0000000000                  10.0000000000              215179.0332820606 
                 21.0000000000                  10.5000000000              226937.5754397537 
                 21.0000000000                  11.0000000000              239283.3539905962 
                 21.0000000000                  11.5000000000              252338.7997967885 
                 21.0000000000                  12.0000000000              266298.0806450223 
                 21.0000000000                  12.5000000000              281225.2026213683 
                 21.0000000000                  13.0000000000              296698.8371639798 
                 21.0000000000                  13.5000000000              312147.7027080755 
                 21.0000000000                  14.0000000000              327402.4420381224 
                 21.0000000000                  14.5000000000              342375.8385979523 
                 21.0000000000                  15.0000000000              357440.0353964450 
                 21.0000000000                  15.5000000000              373175.8233467431 
                 21.0000000000                  16.0000000000              389742.7072688815 
                 21.0000000000                  16.5000000000              407278.5361483947 
                 21.0000000000                  17.0000000000              425554.0460960156 
                 21.0000000000                  17.5000000000              444027.8111327808 
                 21.0000000000                  18.0000000000              462571.6575513325 
                 21.0000000000                  18.5000000000              480985.0149987219 
                 21.0000000000                  19.0000000000              499559.8745530400 
                 21.0000000000                  19.5000000000              519646.4461646928 
                 21.0000000000                  20.0000000000              542028.5109653187 
                 21.0000000000                  20.5000000000              567604.2354663243 
                 21.0000000000                  21.0000000000              596682.7562696232 
                 21.0000000000                  21.5000000000              625600.8088299227 
                 21.0000000000                  22.0000000000              651884.2510387411 
                 21.0000000000                  22.5000000000              676230.4310454736 
                 21.0000000000                  23.0000000000              697745.9857239360 
                 21.0000000000                  23.5000000000              713698.4865853408 
                 21.0000000000                  24.0000000000              723941.5325318526 
                 21.0000000000                  24.5000000000              730079.8153508231 
                 21.0000000000                  25.0000000000              732220.0045204377 
                 21.0000000000                  25.5000000000              730137.2154564372 
                 21.0000000000                  26.0000000000              723953.9260501277 
                 21.0000000000                  26.5000000000              714744.2060349297 
                 21.0000000000                  27.0000000000              703836.4513993837 
                 21.0000000000                  27.5000000000              691931.7702213463 
                 21.0000000000                  28.0000000000              678904.7475389956 
                 21.0000000000                  28.5000000000              664483.2420165406 
                 21.0000000000                  29.0000000000              647913.6302887148 
                 21.0000000000                  29.5000000000              629055.1663342670 
                 21.0000000000                  30.0000000000              609022.5109347226 
                 21.0000000000                  30.5000000000              588382.7799956808 
                 21.0000000000                  31.0000000000              566995.8142353307 
                 21.0000000000                  31.5000000000              545061.2934010453 
                 21.0000000000                  32.0000000000              523298.6960897016 
                 21.0000000000                  32.5000000000              502107.5446828118 
                 21.0000000000                  33.0000000000              481891.7888420505 
                 21.0000000000                  33.5000000000              462786.0536170643 
                 21.0000000000                  34.0000000000              443076.1390307301 
                 21.0000000000                  34.5000000000              421527.9670931019 
                 21.0000000000                  35.0000000000              397506.1103201717 
                 21.0000000000                  35.5000000000              368693.7923260124 
                 21.0000000000                  36.0000000000              336928.4412360116 
                 21.0000000000                  36.5000000000              304328.7012290917 
                 21.0000000000                  37.0000000000              269158.0359827378 
                 21.0000000000                  37.5000000000              230759.3778403137 
                 21.0000000000                  38.0000000000              195108.1818692698 
                 21.0000000000                  38.5000000000              167319.2417596025 
                 21.0000000000                  39.0000000000              145373.8135630345 
                 21.0000000000                  39.5000000000              127156.7356567759 
                 21.0000000000                  40.0000000000              113620.6993052662 
                 21.0000000000                  40.5000000000              104912.7384813717 
                 21.0000000000                  41.0000000000               98492.9405137062 
                 21.0000000000                  41.5000000000               93668.4012515888 
                 21.0000000000                  42.0000000000               89716.2128958711 
                 21.0000000000                  42.5000000000               85819.1219681693 
                 21.0000000000                  43.0000000000               81951.7153344478 
                 21.0000000000                  43.5000000000               78266.6418161321 
                 21.0000000000                  44.0000000000               74738.3171602343 
                 21.0000000000                  44.5000000000               71292.3834935367 
                 21.0000000000                  45.0000000000               67919.5525792024 
                 21.0000000000                  45.5000000000               64726.1021917788 
                 21.0000000000                  46.0000000000               61676.2551808487 
                 21.0000000000                  46.5000000000               58214.2778157554 
                 21.0000000000                  47.0000000000               53781.7336130985 
                 21.0000000000                  47.5000000000               47764.6134302049 
                 21.0000000000                  48.0000000000               38763.9393873236 
                 21.0000000000                  48.5000000000               28391.9842979277 
                 21.0000000000                  49.0000000000               18757.5630287923 
                 21.0000000000                  49.5000000000                9379.5462332973 
                 21.0000000000                  50.0000000000                   0.0000000000 
                 21.5000000000                   0.0000000000                   0.0000000000 
                 21.5000000000                   0.5000000000               11844.5955435470 
                 21.5000000000                   1.0000000000               23633.5954043161 
                 21.5000000000                   1.5000000000               35428.2205114709 
                 21.5000000000                   2.0000000000               47305.0248800208 
                 21.5000000000                   2.5000000000               59162.4347512450 
                 21.5000000000                   3.0000000000               70854.7174437648 
                 21.5000000000                   3.5000000000               82406.6345270308 
                 21.5000000000                   4.0000000000               93881.5105373067 
                 21.5000000000                   4.5000000000              105101.0368938671 
                 21.5000000000                   5.0000000000              115813.0067469265 
                 21.5000000000                   5.5000000000              126084.5388978078 
                 21.5000000000                   6.0000000000              136037.4543103061 
                 21.5000000000                   6.5000000000              145807.1610051651 
                 21.5000000000                   7.0000000000              155595.5951936676 
                 21.5000000000                   7.5000000000              165497.9694025899 
                 21.5000000000                   8.0000000000              175524.7768532695 
                 21.5000000000                   8.5000000000              185738.7489559544 
                 21.5000000000                   9.0000000000              196269.5299272133 
                 21.5000000000                   9.5000000000              207170.8420838300 
                 21.5000000000                  10.0000000000              218435.0550075765 
                 21.5000000000                  10.5000000000              230102.1165395220 
                 21.5000000000                  11.0000000000              242378.8777738739 
                 21.5000000000                  11.5000000000              255593.4569479066 
                 21.5000000000                  12.0000000000              270036.5479815702 
                 21.5000000000                  12.5000000000              286003.7788742203 
                 21.5000000000                  13.0000000000              302587.3155761822 
                 21.5000000000                  13.5000000000              318686.2268260461 
                 21.5000000000                  14.0000000000              334312.8552430177 
                 21.5000000000                  14.5000000000              349478.5550713077 
                 21.5000000000                  15.0000000000              364734.0880392104 
                 21.5000000000                  15.5000000000              380821.5442339283 
                 21.5000000000                  16.0000000000              397883.0844450578 
                 21.5000000000                  16.5000000000              415983.3737800606 
                 21.5000000000                  17.0000000000              434869.1042874260 
                 21.5000000000                  17.5000000000              454058.8970436908 
                 21.5000000000                  18.0000000000              473463.7100825620 
                 21.5000000000                  18.5000000000              492933.6850604140 
                 21.5000000000                  19.0000000000              512892.1080257733 
                 21.5000000000                  19.5000000000              534832.2891464654 
                 21.5000000000                  20.0000000000              559643.3251380669 
                 21.5000000000                  20.5000000000              588316.3190620269 
                 21.5000000000                  21.0000000000              621063.5154562608 
                 21.5000000000                  21.5000000000              653886.4693998190 
                 21.5000000000                  22.0000000000              684016.8351402243 
                 21.5000000000                  22.5000000000              711782.3736854157 
                 21.5000000000                  23.0000000000              735521.0660163988 
                 21.5000000000                  23.5000000000              752548.6642391901 
                 21.5000000000                  24.0000000000              763214.3755414941 
                 21.5000000000                  24.5000000000              769035.9311795062 
                 21.5000000000                  25.0000000000              770346.9626375593 
                 21.5000000000                  25.5000000000              767095.2329535651 
                 21.5000000000                  26.0000000000              759047.1740710973 
                 21.5000000000                  26.5000000000              746836.9509555852 
                 21.5000000000                  27.0000000000              732141.2017712956 
                 21.5000000000                  27.5000000000              716720.2355545040 
                 21.5000000000                  28.0000000000              700850.9084065697 
                 21.5000000000                  28.5000000000              684146.5996495364 
                 21.5000000000                  29.0000000000              666135.0881132011 
                 21.5000000000                  29.5000000000              646404.7339599960 
                 21.5000000000                  30.0000000000              625329.1841286279 
                 21.5000000000                  30.5000000000              603487.6918312800 
                 21.5000000000                  31.0000000000              581095.0401230846 
                 21.5000000000                  31.5000000000              558245.9910229228 
                 21.5000000000                  32.0000000000              535195.8407414949 
                 21.5000000000                  32.5000000000              512221.7295296919 
                 21.5000000000                  33.0000000000              489690.9345069515 
                 21.5000000000                  33.5000000000              467762.6911841381 
                 21.5000000000                  34.0000000000              445230.8602994172 
                 21.5000000000                  34.5000000000              420929.2731174395 
                 21.5000000000                  35.0000000000              393774.6497542787 
                 21.5000000000                  35.5000000000              361450.3842414537 
                 21.5000000000                  36.0000000000              326272.9418259832 
                 21.5000000000                  36.5000000000              290764.0886650451 
                 21.5000000000                  37.0000000000              253294.2947499519 
                 21.5000000000                  37.5000000000              213175.9850123572 
                 21.5000000000                  38.0000000000              177978.7992636101 
                 21.5000000000                  38.5000000000              152882.9188115336 
                 21.5000000000                  39.0000000000              134079.2650035745 
                 21.5000000000                  39.5000000000              119535.5744883982 
                 21.5000000000                  40.0000000000              108836.2797565854 
                 21.5000000000                  40.5000000000              101393.0146999119 
                 21.5000000000                  41.0000000000               95781.0131611801 
                 21.5000000000                  41.5000000000               91492.2098608047 
                 21.5000000000                  42.0000000000               87898.1877251105 
                 21.5000000000                  42.5000000000               84280.9859010984 
                 21.5000000000                  43.0000000000               80612.3881246060 
                 21.5000000000                  43.5000000000               77029.0283915551 
                 21.5000000000                  44.0000000000               73560.2781039766 
                 21.5000000000                  44.5000000000               70248.4481716747 
                 21.5000000000                  45.0000000000               67132.3995368899 
                 21.5000000000                  45.5000000000               64315.4381985522 
                 21.5000000000                  46.0000000000               61752.0445639886 
                 21.5000000000                  46.5000000000               58818.1937414000 
                 21.5000000000                  47.0000000000               54886.9923475665 
                 21.5000000000                  47.5000000000               49257.3117955510 
                 21.5000000000                  48.0000000000               40222.9561370219 
                 21.5000000000                  48.5000000000               29456.2403536309 
                 21.5000000000                  49.0000000000               19436.0700761674 
                 21.5000000000                  49.5000000000                9728.3958600533 
                 21.5000000000                  50.0000000000                   0.0000000000 
                 22.0000000000                   0.0000000000                   0.0000000000 
                 22.0000000000                   0.5000000000               11990.1340536878 
                 22.0000000000                   1.0000000000               24000.0076105968 
                 22.0000000000                   1.5000000000               36075.2135756646 
                 22.0000000000                   2.0000000000               48300.3192314563 
                 22.0000000000                   2.5000000000               60499.5880690240 
                 22.0000000000                   3.0000000000               72443.1380658298 
                 22.0000000000                   3.5000000000               84176.5365563851 
                 22.0000000000                   4.0000000000               95797.3567182770 
                 22.0000000000                   4.5000000000              107121.6738671257 
                 22.0000000000                   5.0000000000              117883.1588085706 
                 22.0000000000                   5.5000000000              128171.9085042156 
                 22.0000000000                   6.0000000000              138118.8772240458 
                 22.0000000000                   6.5000000000              147882.8700073777 
                 22.0000000000                   7.0000000000              157717.5084711846 
                 22.0000000000                   7.5000000000              167730.5998327542 
                 22.0000000000                   8.0000000000              177935.3129372332 
                 22.0000000000                   8.5000000000              188378.9977740068 
                 22.0000000000                   9.0000000000              199096.8561774059 
                 22.0000000000                   9.5000000000              210081.3654672908 
                 22.0000000000                  10.0000000000              221296.1224925892 
                 22.0000000000                  10.5000000000              232748.7315043538 
                 22.0000000000                  11.0000000000              244852.3468817626 
                 22.0000000000                  11.5000000000              258157.1656031730 
                 22.0000000000                  12.0000000000              273121.8430742347 
                 22.0000000000                  12.5000000000              290454.4719859764 
                 22.0000000000                  13.0000000000              308379.3327062919 
                 22.0000000000                  13.5000000000              324987.4482245017 
                 22.0000000000                  14.0000000000              340770.1878001166 
                 22.0000000000                  14.5000000000              355946.1561967196 
                 22.0000000000                  15.0000000000              371271.9014517202 
                 22.0000000000                  15.5000000000              387632.6179825653 
                 22.0000000000                  16.0000000000              405129.1286302714 
                 22.0000000000                  16.5000000000              423753.8895448579 
                 22.0000000000                  17.0000000000              443280.1416501171 
                 22.0000000000                  17.5000000000              463321.0369378615 
                 22.0000000000                  18.0000000000              483803.0998259733 
                 22.0000000000                  18.5000000000              504605.7372151763 
                 22.0000000000                  19.0000000000              526217.8390993165 
                 22.0000000000                  19.5000000000              550208.3947219036 
                 22.0000000000                  20.0000000000              577575.9643634537 
                 22.0000000000                  20.5000000000              609377.9426231827 
                 22.0000000000                  21.0000000000              645866.8234746943 
                 22.0000000000                  21.5000000000              683140.0670378017 
                 22.0000000000                  22.0000000000              718312.1488317181 
                 22.0000000000                  22.5000000000              751334.0042584542 
                 22.0000000000                  23.0000000000              780135.8887186307 
                 22.0000000000                  23.5000000000              800698.8265278802 
                 22.0000000000                  24.0000000000              812230.5424492322 
                 22.0000000000                  24.5000000000              816984.4590506214 
                 22.0000000000                  25.0000000000              816748.1563890047 
                 22.0000000000                  25.5000000000              812140.6470709410 
                 22.0000000000                  26.0000000000              802377.8942733599 
                 22.0000000000                  26.5000000000              787120.4867844915 
                 22.0000000000                  27.0000000000              767144.5312514165 
                 22.0000000000                  27.5000000000              745657.1997145637 
                 22.0000000000                  28.0000000000              724978.1006541972 
                 22.0000000000                  28.5000000000              704583.1758606657 
                 22.0000000000                  29.0000000000              684125.6868107223 
                 22.0000000000                  29.5000000000              662991.1894122697 
                 22.0000000000                  30.0000000000              640637.8937187702 
                 22.0000000000                  30.5000000000              617556.1084649261 
                 22.0000000000                  31.0000000000              594336.8613719994 
                 22.0000000000                  31.5000000000              571009.0908448785 
                 22.0000000000                  32.0000000000              547181.2641878546 
                 22.0000000000                  32.5000000000              522719.6467706847 
                 22.0000000000                  33.0000000000              497482.5942649807 
                 22.0000000000                  33.5000000000              471329.9863191731 
                 22.0000000000                  34.0000000000              444358.9802955039 
                 22.0000000000                  34.5000000000              416150.1550789818 
                 22.0000000000                  35.0000000000              385354.7276850297 
                 22.0000000000                  35.5000000000              350381.7890751851 
                 22.0000000000                  36.0000000000              313337.8435046307 
                 22.0000000000                  36.5000000000              276089.8533856875 
                 22.0000000000                  37.0000000000              237123.2752103590 
                 22.0000000000                  37.5000000000              196041.2968788936 
                 22.0000000000                  38.0000000000              162328.4056450511 
                 22.0000000000                  38.5000000000              140663.8290610361 
                 22.0000000000                  39.0000000000              125122.6920441105 
                 22.0000000000                  39.5000000000              113676.4413162905 
                 22.0000000000                  40.0000000000              105139.6929325742 
                 22.0000000000                  40.5000000000               98631.9026279840 
                 22.0000000000                  41.0000000000               93491.5511090522 
                 22.0000000000                  41.5000000000               89424.2592777316 
                 22.0000000000                  42.0000000000               85932.7663247515 
                 22.0000000000                  42.5000000000               82433.1919390950 
                 22.0000000000                  43.0000000000               78879.8802262769 
                 22.0000000000                  43.5000000000               75368.0841275014 
                 22.0000000000                  44.0000000000               71953.3087508751 
                 22.0000000000                  44.5000000000               68755.4003144607 
                 22.0000000000                  45.0000000000               65844.3828975540 
                 22.0000000000                  45.5000000000               63316.3760922319 
                 22.0000000000                  46.0000000000               61106.9897704968 
                 22.0000000000                  46.5000000000               58524.9512571984 
                 22.0000000000                  47.0000000000               54882.0336418701 
                 22.0000000000                  47.5000000000               49420.8535725821 
                 22.0000000000                  48.0000000000               40335.4929820034 
                 22.0000000000                  48.5000000000               29388.1168942358 
                 22.0000000000                  49.0000000000               19272.3571752293 
                 22.0000000000                  49.5000000000                9610.7753898913 
                 22.0000000000                  50.0000000000                   0.0000000000 
                 22.5000000000                   0.0000000000                   0.0000000000 
                 22.5000000000                   0.5000000000               12104.7907723494 
                 22.5000000000                   1.0000000000               24306.3928707756 
                 22.5000000000                   1.5000000000               36629.0298850773 
                 22.5000000000                   2.0000000000               49179.2432483304 
                 22.5000000000                   2.5000000000               61702.1370657832 
                 22.5000000000                   3.0000000000               73874.8148183492 
                 22.5000000000                   3.5000000000               85776.8401469603 
                 22.5000000000                   4.0000000000               97540.7600497611 
                 22.5000000000                   4.5000000000              108966.8858475026 
                 22.5000000000                   5.0000000000              119768.0349962281 
                 22.5000000000                   5.5000000000              130061.4771630673 
                 22.5000000000                   6.0000000000              139991.0768100605 
                 22.5000000000                   6.5000000000              149740.6520438658 
                 22.5000000000                   7.0000000000              159616.8557474268 
                 22.5000000000                   7.5000000000              169738.2747024003 
                 22.5000000000                   8.0000000000              180119.8422576319 
                 22.5000000000                   8.5000000000              190787.6826798199 
                 22.5000000000                   9.0000000000              201666.5492600120 
                 22.5000000000                   9.5000000000              212690.7333754613 
                 22.5000000000                  10.0000000000              223817.0506833688 
                 22.5000000000                  10.5000000000              235028.3689074485 
                 22.5000000000                  11.0000000000              246907.2396592026 
                 22.5000000000                  11.5000000000              260193.9264391837 
                 22.5000000000                  12.0000000000              275532.1906608396 
                 22.5000000000                  12.5000000000              294454.0910080655 
                 22.5000000000                  13.0000000000              313834.2280412210 
                 22.5000000000                  13.5000000000              330634.6745312055 
                 22.5000000000                  14.0000000000              346370.2006520996 
                 22.5000000000                  14.5000000000              361451.0834435484 
                 22.5000000000                  15.0000000000              376808.1799779590 
                 22.5000000000                  15.5000000000              393427.8183137346 
                 22.5000000000                  16.0000000000              411360.8409102854 
                 22.5000000000                  16.5000000000              430540.0727534374 
                 22.5000000000                  17.0000000000              450774.9702257100 
                 22.5000000000                  17.5000000000              471774.8367444000 
                 22.5000000000                  18.0000000000              493473.9805895147 
                 22.5000000000                  18.5000000000              515768.5899093387 
                 22.5000000000                  19.0000000000              539193.8925946141 
                 22.5000000000                  19.5000000000              565366.9545866646 
                 22.5000000000                  20.0000000000              595404.5047647341 
                 22.5000000000                  20.5000000000              630469.0138398065 
                 22.5000000000                  21.0000000000              670976.2962936240 
                 22.5000000000                  21.5000000000              713404.5851738451 
                 22.5000000000                  22.0000000000              755071.9904743860 
                 22.5000000000                  22.5000000000              796112.7675576155 
                 22.5000000000                  23.0000000000              833026.2215238471 
                 22.5000000000                  23.5000000000              858817.6457616439 
                 22.5000000000                  24.0000000000              872254.3336790531 
                 22.5000000000                  24.5000000000              877043.6731358292 
                 22.5000000000                  25.0000000000              875791.3915564460 
                 22.5000000000                  25.5000000000              869409.2078822332 
                 22.5000000000                  26.0000000000              856837.6764753176 
                 22.5000000000                  26.5000000000              837370.2442485701 
                 22.5000000000                  27.0000000000              810860.5914269171 
                 22.5000000000                  27.5000000000              781036.4966999422 
                 22.5000000000                  28.0000000000              752679.0529476015 
                 22.5000000000                  28.5000000000              726443.3755944023 
                 22.5000000000                  29.0000000000              702202.6876408299 
                 22.5000000000                  29.5000000000              678753.8227900371 
                 22.5000000000                  30.0000000000              654537.5241243936 
                 22.5000000000                  30.5000000000              629890.3285215981 
                 22.5000000000                  31.0000000000              605711.5846879788 
                 22.5000000000                  31.5000000000              582004.2815753060 
                 22.5000000000                  32.0000000000              557748.0844017930 
                 22.5000000000                  32.5000000000              532354.7745404423 
                 22.5000000000                  33.0000000000              504612.7128355281 
                 22.5000000000                  33.5000000000              472583.1599286143 
                 22.5000000000                  34.0000000000              439146.6641441951 
                 22.5000000000                  34.5000000000              406293.9932631199 
                 22.5000000000                  35.0000000000              371973.9021886656 
                 22.5000000000                  35.5000000000              335567.9994477944 
                 22.5000000000                  36.0000000000              298181.6039913506 
                 22.5000000000                  36.5000000000              260449.5294027628 
                 22.5000000000                  37.0000000000              221109.5262625606 
                 22.5000000000                  37.5000000000              180275.3118877688 
                 22.5000000000                  38.0000000000              148815.9898278442 
                 22.5000000000                  38.5000000000              130479.1878064273 
                 22.5000000000                  39.0000000000              117715.3958188403 
                 22.5000000000                  39.5000000000              108656.6771144668 
                 22.5000000000                  40.0000000000              101798.0860406866 
                 22.5000000000                  40.5000000000               96102.1838068526 
                 22.5000000000                  41.0000000000               91313.1358172098 
                 22.5000000000                  41.5000000000               87324.2395057171 
                 22.5000000000                  42.0000000000               83793.1831929403 
                 22.5000000000                  42.5000000000               80298.1658509239 
                 22.5000000000                  43.0000000000               76790.5525248358 
                 22.5000000000                  43.5000000000               73317.2872330935 
                 22.5000000000                  44.0000000000               69944.2412648550 
                 22.5000000000                  44.5000000000               66847.4231989306 
                 22.5000000000                  45.0000000000               64106.3658752284 
                 22.5000000000                  45.5000000000               61799.4082636171 
                 22.5000000000                  46.0000000000               59841.7717272077 
                 22.5000000000                  46.5000000000               57478.3219891654 
                 22.5000000000                  47.0000000000               53964.7565017177 
                 22.5000000000                  47.5000000000               48499.6763799864 
                 22.5000000000                  48.0000000000               39204.7372561336 
                 22.5000000000                  48.5000000000               28040.8347685269 
                 22.5000000000                  49.0000000000               18024.0779485500 
                 22.5000000000                  49.5000000000                8850.9905558405 
                 22.5000000000                  50.0000000000                   0.0000000000 
                 23.0000000000                   0.0000000000                   0.0000000000 
                 23.0000000000                   0.5000000000               12244.5500599066 
                 23.0000000000                   1.0000000000               24625.8837586403 
                 23.0000000000                   1.5000000000               37158.8213135027 
                 23.0000000000                   2.0000000000               49964.4157576611 
                 23.0000000000                   2.5000000000               62735.1051203288 
                 23.0000000000                   3.0000000000               75093.1524717199 
                 23.0000000000                   3.5000000000               87144.7370469119 
                 23.0000000000                   4.0000000000               99045.9998824509 
                 23.0000000000                   4.5000000000              110572.9570205607 
                 23.0000000000                   5.0000000000              121412.7750804175 
                 23.0000000000                   5.5000000000              131710.3666201672 
                 23.0000000000                   6.0000000000              141624.2796254187 
                 23.0000000000                   6.5000000000              151363.1711687687 
                 23.0000000000                   7.0000000000              161282.2085473612 
                 23.0000000000                   7.5000000000              171508.3808089855 
                 23.0000000000                   8.0000000000              182054.7049479929 
                 23.0000000000                   8.5000000000              192918.6717632008 
                 23.0000000000                   9.0000000000              203925.7587888477 
                 23.0000000000                   9.5000000000              214972.0761809484 
                 23.0000000000                  10.0000000000              226027.9190758429 
                 23.0000000000                  10.5000000000              237080.1093288621 
                 23.0000000000                  11.0000000000              248822.1739149164 
                 23.0000000000                  11.5000000000              262101.2838975452 
                 23.0000000000                  12.0000000000              277695.9075687617 
                 23.0000000000                  12.5000000000              297851.4010259878 
                 23.0000000000                  13.0000000000              318242.5165622738 
                 23.0000000000                  13.5000000000              334998.9893799429 
                 23.0000000000                  14.0000000000              350644.2077295177 
                 23.0000000000                  14.5000000000              365681.9970699697 
                 23.0000000000                  15.0000000000              381151.1964725057 
                 23.0000000000                  15.5000000000              398083.9910278345 
                 23.0000000000                  16.0000000000              416500.9632509023 
                 23.0000000000                  16.5000000000              436322.2276371027 
                 23.0000000000                  17.0000000000              457398.6843436649 
                 23.0000000000                  17.5000000000              479487.8390238982 
                 23.0000000000                  18.0000000000              502519.5912146524 
                 23.0000000000                  18.5000000000              526401.2018558495 
                 23.0000000000                  19.0000000000              551692.6478280206 
                 23.0000000000                  19.5000000000              580082.3106052466 
                 23.0000000000                  20.0000000000              612833.1547990879 
                 23.0000000000                  20.5000000000              651250.1670937572 
                 23.0000000000                  21.0000000000              696052.9706153305 
                 23.0000000000                  21.5000000000              744200.3567556622 
                 23.0000000000                  22.0000000000              793846.7916661068 
                 23.0000000000                  22.5000000000              844742.7791500492 
                 23.0000000000                  23.0000000000              891350.6863840997 
                 23.0000000000                  23.5000000000              924578.5528227285 
                 23.0000000000                  24.0000000000              942743.7125514699 
                 23.0000000000                  24.5000000000              950650.7742088037 
                 23.0000000000                  25.0000000000              951064.8763808026 
                 23.0000000000                  25.5000000000              944410.1393871906 
                 23.0000000000                  26.0000000000              929586.1065312803 
                 23.0000000000                  26.5000000000              905044.9735482808 
                 23.0000000000                  27.0000000000              868593.6180074967 
                 23.0000000000                  27.5000000000              826315.2374779821 
                 23.0000000000                  28.0000000000              786442.7048984000 
                 23.0000000000                  28.5000000000              750852.7641033202 
                 23.0000000000                  29.0000000000              720556.2522510048 
                 23.0000000000                  29.5000000000              693365.3545617057 
                 23.0000000000                  30.0000000000              666436.6352628410 
                 23.0000000000                  30.5000000000              639707.0706772946 
                 23.0000000000                  31.0000000000              614101.7588997153 
                 23.0000000000                  31.5000000000              589554.7342563068 
                 23.0000000000                  32.0000000000              564557.2503049539 
                 23.0000000000                  32.5000000000              538133.3144065558 
                 23.0000000000                  33.0000000000              507751.7342517628 
                 23.0000000000                  33.5000000000              468463.5454301077 
                 23.0000000000                  34.0000000000              427332.9018784506 
                 23.0000000000                  34.5000000000              390363.8611200027 
                 23.0000000000                  35.0000000000              354013.7168546735 
                 23.0000000000                  35.5000000000              317952.7729809084 
                 23.0000000000                  36.0000000000              281649.4009385056 
                 23.0000000000                  36.5000000000              244664.3938811964 
                 23.0000000000                  37.0000000000              206137.9127141302 
                 23.0000000000                  37.5000000000              166676.7485042971 
                 23.0000000000                  38.0000000000              137768.2477079524 
                 23.0000000000                  38.5000000000              122207.3541558238 
                 23.0000000000                  39.0000000000              111588.7271586605 
                 23.0000000000                  39.5000000000              104234.8826533412 
                 23.0000000000                  40.0000000000               98558.1711611636 
                 23.0000000000                  40.5000000000               93495.7179708152 
                 23.0000000000                  41.0000000000               88981.4967006703 
                 23.0000000000                  41.5000000000               85012.3473183980 
                 23.0000000000                  42.0000000000               81385.0375944764 
                 23.0000000000                  42.5000000000               77837.0547431920 
                 23.0000000000                  43.0000000000               74332.2542704161 
                 23.0000000000                  43.5000000000               70889.5092171183 
                 23.0000000000                  44.0000000000               67582.2650484217 
                 23.0000000000                  44.5000000000               64597.9554134140 
                 23.0000000000                  45.0000000000               62002.4057874900 
                 23.0000000000                  45.5000000000               59857.8518989350 
                 23.0000000000                  46.0000000000               58056.7586091517 
                 23.0000000000                  46.5000000000               55790.8081019992 
                 23.0000000000                  47.0000000000               52259.3256136131 
                 23.0000000000                  47.5000000000               46552.6581119117 
                 23.0000000000                  48.0000000000               36595.0691770400 
                 23.0000000000                  48.5000000000               24964.7891410870 
                 23.0000000000                  49.0000000000               15303.4012133432 
                 23.0000000000                  49.5000000000                7163.1287455339 
                 23.0000000000                  50.0000000000                   0.0000000000 
                 23.5000000000                   0.0000000000                   0.0000000000 
                 23.5000000000                   0.5000000000               12442.6689233986 
                 23.5000000000                   1.0000000000               24990.3950912711 
                 23.5000000000                   1.5000000000               37677.3879013724 
                 23.5000000000                   2.0000000000               50612.4401661389 
                 23.5000000000                   2.5000000000               63499.6055900747 
                 23.5000000000                   3.0000000000               75986.3064572683 
                 23.5000000000                   3.5000000000               88170.6265756654 
                 23.5000000000                   4.0000000000              100209.8263524364 
                 23.5000000000                   4.5000000000              111849.3911447878 
                 23.5000000000                   5.0000000000              122745.3490647043 
                 23.5000000000                   5.5000000000              133064.3270601697 
                 23.5000000000                   6.0000000000              142980.2388322598 
                 23.5000000000                   6.5000000000              152724.0098175452 
                 23.5000000000                   7.0000000000              162691.4660763295 
                 23.5000000000                   7.5000000000              173018.5103819804 
                 23.5000000000                   8.0000000000              183711.0046185605 
                 23.5000000000                   8.5000000000              194739.6551955758 
                 23.5000000000                   9.0000000000              205866.9002304313 
                 23.5000000000                   9.5000000000              216965.4142655811 
                 23.5000000000                  10.0000000000              228023.5214491513 
                 23.5000000000                  10.5000000000              239058.9849482207 
                 23.5000000000                  11.0000000000              250806.6186163401 
                 23.5000000000                  11.5000000000              264138.7032991071 
                 23.5000000000                  12.0000000000              279860.5974334811 
                 23.5000000000                  12.5000000000              300104.6076556181 
                 23.5000000000                  13.0000000000              320638.5138249981 
                 23.5000000000                  13.5000000000              337621.8465563324 
                 23.5000000000                  14.0000000000              353452.3608166631 
                 23.5000000000                  14.5000000000              368731.4622385368 
                 23.5000000000                  15.0000000000              384539.1646399628 
                 23.5000000000                  15.5000000000              401936.0866904185 
                 23.5000000000                  16.0000000000              420975.0145589816 
                 23.5000000000                  16.5000000000              441640.5997106391 
                 23.5000000000                  17.0000000000              463803.6087884226 
                 23.5000000000                  17.5000000000              487165.7455636634 
                 23.5000000000                  18.0000000000              511652.6738083514 
                 23.5000000000                  18.5000000000              537179.4166411298 
                 23.5000000000                  19.0000000000              564341.2332973145 
                 23.5000000000                  19.5000000000              594979.3846862214 
                 23.5000000000                  20.0000000000              630481.8063827649 
                 23.5000000000                  20.5000000000              672306.6796919275 
                 23.5000000000                  21.0000000000              721365.0635651096 
                 23.5000000000                  21.5000000000              775222.6102130129 
                 23.5000000000                  22.0000000000              832570.7001984476 
                 23.5000000000                  22.5000000000              891452.9168589611 
                 23.5000000000                  23.0000000000              943854.9095145764 
                 23.5000000000                  23.5000000000              979001.5855621188 
                 23.5000000000                  24.0000000000              996904.7199705960 
                 23.5000000000                  24.5000000000             1005233.9079279602 
                 23.5000000000                  25.0000000000             1007086.6357610787 
                 23.5000000000                  25.5000000000             1002728.6917952684 
                 23.5000000000                  26.0000000000              990496.1980169350 
                 23.5000000000                  26.5000000000              967641.4918882845 
                 23.5000000000                  27.0000000000              927593.8868401707 
                 23.5000000000                  27.5000000000              875905.3124575135 
                 23.5000000000                  28.0000000000              825335.3028576496 
                 23.5000000000                  28.5000000000              779528.2802935527 
                 23.5000000000                  29.0000000000              740920.1670402476 
                 23.5000000000                  29.5000000000              708000.0213579567 
                 23.5000000000                  30.0000000000              677020.3182815093 
                 23.5000000000                  30.5000000000              647286.5832881513 
                 23.5000000000                  31.0000000000              619300.9426017099 
                 23.5000000000                  31.5000000000              592668.3788250029 
                 23.5000000000                  32.0000000000              565499.9031343003 
                 23.5000000000                  32.5000000000              536383.8317787298 
                 23.5000000000                  33.0000000000              501916.8743682603 
                 23.5000000000                  33.5000000000              457072.6896442053 
                 23.5000000000                  34.0000000000              411258.7793749587 
                 23.5000000000                  34.5000000000              371911.3499320037 
                 23.5000000000                  35.0000000000              335106.4665256403 
                 23.5000000000                  35.5000000000              300094.7125046649 
                 23.5000000000                  36.0000000000              265282.7574724039 
                 23.5000000000                  36.5000000000              229726.3663646701 
                 23.5000000000                  37.0000000000              192768.5050488129 
                 23.5000000000                  37.5000000000              155253.3599672741 
                 23.5000000000                  38.0000000000              128638.0545853066 
                 23.5000000000                  38.5000000000              115155.1859748831 
                 23.5000000000                  39.0000000000              106147.6900557280 
                 23.5000000000                  39.5000000000              100005.1899238300 
                 23.5000000000                  40.0000000000               95168.9815349362 
                 23.5000000000                  40.5000000000               90618.4255566535 
                 23.5000000000                  41.0000000000               86348.7927438482 
                 23.5000000000                  41.5000000000               82408.3762058223 
                 23.5000000000                  42.0000000000               78701.6993678045 
                 23.5000000000                  42.5000000000               75099.3815710581 
                 23.5000000000                  43.0000000000               71593.5848578082 
                 23.5000000000                  43.5000000000               68205.4718288602 
                 23.5000000000                  44.0000000000               65006.8593314063 
                 23.5000000000                  44.5000000000               62141.3737002777 
                 23.5000000000                  45.0000000000               59653.8226474144 
                 23.5000000000                  45.5000000000               57605.0852859078 
                 23.5000000000                  46.0000000000               55868.5549260012 
                 23.5000000000                  46.5000000000               53600.4558770086 
                 23.5000000000                  47.0000000000               49951.4359891679 
                 23.5000000000                  47.5000000000               43823.0007560781 
                 23.5000000000                  48.0000000000               32883.5366098802 
                 23.5000000000                  48.5000000000               20872.7135254755 
                 23.5000000000                  49.0000000000               12053.5279998231 
                 23.5000000000                  49.5000000000                5268.7498613227 
                 23.5000000000                  50.0000000000                   0.0000000000 
                 24.0000000000                   0.0000000000                   0.0000000000 
                 24.0000000000                   0.5000000000               12649.1275960067 
                 24.0000000000                   1.0000000000               25324.9270764755 
                 24.0000000000                   1.5000000000               38090.8514734498 
                 24.0000000000                   2.0000000000               51042.3809211411 
                 24.0000000000                   2.5000000000               63940.8621380719 
                 24.0000000000                   3.0000000000               76503.3473812574 
                 24.0000000000                   3.5000000000               88802.9339963435 
                 24.0000000000                   4.0000000000              100983.6560285099 
                 24.0000000000                   4.5000000000              112753.4105429221 
                 24.0000000000                   5.0000000000              123729.5629057732 
                 24.0000000000                   5.5000000000              134095.2124275817 
                 24.0000000000                   6.0000000000              144037.3554680555 
                 24.0000000000                   6.5000000000              153804.7785738891 
                 24.0000000000                   7.0000000000              163829.7585500254 
                 24.0000000000                   7.5000000000              174257.4358593620 
                 24.0000000000                   8.0000000000              185087.1082053146 
                 24.0000000000                   8.5000000000              196275.4391076158 
                 24.0000000000                   9.0000000000              207544.2403647617 
                 24.0000000000                   9.5000000000              218746.9163058556 
                 24.0000000000                  10.0000000000              229887.3507722115 
                 24.0000000000                  10.5000000000              241005.0131529257 
                 24.0000000000                  11.0000000000              252823.3187722444 
                 24.0000000000                  11.5000000000              266174.0180752002 
                 24.0000000000                  12.0000000000              281734.2257680995 
                 24.0000000000                  12.5000000000              301133.9799822549 
                 24.0000000000                  13.0000000000              321173.9162103892 
                 24.0000000000                  13.5000000000              338585.5503753406 
                 24.0000000000                  14.0000000000              354912.6162891710 
                 24.0000000000                  14.5000000000              370758.5445562936 
                 24.0000000000                  15.0000000000              387180.9504441746 
                 24.0000000000                  15.5000000000              405256.5913970311 
                 24.0000000000                  16.0000000000              425126.7810059577 
                 24.0000000000                  16.5000000000              446910.6454887826 
                 24.0000000000                  17.0000000000              470460.4716040888 
                 24.0000000000                  17.5000000000              495312.3634085911 
                 24.0000000000                  18.0000000000              521382.8412437584 
                 24.0000000000                  18.5000000000              548608.8962923642 
                 24.0000000000                  19.0000000000              577656.5167171585 
                 24.0000000000                  19.5000000000              610550.9897248105 
                 24.0000000000                  20.0000000000              648739.6965040794 
                 24.0000000000                  20.5000000000              693702.8622765784 
                 24.0000000000                  21.0000000000              746305.2262665713 
                 24.0000000000                  21.5000000000              804810.9052899069 
                 24.0000000000                  22.0000000000              867442.0262908693 
                 24.0000000000                  22.5000000000              930491.3143401770 
                 24.0000000000                  23.0000000000              982580.0981546037 
                 24.0000000000                  23.5000000000             1012170.7296549897 
                 24.0000000000                  24.0000000000             1024690.1476354012 
                 24.0000000000                  24.5000000000             1030454.9278234276 
                 24.0000000000                  25.0000000000             1032093.1243429504 
                 24.0000000000                  25.5000000000             1030055.0311578927 
                 24.0000000000                  26.0000000000             1022291.1144331966 
                 24.0000000000                  26.5000000000             1005905.3340724726 
                 24.0000000000                  27.0000000000              972068.9957478064 
                 24.0000000000                  27.5000000000              920759.7486437908 
                 24.0000000000                  28.0000000000              864984.4377872302 
                 24.0000000000                  28.5000000000              811518.8781624779 
                 24.0000000000                  29.0000000000              763953.0723008183 
                 24.0000000000                  29.5000000000              723252.2641069544 
                 24.0000000000                  30.0000000000              686596.2322125721 
                 24.0000000000                  30.5000000000              652629.3705063339 
                 24.0000000000                  31.0000000000              621008.3306510379 
                 24.0000000000                  31.5000000000              590742.0364633026 
                 24.0000000000                  32.0000000000              559652.1593732665 
                 24.0000000000                  32.5000000000              526026.9964766133 
                 24.0000000000                  33.0000000000              486724.1026334463 
                 24.0000000000                  33.5000000000              439621.1950202420 
                 24.0000000000                  34.0000000000              393472.5990776237 
                 24.0000000000                  34.5000000000              353616.0768148471 
                 24.0000000000                  35.0000000000              317047.8669395422 
                 24.0000000000                  35.5000000000              282952.1223662097 
                 24.0000000000                  36.0000000000              249499.0592492876 
                 24.0000000000                  36.5000000000              215556.5993279677 
                 24.0000000000                  37.0000000000              180509.4348575628 
                 24.0000000000                  37.5000000000              145159.2954533635 
                 24.0000000000                  38.0000000000              120622.5988741220 
                 24.0000000000                  38.5000000000              108809.0217784818 
                 24.0000000000                  39.0000000000              101067.9176605090 
                 24.0000000000                  39.5000000000               95848.0949411597 
                 24.0000000000                  40.0000000000               91660.3790305697 
                 24.0000000000                  40.5000000000               87534.5388872279 
                 24.0000000000                  41.0000000000               83487.3196937730 
                 24.0000000000                  41.5000000000               79590.8381260319 
                 24.0000000000                  42.0000000000               75832.6977480218 
                 24.0000000000                  42.5000000000               72199.0042022093 
                 24.0000000000                  43.0000000000               68712.3293335078 
                 24.0000000000                  43.5000000000               65401.8555145454 
                 24.0000000000                  44.0000000000               62323.4007716436 
                 24.0000000000                  44.5000000000               59557.0620493560 
                 24.0000000000                  45.0000000000               57130.2069779771 
                 24.0000000000                  45.5000000000               55111.9102805466 
                 24.0000000000                  46.0000000000               53367.4650556311 
                 24.0000000000                  46.5000000000               51032.7845073552 
                 24.0000000000                  47.0000000000               47234.3757818036 
                 24.0000000000                  47.5000000000               40694.7219520926 
                 24.0000000000                  48.0000000000               29045.1453036822 
                 24.0000000000                  48.5000000000               17166.8983325043 
                 24.0000000000                  49.0000000000                9483.7505346931 
                 24.0000000000                  49.5000000000                3942.6257203539 
                 24.0000000000                  50.0000000000                   0.0000000000 
                 24.5000000000                   0.0000000000                   0.0000000000 
                 24.5000000000                   0.5000000000               12800.5760816554 
                 24.5000000000                   1.0000000000               25534.4216735179 
                 24.5000000000                   1.5000000000               38303.9899730477 
                 24.5000000000                   2.0000000000               51198.0404139000 
                 24.5000000000                   2.5000000000               64047.0502338121 
                 24.5000000000                   3.0000000000               76646.0176369193 
                 24.5000000000                   3.5000000000               89042.4152100869 
                 24.5000000000                   4.0000000000              101364.9262498477 
                 24.5000000000                   4.5000000000              113278.9375797884 
                 24.5000000000                   5.0000000000              124356.6711437009 
                 24.5000000000                   5.5000000000              134795.5903497904 
                 24.5000000000                   6.0000000000              144791.5564293774 
                 24.5000000000                   6.5000000000              154606.2563541079 
                 24.5000000000                   7.0000000000              164706.0831182459 
                 24.5000000000                   7.5000000000              175243.1696864383 
                 24.5000000000                   8.0000000000              186213.2640385449 
                 24.5000000000                   8.5000000000              197569.4538347531 
                 24.5000000000                   9.0000000000              209000.8579925832 
                 24.5000000000                   9.5000000000              220347.3551532397 
                 24.5000000000                  10.0000000000              231628.2573604481 
                 24.5000000000                  10.5000000000              242888.8257955674 
                 24.5000000000                  11.0000000000              254808.4045451313 
                 24.5000000000                  11.5000000000              268117.9522694954 
                 24.5000000000                  12.0000000000              283283.0648084619 
                 24.5000000000                  12.5000000000              301410.7192127952 
                 24.5000000000                  13.0000000000              320473.8707219997 
                 24.5000000000                  13.5000000000              338091.1010586925 
                 24.5000000000                  14.0000000000              355007.8272433429 
                 24.5000000000                  14.5000000000              371665.5686726617 
                 24.5000000000                  15.0000000000              388977.1918635191 
                 24.5000000000                  15.5000000000              407952.3884789165 
                 24.5000000000                  16.0000000000              428859.1240348219 
                 24.5000000000                  16.5000000000              452050.3794896579 
                 24.5000000000                  17.0000000000              477315.9696823233 
                 24.5000000000                  17.5000000000              503861.7501752500 
                 24.5000000000                  18.0000000000              531611.7291432802 
                 24.5000000000                  18.5000000000              560572.6186577345 
                 24.5000000000                  19.0000000000              591485.3083329776 
                 24.5000000000                  19.5000000000              626523.3238721420 
                 24.5000000000                  20.0000000000              667066.5945306320 
                 24.5000000000                  20.5000000000              714371.4595857877 
                 24.5000000000                  21.0000000000              769130.2143024920 
                 24.5000000000                  21.5000000000              830168.7886915925 
                 24.5000000000                  22.0000000000              895261.9902742360 
                 24.5000000000                  22.5000000000              959501.2794897250 
                 24.5000000000                  23.0000000000             1008682.9152470583 
                 24.5000000000                  23.5000000000             1032639.0207446166 
                 24.5000000000                  24.0000000000             1041565.7529234900 
                 24.5000000000                  24.5000000000             1045940.2033282705 
                 24.5000000000                  25.0000000000             1047660.5808600134 
                 24.5000000000                  25.5000000000             1047052.7475192326 
                 24.5000000000                  26.0000000000             1042281.9712344789 
                 24.5000000000                  26.5000000000             1030816.0070078976 
                 24.5000000000                  27.0000000000             1004110.1908385877 
                 24.5000000000                  27.5000000000              958035.9021373247 
                 24.5000000000                  28.0000000000              902159.7737921256 
                 24.5000000000                  28.5000000000              844564.9936559867 
                 24.5000000000                  29.0000000000              788541.7596860668 
                 24.5000000000                  29.5000000000              737854.6939101375 
                 24.5000000000                  30.0000000000              693885.4808402596 
                 24.5000000000                  30.5000000000              654648.0217407844 
                 24.5000000000                  31.0000000000              618112.5678525018 
                 24.5000000000                  31.5000000000              582522.3648396722 
                 24.5000000000                  32.0000000000              545877.4133070734 
                 24.5000000000                  32.5000000000              506841.5137778484 
                 24.5000000000                  33.0000000000              463697.5745335117 
                 24.5000000000                  33.5000000000              417142.9090774179 
                 24.5000000000                  34.0000000000              373227.6232683824 
                 24.5000000000                  34.5000000000              334345.8929435252 
                 24.5000000000                  35.0000000000              298649.9573360952 
                 24.5000000000                  35.5000000000              265569.4295048703 
                 24.5000000000                  36.0000000000              233409.3704149052 
                 24.5000000000                  36.5000000000              201180.0747495797 
                 24.5000000000                  37.0000000000              168446.0691525185 
                 24.5000000000                  37.5000000000              135757.7017186042 
                 24.5000000000                  38.0000000000              113511.8500892582 
                 24.5000000000                  38.5000000000              103224.8459142298 
                 24.5000000000                  39.0000000000               96490.0217921035 
                 24.5000000000                  39.5000000000               91960.6617633296 
                 24.5000000000                  40.0000000000               88244.6259360916 
                 24.5000000000                  40.5000000000               84427.4175156490 
                 24.5000000000                  41.0000000000               80545.1960259998 
                 24.5000000000                  41.5000000000               76675.5751813574 
                 24.5000000000                  42.0000000000               72872.5025361230 
                 24.5000000000                  42.5000000000               69224.4859729732 
                 24.5000000000                  43.0000000000               65770.9880695100 
                 24.5000000000                  43.5000000000               62539.2863651922 
                 24.5000000000                  44.0000000000               59564.3739931075 
                 24.5000000000                  44.5000000000               56866.2795504993 
                 24.5000000000                  45.0000000000               54457.3460694889 
                 24.5000000000                  45.5000000000               52416.2807940358 
                 24.5000000000                  46.0000000000               50607.7971912529 
                 24.5000000000                  46.5000000000               48162.1417858348 
                 24.5000000000                  47.0000000000               44228.1365921173 
                 24.5000000000                  47.5000000000               37464.0267068439 
                 24.5000000000                  48.0000000000               25637.7129218372 
                 24.5000000000                  48.5000000000               14332.5484618066 
                 24.5000000000                  49.0000000000                7721.7067287759 
                 24.5000000000                  49.5000000000                3093.7060428179 
                 24.5000000000                  50.0000000000                   0.0000000000 
                 25.0000000000                   0.0000000000                   0.0000000000 
                 25.0000000000                   0.5000000000               12810.8160334055 
                 25.0000000000                   1.0000000000               25504.6775555452 
                 25.0000000000                   1.5000000000               38208.3258487252 
                 25.0000000000                   2.0000000000               51001.9016220445 
                 25.0000000000                   2.5000000000               63775.0018366763 
                 25.0000000000                   3.0000000000               76387.9902117540 
                 25.0000000000                   3.5000000000               88866.3118389686 
                 25.0000000000                   4.0000000000              101325.9536360747 
                 25.0000000000                   4.5000000000              113394.8470862453 
                 25.0000000000                   5.0000000000              124600.5968139001 
                 25.0000000000                   5.5000000000              135147.0117112871 
                 25.0000000000                   6.0000000000              145237.2877470399 
                 25.0000000000                   6.5000000000              155141.7928089575 
                 25.0000000000                   7.0000000000              165348.7252817447 
                 25.0000000000                   7.5000000000              176013.7986729122 
                 25.0000000000                   8.0000000000              187131.1958762303 
                 25.0000000000                   8.5000000000              198654.4659055910 
                 25.0000000000                   9.0000000000              210258.0231198286 
                 25.0000000000                   9.5000000000              221779.6226797364 
                 25.0000000000                  10.0000000000              233251.8530333239 
                 25.0000000000                  10.5000000000              244721.3612302429 
                 25.0000000000                  11.0000000000              256793.5920682002 
                 25.0000000000                  11.5000000000              270053.3943383239 
                 25.0000000000                  12.0000000000              284737.3809358042 
                 25.0000000000                  12.5000000000              301393.4323908461 
                 25.0000000000                  13.0000000000              319032.4096534883 
                 25.0000000000                  13.5000000000              336380.1709310176 
                 25.0000000000                  14.0000000000              353706.7282281237 
                 25.0000000000                  14.5000000000              371340.8603625291 
                 25.0000000000                  15.0000000000              389881.9292910889 
                 25.0000000000                  15.5000000000              410062.4700615489 
                 25.0000000000                  16.0000000000              432301.5847058722 
                 25.0000000000                  16.5000000000              457266.3681359638 
                 25.0000000000                  17.0000000000              484555.3430850328 
                 25.0000000000                  17.5000000000              512894.3902895264 
                 25.0000000000                  18.0000000000              542317.4206821497 
                 25.0000000000                  18.5000000000              573003.0815916240 
                 25.0000000000                  19.0000000000              605781.6896864333 
                 25.0000000000                  19.5000000000              642767.2499388732 
                 25.0000000000                  20.0000000000              685014.9746120718 
                 25.0000000000                  20.5000000000              733351.3220407526 
                 25.0000000000                  21.0000000000              788208.0138114409 
                 25.0000000000                  21.5000000000              849035.4670888649 
                 25.0000000000                  22.0000000000              913966.0956433945 
                 25.0000000000                  22.5000000000              977523.9662198094 
                 25.0000000000                  23.0000000000             1023783.4520717885 
                 25.0000000000                  23.5000000000             1044066.9471084368 
                 25.0000000000                  24.0000000000             1051118.1688029335 
                 25.0000000000                  24.5000000000             1054793.9093908814 
                 25.0000000000                  25.0000000000             1056634.9617935647 
                 25.0000000000                  25.5000000000             1056937.9512999605 
                 25.0000000000                  26.0000000000             1054094.3004805048 
                 25.0000000000                  26.5000000000             1045933.8664736563 
                 25.0000000000                  27.0000000000             1024678.9741108303 
                 25.0000000000                  27.5000000000              984473.7061958765 
                 25.0000000000                  28.0000000000              931969.8034978342 
                 25.0000000000                  28.5000000000              875156.0198571743 
                 25.0000000000                  29.0000000000              814054.1064685511 
                 25.0000000000                  29.5000000000              751672.1516096988 
                 25.0000000000                  30.0000000000              696949.1301854406 
                 25.0000000000                  30.5000000000              649956.7941693955 
                 25.0000000000                  31.0000000000              605787.2740157520 
                 25.0000000000                  31.5000000000              562723.6534769090 
                 25.0000000000                  32.0000000000              520279.4236337013 
                 25.0000000000                  32.5000000000              477791.4907016529 
                 25.0000000000                  33.0000000000              434432.6917065771 
                 25.0000000000                  33.5000000000              391521.9194548346 
                 25.0000000000                  34.0000000000              351335.7922359836 
                 25.0000000000                  34.5000000000              314319.1595948151 
                 25.0000000000                  35.0000000000              279797.8754699780 
                 25.0000000000                  35.5000000000              247319.0743760963 
                 25.0000000000                  36.0000000000              215867.5310356767 
                 25.0000000000                  36.5000000000              185240.1081965647 
                 25.0000000000                  37.0000000000              155413.1538445075 
                 25.0000000000                  37.5000000000              126814.2369596131 
                 25.0000000000                  38.0000000000              107611.9652942568 
                 25.0000000000                  38.5000000000               98561.0602562406 
                 25.0000000000                  39.0000000000               92559.3166014768 
                 25.0000000000                  39.5000000000               88473.4073249983 
                 25.0000000000                  40.0000000000               85038.7006114872 
                 25.0000000000                  40.5000000000               81401.7706205361 
                 25.0000000000                  41.0000000000               77613.8612418447 
                 25.0000000000                  41.5000000000               73751.0215340152 
                 25.0000000000                  42.0000000000               69917.7595594608 
                 25.0000000000                  42.5000000000               66274.8439817234 
                 25.0000000000                  43.0000000000               62862.5666062676 
                 25.0000000000                  43.5000000000               59695.1657857954 
                 25.0000000000                  44.0000000000               56783.7935570763 
                 25.0000000000                  44.5000000000               54109.8736875623 
                 25.0000000000                  45.0000000000               51677.6649980503 
                 25.0000000000                  45.5000000000               49563.6425551237 
                 25.0000000000                  46.0000000000               47621.4294698966 
                 25.0000000000                  46.5000000000               44991.7948636507 
                 25.0000000000                  47.0000000000               40883.4642369956 
                 25.0000000000                  47.5000000000               34109.8007481466 
                 25.0000000000                  48.0000000000               22998.3824456421 
                 25.0000000000                  48.5000000000               12782.7104774125 
                 25.0000000000                  49.0000000000                6890.1276725221 
                 25.0000000000                  49.5000000000                2738.1165765081 
                 25.0000000000                  50.0000000000                   0.0000000000 
                 25.5000000000                   0.0000000000                   0.0000000000 
                 25.5000000000                   0.5000000000               12619.1568773456 
                 25.5000000000                   1.0000000000               25166.1294659541 
                 25.5000000000                   1.5000000000               37739.0784913000 
                 25.5000000000                   2.0000000000               50407.5629835154 
                 25.5000000000                   2.5000000000               63096.2720706319 
                 25.5000000000                   3.0000000000               75703.7297090338 
                 25.5000000000                   3.5000000000               88245.7211957453 
                 25.5000000000                   4.0000000000              100829.6870285836 
                 25.5000000000                   4.5000000000              113060.9678131256 
                 25.5000000000                   5.0000000000              124430.3120721488 
                 25.5000000000                   5.5000000000              135130.5307823575 
                 25.5000000000                   6.0000000000              145373.9581227319 
                 25.5000000000                   6.5000000000              155434.4257171068 
                 25.5000000000                   7.0000000000              165794.2077164314 
                 25.5000000000                   7.5000000000              176609.0715363556 
                 25.5000000000                   8.0000000000              187873.8917220765 
                 25.5000000000                   8.5000000000              199541.8454234634 
                 25.5000000000                   9.0000000000              211306.8344377578 
                 25.5000000000                   9.5000000000              223022.0337601102 
                 25.5000000000                  10.0000000000              234726.7108359438 
                 25.5000000000                  10.5000000000              246471.5004431235 
                 25.5000000000                  11.0000000000              258751.1752701718 
                 25.5000000000                  11.5000000000              271975.9162629163 
                 25.5000000000                  12.0000000000              286186.9143000371 
                 25.5000000000                  12.5000000000              301502.9081061406 
                 25.5000000000                  13.0000000000              317623.6620900508 
                 25.5000000000                  13.5000000000              334234.1089727660 
                 25.5000000000                  14.0000000000              351530.7152590859 
                 25.5000000000                  14.5000000000              369935.2434977009 
                 25.5000000000                  15.0000000000              389720.8969407032 
                 25.5000000000                  15.5000000000              411160.8580096241 
                 25.5000000000                  16.0000000000              434791.1112491303 
                 25.5000000000                  16.5000000000              461487.6264975757 
                 25.5000000000                  17.0000000000              490681.5043319468 
                 25.5000000000                  17.5000000000              520806.5301733703 
                 25.5000000000                  18.0000000000              551957.0185581811 
                 25.5000000000                  18.5000000000              584539.5920218744 
                 25.5000000000                  19.0000000000              619363.7078096482 
                 25.5000000000                  19.5000000000              657976.7171625101 
                 25.5000000000                  20.0000000000              700953.5434055239 
                 25.5000000000                  20.5000000000              748707.1837773100 
                 25.5000000000                  21.0000000000              801518.4404770022 
                 25.5000000000                  21.5000000000              859651.9755190247 
                 25.5000000000                  22.0000000000              922309.4065880186 
                 25.5000000000                  22.5000000000              984357.0576676254 
                 25.5000000000                  23.0000000000             1029615.2510396917 
                 25.5000000000                  23.5000000000             1049332.5030094339 
                 25.5000000000                  24.0000000000             1056142.3612599061 
                 25.5000000000                  24.5000000000             1059767.5055892253 
                 25.5000000000                  25.0000000000             1061808.7770328242 
                 25.5000000000                  25.5000000000             1062658.7186868046 
                 25.5000000000                  26.0000000000             1060853.4011906190 
                 25.5000000000                  26.5000000000             1054380.8040538577 
                 25.5000000000                  27.0000000000             1035748.9920847046 
                 25.5000000000                  27.5000000000              998476.8970628037 
                 25.5000000000                  28.0000000000              948153.7436165505 
                 25.5000000000                  28.5000000000              892465.0302834838 
                 25.5000000000                  29.0000000000              828679.6456559487 
                 25.5000000000                  29.5000000000              757597.4547578301 
                 25.5000000000                  30.0000000000              692566.6414173476 
                 25.5000000000                  30.5000000000              636752.1968030247 
                 25.5000000000                  31.0000000000              584264.8398129895 
                 25.5000000000                  31.5000000000              534241.4172447654 
                 25.5000000000                  32.0000000000              487844.9112090642 
                 25.5000000000                  32.5000000000              444672.5351714949 
                 25.5000000000                  33.0000000000              403629.5624111503 
                 25.5000000000                  33.5000000000              364855.8978927495 
                 25.5000000000                  34.0000000000              328217.6369729353 
                 25.5000000000                  34.5000000000              293430.1238661764 
                 25.5000000000                  35.0000000000              260113.5371225484 
                 25.5000000000                  35.5000000000              227744.7330899533 
                 25.5000000000                  36.0000000000              196853.7654886754 
                 25.5000000000                  36.5000000000              168461.1971763856 
                 25.5000000000                  37.0000000000              142501.4908767487 
                 25.5000000000                  37.5000000000              119242.9730593417 
                 25.5000000000                  38.0000000000              103367.1790523293 
                 25.5000000000                  38.5000000000               94969.0544291106 
                 25.5000000000                  39.0000000000               89339.1450902342 
                 25.5000000000                  39.5000000000               85404.9594248949 
                 25.5000000000                  40.0000000000               82043.8637681550 
                 25.5000000000                  40.5000000000               78458.5238235001 
                 25.5000000000                  41.0000000000               74693.8504865089 
                 25.5000000000                  41.5000000000               70821.0237904867 
                 25.5000000000                  42.0000000000               66971.9876451385 
                 25.5000000000                  42.5000000000               63337.6140229232 
                 25.5000000000                  43.0000000000               59955.1682677265 
                 25.5000000000                  43.5000000000               56817.3671780917 
                 25.5000000000                  44.0000000000               53915.9421757176 
                 25.5000000000                  44.5000000000               51230.2521288301 
                 25.5000000000                  45.0000000000               48755.6950173354 
                 25.5000000000                  45.5000000000               46542.0806394832 
                 25.5000000000                  46.0000000000               44418.9334590043 
                 25.5000000000                  46.5000000000               41575.7800256872 
                 25.5000000000                  47.0000000000               37316.3578726989 
                 25.5000000000                  47.5000000000               30838.9792866134 
                 25.5000000000                  48.0000000000               21347.7692243274 
                 25.5000000000                  48.5000000000               12580.2328461247 
                 25.5000000000                  49.0000000000                6945.0227641184 
                 25.5000000000                  49.5000000000                2851.3490317335 
                 25.5000000000                  50.0000000000                   0.0000000000 
                 26.0000000000                   0.0000000000                   0.0000000000 
                 26.0000000000                   0.5000000000               12290.3334256382 
                 26.0000000000                   1.0000000000               24597.8782394151 
                 26.0000000000                   1.5000000000               36974.6147161931 
                 26.0000000000                   2.0000000000               49474.3745298625 
                 26.0000000000                   2.5000000000               62043.2918910059 
                 26.0000000000                   3.0000000000               74605.2390005000 
                 26.0000000000                   3.5000000000               87173.9129438804 
                 26.0000000000                   4.0000000000               99855.2887294038 
                 26.0000000000                   4.5000000000              112247.6349420085 
                 26.0000000000                   5.0000000000              123810.5030620100 
                 26.0000000000                   5.5000000000              134711.2348813259 
                 26.0000000000                   6.0000000000              145169.4343100824 
                 26.0000000000                   6.5000000000              155451.6927898527 
                 26.0000000000                   7.0000000000              166007.3857180408 
                 26.0000000000                   7.5000000000              176987.8001267835 
                 26.0000000000                   8.0000000000              188391.7360071522 
                 26.0000000000                   8.5000000000              200177.6067079809 
                 26.0000000000                   9.0000000000              212088.2110775530 
                 26.0000000000                   9.5000000000              224005.3008734139 
                 26.0000000000                  10.0000000000              235971.1413633538 
                 26.0000000000                  10.5000000000              248036.6823934777 
                 26.0000000000                  11.0000000000              260548.8285314012 
                 26.0000000000                  11.5000000000              273738.1700557571 
                 26.0000000000                  12.0000000000              287517.7882256981 
                 26.0000000000                  12.5000000000              301775.2252736842 
                 26.0000000000                  13.0000000000              316622.4497992945 
                 26.0000000000                  13.5000000000              332330.0327861140 
                 26.0000000000                  14.0000000000              349154.8489640423 
                 26.0000000000                  14.5000000000              367795.9064611986 
                 26.0000000000                  15.0000000000              388357.3065849450 
                 26.0000000000                  15.5000000000              410651.9610240700 
                 26.0000000000                  16.0000000000              435289.6812679294 
                 26.0000000000                  16.5000000000              463260.2283750768 
                 26.0000000000                  17.0000000000              493993.5755366023 
                 26.0000000000                  17.5000000000              525870.6141195946 
                 26.0000000000                  18.0000000000              558897.9959864718 
                 26.0000000000                  18.5000000000              593697.2196615958 
                 26.0000000000                  19.0000000000              630775.3519776309 
                 26.0000000000                  19.5000000000              670540.5047177712 
                 26.0000000000                  20.0000000000              713144.8308948720 
                 26.0000000000                  20.5000000000              758877.0442578392 
                 26.0000000000                  21.0000000000              808149.6367393935 
                 26.0000000000                  21.5000000000              862014.8436636722 
                 26.0000000000                  22.0000000000              920749.1709788782 
                 26.0000000000                  22.5000000000              980744.3340854421 
                 26.0000000000                  23.0000000000             1027004.9211206093 
                 26.0000000000                  23.5000000000             1048923.5091896651 
                 26.0000000000                  24.0000000000             1056969.0685707512 
                 26.0000000000                  24.5000000000             1061189.4136549435 
                 26.0000000000                  25.0000000000             1063567.1108917356 
                 26.0000000000                  25.5000000000             1064717.3628503783 
                 26.0000000000                  26.0000000000             1063266.1874196643 
                 26.0000000000                  26.5000000000             1057184.2187550908 
                 26.0000000000                  27.0000000000             1038460.7351446027 
                 26.0000000000                  27.5000000000             1000279.2058150457 
                 26.0000000000                  28.0000000000              948635.5811589584 
                 26.0000000000                  28.5000000000              890786.4502415070 
                 26.0000000000                  29.0000000000              823693.7428491743 
                 26.0000000000                  29.5000000000              748718.5780422681 
                 26.0000000000                  30.0000000000              678550.8863383543 
                 26.0000000000                  30.5000000000              616700.2407975452 
                 26.0000000000                  31.0000000000              558667.7074877976 
                 26.0000000000                  31.5000000000              504349.4268340421 
                 26.0000000000                  32.0000000000              455680.4475777146 
                 26.0000000000                  32.5000000000              412423.6346255313 
                 26.0000000000                  33.0000000000              373219.1309806851 
                 26.0000000000                  33.5000000000              337430.0308697576 
                 26.0000000000                  34.0000000000              303800.7429345728 
                 26.0000000000                  34.5000000000              271377.3736183235 
                 26.0000000000                  35.0000000000              239448.5199154772 
                 26.0000000000                  35.5000000000              207487.3132884203 
                 26.0000000000                  36.0000000000              178058.3060777675 
                 26.0000000000                  36.5000000000              153063.0352159639 
                 26.0000000000                  37.0000000000              131533.0352793109 
                 26.0000000000                  37.5000000000              113251.3014970541 
                 26.0000000000                  38.0000000000              100185.8162533756 
                 26.0000000000                  38.5000000000               92204.6342540591 
                 26.0000000000                  39.0000000000               86671.4376465911 
                 26.0000000000                  39.5000000000               82662.1186490223 
                 26.0000000000                  40.0000000000               79201.3406813740 
                 26.0000000000                  40.5000000000               75556.7965679596 
                 26.0000000000                  41.0000000000               71750.3128284194 
                 26.0000000000                  41.5000000000               67840.9306234122 
                 26.0000000000                  42.0000000000               63966.8265394448 
                 26.0000000000                  42.5000000000               60325.9831257358 
                 26.0000000000                  43.0000000000               56953.1951333933 
                 26.0000000000                  43.5000000000               53817.6303688098 
                 26.0000000000                  44.0000000000               50901.4915554292 
                 26.0000000000                  44.5000000000               48201.1036827874 
                 26.0000000000                  45.0000000000               45697.2426905481 
                 26.0000000000                  45.5000000000               43399.0275509277 
                 26.0000000000                  46.0000000000               41119.8038407923 
                 26.0000000000                  46.5000000000               38142.4864516471 
                 26.0000000000                  47.0000000000               33914.8567565639 
                 26.0000000000                  47.5000000000               28046.7833944304 
                 26.0000000000                  48.0000000000               20323.2478206703 
                 26.0000000000                  48.5000000000               12959.6612022283 
                 26.0000000000                  49.0000000000                7495.7035031504 
                 26.0000000000                  49.5000000000                3252.8928379322 
                 26.0000000000                  50.0000000000                   0.0000000000 
                 26.5000000000                   0.0000000000                   0.0000000000 
                 26.5000000000                   0.5000000000               11912.5986246897 
                 26.5000000000                   1.0000000000               23921.3422032136 
                 26.5000000000                   1.5000000000               36042.5683296843 
                 26.5000000000                   2.0000000000               48312.7185937463 
                 26.5000000000                   2.5000000000               60697.0475250416 
                 26.5000000000                   3.0000000000               73145.9978318463 
                 26.5000000000                   3.5000000000               85675.2438456269 
                 26.5000000000                   4.0000000000               98399.0732675786 
                 26.5000000000                   4.5000000000              110925.6656554820 
                 26.5000000000                   5.0000000000              122689.0633899290 
                 26.5000000000                   5.5000000000              133820.6184018214 
                 26.5000000000                   6.0000000000              144543.2227819523 
                 26.5000000000                   6.5000000000              155101.2392782453 
                 26.5000000000                   7.0000000000              165884.6010497242 
                 26.5000000000                   7.5000000000              177038.2982541325 
                 26.5000000000                   8.0000000000              188571.9552710020 
                 26.5000000000                   8.5000000000              200457.0222906105 
                 26.5000000000                   9.0000000000              212503.1881246919 
                 26.5000000000                   9.5000000000              224626.9445927606 
                 26.5000000000                  10.0000000000              236872.8924261700 
                 26.5000000000                  10.5000000000              249289.2771434603 
                 26.5000000000                  11.0000000000              262048.4364233129 
                 26.5000000000                  11.5000000000              275217.9731121335 
                 26.5000000000                  12.0000000000              288660.7698140719 
                 26.5000000000                  12.5000000000              302147.2933713280 
                 26.5000000000                  13.0000000000              316022.7595133286 
                 26.5000000000                  13.5000000000              330853.6764514470 
                 26.5000000000                  14.0000000000              346875.7939657373 
                 26.5000000000                  14.5000000000              365156.1423881353 
                 26.5000000000                  15.0000000000              385830.0080808144 
                 26.5000000000                  15.5000000000              408340.9664619160 
                 26.5000000000                  16.0000000000              433451.1874990484 
                 26.5000000000                  16.5000000000              462286.2096145125 
                 26.5000000000                  17.0000000000              494317.1809522462 
                 26.5000000000                  17.5000000000              527906.2297878413 
                 26.5000000000                  18.0000000000              562846.5591642407 
                 26.5000000000                  18.5000000000              600082.7883834543 
                 26.5000000000                  19.0000000000              639511.3728228287 
                 26.5000000000                  19.5000000000              679785.9562883939 
                 26.5000000000                  20.0000000000              720927.4920055944 
                 26.5000000000                  20.5000000000              763605.4928293471 
                 26.5000000000                  21.0000000000              808536.7236972325 
                 26.5000000000                  21.5000000000              857494.8137088143 
                 26.5000000000                  22.0000000000              911077.2836992656 
                 26.5000000000                  22.5000000000              967786.2273463596 
                 26.5000000000                  23.0000000000             1015619.2647639056 
                 26.5000000000                  23.5000000000             1041414.8316354471 
                 26.5000000000                  24.0000000000             1051972.5294557703 
                 26.5000000000                  24.5000000000             1057454.9776905521 
                 26.5000000000                  25.0000000000             1060290.3133876533 
                 26.5000000000                  25.5000000000             1061385.5340030484 
                 26.5000000000                  26.0000000000             1059408.3947483988 
                 26.5000000000                  26.5000000000             1052373.9606288455 
                 26.5000000000                  27.0000000000             1031299.8246781924 
                 26.5000000000                  27.5000000000              989217.2079237995 
                 26.5000000000                  28.0000000000              933922.3312064838 
                 26.5000000000                  28.5000000000              872723.9787885291 
                 26.5000000000                  29.0000000000              802931.4376733974 
                 26.5000000000                  29.5000000000              726973.7220369858 
                 26.5000000000                  30.0000000000              655257.9573773250 
                 26.5000000000                  30.5000000000              590265.4427756335 
                 26.5000000000                  31.0000000000              528961.4167638923 
                 26.5000000000                  31.5000000000              471997.0792767359 
                 26.5000000000                  32.0000000000              421978.5881071158 
                 26.5000000000                  32.5000000000              378980.5547237789 
                 26.5000000000                  33.0000000000              341578.3658183392 
                 26.5000000000                  33.5000000000              308621.5931301244 
                 26.5000000000                  34.0000000000              278015.5468913501 
                 26.5000000000                  34.5000000000              248279.7479340607 
                 26.5000000000                  35.0000000000              218338.4160122369 
                 26.5000000000                  35.5000000000              187719.6344070137 
                 26.5000000000                  36.0000000000              160809.6919370746 
                 26.5000000000                  36.5000000000              139767.3602380940 
                 26.5000000000                  37.0000000000              122363.4729471422 
                 26.5000000000                  37.5000000000              108068.7407922502 
                 26.5000000000                  38.0000000000               97332.8797146753 
                 26.5000000000                  38.5000000000               89864.4905050280 
                 26.5000000000                  39.0000000000               84348.2921216985 
                 26.5000000000                  39.5000000000               80150.8277102588 
                 26.5000000000                  40.0000000000               76474.0292782740 
                 26.5000000000                  40.5000000000               72681.9272506180 
                 26.5000000000                  41.0000000000               68774.4056759949 
                 26.5000000000                  41.5000000000               64791.6840616957 
                 26.5000000000                  42.0000000000               60870.7527535283 
                 26.5000000000                  42.5000000000               57211.6355385652 
                 26.5000000000                  43.0000000000               53845.5423544222 
                 26.5000000000                  43.5000000000               50718.3764828727 
                 26.5000000000                  44.0000000000               47804.6304787069 
                 26.5000000000                  44.5000000000               45119.8189029209 
                 26.5000000000                  45.0000000000               42626.6942369456 
                 26.5000000000                  45.5000000000               40291.9352051874 
                 26.5000000000                  46.0000000000               37926.8230292032 
                 26.5000000000                  46.5000000000               34929.4823083941 
                 26.5000000000                  47.0000000000               30902.1145480035 
                 26.5000000000                  47.5000000000               25730.4682390454 
                 26.5000000000                  48.0000000000               19468.8908151117 
                 26.5000000000                  48.5000000000               13308.3004290168 
                 26.5000000000                  49.0000000000                8130.4713379604 
                 26.5000000000                  49.5000000000                3744.0739727858 
                 26.5000000000                  50.0000000000                   0.0000000000 
                 27.0000000000                   0.0000000000                   0.0000000000 
                 27.0000000000                   0.5000000000               11548.4688253499 
                 27.0000000000                   1.0000000000               23238.4997394926 
                 27.0000000000                   1.5000000000               35061.2485009847 
                 27.0000000000                   2.0000000000               47039.6397411882 
                 27.0000000000                   2.5000000000               59158.9342682684 
                 27.0000000000                   3.0000000000               71399.6885869038 
                 27.0000000000                   3.5000000000               83784.0216797060 
                 27.0000000000                   4.0000000000               96437.7973660248 
                 27.0000000000                   4.5000000000              109013.2170961886 
                 27.0000000000                   5.0000000000              120947.7107550798 
                 27.0000000000                   5.5000000000              132318.4434282778 
                 27.0000000000                   6.0000000000              143338.6632554350 
                 27.0000000000                   6.5000000000              154216.8928183313 
                 27.0000000000                   7.0000000000              165257.5917206588 
                 27.0000000000                   7.5000000000              176595.6516773356 
                 27.0000000000                   8.0000000000              188258.9443897212 
                 27.0000000000                   8.5000000000              200237.9201119285 
                 27.0000000000                   9.0000000000              212418.9996217968 
                 27.0000000000                   9.5000000000              224753.4931544363 
                 27.0000000000                  10.0000000000              237284.8476520702 
                 27.0000000000                  10.5000000000              250054.5138251583 
                 27.0000000000                  11.0000000000              263065.3295257285 
                 27.0000000000                  11.5000000000              276268.1873507396 
                 27.0000000000                  12.0000000000              289548.2313103736 
                 27.0000000000                  12.5000000000              302642.1512414749 
                 27.0000000000                  13.0000000000              315982.8282987513 
                 27.0000000000                  13.5000000000              330183.1183897195 
                 27.0000000000                  14.0000000000              345334.7097382620 
                 27.0000000000                  14.5000000000              362457.5522021198 
                 27.0000000000                  15.0000000000              381952.1554487930 
                 27.0000000000                  15.5000000000              403606.6651278452 
                 27.0000000000                  16.0000000000              428464.1429367490 
                 27.0000000000                  16.5000000000              457952.3063726678 
                 27.0000000000                  17.0000000000              491418.0127952824 
                 27.0000000000                  17.5000000000              526776.0167568738 
                 27.0000000000                  18.0000000000              563514.6736574395 
                 27.0000000000                  18.5000000000              603141.3352287267 
                 27.0000000000                  19.0000000000              644605.4618292532 
                 27.0000000000                  19.5000000000              684501.4395219453 
                 27.0000000000                  20.0000000000              723316.7570353901 
                 27.0000000000                  20.5000000000              762523.5020180874 
                 27.0000000000                  21.0000000000              803050.8848236415 
                 27.0000000000                  21.5000000000              847288.8832215853 
                 27.0000000000                  22.0000000000              895665.7727189960 
                 27.0000000000                  22.5000000000              947640.1193260862 
                 27.0000000000                  23.0000000000              995562.2431016826 
                 27.0000000000                  23.5000000000             1025455.6683614900 
                 27.0000000000                  24.0000000000             1039342.6887301219 
                 27.0000000000                  24.5000000000             1046562.0041644131 
                 27.0000000000                  25.0000000000             1049854.4022870013 
                 27.0000000000                  25.5000000000             1050242.3273710646 
                 27.0000000000                  26.0000000000             1046296.2717864822 
                 27.0000000000                  26.5000000000             1036037.5529193862 
                 27.0000000000                  27.0000000000             1009465.4874591236 
                 27.0000000000                  27.5000000000              961005.8839433041 
                 27.0000000000                  28.0000000000              901870.8834386967 
                 27.0000000000                  28.5000000000              838814.6049117937 
                 27.0000000000                  29.0000000000              768998.0935355325 
                 27.0000000000                  29.5000000000              694915.4069120653 
                 27.0000000000                  30.0000000000              623885.4870558877 
                 27.0000000000                  30.5000000000              557686.8276183798 
                 27.0000000000                  31.0000000000              494417.1104563030 
                 27.0000000000                  31.5000000000              435290.0948926266 
                 27.0000000000                  32.0000000000              384293.9006881030 
                 27.0000000000                  32.5000000000              342093.9415052012 
                 27.0000000000                  33.0000000000              306916.1606815365 
                 27.0000000000                  33.5000000000              277178.2098483970 
                 27.0000000000                  34.0000000000              250017.9286872561 
                 27.0000000000                  34.5000000000              223526.2850369218 
                 27.0000000000                  35.0000000000              196606.0106024024 
                 27.0000000000                  35.5000000000              169124.0249583899 
                 27.0000000000                  36.0000000000              146028.6940045906 
                 27.0000000000                  36.5000000000              128918.2412255769 
                 27.0000000000                  37.0000000000              114952.9808520732 
                 27.0000000000                  37.5000000000              103627.1828546913 
                 27.0000000000                  38.0000000000               94661.6383980926 
                 27.0000000000                  38.5000000000               87697.0485264673 
                 27.0000000000                  39.0000000000               82187.4211494424 
                 27.0000000000                  39.5000000000               77746.8165071350 
                 27.0000000000                  40.0000000000               73777.7199129999 
                 27.0000000000                  40.5000000000               69773.3111593463 
                 27.0000000000                  41.0000000000               65715.5674186140 
                 27.0000000000                  41.5000000000               61620.3372080881 
                 27.0000000000                  42.0000000000               57623.4069788553 
                 27.0000000000                  42.5000000000               53934.8994460719 
                 27.0000000000                  43.0000000000               50585.9062856723 
                 27.0000000000                  43.5000000000               47508.2646165456 
                 27.0000000000                  44.0000000000               44671.3437565585 
                 27.0000000000                  44.5000000000               42079.7751213888 
                 27.0000000000                  45.0000000000               39665.1205960591 
                 27.0000000000                  45.5000000000               37367.2402805607 
                 27.0000000000                  46.0000000000               35012.3864949994 
                 27.0000000000                  46.5000000000               32113.3645686188 
                 27.0000000000                  47.0000000000               28384.9601980312 
                 27.0000000000                  47.5000000000               23842.6250722278 
                 27.0000000000                  48.0000000000               18640.3049108743 
                 27.0000000000                  48.5000000000               13376.0899294944 
                 27.0000000000                  49.0000000000                8528.2496536945 
                 27.0000000000                  49.5000000000                4116.3519386809 
                 27.0000000000                  50.0000000000                   0.0000000000 
                 27.5000000000                   0.0000000000                   0.0000000000 
                 27.5000000000                   0.5000000000               11243.3964615063 
                 27.5000000000                   1.0000000000               22625.0072116510 
                 27.5000000000                   1.5000000000               34133.3928384457 
                 27.5000000000                   2.0000000000               45782.1414480492 
                 27.5000000000                   2.5000000000               57577.5084534585 
                 27.5000000000                   3.0000000000               69531.2902759256 
                 27.5000000000                   3.5000000000               81672.0888745627 
                 27.5000000000                   4.0000000000               94120.3805783390 
                 27.5000000000                   4.5000000000              106603.5052145372 
                 27.5000000000                   5.0000000000              118621.6795188309 
                 27.5000000000                   5.5000000000              130191.3388023173 
                 27.5000000000                   6.0000000000              141483.6274991056 
                 27.5000000000                   6.5000000000              152662.0946843899 
                 27.5000000000                   7.0000000000              163955.1940964757 
                 27.5000000000                   7.5000000000              175479.5906825131 
                 27.5000000000                   8.0000000000              187274.4571327814 
                 27.5000000000                   8.5000000000              199355.2939077486 
                 27.5000000000                   9.0000000000              211679.9571478065 
                 27.5000000000                   9.5000000000              224231.2160813545 
                 27.5000000000                  10.0000000000              237046.4183702600 
                 27.5000000000                  10.5000000000              250148.2054436562 
                 27.5000000000                  11.0000000000              263429.7393714717 
                 27.5000000000                  11.5000000000              276786.6886700253 
                 27.5000000000                  12.0000000000              290152.4495126280 
                 27.5000000000                  12.5000000000              303328.7263231316 
                 27.5000000000                  13.0000000000              316667.6915549618 
                 27.5000000000                  13.5000000000              330585.8395559902 
                 27.5000000000                  14.0000000000              345065.9633447033 
                 27.5000000000                  14.5000000000              360537.0296461766 
                 27.5000000000                  15.0000000000              377686.2616079975 
                 27.5000000000                  15.5000000000              397357.2960049894 
                 27.5000000000                  16.0000000000              420798.2538533639 
                 27.5000000000                  16.5000000000              450428.3672154968 
                 27.5000000000                  17.0000000000              485733.1006785088 
                 27.5000000000                  17.5000000000              522927.8633395518 
                 27.5000000000                  18.0000000000              561009.8388060754 
                 27.5000000000                  18.5000000000              602036.6601818890 
                 27.5000000000                  19.0000000000              644170.7942012399 
                 27.5000000000                  19.5000000000              682955.1883148528 
                 27.5000000000                  20.0000000000              719320.9865538829 
                 27.5000000000                  20.5000000000              755274.5998546882 
                 27.5000000000                  21.0000000000              791892.9862839476 
                 27.5000000000                  21.5000000000              831879.2159653865 
                 27.5000000000                  22.0000000000              875749.9299566395 
                 27.5000000000                  22.5000000000              922843.5194810175 
                 27.5000000000                  23.0000000000              968669.1769103289 
                 27.5000000000                  23.5000000000             1000910.8817146573 
                 27.5000000000                  24.0000000000             1017969.8626104015 
                 27.5000000000                  24.5000000000             1027013.6153490646 
                 27.5000000000                  25.0000000000             1030579.4183912735 
                 27.5000000000                  25.5000000000             1029391.5635907823 
                 27.5000000000                  26.0000000000             1021868.3562556256 
                 27.5000000000                  26.5000000000             1005898.9950882595 
                 27.5000000000                  27.0000000000              971704.3369412345 
                 27.5000000000                  27.5000000000              917754.4252512668 
                 27.5000000000                  28.0000000000              857712.6575475377 
                 27.5000000000                  28.5000000000              795807.1873482348 
                 27.5000000000                  29.0000000000              728286.5389247953 
                 27.5000000000                  29.5000000000              656997.0948563087 
                 27.5000000000                  30.0000000000              587607.5637069072 
                 27.5000000000                  30.5000000000              521793.2780290393 
                 27.5000000000                  31.0000000000              457540.4661642401 
                 27.5000000000                  31.5000000000              397094.0581925391 
                 27.5000000000                  32.0000000000              346896.8363087738 
                 27.5000000000                  32.5000000000              307305.5097479274 
                 27.5000000000                  33.0000000000              275406.0814633109 
                 27.5000000000                  33.5000000000              249257.1070831540 
                 27.5000000000                  34.0000000000              225419.2351182129 
                 27.5000000000                  34.5000000000              201967.8895627309 
                 27.5000000000                  35.0000000000              178345.0374282843 
                 27.5000000000                  35.5000000000              154792.1103603965 
                 27.5000000000                  36.0000000000              135304.7468459148 
                 27.5000000000                  36.5000000000              120924.1815959149 
                 27.5000000000                  37.0000000000              109284.7140219444 
                 27.5000000000                  37.5000000000               99855.0281319405 
                 27.5000000000                  38.0000000000               92082.4425886789 
                 27.5000000000                  38.5000000000               85564.2186713377 
                 27.5000000000                  39.0000000000               80076.5299359126 
                 27.5000000000                  39.5000000000               75392.3271118484 
                 27.5000000000                  40.0000000000               71107.7125916065 
                 27.5000000000                  40.5000000000               66868.5222205279 
                 27.5000000000                  41.0000000000               62644.4038534897 
                 27.5000000000                  41.5000000000               58418.9595828183 
                 27.5000000000                  42.0000000000               54335.4309880186 
                 27.5000000000                  42.5000000000               50633.2213398800 
                 27.5000000000                  43.0000000000               47336.9749923408 
                 27.5000000000                  43.5000000000               44382.7145454282 
                 27.5000000000                  44.0000000000               41724.4466321051 
                 27.5000000000                  44.5000000000               39292.1357085208 
                 27.5000000000                  45.0000000000               36992.8538516143 
                 27.5000000000                  45.5000000000               34779.2935342833 
                 27.5000000000                  46.0000000000               32505.6270015842 
                 27.5000000000                  46.5000000000               29774.1443654733 
                 27.5000000000                  47.0000000000               26360.7286219642 
                 27.5000000000                  47.5000000000               22302.1009931830 
                 27.5000000000                  48.0000000000               17718.7224882053 
                 27.5000000000                  48.5000000000               12998.2817017085 
                 27.5000000000                  49.0000000000                8467.4142338079 
                 27.5000000000                  49.5000000000                4167.6684482067 
                 27.5000000000                  50.0000000000                   0.0000000000 
                 28.0000000000                   0.0000000000                   0.0000000000 
                 28.0000000000                   0.5000000000               10982.5849954742 
                 28.0000000000                   1.0000000000               22073.3088202983 
                 28.0000000000                   1.5000000000               33269.2936474184 
                 28.0000000000                   2.0000000000               44579.0824597616 
                 28.0000000000                   2.5000000000               56028.8587799322 
                 28.0000000000                   3.0000000000               67657.8149134436 
                 28.0000000000                   3.5000000000               79496.4286365117 
                 28.0000000000                   4.0000000000               91641.9979094754 
                 28.0000000000                   4.5000000000              103902.2990413535 
                 28.0000000000                   5.0000000000              115884.0846951500 
                 28.0000000000                   5.5000000000              127560.2608023440 
                 28.0000000000                   6.0000000000              139041.6946024144 
                 28.0000000000                   6.5000000000              150443.1658475697 
                 28.0000000000                   7.0000000000              161936.2027283815 
                 28.0000000000                   7.5000000000              173617.5232835590 
                 28.0000000000                   8.0000000000              185524.2558941018 
                 28.0000000000                   8.5000000000              197694.5304174318 
                 28.0000000000                   9.0000000000              210154.4660417709 
                 28.0000000000                   9.5000000000              222918.4055250967 
                 28.0000000000                  10.0000000000              236016.3181614408 
                 28.0000000000                  10.5000000000              249457.3440966715 
                 28.0000000000                  11.0000000000              263075.4858044198 
                 28.0000000000                  11.5000000000              276748.9668886656 
                 28.0000000000                  12.0000000000              290476.1764762317 
                 28.0000000000                  12.5000000000              304172.7328113936 
                 28.0000000000                  13.0000000000              317875.0648634749 
                 28.0000000000                  13.5000000000              331620.2092012469 
                 28.0000000000                  14.0000000000              345417.7677102773 
                 28.0000000000                  14.5000000000              359309.9610341440 
                 28.0000000000                  15.0000000000              374169.3290520910 
                 28.0000000000                  15.5000000000              391545.2596322320 
                 28.0000000000                  16.0000000000              412671.8956255065 
                 28.0000000000                  16.5000000000              441389.8424865474 
                 28.0000000000                  17.0000000000              478152.5042336317 
                 28.0000000000                  17.5000000000              516836.1818168226 
                 28.0000000000                  18.0000000000              555407.1269656648 
                 28.0000000000                  18.5000000000              596385.2566460627 
                 28.0000000000                  19.0000000000              637709.9167696395 
                 28.0000000000                  19.5000000000              674994.8113750461 
                 28.0000000000                  20.0000000000              709162.3813849516 
                 28.0000000000                  20.5000000000              742228.0303183523 
                 28.0000000000                  21.0000000000              775372.7510396874 
                 28.0000000000                  21.5000000000              811411.1618461915 
                 28.0000000000                  22.0000000000              851134.0878534435 
                 28.0000000000                  22.5000000000              894011.5565707168 
                 28.0000000000                  23.0000000000              937020.9191026895 
                 28.0000000000                  23.5000000000              969672.1796799810 
                 28.0000000000                  24.0000000000              988850.0683205473 
                 28.0000000000                  24.5000000000              999347.3089527526 
                 28.0000000000                  25.0000000000             1002767.4297998843 
                 28.0000000000                  25.5000000000              999187.6102528418 
                 28.0000000000                  26.0000000000              986947.9711624291 
                 28.0000000000                  26.5000000000              963994.4021766008 
                 28.0000000000                  27.0000000000              923335.9289829833 
                 28.0000000000                  27.5000000000              868167.5475702492 
                 28.0000000000                  28.0000000000              810447.4800212672 
                 28.0000000000                  28.5000000000              751029.4752176993 
                 28.0000000000                  29.0000000000              686123.1571721713 
                 28.0000000000                  29.5000000000              617364.7948255481 
                 28.0000000000                  30.0000000000              550193.0533068501 
                 28.0000000000                  30.5000000000              486126.9458314836 
                 28.0000000000                  31.0000000000              422425.3471538203 
                 28.0000000000                  31.5000000000              362925.4082573795 
                 28.0000000000                  32.0000000000              316083.3657171721 
                 28.0000000000                  32.5000000000              280652.0945794727 
                 28.0000000000                  33.0000000000              252458.6147668574 
                 28.0000000000                  33.5000000000              229424.0567899555 
                 28.0000000000                  34.0000000000              208061.9448129137 
                 28.0000000000                  34.5000000000              186833.8051786663 
                 28.0000000000                  35.0000000000              165778.2422420842 
                 28.0000000000                  35.5000000000              145207.8713913212 
                 28.0000000000                  36.0000000000              128006.7303860761 
                 28.0000000000                  36.5000000000              115108.5300865276 
                 28.0000000000                  37.0000000000              104826.5840575847 
                 28.0000000000                  37.5000000000               96545.6429568631 
                 28.0000000000                  38.0000000000               89575.5508316629 
                 28.0000000000                  38.5000000000               83436.1832471930 
                 28.0000000000                  39.0000000000               77998.3706785880 
                 28.0000000000                  39.5000000000               73107.7723486816 
                 28.0000000000                  40.0000000000               68534.0039509255 
                 28.0000000000                  40.5000000000               64084.9892136097 
                 28.0000000000                  41.0000000000               59719.2031861474 
                 28.0000000000                  41.5000000000               55384.5850625091 
                 28.0000000000                  42.0000000000               51241.1426308107 
                 28.0000000000                  42.5000000000               47565.0899752710 
                 28.0000000000                  43.0000000000               44365.0863655507 
                 28.0000000000                  43.5000000000               41584.1992775023 
                 28.0000000000                  44.0000000000               39143.2388317266 
                 28.0000000000                  44.5000000000               36874.3558924031 
                 28.0000000000                  45.0000000000               34682.0909732859 
                 28.0000000000                  45.5000000000               32556.1766285215 
                 28.0000000000                  46.0000000000               30378.5154821417 
                 28.0000000000                  46.5000000000               27813.3361140484 
                 28.0000000000                  47.0000000000               24665.2876698011 
                 28.0000000000                  47.5000000000               20945.3303111560 
                 28.0000000000                  48.0000000000               16708.5372614277 
                 28.0000000000                  48.5000000000               12313.3274674993 
                 28.0000000000                  49.0000000000                8060.9500455176 
                 28.0000000000                  49.5000000000                3965.5695857859 
                 28.0000000000                  50.0000000000                   0.0000000000 
                 28.5000000000                   0.0000000000                   0.0000000000 
                 28.5000000000                   0.5000000000               10735.0951982252 
                 28.5000000000                   1.0000000000               21543.0614729605 
                 28.5000000000                   1.5000000000               32427.5332146338 
                 28.5000000000                   2.0000000000               43394.0110794567 
                 28.5000000000                   2.5000000000               54485.8927430548 
                 28.5000000000                   3.0000000000               65763.9305317492 
                 28.5000000000                   3.5000000000               77255.3736501339 
                 28.5000000000                   4.0000000000               89028.8919506082 
                 28.5000000000                   4.5000000000              100966.4210080752 
                 28.5000000000                   5.0000000000              112793.2933831924 
                 28.5000000000                   5.5000000000              124460.6356445869 
                 28.5000000000                   6.0000000000              136030.0360996859 
                 28.5000000000                   6.5000000000              147571.2798723872 
                 28.5000000000                   7.0000000000              159197.8914564378 
                 28.5000000000                   7.5000000000              170987.5264876220 
                 28.5000000000                   8.0000000000              182965.2998135628 
                 28.5000000000                   8.5000000000              195180.5946552959 
                 28.5000000000                   9.0000000000              207735.6373133736 
                 28.5000000000                   9.5000000000              220681.5952249283 
                 28.5000000000                  10.0000000000              234049.4507502468 
                 28.5000000000                  10.5000000000              247859.7573635827 
                 28.5000000000                  11.0000000000              261892.3147027834 
                 28.5000000000                  11.5000000000              276021.0862229069 
                 28.5000000000                  12.0000000000              290353.6261848822 
                 28.5000000000                  12.5000000000              304929.6967638421 
                 28.5000000000                  13.0000000000              319126.7043875558 
                 28.5000000000                  13.5000000000              332530.4810489451 
                 28.5000000000                  14.0000000000              345487.1189707481 
                 28.5000000000                  14.5000000000              358041.6152818035 
                 28.5000000000                  15.0000000000              371179.6791204472 
                 28.5000000000                  15.5000000000              386600.9203621480 
                 28.5000000000                  16.0000000000              405323.6952478462 
                 28.5000000000                  16.5000000000              432214.0983150870 
                 28.5000000000                  17.0000000000              469289.1597161629 
                 28.5000000000                  17.5000000000              508551.3509594069 
                 28.5000000000                  18.0000000000              546550.7223181836 
                 28.5000000000                  18.5000000000              586402.3790352698 
                 28.5000000000                  19.0000000000              626115.9537625659 
                 28.5000000000                  19.5000000000              661647.1797665688 
                 28.5000000000                  20.0000000000              693770.3869048975 
                 28.5000000000                  20.5000000000              724229.6581051528 
                 28.5000000000                  21.0000000000              754129.3609301294 
                 28.5000000000                  21.5000000000              786297.2236187051 
                 28.5000000000                  22.0000000000              821754.5969915350 
                 28.5000000000                  22.5000000000              860290.8686024724 
                 28.5000000000                  23.0000000000              900399.2932749429 
                 28.5000000000                  23.5000000000              933083.6218318485 
                 28.5000000000                  24.0000000000              953766.9891991699 
                 28.5000000000                  24.5000000000              965205.4016959936 
                 28.5000000000                  25.0000000000              967856.0902395927 
                 28.5000000000                  25.5000000000              960791.3825038507 
                 28.5000000000                  26.0000000000              942569.4116375815 
                 28.5000000000                  26.5000000000              912157.3304543472 
                 28.5000000000                  27.0000000000              867783.9453045223 
                 28.5000000000                  27.5000000000              815260.9162756463 
                 28.5000000000                  28.0000000000              761351.8353696027 
                 28.5000000000                  28.5000000000              704922.2795824651 
                 28.5000000000                  29.0000000000              643043.7814661487 
                 28.5000000000                  29.5000000000              577331.3232845434 
                 28.5000000000                  30.0000000000              513284.0610174173 
                 28.5000000000                  30.5000000000              452242.2293436859 
                 28.5000000000                  31.0000000000              390919.9856666549 
                 28.5000000000                  31.5000000000              334287.6194252855 
                 28.5000000000                  32.0000000000              291576.2884320197 
                 28.5000000000                  32.5000000000              259969.4456700819 
                 28.5000000000                  33.0000000000              234674.0097809614 
                 28.5000000000                  33.5000000000              213798.8357167465 
                 28.5000000000                  34.0000000000              194138.7147134313 
                 28.5000000000                  34.5000000000              174552.1501998824 
                 28.5000000000                  35.0000000000              155460.7027576710 
                 28.5000000000                  35.5000000000              137177.9797945679 
                 28.5000000000                  36.0000000000              121828.6266673905 
                 28.5000000000                  36.5000000000              110149.4714848790 
                 28.5000000000                  37.0000000000              100873.9329579363 
                 28.5000000000                  37.5000000000               93438.6933178555 
                 28.5000000000                  38.0000000000               87091.3124769337 
                 28.5000000000                  38.5000000000               81287.7193517488 
                 28.5000000000                  39.0000000000               75933.4202492134 
                 28.5000000000                  39.5000000000               70889.6542804263 
                 28.5000000000                  40.0000000000               66078.3672434659 
                 28.5000000000                  40.5000000000               61470.8475522933 
                 28.5000000000                  41.0000000000               57008.9653072250 
                 28.5000000000                  41.5000000000               52604.6489801681 
                 28.5000000000                  42.0000000000               48436.3892696937 
                 28.5000000000                  42.5000000000               44812.5586490018 
                 28.5000000000                  43.0000000000               41721.2448269715 
                 28.5000000000                  43.5000000000               39104.8470913694 
                 28.5000000000                  44.0000000000               36854.3820965190 
                 28.5000000000                  44.5000000000               34725.0130017814 
                 28.5000000000                  45.0000000000               32627.4880611960 
                 28.5000000000                  45.5000000000               30588.1233593960 
                 28.5000000000                  46.0000000000               28508.7686271168 
                 28.5000000000                  46.5000000000               26098.4362502622 
                 28.5000000000                  47.0000000000               23173.4940055389 
                 28.5000000000                  47.5000000000               19708.2233218140 
                 28.5000000000                  48.0000000000               15711.0643039656 
                 28.5000000000                  48.5000000000               11555.4794291334 
                 28.5000000000                  49.0000000000                7552.1086893633 
                 28.5000000000                  49.5000000000                3694.9332064354 
                 28.5000000000                  50.0000000000                   0.0000000000 
                 29.0000000000                   0.0000000000                   0.0000000000 
                 29.0000000000                   0.5000000000               10485.4152107487 
                 29.0000000000                   1.0000000000               21009.5915106079 
                 29.0000000000                   1.5000000000               31581.5605848591 
                 29.0000000000                   2.0000000000               42203.7077394342 
                 29.0000000000                   2.5000000000               52932.0616990002 
                 29.0000000000                   3.0000000000               63842.1355157452 
                 29.0000000000                   3.5000000000               74955.1006745631 
                 29.0000000000                   4.0000000000               86308.6300013787 
                 29.0000000000                   4.5000000000               97840.3684597951 
                 29.0000000000                   5.0000000000              109388.2294099936 
                 29.0000000000                   5.5000000000              120904.7037686238 
                 29.0000000000                   6.0000000000              132423.3459521467 
                 29.0000000000                   6.5000000000              143988.5513388226 
                 29.0000000000                   7.0000000000              155662.8161535459 
                 29.0000000000                   7.5000000000              167499.6694987674 
                 29.0000000000                   8.0000000000              179500.7584955593 
                 29.0000000000                   8.5000000000              191692.9251011198 
                 29.0000000000                   9.0000000000              204237.5068058970 
                 29.0000000000                   9.5000000000              217239.4236285963 
                 29.0000000000                  10.0000000000              230760.3625437492 
                 29.0000000000                  10.5000000000              244886.0260708309 
                 29.0000000000                  11.0000000000              259359.7193929499 
                 29.0000000000                  11.5000000000              274038.5421965535 
                 29.0000000000                  12.0000000000              289198.7816246733 
                 29.0000000000                  12.5000000000              305014.0838665739 
                 29.0000000000                  13.0000000000              319765.6470912717 
                 29.0000000000                  13.5000000000              332699.4251268819 
                 29.0000000000                  14.0000000000              344952.6938593232 
                 29.0000000000                  14.5000000000              356583.7537959815 
                 29.0000000000                  15.0000000000              368582.6673339629 
                 29.0000000000                  15.5000000000              382587.8486285147 
                 29.0000000000                  16.0000000000              399329.7123681532 
                 29.0000000000                  16.5000000000              423861.1972919650 
                 29.0000000000                  17.0000000000              459628.2829790227 
                 29.0000000000                  17.5000000000              497914.0639180148 
                 29.0000000000                  18.0000000000              534158.8589485380 
                 29.0000000000                  18.5000000000              571887.5959861670 
                 29.0000000000                  19.0000000000              609474.6524394758 
                 29.0000000000                  19.5000000000              643371.0765435619 
                 29.0000000000                  20.0000000000              673869.2259452366 
                 29.0000000000                  20.5000000000              702185.5423567244 
                 29.0000000000                  21.0000000000              729075.8905806962 
                 29.0000000000                  21.5000000000              757084.8853543738 
                 29.0000000000                  22.0000000000              787381.1570769482 
                 29.0000000000                  22.5000000000              819894.9258310786 
                 29.0000000000                  23.0000000000              854587.4865630339 
                 29.0000000000                  23.5000000000              885328.4933292652 
                 29.0000000000                  24.0000000000              906522.7727811898 
                 29.0000000000                  24.5000000000              918206.5917150339 
                 29.0000000000                  25.0000000000              919361.5316608275 
                 29.0000000000                  25.5000000000              908198.0942752998 
                 29.0000000000                  26.0000000000              884734.2125213572 
                 29.0000000000                  26.5000000000              850230.8613363616 
                 29.0000000000                  27.0000000000              807223.4256627965 
                 29.0000000000                  27.5000000000              760103.6213341730 
                 29.0000000000                  28.0000000000              710411.1394705145 
                 29.0000000000                  28.5000000000              657301.9845696737 
                 29.0000000000                  29.0000000000              598894.0850429011 
                 29.0000000000                  29.5000000000              537174.4059561053 
                 29.0000000000                  30.0000000000              477469.8246432666 
                 29.0000000000                  30.5000000000              420774.7325314301 
                 29.0000000000                  31.0000000000              363686.7173184031 
                 29.0000000000                  31.5000000000              311477.5888406747 
                 29.0000000000                  32.0000000000              272881.1082456265 
                 29.0000000000                  32.5000000000              244164.0907836934 
                 29.0000000000                  33.0000000000              220690.1147559080 
                 29.0000000000                  33.5000000000              200879.9089612384 
                 29.0000000000                  34.0000000000              181993.2810729597 
                 29.0000000000                  34.5000000000              163373.3379825052 
                 29.0000000000                  35.0000000000              145740.6002104762 
                 29.0000000000                  35.5000000000              129420.4623376632 
                 29.0000000000                  36.0000000000              115842.4337084750 
                 29.0000000000                  36.5000000000              105376.8944297364 
                 29.0000000000                  37.0000000000               97027.7060230585 
                 29.0000000000                  37.5000000000               90319.8495843402 
                 29.0000000000                  38.0000000000               84509.9710914665 
                 29.0000000000                  38.5000000000               79032.6108062485 
                 29.0000000000                  39.0000000000               73810.5791378775 
                 29.0000000000                  39.5000000000               68699.3680547873 
                 29.0000000000                  40.0000000000               63746.0723479331 
                 29.0000000000                  40.5000000000               59060.9881099339 
                 29.0000000000                  41.0000000000               54565.1488829012 
                 29.0000000000                  41.5000000000               50141.4690335795 
                 29.0000000000                  42.0000000000               45984.5216939445 
                 29.0000000000                  42.5000000000               42424.4910480388 
                 29.0000000000                  43.0000000000               39425.6740193855 
                 29.0000000000                  43.5000000000               36922.3432337775 
                 29.0000000000                  44.0000000000               34785.4679552024 
                 29.0000000000                  44.5000000000               32734.9097519043 
                 29.0000000000                  45.0000000000               30703.4378419282 
                 29.0000000000                  45.5000000000               28746.9692566125 
                 29.0000000000                  46.0000000000               26780.7112974050 
                 29.0000000000                  46.5000000000               24533.1356659685 
                 29.0000000000                  47.0000000000               21816.3207940012 
                 29.0000000000                  47.5000000000               18578.0437643762 
                 29.0000000000                  48.0000000000               14796.3722509316 
                 29.0000000000                  48.5000000000               10860.5166640691 
                 29.0000000000                  49.0000000000                7087.8380323373 
                 29.0000000000                  49.5000000000                3452.5596702362 
                 29.0000000000                  50.0000000000                   0.0000000000 
                 29.5000000000                   0.0000000000                   0.0000000000 
                 29.5000000000                   0.5000000000               10220.6140332021 
                 29.5000000000                   1.0000000000               20453.8250674653 
                 29.5000000000                   1.5000000000               30710.6807480299 
                 29.5000000000                   2.0000000000               40991.0138212698 
                 29.5000000000                   2.5000000000               51357.5915341319 
                 29.5000000000                   3.0000000000               61893.0817116542 
                 29.5000000000                   3.5000000000               72611.0744265631 
                 29.5000000000                   4.0000000000               83525.0172733551 
                 29.5000000000                   4.5000000000               94605.4680823982 
                 29.5000000000                   5.0000000000              105772.6306973616 
                 29.5000000000                   5.5000000000              116997.2849462678 
                 29.5000000000                   6.0000000000              128302.4660674693 
                 29.5000000000                   6.5000000000              139731.3258467909 
                 29.5000000000                   7.0000000000              151329.3997428897 
                 29.5000000000                   7.5000000000              163127.8967587370 
                 29.5000000000                   8.0000000000              175110.1620566508 
                 29.5000000000                   8.5000000000              187252.5500323152 
                 29.5000000000                   9.0000000000              199686.0533416341 
                 29.5000000000                   9.5000000000              212564.0267088278 
                 29.5000000000                  10.0000000000              226025.3305406345 
                 29.5000000000                  10.5000000000              240252.4428521190 
                 29.5000000000                  11.0000000000              255033.8591127819 
                 29.5000000000                  11.5000000000              270231.6346805975 
                 29.5000000000                  12.0000000000              286229.2091535844 
                 29.5000000000                  12.5000000000              303222.8377282334 
                 29.5000000000                  13.0000000000              318638.4647032976 
                 29.5000000000                  13.5000000000              331482.7638288276 
                 29.5000000000                  14.0000000000              343459.6813879431 
                 29.5000000000                  14.5000000000              354669.5476765051 
                 29.5000000000                  15.0000000000              366080.8779000942 
                 29.5000000000                  15.5000000000              379232.6248642482 
                 29.5000000000                  16.0000000000              394779.8728389002 
                 29.5000000000                  16.5000000000              417262.7031838550 
                 29.5000000000                  17.0000000000              449976.9430424668 
                 29.5000000000                  17.5000000000              485221.3443674843 
                 29.5000000000                  18.0000000000              518717.4685451473 
                 29.5000000000                  18.5000000000              553349.8845948519 
                 29.5000000000                  19.0000000000              588212.6511596092 
                 29.5000000000                  19.5000000000              620566.8283031594 
                 29.5000000000                  20.0000000000              649891.2595523219 
                 29.5000000000                  20.5000000000              676617.0771754876 
                 29.5000000000                  21.0000000000              700930.9579636956 
                 29.5000000000                  21.5000000000              724700.7402127966 
                 29.5000000000                  22.0000000000              749112.9625583254 
                 29.5000000000                  22.5000000000              774263.9221551126 
                 29.5000000000                  23.0000000000              800648.1870684512 
                 29.5000000000                  23.5000000000              825255.5533799266 
                 29.5000000000                  24.0000000000              843495.8771541507 
                 29.5000000000                  24.5000000000              853197.5139790628 
                 29.5000000000                  25.0000000000              852234.3217544454 
                 29.5000000000                  25.5000000000              839135.5703034404 
                 29.5000000000                  26.0000000000              815162.5611555902 
                 29.5000000000                  26.5000000000              782798.4495364673 
                 29.5000000000                  27.0000000000              745277.4405329800 
                 29.5000000000                  27.5000000000              704076.4782014327 
                 29.5000000000                  28.0000000000              658524.4248277008 
                 29.5000000000                  28.5000000000              608940.1137036367 
                 29.5000000000                  29.0000000000              554701.6581724854 
                 29.5000000000                  29.5000000000              498223.2626911959 
                 29.5000000000                  30.0000000000              443927.5548820212 
                 29.5000000000                  30.5000000000              392402.0506671277 
                 29.5000000000                  31.0000000000              341113.9034028577 
                 29.5000000000                  31.5000000000              294409.7439947853 
                 29.5000000000                  32.0000000000              259062.8308218118 
                 29.5000000000                  32.5000000000              231871.2688403006 
                 29.5000000000                  33.0000000000              208948.6150807342 
                 29.5000000000                  33.5000000000              188906.7630288094 
                 29.5000000000                  34.0000000000              169909.1474539933 
                 29.5000000000                  34.5000000000              151910.2577489301 
                 29.5000000000                  35.0000000000              135651.3011905488 
                 29.5000000000                  35.5000000000              121399.5761027361 
                 29.5000000000                  36.0000000000              109743.2382059738 
                 29.5000000000                  36.5000000000              100560.3803156726 
                 29.5000000000                  37.0000000000               93140.9902662171 
                 29.5000000000                  37.5000000000               87107.4449868947 
                 29.5000000000                  38.0000000000               81788.1766422268 
                 29.5000000000                  38.5000000000               76648.1931753044 
                 29.5000000000                  39.0000000000               71620.2090523398 
                 29.5000000000                  39.5000000000               66573.7292949908 
                 29.5000000000                  40.0000000000               61624.6851805970 
                 29.5000000000                  40.5000000000               56950.8339771388 
                 29.5000000000                  41.0000000000               52474.8756194808 
                 29.5000000000                  41.5000000000               48074.2409307104 
                 29.5000000000                  42.0000000000               43950.6368529105 
                 29.5000000000                  42.5000000000               40437.9743616221 
                 29.5000000000                  43.0000000000               37488.2189277344 
                 29.5000000000                  43.5000000000               35008.4809638856 
                 29.5000000000                  44.0000000000               32864.2394392286 
                 29.5000000000                  44.5000000000               30823.3032391989 
                 29.5000000000                  45.0000000000               28844.5808736301 
                 29.5000000000                  45.5000000000               26988.9840124200 
                 29.5000000000                  46.0000000000               25180.5527317215 
                 29.5000000000                  46.5000000000               23119.9906000147 
                 29.5000000000                  47.0000000000               20603.7559676333 
                 29.5000000000                  47.5000000000               17588.3904317186 
                 29.5000000000                  48.0000000000               14050.2290431008 
                 29.5000000000                  48.5000000000               10350.1799691891 
                 29.5000000000                  49.0000000000                6780.5174303178 
                 29.5000000000                  49.5000000000                3315.9329523688 
                 29.5000000000                  50.0000000000                   0.0000000000 
                 30.0000000000                   0.0000000000                   0.0000000000 
                 30.0000000000                   0.5000000000                9937.2739459464 
                 30.0000000000                   1.0000000000               19869.3723212054 
                 30.0000000000                   1.5000000000               29807.6501921444 
                 30.0000000000                   2.0000000000               39749.5897196510 
                 30.0000000000                   2.5000000000               49759.9518081318 
                 30.0000000000                   3.0000000000               59922.2923481601 
                 30.0000000000                   3.5000000000               70241.1226150509 
                 30.0000000000                   4.0000000000               80711.7523944176 
                 30.0000000000                   4.5000000000               91323.3693141275 
                 30.0000000000                   5.0000000000              102047.6050996510 
                 30.0000000000                   5.5000000000              112872.8989557134 
                 30.0000000000                   6.0000000000              123817.5986579031 
                 30.0000000000                   6.5000000000              134935.3236927930 
                 30.0000000000                   7.0000000000              146292.7199965005 
                 30.0000000000                   7.5000000000              157921.6859685979 
                 30.0000000000                   8.0000000000              169812.3526927579 
                 30.0000000000                   8.5000000000              181900.9530145416 
                 30.0000000000                   9.0000000000              194192.0749405337 
                 30.0000000000                   9.5000000000              206838.0560066670 
                 30.0000000000                  10.0000000000              220076.7112398160 
                 30.0000000000                  10.5000000000              234166.7397631370 
                 30.0000000000                  11.0000000000              249014.5372500771 
                 30.0000000000                  11.5000000000              264535.7594746053 
                 30.0000000000                  12.0000000000              281079.9422939157 
                 30.0000000000                  12.5000000000              298803.4144637234 
                 30.0000000000                  13.0000000000              314991.4142107841 
                 30.0000000000                  13.5000000000              328373.3059602418 
                 30.0000000000                  14.0000000000              340565.6009503833 
                 30.0000000000                  14.5000000000              351778.5779532275 
                 30.0000000000                  15.0000000000              362983.4157571823 
                 30.0000000000                  15.5000000000              375669.5970011160 
                 30.0000000000                  16.0000000000              390616.2255889428 
                 30.0000000000                  16.5000000000              411532.3107771726 
                 30.0000000000                  17.0000000000              440351.3134480019 
                 30.0000000000                  17.5000000000              471321.2422706017 
                 30.0000000000                  18.0000000000              501494.3324048458 
                 30.0000000000                  18.5000000000              532443.3680820203 
                 30.0000000000                  19.0000000000              563893.8215052532 
                 30.0000000000                  19.5000000000              594192.7663034440 
                 30.0000000000                  20.0000000000              622223.1086621906 
                 30.0000000000                  20.5000000000              647543.3038030674 
                 30.0000000000                  21.0000000000              669720.9018570575 
                 30.0000000000                  21.5000000000              689774.6547711472 
                 30.0000000000                  22.0000000000              708878.7419780525 
                 30.0000000000                  22.5000000000              727513.0853144161 
                 30.0000000000                  23.0000000000              746401.4795018652 
                 30.0000000000                  23.5000000000              764316.6992395790 
                 30.0000000000                  24.0000000000              778020.4916979232 
                 30.0000000000                  24.5000000000              784689.1735816761 
                 30.0000000000                  25.0000000000              781819.9402760285 
                 30.0000000000                  25.5000000000              768497.2847225121 
                 30.0000000000                  26.0000000000              746373.1908104342 
                 30.0000000000                  26.5000000000              717776.5408499953 
                 30.0000000000                  27.0000000000              685124.0789498166 
                 30.0000000000                  27.5000000000              648594.0405258283 
                 30.0000000000                  28.0000000000              607222.0859831061 
                 30.0000000000                  28.5000000000              561777.5977094879 
                 30.0000000000                  29.0000000000              512650.4814797073 
                 30.0000000000                  29.5000000000              462164.3784221088 
                 30.0000000000                  30.0000000000              413545.9337023553 
                 30.0000000000                  30.5000000000              367275.0584057671 
                 30.0000000000                  31.0000000000              322106.1198263440 
                 30.0000000000                  31.5000000000              280810.7500016710 
                 30.0000000000                  32.0000000000              247679.6732911965 
                 30.0000000000                  32.5000000000              220839.3734960724 
                 30.0000000000                  33.0000000000              197295.2103972290 
                 30.0000000000                  33.5000000000              175946.9563913579 
                 30.0000000000                  34.0000000000              156531.2958847940 
                 30.0000000000                  34.5000000000              139524.8119260542 
                 30.0000000000                  35.0000000000              125105.6541533652 
                 30.0000000000                  35.5000000000              113214.5751913590 
                 30.0000000000                  36.0000000000              103581.2037155251 
                 30.0000000000                  36.5000000000               95722.6354456852 
                 30.0000000000                  37.0000000000               89238.4540919618 
                 30.0000000000                  37.5000000000               83853.5628456584 
                 30.0000000000                  38.0000000000               79006.4223727845 
                 30.0000000000                  38.5000000000               74224.9136682155 
                 30.0000000000                  39.0000000000               69452.6068278173 
                 30.0000000000                  39.5000000000               64590.1265284297 
                 30.0000000000                  40.0000000000               59768.1098910284 
                 30.0000000000                  40.5000000000               55172.4911746279 
                 30.0000000000                  41.0000000000               50750.5171688678 
                 30.0000000000                  41.5000000000               46393.3002110083 
                 30.0000000000                  42.0000000000               42302.7426227002 
                 30.0000000000                  42.5000000000               38807.3539937414 
                 30.0000000000                  43.0000000000               35860.3236435657 
                 30.0000000000                  43.5000000000               33330.3744887404 
                 30.0000000000                  44.0000000000               31101.6858736781 
                 30.0000000000                  44.5000000000               29049.7252503428 
                 30.0000000000                  45.0000000000               27143.9537621837 
                 30.0000000000                  45.5000000000               25420.8784006390 
                 30.0000000000                  46.0000000000               23800.5154468487 
                 30.0000000000                  46.5000000000               21929.8435665345 
                 30.0000000000                  47.0000000000               19594.5020424211 
                 30.0000000000                  47.5000000000               16786.1563231755 
                 30.0000000000                  48.0000000000               13495.3327946536 
                 30.0000000000                  48.5000000000               10025.0178217449 
                 30.0000000000                  49.0000000000                6622.3537333005 
                 30.0000000000                  49.5000000000                3272.9053425273 
                 30.0000000000                  50.0000000000                   0.0000000000 
                 30.5000000000                   0.0000000000                   0.0000000000 
                 30.5000000000                   0.5000000000                9635.5960746795 
                 30.5000000000                   1.0000000000               19255.3645814829 
                 30.5000000000                   1.5000000000               28872.9111344711 
                 30.5000000000                   2.0000000000               38482.6284234537 
                 30.5000000000                   2.5000000000               48147.6693644845 
                 30.5000000000                   3.0000000000               57948.0822585791 
                 30.5000000000                   3.5000000000               67877.1634238997 
                 30.5000000000                   4.0000000000               77909.4905015731 
                 30.5000000000                   4.5000000000               88040.1289972410 
                 30.5000000000                   5.0000000000               98272.0424244419 
                 30.5000000000                   5.5000000000              108602.3767615908 
                 30.5000000000                   6.0000000000              119047.5791360843 
                 30.5000000000                   6.5000000000              129677.4634621267 
                 30.5000000000                   7.0000000000              140599.0158601043 
                 30.5000000000                   7.5000000000              151874.0550387956 
                 30.5000000000                   8.0000000000              163549.0570905275 
                 30.5000000000                   8.5000000000              175518.4692021241 
                 30.5000000000                   9.0000000000              187578.6463127944 
                 30.5000000000                   9.5000000000              199859.6040648904 
                 30.5000000000                  10.0000000000              212707.4315954989 
                 30.5000000000                  10.5000000000              226438.2429555277 
                 30.5000000000                  11.0000000000              241097.7969307245 
                 30.5000000000                  11.5000000000              256669.8892918643 
                 30.5000000000                  12.0000000000              273389.7104408485 
                 30.5000000000                  12.5000000000              291490.8487245327 
                 30.5000000000                  13.0000000000              308598.5030488136 
                 30.5000000000                  13.5000000000              323057.6795164533 
                 30.5000000000                  14.0000000000              335959.3949091441 
                 30.5000000000                  14.5000000000              347561.5823743081 
                 30.5000000000                  15.0000000000              358813.6910343227 
                 30.5000000000                  15.5000000000              371193.7944575740 
                 30.5000000000                  16.0000000000              385620.9685353825 
                 30.5000000000                  16.5000000000              404748.5842823635 
                 30.5000000000                  17.0000000000              429528.3563553634 
                 30.5000000000                  17.5000000000              456230.5697540239 
                 30.5000000000                  18.0000000000              482938.6874077414 
                 30.5000000000                  18.5000000000              510112.5791759428 
                 30.5000000000                  19.0000000000              537794.4114183688 
                 30.5000000000                  19.5000000000              565348.3358799726 
                 30.5000000000                  20.0000000000              591529.5201779760 
                 30.5000000000                  20.5000000000              615292.5767167198 
                 30.5000000000                  21.0000000000              635501.9464555056 
                 30.5000000000                  21.5000000000              652297.3643434152 
                 30.5000000000                  22.0000000000              667002.4601909234 
                 30.5000000000                  22.5000000000              680559.4102903231 
                 30.5000000000                  23.0000000000              693965.8080586413 
                 30.5000000000                  23.5000000000              706976.5500194436 
                 30.5000000000                  24.0000000000              717067.5585678746 
                 30.5000000000                  24.5000000000              721408.7735197224 
                 30.5000000000                  25.0000000000              717163.5205754153 
                 30.5000000000                  25.5000000000              703534.3556903900 
                 30.5000000000                  26.0000000000              682771.2755013467 
                 30.5000000000                  26.5000000000              657011.4916190612 
                 30.5000000000                  27.0000000000              627987.9814948676 
                 30.5000000000                  27.5000000000              595414.6528981852 
                 30.5000000000                  28.0000000000              558238.2469307103 
                 30.5000000000                  28.5000000000              517316.4587861487 
                 30.5000000000                  29.0000000000              473552.5744840758 
                 30.5000000000                  29.5000000000              428913.1405724037 
                 30.5000000000                  30.0000000000              385656.0084319390 
                 30.5000000000                  30.5000000000              344315.9654535211 
                 30.5000000000                  31.0000000000              304620.7076038828 
                 30.5000000000                  31.5000000000              268140.6648187079 
                 30.5000000000                  32.0000000000              236959.2852347483 
                 30.5000000000                  32.5000000000              210059.7943344683 
                 30.5000000000                  33.0000000000              185208.9149827706 
                 30.5000000000                  33.5000000000              161943.7441487843 
                 30.5000000000                  34.0000000000              142274.4049755836 
                 30.5000000000                  34.5000000000              126891.5749781552 
                 30.5000000000                  35.0000000000              114711.5372285841 
                 30.5000000000                  35.5000000000              105197.2459122751 
                 30.5000000000                  36.0000000000               97484.4992362967 
                 30.5000000000                  36.5000000000               90929.9445154444 
                 30.5000000000                  37.0000000000               85361.2333184348 
                 30.5000000000                  37.5000000000               80610.5067861382 
                 30.5000000000                  38.0000000000               76229.3535247939 
                 30.5000000000                  38.5000000000               71818.5532898227 
                 30.5000000000                  39.0000000000               67341.8857766294 
                 30.5000000000                  39.5000000000               62725.6879282562 
                 30.5000000000                  40.0000000000               58096.0697423455 
                 30.5000000000                  40.5000000000               53629.5677283436 
                 30.5000000000                  41.0000000000               49293.6825618836 
                 30.5000000000                  41.5000000000               44996.6001173878 
                 30.5000000000                  42.0000000000               40942.9231336762 
                 30.5000000000                  42.5000000000               37459.7248829791 
                 30.5000000000                  43.0000000000               34506.2129359472 
                 30.5000000000                  43.5000000000               31916.1402704549 
                 30.5000000000                  44.0000000000               29603.6507619671 
                 30.5000000000                  44.5000000000               27553.9984350839 
                 30.5000000000                  45.0000000000               25732.2876675797 
                 30.5000000000                  45.5000000000               24136.4059896309 
                 30.5000000000                  46.0000000000               22676.1931143734 
                 30.5000000000                  46.5000000000               20958.0749795609 
                 30.5000000000                  47.0000000000               18768.1446938270 
                 30.5000000000                  47.5000000000               16133.8824133476 
                 30.5000000000                  48.0000000000               13057.9473779896 
                 30.5000000000                  48.5000000000                9788.7910406867 
                 30.5000000000                  49.0000000000                6527.6479586495 
                 30.5000000000                  49.5000000000                3262.3866387595 
                 30.5000000000                  50.0000000000                   0.0000000000 
                 31.0000000000                   0.0000000000                   0.0000000000 
                 31.0000000000                   0.5000000000                9307.9261020217 
                 31.0000000000                   1.0000000000               18602.6958676946 
                 31.0000000000                   1.5000000000               27902.0662286079 
                 31.0000000000                   2.0000000000               37195.0706954488 
                 31.0000000000                   2.5000000000               46537.0806536681 
                 31.0000000000                   3.0000000000               55999.9788295329 
                 31.0000000000                   3.5000000000               65566.7792049146 
                 31.0000000000                   4.0000000000               75188.1073958160 
                 31.0000000000                   4.5000000000               84837.0854818278 
                 31.0000000000                   5.0000000000               94517.2213277722 
                 31.0000000000                   5.5000000000              104225.9896758005 
                 31.0000000000                   6.0000000000              113975.1283595507 
                 31.0000000000                   6.5000000000              123851.6367704642 
                 31.0000000000                   7.0000000000              133998.6243238672 
                 31.0000000000                   7.5000000000              144495.6257296124 
                 31.0000000000                   8.0000000000              155466.8098353156 
                 31.0000000000                   8.5000000000              166915.3345765980 
                 31.0000000000                   9.0000000000              178489.1360495382 
                 31.0000000000                   9.5000000000              190204.4426039719 
                 31.0000000000                  10.0000000000              202450.8754683082 
                 31.0000000000                  10.5000000000              215586.6733915505 
                 31.0000000000                  11.0000000000              229849.0772131568 
                 31.0000000000                  11.5000000000              245279.0084628605 
                 31.0000000000                  12.0000000000              261937.0399690761 
                 31.0000000000                  12.5000000000              279939.5831240966 
                 31.0000000000                  13.0000000000              297703.5349773937 
                 31.0000000000                  13.5000000000              313532.2942226242 
                 31.0000000000                  14.0000000000              327628.8975555267 
                 31.0000000000                  14.5000000000              340162.9220701692 
                 31.0000000000                  15.0000000000              351783.3342608772 
                 31.0000000000                  15.5000000000              363956.9454096695 
                 31.0000000000                  16.0000000000              377917.4215123096 
                 31.0000000000                  16.5000000000              395292.6446780143 
                 31.0000000000                  17.0000000000              416556.4351878842 
                 31.0000000000                  17.5000000000              439715.5028241902 
                 31.0000000000                  18.0000000000              463383.8328831705 
                 31.0000000000                  18.5000000000              487154.6336099581 
                 31.0000000000                  19.0000000000              510996.6313005782 
                 31.0000000000                  19.5000000000              534957.4614606798 
                 31.0000000000                  20.0000000000              558100.9446468826 
                 31.0000000000                  20.5000000000              579343.1979800372 
                 31.0000000000                  21.0000000000              597301.3292694123 
                 31.0000000000                  21.5000000000              611415.8715708144 
                 31.0000000000                  22.0000000000              622941.3159731322 
                 31.0000000000                  22.5000000000              633010.5042150425 
                 31.0000000000                  23.0000000000              642400.2847456072 
                 31.0000000000                  23.5000000000              651097.6128951672 
                 31.0000000000                  24.0000000000              657345.2581860505 
                 31.0000000000                  24.5000000000              658891.4232419807 
                 31.0000000000                  25.0000000000              653252.3274919851 
                 31.0000000000                  25.5000000000              640231.0378509697 
                 31.0000000000                  26.0000000000              621968.6354864037 
                 31.0000000000                  26.5000000000              599714.4159220138 
                 31.0000000000                  27.0000000000              574524.0836078500 
                 31.0000000000                  27.5000000000              545868.6554770373 
                 31.0000000000                  28.0000000000              512875.1810912355 
                 31.0000000000                  28.5000000000              476473.4105854582 
                 31.0000000000                  29.0000000000              437760.6174429349 
                 31.0000000000                  29.5000000000              398308.8614020959 
                 31.0000000000                  30.0000000000              359718.1362696508 
                 31.0000000000                  30.5000000000              322624.2136072303 
                 31.0000000000                  31.0000000000              287420.9079135334 
                 31.0000000000                  31.5000000000              254916.3883951665 
                 31.0000000000                  32.0000000000              225431.5842725961 
                 31.0000000000                  32.5000000000              198426.8726558528 
                 31.0000000000                  33.0000000000              171968.0539545043 
                 31.0000000000                  33.5000000000              146774.0961319442 
                 31.0000000000                  34.0000000000              127682.2032174637 
                 31.0000000000                  34.5000000000              114672.3843600839 
                 31.0000000000                  35.0000000000              104911.7616666031 
                 31.0000000000                  35.5000000000               97619.5444422965 
                 31.0000000000                  36.0000000000               91633.7573762200 
                 31.0000000000                  36.5000000000               86294.5443000353 
                 31.0000000000                  37.0000000000               81587.3845459119 
                 31.0000000000                  37.5000000000               77434.0559011516 
                 31.0000000000                  38.0000000000               73492.1047809567 
                 31.0000000000                  38.5000000000               69441.9852329599 
                 31.0000000000                  39.0000000000               65272.9670523990 
                 31.0000000000                  39.5000000000               60933.5490643115 
                 31.0000000000                  40.0000000000               56537.2398147126 
                 31.0000000000                  40.5000000000               52239.0917681326 
                 31.0000000000                  41.0000000000               48017.7639780923 
                 31.0000000000                  41.5000000000               43796.5358279169 
                 31.0000000000                  42.0000000000               39789.8629878768 
                 31.0000000000                  42.5000000000               36335.1424159385 
                 31.0000000000                  43.0000000000               33405.7961018088 
                 31.0000000000                  43.5000000000               30806.3270245966 
                 31.0000000000                  44.0000000000               28469.0060487826 
                 31.0000000000                  44.5000000000               26454.0280512463 
                 31.0000000000                  45.0000000000               24705.5239639586 
                 31.0000000000                  45.5000000000               23189.3005427720 
                 31.0000000000                  46.0000000000               21817.7161204931 
                 31.0000000000                  46.5000000000               20182.1235601894 
                 31.0000000000                  47.0000000000               18082.7930667043 
                 31.0000000000                  47.5000000000               15578.1576596382 
                 31.0000000000                  48.0000000000               12678.1218821399 
                 31.0000000000                  48.5000000000                9581.2878591896 
                 31.0000000000                  49.0000000000                6444.1517801420 
                 31.0000000000                  49.5000000000                3252.7974875419 
                 31.0000000000                  50.0000000000                   0.0000000000 
                 31.5000000000                   0.0000000000                   0.0000000000 
                 31.5000000000                   0.5000000000                8938.1672040942 
                 31.5000000000                   1.0000000000               17891.7854811863 
                 31.5000000000                   1.5000000000               26874.4040491270 
                 31.5000000000                   2.0000000000               35871.0078190034 
                 31.5000000000                   2.5000000000               44919.2391812811 
                 31.5000000000                   3.0000000000               54074.2147028818 
                 31.5000000000                   3.5000000000               63316.0587977540 
                 31.5000000000                   4.0000000000               72590.0385667107 
                 31.5000000000                   4.5000000000               81818.5699368931 
                 31.5000000000                   5.0000000000               90954.4290610559 
                 31.5000000000                   5.5000000000              100002.5463556646 
                 31.5000000000                   6.0000000000              108978.8942437562 
                 31.5000000000                   6.5000000000              117983.2648065735 
                 31.5000000000                   7.0000000000              127182.4183108720 
                 31.5000000000                   7.5000000000              136651.7809092556 
                 31.5000000000                   8.0000000000              146523.2269741349 
                 31.5000000000                   8.5000000000              156982.3259782828 
                 31.5000000000                   9.0000000000              167791.9739686559 
                 31.5000000000                   9.5000000000              178821.1266037194 
                 31.5000000000                  10.0000000000              190319.0187369523 
                 31.5000000000                  10.5000000000              202590.2592985616 
                 31.5000000000                  11.0000000000              216043.7766063446 
                 31.5000000000                  11.5000000000              230849.6405998905 
                 31.5000000000                  12.0000000000              246995.4226977854 
                 31.5000000000                  12.5000000000              264298.6782649777 
                 31.5000000000                  13.0000000000              281567.2979468504 
                 31.5000000000                  13.5000000000              297609.4660585094 
                 31.5000000000                  14.0000000000              312306.9601379409 
                 31.5000000000                  14.5000000000              325783.8673307651 
                 31.5000000000                  15.0000000000              338394.0721382043 
                 31.5000000000                  15.5000000000              351150.1708219962 
                 31.5000000000                  16.0000000000              365244.7622753473 
                 31.5000000000                  16.5000000000              381664.4720511443 
                 31.5000000000                  17.0000000000              400671.6971587996 
                 31.5000000000                  17.5000000000              421325.7182288917 
                 31.5000000000                  18.0000000000              442588.2450089265 
                 31.5000000000                  18.5000000000              463620.2247873179 
                 31.5000000000                  19.0000000000              483967.8485149625 
                 31.5000000000                  19.5000000000              503773.9364825299 
                 31.5000000000                  20.0000000000              522648.6221723964 
                 31.5000000000                  20.5000000000              539950.1319492746 
                 31.5000000000                  21.0000000000              554990.0152994276 
                 31.5000000000                  21.5000000000              567150.6046283338 
                 31.5000000000                  22.0000000000              576936.7636623130 
                 31.5000000000                  22.5000000000              585104.5808180176 
                 31.5000000000                  23.0000000000              591856.0784122606 
                 31.5000000000                  23.5000000000              596916.1528164034 
                 31.5000000000                  24.0000000000              599318.7288490697 
                 31.5000000000                  24.5000000000              597741.4723794566 
                 31.5000000000                  25.0000000000              590945.3566288685 
                 31.5000000000                  25.5000000000              579593.3910077420 
                 31.5000000000                  26.0000000000              564752.5624542395 
                 31.5000000000                  26.5000000000              546411.5896965985 
                 31.5000000000                  27.0000000000              525095.3086620475 
                 31.5000000000                  27.5000000000              500228.4646851162 
                 31.5000000000                  28.0000000000              471241.6025403101 
                 31.5000000000                  28.5000000000              439088.9457527745 
                 31.5000000000                  29.0000000000              404804.1862877602 
                 31.5000000000                  29.5000000000              369631.8851574903 
                 31.5000000000                  30.0000000000              334896.5687610838 
                 31.5000000000                  30.5000000000              301332.0171720292 
                 31.5000000000                  31.0000000000              269526.1129023197 
                 31.5000000000                  31.5000000000              239783.5822465342 
                 31.5000000000                  32.0000000000              211569.9587582527 
                 31.5000000000                  32.5000000000              184614.3332907648 
                 31.5000000000                  33.0000000000              157156.3291621846 
                 31.5000000000                  33.5000000000              131496.1643916387 
                 31.5000000000                  34.0000000000              114139.5408731668 
                 31.5000000000                  34.5000000000              103683.1195524413 
                 31.5000000000                  35.0000000000               96158.5185176506 
                 31.5000000000                  35.5000000000               90743.1923476321 
                 31.5000000000                  36.0000000000               86204.6439325073 
                 31.5000000000                  36.5000000000               81927.8739179696 
                 31.5000000000                  37.0000000000               77987.4056593003 
                 31.5000000000                  37.5000000000               74358.7857675829 
                 31.5000000000                  38.0000000000               70802.3183270202 
                 31.5000000000                  38.5000000000               67089.4199620585 
                 31.5000000000                  39.0000000000               63225.6709865438 
                 31.5000000000                  39.5000000000               59182.2418899039 
                 31.5000000000                  40.0000000000               55051.1742807283 
                 31.5000000000                  40.5000000000               50949.9186726474 
                 31.5000000000                  41.0000000000               46865.6121056385 
                 31.5000000000                  41.5000000000               42724.5207704289 
                 31.5000000000                  42.0000000000               38765.6583714133 
                 31.5000000000                  42.5000000000               35371.6100982180 
                 31.5000000000                  43.0000000000               32523.5354460689 
                 31.5000000000                  43.5000000000               30029.7182837118 
                 31.5000000000                  44.0000000000               27808.5754349636 
                 31.5000000000                  44.5000000000               25871.0706683288 
                 31.5000000000                  45.0000000000               24149.3368954365 
                 31.5000000000                  45.5000000000               22619.2229148286 
                 31.5000000000                  46.0000000000               21205.5920384914 
                 31.5000000000                  46.5000000000               19545.6384122280 
                 31.5000000000                  47.0000000000               17471.6679258765 
                 31.5000000000                  47.5000000000               15050.8076895075 
                 31.5000000000                  48.0000000000               12297.1206217038 
                 31.5000000000                  48.5000000000                9355.0755909442 
                 31.5000000000                  49.0000000000                6333.6202038982 
                 31.5000000000                  49.5000000000                3219.0598802698 
                 31.5000000000                  50.0000000000                   0.0000000000 
                 32.0000000000                   0.0000000000                   0.0000000000 
                 32.0000000000                   0.5000000000                8534.9998937531 
                 32.0000000000                   1.0000000000               17128.9705444278 
                 32.0000000000                   1.5000000000               25785.1120424471 
                 32.0000000000                   2.0000000000               34489.1761393412 
                 32.0000000000                   2.5000000000               43256.8059997763 
                 32.0000000000                   3.0000000000               52119.9961923095 
                 32.0000000000                   3.5000000000               61064.1873685797 
                 32.0000000000                   4.0000000000               70059.2800141380 
                 32.0000000000                   4.5000000000               78980.3152728136 
                 32.0000000000                   5.0000000000               87700.4751878840 
                 32.0000000000                   5.5000000000               96244.4594844534 
                 32.0000000000                   6.0000000000              104654.5441447888 
                 32.0000000000                   6.5000000000              113040.6295191843 
                 32.0000000000                   7.0000000000              121593.0348659861 
                 32.0000000000                   7.5000000000              130391.2977712193 
                 32.0000000000                   8.0000000000              139523.2390507798 
                 32.0000000000                   8.5000000000              149155.8206672301 
                 32.0000000000                   9.0000000000              159195.7624720472 
                 32.0000000000                   9.5000000000              169514.0451444298 
                 32.0000000000                  10.0000000000              180191.0998394176 
                 32.0000000000                  10.5000000000              191397.6083819100 
                 32.0000000000                  11.0000000000              203576.0296612277 
                 32.0000000000                  11.5000000000              217051.6580250070 
                 32.0000000000                  12.0000000000              231898.7862643629 
                 32.0000000000                  12.5000000000              248032.1085831416 
                 32.0000000000                  13.0000000000              264240.0139574797 
                 32.0000000000                  13.5000000000              279541.0684314722 
                 32.0000000000                  14.0000000000              294035.8184215790 
                 32.0000000000                  14.5000000000              307875.6486019263 
                 32.0000000000                  15.0000000000              321229.7731241610 
                 32.0000000000                  15.5000000000              334547.5017315647 
                 32.0000000000                  16.0000000000              348643.5199283605 
                 32.0000000000                  16.5000000000              364211.1816751671 
                 32.0000000000                  17.0000000000              381540.6323142128 
                 32.0000000000                  17.5000000000              400199.5296706969 
                 32.0000000000                  18.0000000000              419344.6957089102 
                 32.0000000000                  18.5000000000              438029.5047600893 
                 32.0000000000                  19.0000000000              455460.1792329728 
                 32.0000000000                  19.5000000000              471555.6657335832 
                 32.0000000000                  20.0000000000              486344.9619008987 
                 32.0000000000                  20.5000000000              499721.8283386120 
                 32.0000000000                  21.0000000000              511681.5016819880 
                 32.0000000000                  21.5000000000              521895.6367386682 
                 32.0000000000                  22.0000000000              530282.2394577821 
                 32.0000000000                  22.5000000000              537062.3715499927 
                 32.0000000000                  23.0000000000              542067.4914817704 
                 32.0000000000                  23.5000000000              544848.8394157949 
                 32.0000000000                  24.0000000000              544889.7112810791 
                 32.0000000000                  24.5000000000              541580.7021709528 
                 32.0000000000                  25.0000000000              534648.5979597648 
                 32.0000000000                  25.5000000000              524988.9280750786 
                 32.0000000000                  26.0000000000              512828.7439642727 
                 32.0000000000                  26.5000000000              497547.3348084845 
                 32.0000000000                  27.0000000000              479275.8489884419 
                 32.0000000000                  27.5000000000              457501.4816340678 
                 32.0000000000                  28.0000000000              431928.5905576262 
                 32.0000000000                  28.5000000000              403439.1939911831 
                 32.0000000000                  29.0000000000              372878.2068260681 
                 32.0000000000                  29.5000000000              341305.2560241904 
                 32.0000000000                  30.0000000000              309957.9422691703 
                 32.0000000000                  30.5000000000              279529.6737611808 
                 32.0000000000                  31.0000000000              250479.3954870199 
                 32.0000000000                  31.5000000000              222857.6451662144 
                 32.0000000000                  32.0000000000              196026.1677143333 
                 32.0000000000                  32.5000000000              169844.6323192658 
                 32.0000000000                  33.0000000000              142942.2802893335 
                 32.0000000000                  33.5000000000              118530.6074447752 
                 32.0000000000                  34.0000000000              103115.2867390888 
                 32.0000000000                  34.5000000000               94558.8597697535 
                 32.0000000000                  35.0000000000               88708.1533969350 
                 32.0000000000                  35.5000000000               84683.7146721053 
                 32.0000000000                  36.0000000000               81260.7942769534 
                 32.0000000000                  36.5000000000               77848.5538167221 
                 32.0000000000                  37.0000000000               74553.0833440703 
                 32.0000000000                  37.5000000000               71368.7437680117 
                 32.0000000000                  38.0000000000               68151.0222156065 
                 32.0000000000                  38.5000000000               64759.0703087458 
                 32.0000000000                  39.0000000000               61198.0055874330 
                 32.0000000000                  39.5000000000               57460.3074861150 
                 32.0000000000                  40.0000000000               53611.2426587729 
                 32.0000000000                  40.5000000000               49723.8598539482 
                 32.0000000000                  41.0000000000               45796.2632672685 
                 32.0000000000                  41.5000000000               41746.7629481338 
                 32.0000000000                  42.0000000000               37850.8260547485 
                 32.0000000000                  42.5000000000               34561.5658976754 
                 32.0000000000                  43.0000000000               31855.6642725768 
                 32.0000000000                  43.5000000000               29572.2954706346 
                 32.0000000000                  44.0000000000               27586.5423047958 
                 32.0000000000                  44.5000000000               25753.5258546099 
                 32.0000000000                  45.0000000000               24004.0996404394 
                 32.0000000000                  45.5000000000               22355.4085437384 
                 32.0000000000                  46.0000000000               20754.9705395852 
                 32.0000000000                  46.5000000000               18958.7919545190 
                 32.0000000000                  47.0000000000               16852.4463798692 
                 32.0000000000                  47.5000000000               14485.0554414756 
                 32.0000000000                  48.0000000000               11870.3338922657 
                 32.0000000000                  48.5000000000                9085.2375768953 
                 32.0000000000                  49.0000000000                6183.7878635247 
                 32.0000000000                  49.5000000000                3157.3701701266 
                 32.0000000000                  50.0000000000                   0.0000000000 
                 32.5000000000                   0.0000000000                   0.0000000000 
                 32.5000000000                   0.5000000000                8126.3298696384 
                 32.5000000000                   1.0000000000               16348.8260537482 
                 32.5000000000                   1.5000000000               24665.9091948268 
                 32.5000000000                   2.0000000000               33067.1797789912 
                 32.5000000000                   2.5000000000               41548.9775486138 
                 32.5000000000                   3.0000000000               50120.8868669837 
                 32.5000000000                   3.5000000000               58779.6552016594 
                 32.5000000000                   4.0000000000               67535.6720645726 
                 32.5000000000                   4.5000000000               76227.6670204055 
                 32.5000000000                   5.0000000000               84656.3559266488 
                 32.5000000000                   5.5000000000               92871.4359890971 
                 32.5000000000                   6.0000000000              100942.9219817211 
                 32.5000000000                   6.5000000000              108986.2549676695 
                 32.5000000000                   7.0000000000              117206.1208549205 
                 32.5000000000                   7.5000000000              125680.4128783803 
                 32.5000000000                   8.0000000000              134450.7002334214 
                 32.5000000000                   8.5000000000              143589.7860288244 
                 32.5000000000                   9.0000000000              153028.3831935309 
                 32.5000000000                   9.5000000000              162683.9863474945 
                 32.5000000000                  10.0000000000              172559.2575675311 
                 32.5000000000                  10.5000000000              182718.8420930927 
                 32.5000000000                  11.0000000000              193543.9992584680 
                 32.5000000000                  11.5000000000              205401.3161992353 
                 32.5000000000                  12.0000000000              218481.8996425577 
                 32.5000000000                  12.5000000000              233064.2741904651 
                 32.5000000000                  13.0000000000              248139.3617179921 
                 32.5000000000                  13.5000000000              262657.5854109597 
                 32.5000000000                  14.0000000000              276743.5056088492 
                 32.5000000000                  14.5000000000              290469.9152418206 
                 32.5000000000                  15.0000000000              303730.0783656167 
                 32.5000000000                  15.5000000000              316697.6790983285 
                 32.5000000000                  16.0000000000              330020.6990000275 
                 32.5000000000                  16.5000000000              344233.3955355153 
                 32.5000000000                  17.0000000000              359753.4859142739 
                 32.5000000000                  17.5000000000              376448.8080239928 
                 32.5000000000                  18.0000000000              393525.6840566893 
                 32.5000000000                  18.5000000000              409994.6113599628 
                 32.5000000000                  19.0000000000              424844.2170013383 
                 32.5000000000                  19.5000000000              437799.7182899167 
                 32.5000000000                  20.0000000000              449206.7109292459 
                 32.5000000000                  20.5000000000              459398.2540903219 
                 32.5000000000                  21.0000000000              468643.8714723394 
                 32.5000000000                  21.5000000000              476828.4315237297 
                 32.5000000000                  22.0000000000              483761.2376848588 
                 32.5000000000                  22.5000000000              489368.1030782114 
                 32.5000000000                  23.0000000000              493344.7953302793 
                 32.5000000000                  23.5000000000              495229.5252614063 
                 32.5000000000                  24.0000000000              494653.3622343321 
                 32.5000000000                  24.5000000000              491292.5775705264 
                 32.5000000000                  25.0000000000              485097.2098244851 
                 32.5000000000                  25.5000000000              476693.7839744281 
                 32.5000000000                  26.0000000000              466088.3840850758 
                 32.5000000000                  26.5000000000              452702.9399900468 
                 32.5000000000                  27.0000000000              436482.1104633900 
                 32.5000000000                  27.5000000000              417019.4089789009 
                 32.5000000000                  28.0000000000              394213.4321895611 
                 32.5000000000                  28.5000000000              368818.0549376354 
                 32.5000000000                  29.0000000000              341483.1328001256 
                 32.5000000000                  29.5000000000              313137.2653710720 
                 32.5000000000                  30.0000000000              284925.1603917894 
                 32.5000000000                  30.5000000000              257412.1607051030 
                 32.5000000000                  31.0000000000              230903.9519257493 
                 32.5000000000                  31.5000000000              205386.4329752630 
                 32.5000000000                  32.0000000000              180317.9861792134 
                 32.5000000000                  32.5000000000              155690.0735028795 
                 32.5000000000                  33.0000000000              130445.6607450222 
                 32.5000000000                  33.5000000000              107924.3772179012 
                 32.5000000000                  34.0000000000               94212.2538983061 
                 32.5000000000                  34.5000000000               87037.5274336985 
                 32.5000000000                  35.0000000000               82382.4936646233 
                 32.5000000000                  35.5000000000               79359.5466996948 
                 32.5000000000                  36.0000000000               76768.6812921467 
                 32.5000000000                  36.5000000000               74034.9127736871 
                 32.5000000000                  37.0000000000               71272.6376996933 
                 32.5000000000                  37.5000000000               68478.4834340506 
                 32.5000000000                  38.0000000000               65578.9877935321 
                 32.5000000000                  38.5000000000               62498.2865476816 
                 32.5000000000                  39.0000000000               59231.2559030186 
                 32.5000000000                  39.5000000000               55784.5327305828 
                 32.5000000000                  40.0000000000               52204.1090427241 
                 32.5000000000                  40.5000000000               48532.4111133026 
                 32.5000000000                  41.0000000000               44781.4188995501 
                 32.5000000000                  41.5000000000               40860.4497387302 
                 32.5000000000                  42.0000000000               37073.9926536934 
                 32.5000000000                  42.5000000000               33932.5270688454 
                 32.5000000000                  43.0000000000               31405.2353074907 
                 32.5000000000                  43.5000000000               29359.0659106894 
                 32.5000000000                  44.0000000000               27626.6633784583 
                 32.5000000000                  44.5000000000               25905.3580207374 
                 32.5000000000                  45.0000000000               24107.9367961157 
                 32.5000000000                  45.5000000000               22278.6990535427 
                 32.5000000000                  46.0000000000               20395.5886056859 
                 32.5000000000                  46.5000000000               18383.7525341100 
                 32.5000000000                  47.0000000000               16206.3870858034 
                 32.5000000000                  47.5000000000               13879.2698778167 
                 32.5000000000                  48.0000000000               11407.1735866103 
                 32.5000000000                  48.5000000000                8787.5942226474 
                 32.5000000000                  49.0000000000                6013.7015378451 
                 32.5000000000                  49.5000000000                3084.3513523891 
                 32.5000000000                  50.0000000000                   0.0000000000 
                 33.0000000000                   0.0000000000                   0.0000000000 
                 33.0000000000                   0.5000000000                7725.2453101832 
                 33.0000000000                   1.0000000000               15572.4112538196 
                 33.0000000000                   1.5000000000               23539.6103814754 
                 33.0000000000                   2.0000000000               31622.9516852324 
                 33.0000000000                   2.5000000000               39800.2212190888 
                 33.0000000000                   3.0000000000               48059.3406414529 
                 33.0000000000                   3.5000000000               56409.7637733205 
                 33.0000000000                   4.0000000000               64918.2041603126 
                 33.0000000000                   4.5000000000               73418.0076047056 
                 33.0000000000                   5.0000000000               81648.3774602192 
                 33.0000000000                   5.5000000000               89665.5932128916 
                 33.0000000000                   6.0000000000               97546.0973631784 
                 33.0000000000                   6.5000000000              105396.5126348110 
                 33.0000000000                   7.0000000000              113423.2408559747 
                 33.0000000000                   7.5000000000              121694.2124382690 
                 33.0000000000                   8.0000000000              130207.7452692514 
                 33.0000000000                   8.5000000000              138982.0494441092 
                 33.0000000000                   9.0000000000              147959.1849101004 
                 33.0000000000                   9.5000000000              157065.2060375925 
                 33.0000000000                  10.0000000000              166250.0809076246 
                 33.0000000000                  10.5000000000              175493.7992503094 
                 33.0000000000                  11.0000000000              185067.5827615311 
                 33.0000000000                  11.5000000000              195285.7455139463 
                 33.0000000000                  12.0000000000              206359.5206417738 
                 33.0000000000                  12.5000000000              218853.7408593581 
                 33.0000000000                  13.0000000000              232259.6481399553 
                 33.0000000000                  13.5000000000              245682.2332477438 
                 33.0000000000                  14.0000000000              259110.1986143629 
                 33.0000000000                  14.5000000000              272439.1696544712 
                 33.0000000000                  15.0000000000              285237.8948735888 
                 33.0000000000                  15.5000000000              297437.2134037790 
                 33.0000000000                  16.0000000000              309625.0383082530 
                 33.0000000000                  16.5000000000              322265.3616339077 
                 33.0000000000                  17.0000000000              335845.4914008954 
                 33.0000000000                  17.5000000000              350441.4175172526 
                 33.0000000000                  18.0000000000              365336.2952178520 
                 33.0000000000                  18.5000000000              379534.8361672061 
                 33.0000000000                  19.0000000000              391774.0950279172 
                 33.0000000000                  19.5000000000              401649.1644054824 
                 33.0000000000                  20.0000000000              409889.3956415041 
                 33.0000000000                  20.5000000000              417179.2514862574 
                 33.0000000000                  21.0000000000              424068.9452225770 
                 33.0000000000                  21.5000000000              430612.3702810548 
                 33.0000000000                  22.0000000000              436465.5589391703 
                 33.0000000000                  22.5000000000              441405.6654510988 
                 33.0000000000                  23.0000000000              445197.8842507037 
                 33.0000000000                  23.5000000000              447438.2639121463 
                 33.0000000000                  24.0000000000              447656.4194944414 
                 33.0000000000                  24.5000000000              445400.5240627758 
                 33.0000000000                  25.0000000000              440445.3246023749 
                 33.0000000000                  25.5000000000              433067.6749823529 
                 33.0000000000                  26.0000000000              423332.4651717083 
                 33.0000000000                  26.5000000000              411023.2165322289 
                 33.0000000000                  27.0000000000              396130.3465095027 
                 33.0000000000                  27.5000000000              378428.4396209717 
                 33.0000000000                  28.0000000000              357959.2861134705 
                 33.0000000000                  28.5000000000              335303.4556552671 
                 33.0000000000                  29.0000000000              310920.9732846909 
                 33.0000000000                  29.5000000000              285609.7425204933 
                 33.0000000000                  30.0000000000              260385.8881757294 
                 33.0000000000                  30.5000000000              235655.9687252333 
                 33.0000000000                  31.0000000000              211595.5024612775 
                 33.0000000000                  31.5000000000              188189.9583752492 
                 33.0000000000                  32.0000000000              165065.2248622010 
                 33.0000000000                  32.5000000000              142353.9822474693 
                 33.0000000000                  33.0000000000              119195.5739223095 
                 33.0000000000                  33.5000000000               98830.1249400980 
                 33.0000000000                  34.0000000000               86778.5509830432 
                 33.0000000000                  34.5000000000               80737.8196740568 
                 33.0000000000                  35.0000000000               76984.2330693415 
                 33.0000000000                  35.5000000000               74684.7661660026 
                 33.0000000000                  36.0000000000               72694.5307640346 
                 33.0000000000                  36.5000000000               70472.6965166215 
                 33.0000000000                  37.0000000000               68147.0058613193 
                 33.0000000000                  37.5000000000               65712.6354424406 
                 33.0000000000                  38.0000000000               63136.9736605384 
                 33.0000000000                  38.5000000000               60370.2098618902 
                 33.0000000000                  39.0000000000               57380.1091041796 
                 33.0000000000                  39.5000000000               54181.9468410976 
                 33.0000000000                  40.0000000000               50821.5646644885 
                 33.0000000000                  40.5000000000               47343.4854405551 
                 33.0000000000                  41.0000000000               43788.7765581876 
                 33.0000000000                  41.5000000000               40058.3532870542 
                 33.0000000000                  42.0000000000               36455.9344323195 
                 33.0000000000                  42.5000000000               33505.8330887751 
                 33.0000000000                  43.0000000000               31159.0389816464 
                 33.0000000000                  43.5000000000               29313.9448329518 
                 33.0000000000                  44.0000000000               27788.1499127841 
                 33.0000000000                  44.5000000000               26155.3923268295 
                 33.0000000000                  45.0000000000               24303.8191051809 
                 33.0000000000                  45.5000000000               22274.9323881656 
                 33.0000000000                  46.0000000000               20059.1560888261 
                 33.0000000000                  46.5000000000               17791.8602682570 
                 33.0000000000                  47.0000000000               15534.7120696292 
                 33.0000000000                  47.5000000000               13250.8679358675 
                 33.0000000000                  48.0000000000               10932.4684725498 
                 33.0000000000                  48.5000000000                8487.8703645465 
                 33.0000000000                  49.0000000000                5846.0392771721 
                 33.0000000000                  49.5000000000                3014.4276274059 
                 33.0000000000                  50.0000000000                   0.0000000000 
                 33.5000000000                   0.0000000000                   0.0000000000 
                 33.5000000000                   0.5000000000                7349.4458024138 
                 33.5000000000                   1.0000000000               14831.8364014365 
                 33.5000000000                   1.5000000000               22449.1590456652 
                 33.5000000000                   2.0000000000               30208.5397056605 
                 33.5000000000                   2.5000000000               38069.3882504953 
                 33.5000000000                   3.0000000000               45993.4233619032 
                 33.5000000000                   3.5000000000               54001.7147030939 
                 33.5000000000                   4.0000000000               62197.2545271960 
                 33.5000000000                   4.5000000000               70475.1729643936 
                 33.5000000000                   5.0000000000               78575.1796790352 
                 33.5000000000                   5.5000000000               86501.8033963554 
                 33.5000000000                   6.0000000000               94304.7315164079 
                 33.5000000000                   6.5000000000              102068.3501740971 
                 33.5000000000                   7.0000000000              109990.2395463285 
                 33.5000000000                   7.5000000000              118136.0952089189 
                 33.5000000000                   8.0000000000              126482.1814732900 
                 33.5000000000                   8.5000000000              135005.8951058034 
                 33.5000000000                   9.0000000000              143636.6992185478 
                 33.5000000000                   9.5000000000              152302.9645883123 
                 33.5000000000                  10.0000000000              160930.8616906660 
                 33.5000000000                  10.5000000000              169432.1827277268 
                 33.5000000000                  11.0000000000              177932.6832821773 
                 33.5000000000                  11.5000000000              186650.5507187433 
                 33.5000000000                  12.0000000000              195747.6427251447 
                 33.5000000000                  12.5000000000              205849.9641631167 
                 33.5000000000                  13.0000000000              217156.0306156090 
                 33.5000000000                  13.5000000000              229179.0201566302 
                 33.5000000000                  14.0000000000              241684.2916427406 
                 33.5000000000                  14.5000000000              254406.6851882272 
                 33.5000000000                  15.0000000000              266469.0398675685 
                 33.5000000000                  15.5000000000              277573.3929024337 
                 33.5000000000                  16.0000000000              288386.8271594670 
                 33.5000000000                  16.5000000000              299328.9919016019 
                 33.5000000000                  17.0000000000              310869.2251425902 
                 33.5000000000                  17.5000000000              323181.4329321436 
                 33.5000000000                  18.0000000000              335665.9417223977 
                 33.5000000000                  18.5000000000              347395.9187721484 
                 33.5000000000                  19.0000000000              357011.7001544735 
                 33.5000000000                  19.5000000000              364157.0855237066 
                 33.5000000000                  20.0000000000              369879.3543624223 
                 33.5000000000                  20.5000000000              375027.9037478641 
                 33.5000000000                  21.0000000000              380250.6839145301 
                 33.5000000000                  21.5000000000              385638.8927160952 
                 33.5000000000                  22.0000000000              390754.9551790474 
                 33.5000000000                  22.5000000000              395342.7869457413 
                 33.5000000000                  23.0000000000              399421.0253354339 
                 33.5000000000                  23.5000000000              402746.9754935173 
                 33.5000000000                  24.0000000000              404558.5226036770 
                 33.5000000000                  24.5000000000              404071.4883956669 
                 33.5000000000                  25.0000000000              400479.2406854534 
                 33.5000000000                  25.5000000000              393608.2723175669 
                 33.5000000000                  26.0000000000              384018.0887002476 
                 33.5000000000                  26.5000000000              372063.2437414498 
                 33.5000000000                  27.0000000000              357930.2118751348 
                 33.5000000000                  27.5000000000              341628.7778859944 
                 33.5000000000                  28.0000000000              323209.1333223539 
                 33.5000000000                  28.5000000000              303041.9941009847 
                 33.5000000000                  29.0000000000              281458.1007700177 
                 33.5000000000                  29.5000000000              259114.9989019264 
                 33.5000000000                  30.0000000000              236805.1227908020 
                 33.5000000000                  30.5000000000              214756.5528801619 
                 33.5000000000                  31.0000000000              193048.3368469568 
                 33.5000000000                  31.5000000000              171709.4204142783 
                 33.5000000000                  32.0000000000              150595.7356950635 
                 33.5000000000                  32.5000000000              129967.8632460058 
                 33.5000000000                  33.0000000000              109148.3467640478 
                 33.5000000000                  33.5000000000               91063.7430048190 
                 33.5000000000                  34.0000000000               80528.6562268434 
                 33.5000000000                  34.5000000000               75394.9859874446 
                 33.5000000000                  35.0000000000               72315.8007639362 
                 33.5000000000                  35.5000000000               70509.9830441692 
                 33.5000000000                  36.0000000000               68921.1451536343 
                 33.5000000000                  36.5000000000               67074.1829481415 
                 33.5000000000                  37.0000000000               65113.3026583668 
                 33.5000000000                  37.5000000000               63059.4187824242 
                 33.5000000000                  38.0000000000               60864.3870919298 
                 33.5000000000                  38.5000000000               58428.1379964509 
                 33.5000000000                  39.0000000000               55694.8977417097 
                 33.5000000000                  39.5000000000               52657.9853666928 
                 33.5000000000                  40.0000000000               49408.5337864331 
                 33.5000000000                  40.5000000000               46080.6910814321 
                 33.5000000000                  41.0000000000               42743.7788020409 
                 33.5000000000                  41.5000000000               39318.0714197712 
                 33.5000000000                  42.0000000000               36043.1943012315 
                 33.5000000000                  42.5000000000               33333.7238493771 
                 33.5000000000                  43.0000000000               31137.6379527357 
                 33.5000000000                  43.5000000000               29395.8375865686 
                 33.5000000000                  44.0000000000               27938.5840517871 
                 33.5000000000                  44.5000000000               26308.3945302261 
                 33.5000000000                  45.0000000000               24375.7441222271 
                 33.5000000000                  45.5000000000               22156.3431255916 
                 33.5000000000                  46.0000000000               19653.3496806840 
                 33.5000000000                  46.5000000000               17172.4697726174 
                 33.5000000000                  47.0000000000               14858.7381966962 
                 33.5000000000                  47.5000000000               12636.6898537156 
                 33.5000000000                  48.0000000000               10483.7921812563 
                 33.5000000000                  48.5000000000                8219.1855901813 
                 33.5000000000                  49.0000000000                5708.6099371581 
                 33.5000000000                  49.5000000000                2966.5951342237 
                 33.5000000000                  50.0000000000                   0.0000000000 
                 34.0000000000                   0.0000000000                   0.0000000000 
                 34.0000000000                   0.5000000000                7022.7378913547 
                 34.0000000000                   1.0000000000               14178.5124242825 
                 34.0000000000                   1.5000000000               21476.1312034161 
                 34.0000000000                   2.0000000000               28937.2346046400 
                 34.0000000000                   2.5000000000               36508.4136838813 
                 34.0000000000                   3.0000000000               44124.1082927724 
                 34.0000000000                   3.5000000000               51811.8799161780 
                 34.0000000000                   4.0000000000               59662.9320249421 
                 34.0000000000                   4.5000000000               67638.8065446859 
                 34.0000000000                   5.0000000000               75557.0125362368 
                 34.0000000000                   5.5000000000               83374.0426191965 
                 34.0000000000                   6.0000000000               91096.2529960740 
                 34.0000000000                   6.5000000000               98782.8881606990 
                 34.0000000000                   7.0000000000              106606.9813688464 
                 34.0000000000                   7.5000000000              114630.2367784549 
                 34.0000000000                   8.0000000000              122822.2010190712 
                 34.0000000000                   8.5000000000              131138.3289492603 
                 34.0000000000                   9.0000000000              139484.7715261242 
                 34.0000000000                   9.5000000000              147781.2378105330 
                 34.0000000000                  10.0000000000              155951.2115484560 
                 34.0000000000                  10.5000000000              163880.6200660811 
                 34.0000000000                  11.0000000000              171587.0743558508 
                 34.0000000000                  11.5000000000              179217.0201789681 
                 34.0000000000                  12.0000000000              186940.9596621740 
                 34.0000000000                  12.5000000000              195221.8175376007 
                 34.0000000000                  13.0000000000              204526.7592824107 
                 34.0000000000                  13.5000000000              214806.5626683258 
                 34.0000000000                  14.0000000000              225842.8003116663 
                 34.0000000000                  14.5000000000              237435.6279342034 
                 34.0000000000                  15.0000000000              248495.2553564900 
                 34.0000000000                  15.5000000000              258455.1886178687 
                 34.0000000000                  16.0000000000              267975.4211524795 
                 34.0000000000                  16.5000000000              277425.5104456851 
                 34.0000000000                  17.0000000000              287187.4396093856 
                 34.0000000000                  17.5000000000              297451.3665714433 
                 34.0000000000                  18.0000000000              307763.1413815244 
                 34.0000000000                  18.5000000000              317359.0174306094 
                 34.0000000000                  19.0000000000              325080.8774028139 
                 34.0000000000                  19.5000000000              330724.7315073515 
                 34.0000000000                  20.0000000000              335332.3405298007 
                 34.0000000000                  20.5000000000              339646.2023488635 
                 34.0000000000                  21.0000000000              344139.5769270351 
                 34.0000000000                  21.5000000000              348849.2599178035 
                 34.0000000000                  22.0000000000              353423.2053566164 
                 34.0000000000                  22.5000000000              357669.9199544260 
                 34.0000000000                  23.0000000000              361683.4779883235 
                 34.0000000000                  23.5000000000              365270.6428444004 
                 34.0000000000                  24.0000000000              367637.5740582243 
                 34.0000000000                  24.5000000000              367866.6510338477 
                 34.0000000000                  25.0000000000              364675.4025303531 
                 34.0000000000                  25.5000000000              357744.5398769510 
                 34.0000000000                  26.0000000000              348074.8173396240 
                 34.0000000000                  26.5000000000              336301.2714367163 
                 34.0000000000                  27.0000000000              322789.9603130065 
                 34.0000000000                  27.5000000000              307675.7624628023 
                 34.0000000000                  28.0000000000              290973.3778445552 
                 34.0000000000                  28.5000000000              272958.6286933068 
                 34.0000000000                  29.0000000000              253905.3251938861 
                 34.0000000000                  29.5000000000              234298.4181255260 
                 34.0000000000                  30.0000000000              214643.2571560077 
                 34.0000000000                  30.5000000000              195012.7107287222 
                 34.0000000000                  31.0000000000              175414.8794864528 
                 34.0000000000                  31.5000000000              155957.0193559800 
                 34.0000000000                  32.0000000000              136776.1405635193 
                 34.0000000000                  32.5000000000              118248.6861947300 
                 34.0000000000                  33.0000000000               99873.6302424661 
                 34.0000000000                  33.5000000000               84102.8208363459 
                 34.0000000000                  34.0000000000               74947.2495225604 
                 34.0000000000                  34.5000000000               70558.7379580786 
                 34.0000000000                  35.0000000000               68006.1363413397 
                 34.0000000000                  35.5000000000               66548.3171890677 
                 34.0000000000                  36.0000000000               65253.2902718337 
                 34.0000000000                  36.5000000000               63728.0688128015 
                 34.0000000000                  37.0000000000               62122.1567192482 
                 34.0000000000                  37.5000000000               60499.2825120778 
                 34.0000000000                  38.0000000000               58736.3591696204 
                 34.0000000000                  38.5000000000               56630.3804322935 
                 34.0000000000                  39.0000000000               54123.0800366722 
                 34.0000000000                  39.5000000000               51145.2318553099 
                 34.0000000000                  40.0000000000               47894.6400675822 
                 34.0000000000                  40.5000000000               44694.5884794889 
                 34.0000000000                  41.0000000000               41618.5661239951 
                 34.0000000000                  41.5000000000               38623.9710125956 
                 34.0000000000                  42.0000000000               35823.4651576987 
                 34.0000000000                  42.5000000000               33404.0311805907 
                 34.0000000000                  43.0000000000               31329.2706155065 
                 34.0000000000                  43.5000000000               29583.0248993012 
                 34.0000000000                  44.0000000000               28027.8214139300 
                 34.0000000000                  44.5000000000               26284.6315469043 
                 34.0000000000                  45.0000000000               24226.7894811120 
                 34.0000000000                  45.5000000000               21843.4177751881 
                 34.0000000000                  46.0000000000               19169.2750922852 
                 34.0000000000                  46.5000000000               16576.2458654548 
                 34.0000000000                  47.0000000000               14245.3425555141 
                 34.0000000000                  47.5000000000               12101.6422996094 
                 34.0000000000                  48.0000000000               10109.6885290826 
                 34.0000000000                  48.5000000000                8012.5823084607 
                 34.0000000000                  49.0000000000                5620.1289564305 
                 34.0000000000                  49.5000000000                2950.1782568774 
                 34.0000000000                  50.0000000000                   0.0000000000 
                 34.5000000000                   0.0000000000                   0.0000000000 
                 34.5000000000                   0.5000000000                6743.9608075847 
                 34.5000000000                   1.0000000000               13616.1196642738 
                 34.5000000000                   1.5000000000               20631.7993140632 
                 34.5000000000                   2.0000000000               27825.0165110532 
                 34.5000000000                   2.5000000000               35136.2175054891 
                 34.5000000000                   3.0000000000               42480.0553585595 
                 34.5000000000                   3.5000000000               49881.7129415735 
                 34.5000000000                   4.0000000000               57406.2913459086 
                 34.5000000000                   4.5000000000               65047.1400354802 
                 34.5000000000                   5.0000000000               72706.4891996038 
                 34.5000000000                   5.5000000000               80339.0052501726 
                 34.5000000000                   6.0000000000               87921.8747563730 
                 34.5000000000                   6.5000000000               95492.6673991303 
                 34.5000000000                   7.0000000000              103193.3784605338 
                 34.5000000000                   7.5000000000              111075.0922974576 
                 34.5000000000                   8.0000000000              119105.2473614041 
                 34.5000000000                   8.5000000000              127226.4849644079 
                 34.5000000000                   9.0000000000              135321.2657171074 
                 34.5000000000                   9.5000000000              143297.1351448919 
                 34.5000000000                  10.0000000000              151085.2330077128 
                 34.5000000000                  10.5000000000              158575.9001787725 
                 34.5000000000                  11.0000000000              165730.3983028097 
                 34.5000000000                  11.5000000000              172655.8072325332 
                 34.5000000000                  12.0000000000              179532.4519603144 
                 34.5000000000                  12.5000000000              186657.9719831650 
                 34.5000000000                  13.0000000000              194407.8929190027 
                 34.5000000000                  13.5000000000              202920.0696651803 
                 34.5000000000                  14.0000000000              212153.9008590434 
                 34.5000000000                  14.5000000000              222128.7358285200 
                 34.5000000000                  15.0000000000              231886.2928663891 
                 34.5000000000                  15.5000000000              240731.6417320276 
                 34.5000000000                  16.0000000000              249160.4901803476 
                 34.5000000000                  16.5000000000              257430.4283263128 
                 34.5000000000                  17.0000000000              265816.9248513996 
                 34.5000000000                  17.5000000000              274492.0176952728 
                 34.5000000000                  18.0000000000              283154.5301839192 
                 34.5000000000                  18.5000000000              291280.9011266069 
                 34.5000000000                  19.0000000000              298021.9831163943 
                 34.5000000000                  19.5000000000              303263.3541744626 
                 34.5000000000                  20.0000000000              307803.3796186912 
                 34.5000000000                  20.5000000000              312126.5865547226 
                 34.5000000000                  21.0000000000              316476.1364881255 
                 34.5000000000                  21.5000000000              320838.3459132763 
                 34.5000000000                  22.0000000000              324991.4294631726 
                 34.5000000000                  22.5000000000              328813.3149475193 
                 34.5000000000                  23.0000000000              332327.4935522605 
                 34.5000000000                  23.5000000000              335269.7063192256 
                 34.5000000000                  24.0000000000              336969.7091871834 
                 34.5000000000                  24.5000000000              336604.2509442497 
                 34.5000000000                  25.0000000000              332751.9185514160 
                 34.5000000000                  25.5000000000              325300.2456166621 
                 34.5000000000                  26.0000000000              315515.8261264488 
                 34.5000000000                  26.5000000000              303964.1919692821 
                 34.5000000000                  27.0000000000              291030.0034784955 
                 34.5000000000                  27.5000000000              276864.3939739880 
                 34.5000000000                  28.0000000000              261510.8006164095 
                 34.5000000000                  28.5000000000              245283.8919199712 
                 34.5000000000                  29.0000000000              228445.5099879299 
                 34.5000000000                  29.5000000000              211278.7840000866 
                 34.5000000000                  30.0000000000              193982.3172556944 
                 34.5000000000                  30.5000000000              176471.8662833669 
                 34.5000000000                  31.0000000000              158675.8707797027 
                 34.5000000000                  31.5000000000              140828.5226662230 
                 34.5000000000                  32.0000000000              123409.8780927452 
                 34.5000000000                  32.5000000000              106927.5606922501 
                 34.5000000000                  33.0000000000               91004.6122008255 
                 34.5000000000                  33.5000000000               77537.5564563154 
                 34.5000000000                  34.0000000000               69716.8996247036 
                 34.5000000000                  34.5000000000               66008.1809083873 
                 34.5000000000                  35.0000000000               63905.1108788863 
                 34.5000000000                  35.5000000000               62727.9588681521 
                 34.5000000000                  36.0000000000               61687.9710723959 
                 34.5000000000                  36.5000000000               60471.9657571036 
                 34.5000000000                  37.0000000000               59223.1749435959 
                 34.5000000000                  37.5000000000               58029.9615379591 
                 34.5000000000                  38.0000000000               56682.5038139346 
                 34.5000000000                  38.5000000000               54881.0015499298 
                 34.5000000000                  39.0000000000               52566.5840746025 
                 34.5000000000                  39.5000000000               49593.1053470855 
                 34.5000000000                  40.0000000000               46299.3275654365 
                 34.5000000000                  40.5000000000               43240.2482624321 
                 34.5000000000                  41.0000000000               40476.4463224836 
                 34.5000000000                  41.5000000000               37975.2957597983 
                 34.5000000000                  42.0000000000               35706.5100041317 
                 34.5000000000                  42.5000000000               33615.6757884463 
                 34.5000000000                  43.0000000000               31662.5279578502 
                 34.5000000000                  43.5000000000               29854.9403663001 
                 34.5000000000                  44.0000000000               28104.1578535844 
                 34.5000000000                  44.5000000000               26172.9142726352 
                 34.5000000000                  45.0000000000               23965.6438484053 
                 34.5000000000                  45.5000000000               21448.8857241247 
                 34.5000000000                  46.0000000000               18683.5236140084 
                 34.5000000000                  46.5000000000               16050.9424382264 
                 34.5000000000                  47.0000000000               13735.5739799162 
                 34.5000000000                  47.5000000000               11673.8576116887 
                 34.5000000000                  48.0000000000                9824.3874375646 
                 34.5000000000                  48.5000000000                7869.4200327978 
                 34.5000000000                  49.0000000000                5573.2470921139 
                 34.5000000000                  49.5000000000                2955.2671707229 
                 34.5000000000                  50.0000000000                   0.0000000000 
                 35.0000000000                   0.0000000000                   0.0000000000 
                 35.0000000000                   0.5000000000                6497.8157105842 
                 35.0000000000                   1.0000000000               13115.4937683575 
                 35.0000000000                   1.5000000000               19872.7596137236 
                 35.0000000000                   2.0000000000               26811.9130138085 
                 35.0000000000                   2.5000000000               33871.9738184666 
                 35.0000000000                   3.0000000000               40956.5863549021 
                 35.0000000000                   3.5000000000               48085.2222319617 
                 35.0000000000                   4.0000000000               55302.3601732073 
                 35.0000000000                   4.5000000000               62621.8980071760 
                 35.0000000000                   5.0000000000               70005.7353217824 
                 35.0000000000                   5.5000000000               77417.6142166809 
                 35.0000000000                   6.0000000000               84824.7751887855 
                 35.0000000000                   6.5000000000               92251.5900296553 
                 35.0000000000                   7.0000000000               99813.8221450662 
                 35.0000000000                   7.5000000000              107552.5115940309 
                 35.0000000000                   8.0000000000              115433.1414131482 
                 35.0000000000                   8.5000000000              123383.7659269142 
                 35.0000000000                   9.0000000000              131261.7859375166 
                 35.0000000000                   9.5000000000              138965.5667579832 
                 35.0000000000                  10.0000000000              146442.3924945169 
                 35.0000000000                  10.5000000000              153598.7620202893 
                 35.0000000000                  11.0000000000              160359.9831164105 
                 35.0000000000                  11.5000000000              166794.7139914936 
                 35.0000000000                  12.0000000000              173049.1365144787 
                 35.0000000000                  12.5000000000              179292.0241432419 
                 35.0000000000                  13.0000000000              185772.5593100932 
                 35.0000000000                  13.5000000000              192643.9129249832 
                 35.0000000000                  14.0000000000              199969.0030133195 
                 35.0000000000                  14.5000000000              207989.1643910282 
                 35.0000000000                  15.0000000000              216222.8003658392 
                 35.0000000000                  15.5000000000              224059.3849979959 
                 35.0000000000                  16.0000000000              231635.9637719514 
                 35.0000000000                  16.5000000000              239004.7830234640 
                 35.0000000000                  17.0000000000              246286.8567463657 
                 35.0000000000                  17.5000000000              253625.7430355499 
                 35.0000000000                  18.0000000000              260902.0542371044 
                 35.0000000000                  18.5000000000              267915.9109906488 
                 35.0000000000                  19.0000000000              274233.6110954430 
                 35.0000000000                  19.5000000000              279694.0775916293 
                 35.0000000000                  20.0000000000              284649.6113001029 
                 35.0000000000                  20.5000000000              289315.1167194013 
                 35.0000000000                  21.0000000000              293782.3998502669 
                 35.0000000000                  21.5000000000              298017.2562878054 
                 35.0000000000                  22.0000000000              301878.8178230989 
                 35.0000000000                  22.5000000000              305283.3507779876 
                 35.0000000000                  23.0000000000              308206.6467621356 
                 35.0000000000                  23.5000000000              310295.1867908066 
                 35.0000000000                  24.0000000000              310923.1996802655 
                 35.0000000000                  24.5000000000              309413.7284182317 
                 35.0000000000                  25.0000000000              304355.4532766878 
                 35.0000000000                  25.5000000000              296052.1368829130 
                 35.0000000000                  26.0000000000              286057.0964112977 
                 35.0000000000                  26.5000000000              274650.0324976282 
                 35.0000000000                  27.0000000000              262080.1806340878 
                 35.0000000000                  27.5000000000              248481.1453389883 
                 35.0000000000                  28.0000000000              234034.0632820834 
                 35.0000000000                  28.5000000000              219228.8010706996 
                 35.0000000000                  29.0000000000              204380.5771377204 
                 35.0000000000                  29.5000000000              189590.9924797293 
                 35.0000000000                  30.0000000000              174641.7375051175 
                 35.0000000000                  30.5000000000              159130.6090648166 
                 35.0000000000                  31.0000000000              142862.0178063202 
                 35.0000000000                  31.5000000000              126238.1319087328 
                 35.0000000000                  32.0000000000              110238.0862403415 
                 35.0000000000                  32.5000000000               95657.6122176972 
                 35.0000000000                  33.0000000000               82206.5545919611 
                 35.0000000000                  33.5000000000               71158.9584068985 
                 35.0000000000                  34.0000000000               64784.7329135273 
                 35.0000000000                  34.5000000000               61770.8897057600 
                 35.0000000000                  35.0000000000               60085.4026410094 
                 35.0000000000                  35.5000000000               59154.2006239619 
                 35.0000000000                  36.0000000000               58342.9794218896 
                 35.0000000000                  36.5000000000               57413.6020507832 
                 35.0000000000                  37.0000000000               56488.3333220236 
                 35.0000000000                  37.5000000000               55664.9539035972 
                 35.0000000000                  38.0000000000               54662.6581150171 
                 35.0000000000                  38.5000000000               53110.3969752173 
                 35.0000000000                  39.0000000000               50959.5778252605 
                 35.0000000000                  39.5000000000               47980.1151332770 
                 35.0000000000                  40.0000000000               44658.8628220124 
                 35.0000000000                  40.5000000000               41783.0250467407 
                 35.0000000000                  41.0000000000               39368.2737114643 
                 35.0000000000                  41.5000000000               37367.2150066722 
                 35.0000000000                  42.0000000000               35627.2505011110 
                 35.0000000000                  42.5000000000               33885.2596354789 
                 35.0000000000                  43.0000000000               32077.8061142888 
                 35.0000000000                  43.5000000000               30202.6121111341 
                 35.0000000000                  44.0000000000               28219.4075388935 
                 35.0000000000                  44.5000000000               26075.6716348159 
                 35.0000000000                  45.0000000000               23724.7425591777 
                 35.0000000000                  45.5000000000               21102.0013294878 
                 35.0000000000                  46.0000000000               18283.8877223198 
                 35.0000000000                  46.5000000000               15642.3234686914 
                 35.0000000000                  47.0000000000               13352.9994171642 
                 35.0000000000                  47.5000000000               11361.1310977358 
                 35.0000000000                  48.0000000000                9624.5537151510 
                 35.0000000000                  48.5000000000                7778.2791762000 
                 35.0000000000                  49.0000000000                5552.3365987433 
                 35.0000000000                  49.5000000000                2969.9152030425 
                 35.0000000000                  50.0000000000                   0.0000000000 
                 35.5000000000                   0.0000000000                   0.0000000000 
                 35.5000000000                   0.5000000000                6274.9421702748 
                 35.5000000000                   1.0000000000               12658.2945293874 
                 35.5000000000                   1.5000000000               19171.7836049349 
                 35.5000000000                   2.0000000000               25860.9038837278 
                 35.5000000000                   2.5000000000               32670.0516757768 
                 35.5000000000                   3.0000000000               39502.5434040814 
                 35.5000000000                   3.5000000000               46370.7943925467 
                 35.5000000000                   4.0000000000               53303.8831267982 
                 35.5000000000                   4.5000000000               60323.3767913544 
                 35.5000000000                   5.0000000000               67428.0955209434 
                 35.5000000000                   5.5000000000               74596.2652147134 
                 35.5000000000                   6.0000000000               81796.8241422880 
                 35.5000000000                   6.5000000000               89052.8545780563 
                 35.5000000000                   7.0000000000               96465.0559685298 
                 35.5000000000                   7.5000000000              104066.5060190098 
                 35.5000000000                   8.0000000000              111822.2518485153 
                 35.5000000000                   8.5000000000              119637.4008652454 
                 35.5000000000                   9.0000000000              127330.5952475136 
                 35.5000000000                   9.5000000000              134795.7306331805 
                 35.5000000000                  10.0000000000              142004.7315630312 
                 35.5000000000                  10.5000000000              148897.1922796303 
                 35.5000000000                  11.0000000000              155390.2906916131 
                 35.5000000000                  11.5000000000              161501.0471369830 
                 35.5000000000                  12.0000000000              167320.4954275338 
                 35.5000000000                  12.5000000000              172892.2444430206 
                 35.5000000000                  13.0000000000              178281.3855063666 
                 35.5000000000                  13.5000000000              183605.7880606619 
                 35.5000000000                  14.0000000000              188995.0484538706 
                 35.5000000000                  14.5000000000              194879.4053333609 
                 35.5000000000                  15.0000000000              201555.7862024701 
                 35.5000000000                  15.5000000000              208592.4880501988 
                 35.5000000000                  16.0000000000              215565.3207304916 
                 35.5000000000                  16.5000000000              222294.3024758624 
                 35.5000000000                  17.0000000000              228683.2233318281 
                 35.5000000000                  17.5000000000              234847.4400768750 
                 35.5000000000                  18.0000000000              240883.8296513993 
                 35.5000000000                  18.5000000000              246924.0800394559 
                 35.5000000000                  19.0000000000              253147.5221758797 
                 35.5000000000                  19.5000000000              259257.8118080479 
                 35.5000000000                  20.0000000000              264908.4361699882 
                 35.5000000000                  20.5000000000              270096.4204718953 
                 35.5000000000                  21.0000000000              274816.0738407590 
                 35.5000000000                  21.5000000000              279039.1703591021 
                 35.5000000000                  22.0000000000              282701.1602583833 
                 35.5000000000                  22.5000000000              285742.3087443666 
                 35.5000000000                  23.0000000000              288058.2269487430 
                 35.5000000000                  23.5000000000              289166.3420401935 
                 35.5000000000                  24.0000000000              288471.2555594591 
                 35.5000000000                  24.5000000000              285413.7976421970 
                 35.5000000000                  25.0000000000              278844.8351526766 
                 35.5000000000                  25.5000000000              269702.0483716015 
                 35.5000000000                  26.0000000000              259585.3345666467 
                 35.5000000000                  26.5000000000              248313.2148211453 
                 35.5000000000                  27.0000000000              235813.7781696201 
                 35.5000000000                  27.5000000000              222239.0251571832 
                 35.5000000000                  28.0000000000              208274.0284137557 
                 35.5000000000                  28.5000000000              194652.5231192474 
                 35.5000000000                  29.0000000000              181785.4015262439 
                 35.5000000000                  29.5000000000              169561.7947689431 
                 35.5000000000                  30.0000000000              157052.8390301362 
                 35.5000000000                  30.5000000000              143458.3562591967 
                 35.5000000000                  31.0000000000              128276.4537472955 
                 35.5000000000                  31.5000000000              112070.3575701448 
                 35.5000000000                  32.0000000000               97003.3315545382 
                 35.5000000000                  32.5000000000               84298.7226512894 
                 35.5000000000                  33.0000000000               73499.0981534550 
                 35.5000000000                  33.5000000000               65155.0604539324 
                 35.5000000000                  34.0000000000               60333.0169865847 
                 35.5000000000                  34.5000000000               57964.9725042662 
                 35.5000000000                  35.0000000000               56651.4249161335 
                 35.5000000000                  35.5000000000               55935.7337529736 
                 35.5000000000                  36.0000000000               55334.5265763351 
                 35.5000000000                  36.5000000000               54659.9489135904 
                 35.5000000000                  37.0000000000               53998.1073167900 
                 35.5000000000                  37.5000000000               53431.5610056986 
                 35.5000000000                  38.0000000000               52640.0688353681 
                 35.5000000000                  38.5000000000               51235.5669254498 
                 35.5000000000                  39.0000000000               49190.2854821138 
                 35.5000000000                  39.5000000000               46258.4070801879 
                 35.5000000000                  40.0000000000               43032.1976163785 
                 35.5000000000                  40.5000000000               40405.9453499157 
                 35.5000000000                  41.0000000000               38349.3536729789 
                 35.5000000000                  41.5000000000               36803.1498159600 
                 35.5000000000                  42.0000000000               35533.6034101670 
                 35.5000000000                  42.5000000000               34135.6432567392 
                 35.5000000000                  43.0000000000               32509.8547135004 
                 35.5000000000                  43.5000000000               30613.3921007050 
                 35.5000000000                  44.0000000000               28436.8714921100 
                 35.5000000000                  44.5000000000               26109.5087861341 
                 35.5000000000                  45.0000000000               23642.9764736227 
                 35.5000000000                  45.5000000000               20939.0100725966 
                 35.5000000000                  46.0000000000               18079.2591890790 
                 35.5000000000                  46.5000000000               15426.0014675474 
                 35.5000000000                  47.0000000000               13147.4653814725 
                 35.5000000000                  47.5000000000               11190.8645870462 
                 35.5000000000                  48.0000000000                9512.3263969740 
                 35.5000000000                  48.5000000000                7722.6485962055 
                 35.5000000000                  49.0000000000                5534.7904754975 
                 35.5000000000                  49.5000000000                2973.8749289382 
                 35.5000000000                  50.0000000000                   0.0000000000 
                 36.0000000000                   0.0000000000                   0.0000000000 
                 36.0000000000                   0.5000000000                6062.7976325687 
                 36.0000000000                   1.0000000000               12219.6889640290 
                 36.0000000000                   1.5000000000               18492.2948243646 
                 36.0000000000                   2.0000000000               24923.4163093134 
                 36.0000000000                   2.5000000000               31466.8174755854 
                 36.0000000000                   3.0000000000               38035.4326498374 
                 36.0000000000                   3.5000000000               44634.5840205321 
                 36.0000000000                   4.0000000000               51283.0326414676 
                 36.0000000000                   4.5000000000               58005.3032949057 
                 36.0000000000                   5.0000000000               64819.4070449824 
                 36.0000000000                   5.5000000000               71716.3183927926 
                 36.0000000000                   6.0000000000               78672.1092727813 
                 36.0000000000                   6.5000000000               85713.6619896213 
                 36.0000000000                   7.0000000000               92938.1772970058 
                 36.0000000000                   7.5000000000              100379.2210404252 
                 36.0000000000                   8.0000000000              108010.2425505193 
                 36.0000000000                   8.5000000000              115710.5758709978 
                 36.0000000000                   9.0000000000              123235.7617768162 
                 36.0000000000                   9.5000000000              130472.5939520141 
                 36.0000000000                  10.0000000000              137427.2000053591 
                 36.0000000000                  10.5000000000              144065.3935744194 
                 36.0000000000                  11.0000000000              150310.7815448208 
                 36.0000000000                  11.5000000000              156140.8680972739 
                 36.0000000000                  12.0000000000              161588.1866053484 
                 36.0000000000                  12.5000000000              166596.0595847288 
                 36.0000000000                  13.0000000000              171119.6173508239 
                 36.0000000000                  13.5000000000              175322.6278426396 
                 36.0000000000                  14.0000000000              179472.7183475557 
                 36.0000000000                  14.5000000000              184050.6804293810 
                 36.0000000000                  15.0000000000              189586.8531992862 
                 36.0000000000                  15.5000000000              195805.7239481003 
                 36.0000000000                  16.0000000000              202118.7858504132 
                 36.0000000000                  16.5000000000              208228.5921065462 
                 36.0000000000                  17.0000000000              213927.1443105475 
                 36.0000000000                  17.5000000000              219284.8146017280 
                 36.0000000000                  18.0000000000              224507.0988451900 
                 36.0000000000                  18.5000000000              229869.5655879436 
                 36.0000000000                  19.0000000000              235793.0041897173 
                 36.0000000000                  19.5000000000              242004.6669966448 
                 36.0000000000                  20.0000000000              247881.5309397043 
                 36.0000000000                  20.5000000000              253243.7416398345 
                 36.0000000000                  21.0000000000              257999.2343782019 
                 36.0000000000                  21.5000000000              262099.6995194645 
                 36.0000000000                  22.0000000000              265506.5050418749 
                 36.0000000000                  22.5000000000              268158.8254112081 
                 36.0000000000                  23.0000000000              269887.4202019617 
                 36.0000000000                  23.5000000000              270126.1013614346 
                 36.0000000000                  24.0000000000              268309.2781184132 
                 36.0000000000                  24.5000000000              263988.5937915915 
                 36.0000000000                  25.0000000000              256402.5084235996 
                 36.0000000000                  25.5000000000              246809.2940535644 
                 36.0000000000                  26.0000000000              236613.9399517372 
                 36.0000000000                  26.5000000000              225397.6151924556 
                 36.0000000000                  27.0000000000              212767.4689469592 
                 36.0000000000                  27.5000000000              199239.7560066745 
                 36.0000000000                  28.0000000000              186138.2927670093 
                 36.0000000000                  28.5000000000              174049.3364215131 
                 36.0000000000                  29.0000000000              163305.3504256583 
                 36.0000000000                  29.5000000000              153420.5176298162 
                 36.0000000000                  30.0000000000              142813.9240393654 
                 36.0000000000                  30.5000000000              130595.7418973073 
                 36.0000000000                  31.0000000000              115744.9968117749 
                 36.0000000000                  31.5000000000               99292.1853811672 
                 36.0000000000                  32.0000000000               85194.3827648177 
                 36.0000000000                  32.5000000000               74576.9634313489 
                 36.0000000000                  33.0000000000               66341.5136819038 
                 36.0000000000                  33.5000000000               60416.6103457328 
                 36.0000000000                  34.0000000000               56854.0475385969 
                 36.0000000000                  34.5000000000               54934.6437012954 
                 36.0000000000                  35.0000000000               53871.1411108463 
                 36.0000000000                  35.5000000000               53297.7545618188 
                 36.0000000000                  36.0000000000               52845.0199548294 
                 36.0000000000                  36.5000000000               52346.1585130423 
                 36.0000000000                  37.0000000000               51845.2819772349 
                 36.0000000000                  37.5000000000               51390.2584632853 
                 36.0000000000                  38.0000000000               50665.4378280125 
                 36.0000000000                  38.5000000000               49316.2889429157 
                 36.0000000000                  39.0000000000               47331.1345262410 
                 36.0000000000                  39.5000000000               44545.4931178470 
                 36.0000000000                  40.0000000000               41558.5955341325 
                 36.0000000000                  40.5000000000               39200.3940250636 
                 36.0000000000                  41.0000000000               37452.7114482056 
                 36.0000000000                  41.5000000000               36266.0703502846 
                 36.0000000000                  42.0000000000               35368.4934870012 
                 36.0000000000                  42.5000000000               34283.6885100913 
                 36.0000000000                  43.0000000000               32867.9790710809 
                 36.0000000000                  43.5000000000               31029.5788372131 
                 36.0000000000                  44.0000000000               28766.9675652968 
                 36.0000000000                  44.5000000000               26333.7635531514 
                 36.0000000000                  45.0000000000               23798.3921686695 
                 36.0000000000                  45.5000000000               21038.4833439415 
                 36.0000000000                  46.0000000000               18129.5161785453 
                 36.0000000000                  46.5000000000               15440.3099190925 
                 36.0000000000                  47.0000000000               13141.9953952041 
                 36.0000000000                  47.5000000000               11173.0097823641 
                 36.0000000000                  48.0000000000                9483.8478287401 
                 36.0000000000                  48.5000000000                7689.4767702695 
                 36.0000000000                  49.0000000000                5505.6934224828 
                 36.0000000000                  49.5000000000                2953.9253373008 
                 36.0000000000                  50.0000000000                   0.0000000000 
                 36.5000000000                   0.0000000000                   0.0000000000 
                 36.5000000000                   0.5000000000                5853.4463154801 
                 36.5000000000                   1.0000000000               11784.3130372526 
                 36.5000000000                   1.5000000000               17812.3156805050 
                 36.5000000000                   2.0000000000               23974.3430453891 
                 36.5000000000                   2.5000000000               30234.0870958526 
                 36.5000000000                   3.0000000000               36518.9945114315 
                 36.5000000000                   3.5000000000               42829.1343543647 
                 36.5000000000                   4.0000000000               49175.0068847385 
                 36.5000000000                   4.5000000000               55581.4605231252 
                 36.5000000000                   5.0000000000               62075.5858035210 
                 36.5000000000                   5.5000000000               68657.0396611544 
                 36.5000000000                   6.0000000000               75311.2230392610 
                 36.5000000000                   6.5000000000               82069.6000030078 
                 36.5000000000                   7.0000000000               89030.4529960824 
                 36.5000000000                   7.5000000000               96239.3302342017 
                 36.5000000000                   8.0000000000              103693.8439350045 
                 36.5000000000                   8.5000000000              111253.1060553786 
                 36.5000000000                   9.0000000000              118590.4954632955 
                 36.5000000000                   9.5000000000              125579.5843237546 
                 36.5000000000                  10.0000000000              132269.0491843427 
                 36.5000000000                  10.5000000000              138634.9936152183 
                 36.5000000000                  11.0000000000              144607.5652565633 
                 36.5000000000                  11.5000000000              150153.5581884047 
                 36.5000000000                  12.0000000000              155266.8817987951 
                 36.5000000000                  12.5000000000              159826.3433730488 
                 36.5000000000                  13.0000000000              163806.0152580025 
                 36.5000000000                  13.5000000000              167503.6775681911 
                 36.5000000000                  14.0000000000              171287.9789722060 
                 36.5000000000                  14.5000000000              175516.0159434969 
                 36.5000000000                  15.0000000000              180445.1199861559 
                 36.5000000000                  15.5000000000              185884.8959314128 
                 36.5000000000                  16.0000000000              191461.3081072159 
                 36.5000000000                  16.5000000000              196917.2197696320 
                 36.5000000000                  17.0000000000              202075.8209069286 
                 36.5000000000                  17.5000000000              206963.6461677944 
                 36.5000000000                  18.0000000000              211756.6466319321 
                 36.5000000000                  18.5000000000              216688.6282656169 
                 36.5000000000                  19.0000000000              222033.5423407322 
                 36.5000000000                  19.5000000000              227650.7537030648 
                 36.5000000000                  20.0000000000              233099.0709040432 
                 36.5000000000                  20.5000000000              238116.8740618830 
                 36.5000000000                  21.0000000000              242545.9098359352 
                 36.5000000000                  21.5000000000              246295.2987363056 
                 36.5000000000                  22.0000000000              249305.0082061551 
                 36.5000000000                  22.5000000000              251498.4845294389 
                 36.5000000000                  23.0000000000              252687.6984881755 
                 36.5000000000                  23.5000000000              252301.2376269370 
                 36.5000000000                  24.0000000000              249811.4981405652 
                 36.5000000000                  24.5000000000              244891.1377201598 
                 36.5000000000                  25.0000000000              237042.5106496840 
                 36.5000000000                  25.5000000000              227415.9611299101 
                 36.5000000000                  26.0000000000              217194.5730204214 
                 36.5000000000                  26.5000000000              206008.9562513385 
                 36.5000000000                  27.0000000000              193356.7831901197 
                 36.5000000000                  27.5000000000              180341.1255094900 
                 36.5000000000                  28.0000000000              168652.2755769492 
                 36.5000000000                  28.5000000000              158355.6512766489 
                 36.5000000000                  29.0000000000              149519.3500187155 
                 36.5000000000                  29.5000000000              141317.7504071629 
                 36.5000000000                  30.0000000000              131893.2325210395 
                 36.5000000000                  30.5000000000              120463.8996232208 
                 36.5000000000                  31.0000000000              105506.8595705593 
                 36.5000000000                  31.5000000000               88823.2852726905 
                 36.5000000000                  32.0000000000               75943.6663610877 
                 36.5000000000                  32.5000000000               67346.4007903450 
                 36.5000000000                  33.0000000000               61135.2031421049 
                 36.5000000000                  33.5000000000               56899.0073222968 
                 36.5000000000                  34.0000000000               54221.7098691456 
                 36.5000000000                  34.5000000000               52638.1377161323 
                 36.5000000000                  35.0000000000               51743.6499821957 
                 36.5000000000                  35.5000000000               51260.0115009191 
                 36.5000000000                  36.0000000000               50895.0870621386 
                 36.5000000000                  36.5000000000               50491.9784766091 
                 36.5000000000                  37.0000000000               50055.2149201598 
                 36.5000000000                  37.5000000000               49604.2071182713 
                 36.5000000000                  38.0000000000               48855.1181234423 
                 36.5000000000                  38.5000000000               47504.8024533582 
                 36.5000000000                  39.0000000000               45562.7043280637 
                 36.5000000000                  39.5000000000               42952.5817794082 
                 36.5000000000                  40.0000000000               40224.3351180221 
                 36.5000000000                  40.5000000000               38097.8434344907 
                 36.5000000000                  41.0000000000               36589.9434081619 
                 36.5000000000                  41.5000000000               35675.5644060453 
                 36.5000000000                  42.0000000000               35070.7236573210 
                 36.5000000000                  42.5000000000               34262.9294692585 
                 36.5000000000                  43.0000000000               33072.7335197566 
                 36.5000000000                  43.5000000000               31361.5329946004 
                 36.5000000000                  44.0000000000               29114.0877025807 
                 36.5000000000                  44.5000000000               26663.5460351498 
                 36.5000000000                  45.0000000000               24122.5688737070 
                 36.5000000000                  45.5000000000               21345.7772969687 
                 36.5000000000                  46.0000000000               18397.0860662829 
                 36.5000000000                  46.5000000000               15660.4355669568 
                 36.5000000000                  47.0000000000               13317.4217373025 
                 36.5000000000                  47.5000000000               11294.5103044327 
                 36.5000000000                  48.0000000000                9538.5142649619 
                 36.5000000000                  48.5000000000                7688.0369198069 
                 36.5000000000                  49.0000000000                5476.3786925510 
                 36.5000000000                  49.5000000000                2921.8099413628 
                 36.5000000000                  50.0000000000                   0.0000000000 
                 37.0000000000                   0.0000000000                   0.0000000000 
                 37.0000000000                   0.5000000000                5646.0341062542 
                 37.0000000000                   1.0000000000               11350.8685789930 
                 37.0000000000                   1.5000000000               17130.9151180647 
                 37.0000000000                   2.0000000000               23016.6256341892 
                 37.0000000000                   2.5000000000               28983.0240941934 
                 37.0000000000                   3.0000000000               34974.1369961594 
                 37.0000000000                   3.5000000000               40985.0567700990 
                 37.0000000000                   4.0000000000               47016.5380127198 
                 37.0000000000                   4.5000000000               53086.7452646387 
                 37.0000000000                   5.0000000000               59222.8236528811 
                 37.0000000000                   5.5000000000               65430.3320532459 
                 37.0000000000                   6.0000000000               71706.0183108720 
                 37.0000000000                   6.5000000000               78087.0704278367 
                 37.0000000000                   7.0000000000               84670.5584894323 
                 37.0000000000                   7.5000000000               91516.2653194966 
                 37.0000000000                   8.0000000000               98676.3836206815 
                 37.0000000000                   8.5000000000              106004.4126078249 
                 37.0000000000                   9.0000000000              113072.3372398027 
                 37.0000000000                   9.5000000000              119755.1569906869 
                 37.0000000000                  10.0000000000              126157.4766521215 
                 37.0000000000                  10.5000000000              132254.4498752647 
                 37.0000000000                  11.0000000000              137986.1890869873 
                 37.0000000000                  11.5000000000              143324.3686887500 
                 37.0000000000                  12.0000000000              148255.9116864185 
                 37.0000000000                  12.5000000000              152610.9601705805 
                 37.0000000000                  13.0000000000              156429.0688051000 
                 37.0000000000                  13.5000000000              160116.4680956986 
                 37.0000000000                  14.0000000000              163962.1028988083 
                 37.0000000000                  14.5000000000              168138.6479679081 
                 37.0000000000                  15.0000000000              172740.9575818528 
                 37.0000000000                  15.5000000000              177629.9499881414 
                 37.0000000000                  16.0000000000              182596.5601500436 
                 37.0000000000                  16.5000000000              187487.8786683336 
                 37.0000000000                  17.0000000000              192180.7043880154 
                 37.0000000000                  17.5000000000              196680.7205070658 
                 37.0000000000                  18.0000000000              201108.8542733786 
                 37.0000000000                  18.5000000000              205616.7424352706 
                 37.0000000000                  19.0000000000              210382.9662672945 
                 37.0000000000                  19.5000000000              215331.3610608548 
                 37.0000000000                  20.0000000000              220148.4607943784 
                 37.0000000000                  20.5000000000              224591.9335034240 
                 37.0000000000                  21.0000000000              228487.2582136577 
                 37.0000000000                  21.5000000000              231727.3497606575 
                 37.0000000000                  22.0000000000              234242.5075455008 
                 37.0000000000                  22.5000000000              235954.7297767227 
                 37.0000000000                  23.0000000000              236678.6726941742 
                 37.0000000000                  23.5000000000              235868.9440227502 
                 37.0000000000                  24.0000000000              233039.7812445171 
                 37.0000000000                  24.5000000000              227925.1257691149 
                 37.0000000000                  25.0000000000              220177.9141436442 
                 37.0000000000                  25.5000000000              210772.7369451495 
                 37.0000000000                  26.0000000000              200690.6621193211 
                 37.0000000000                  26.5000000000              189692.7121044021 
                 37.0000000000                  27.0000000000              177284.1350521768 
                 37.0000000000                  27.5000000000              165029.2281075453 
                 37.0000000000                  28.0000000000              154751.7909895544 
                 37.0000000000                  28.5000000000              145975.0421229581 
                 37.0000000000                  29.0000000000              138546.9431269952 
                 37.0000000000                  29.5000000000              131502.1353257057 
                 37.0000000000                  30.0000000000              122887.2971276700 
                 37.0000000000                  30.5000000000              112027.2060189414 
                 37.0000000000                  31.0000000000               97028.5469430244 
                 37.0000000000                  31.5000000000               80361.4651270232 
                 37.0000000000                  32.0000000000               68660.8881274094 
                 37.0000000000                  32.5000000000               61705.7036160286 
                 37.0000000000                  33.0000000000               56980.1016348122 
                 37.0000000000                  33.5000000000               53949.0539208523 
                 37.0000000000                  34.0000000000               51980.4644961282 
                 37.0000000000                  34.5000000000               50730.6477413839 
                 37.0000000000                  35.0000000000               50020.9603393957 
                 37.0000000000                  35.5000000000               49647.1662687616 
                 37.0000000000                  36.0000000000               49372.6921479536 
                 37.0000000000                  36.5000000000               49041.2917591905 
                 37.0000000000                  37.0000000000               48619.4598983718 
                 37.0000000000                  37.5000000000               48110.3548624409 
                 37.0000000000                  38.0000000000               47273.7256481923 
                 37.0000000000                  38.5000000000               45867.5860413377 
                 37.0000000000                  39.0000000000               43927.6748493104 
                 37.0000000000                  39.5000000000               41440.8262675036 
                 37.0000000000                  40.0000000000               38909.5196000238 
                 37.0000000000                  40.5000000000               36962.1335301566 
                 37.0000000000                  41.0000000000               35639.1386250962 
                 37.0000000000                  41.5000000000               34937.5102599155 
                 37.0000000000                  42.0000000000               34570.7069178301 
                 37.0000000000                  42.5000000000               34005.8594675039 
                 37.0000000000                  43.0000000000               33044.0338386491 
                 37.0000000000                  43.5000000000               31507.6151393159 
                 37.0000000000                  44.0000000000               29352.1005883876 
                 37.0000000000                  44.5000000000               26967.9232506266 
                 37.0000000000                  45.0000000000               24498.6065011247 
                 37.0000000000                  45.5000000000               21767.1209361030 
                 37.0000000000                  46.0000000000               18818.5711126715 
                 37.0000000000                  46.5000000000               16049.7840035972 
                 37.0000000000                  47.0000000000               13655.0045539165 
                 37.0000000000                  47.5000000000               11549.1208181207 
                 37.0000000000                  48.0000000000                9681.3245792243 
                 37.0000000000                  48.5000000000                7730.6126466758 
                 37.0000000000                  49.0000000000                5460.8338551531 
                 37.0000000000                  49.5000000000                2888.7542503962 
                 37.0000000000                  50.0000000000                   0.0000000000 
                 37.5000000000                   0.0000000000                   0.0000000000 
                 37.5000000000                   0.5000000000                5440.7046451783 
                 37.5000000000                   1.0000000000               10919.3870303637 
                 37.5000000000                   1.5000000000               16448.3399340106 
                 37.5000000000                   2.0000000000               22051.2511909240 
                 37.5000000000                   2.5000000000               27718.7468719580 
                 37.5000000000                   3.0000000000               33413.8232551964 
                 37.5000000000                   3.5000000000               39124.0921919539 
                 37.5000000000                   4.0000000000               44837.8481911404 
                 37.5000000000                   4.5000000000               50552.7847413735 
                 37.5000000000                   5.0000000000               56284.3416544256 
                 37.5000000000                   5.5000000000               62043.6583173899 
                 37.5000000000                   6.0000000000               67837.7574706145 
                 37.5000000000                   6.5000000000               73707.8874380174 
                 37.5000000000                   7.0000000000               79729.9585584896 
                 37.5000000000                   7.5000000000               85948.0440207608 
                 37.5000000000                   8.0000000000               92428.4417482021 
                 37.5000000000                   8.5000000000               99128.9755867702 
                 37.5000000000                   9.0000000000              105705.4425014358 
                 37.5000000000                   9.5000000000              112009.6345702199 
                 37.5000000000                  10.0000000000              118128.0453600074 
                 37.5000000000                  10.5000000000              124033.4621080406 
                 37.5000000000                  11.0000000000              129664.1431198907 
                 37.5000000000                  11.5000000000              134989.3617851276 
                 37.5000000000                  12.0000000000              140004.9719602783 
                 37.5000000000                  12.5000000000              144634.1622218578 
                 37.5000000000                  13.0000000000              148949.3591822386 
                 37.5000000000                  13.5000000000              153171.0878954470 
                 37.5000000000                  14.0000000000              157416.0594131374 
                 37.5000000000                  14.5000000000              161744.0428843411 
                 37.5000000000                  15.0000000000              166155.9117753063 
                 37.5000000000                  15.5000000000              170605.3161281003 
                 37.5000000000                  16.0000000000              175049.1414276015 
                 37.5000000000                  16.5000000000              179437.0387469802 
                 37.5000000000                  17.0000000000              183719.2155309978 
                 37.5000000000                  17.5000000000              187885.6428278117 
                 37.5000000000                  18.0000000000              191988.0002174961 
                 37.5000000000                  18.5000000000              196106.5837583780 
                 37.5000000000                  19.0000000000              200330.5869185141 
                 37.5000000000                  19.5000000000              204607.7161811604 
                 37.5000000000                  20.0000000000              208726.1449906858 
                 37.5000000000                  20.5000000000              212482.3459575005 
                 37.5000000000                  21.0000000000              215714.0751418094 
                 37.5000000000                  21.5000000000              218326.0105551245 
                 37.5000000000                  22.0000000000              220263.2306197725 
                 37.5000000000                  22.5000000000              221468.0003085830 
                 37.5000000000                  23.0000000000              221812.1713344820 
                 37.5000000000                  23.5000000000              220808.4609791129 
                 37.5000000000                  24.0000000000              217963.2495724330 
                 37.5000000000                  24.5000000000              213002.4867058698 
                 37.5000000000                  25.0000000000              205584.8274385383 
                 37.5000000000                  25.5000000000              196490.2680441950 
                 37.5000000000                  26.0000000000              186641.8963057207 
                 37.5000000000                  26.5000000000              175985.2031843938 
                 37.5000000000                  27.0000000000              164160.2422413566 
                 37.5000000000                  27.5000000000              152939.0426301726 
                 37.5000000000                  28.0000000000              143952.9003016831 
                 37.5000000000                  28.5000000000              136336.0703876435 
                 37.5000000000                  29.0000000000              129828.1095262654 
                 37.5000000000                  29.5000000000              123408.4968834029 
                 37.5000000000                  30.0000000000              115164.1583808982 
                 37.5000000000                  30.5000000000              104566.5651008642 
                 37.5000000000                  31.0000000000               89662.3034452458 
                 37.5000000000                  31.5000000000               73490.6172384737 
                 37.5000000000                  32.0000000000               63010.8501443079 
                 37.5000000000                  32.5000000000               57320.3724177391 
                 37.5000000000                  33.0000000000               53645.9350298053 
                 37.5000000000                  33.5000000000               51427.3112008688 
                 37.5000000000                  34.0000000000               49977.7889627214 
                 37.5000000000                  34.5000000000               49037.1704284885 
                 37.5000000000                  35.0000000000               48547.7852899919 
                 37.5000000000                  35.5000000000               48359.9050423908 
                 37.5000000000                  36.0000000000               48238.5943412416 
                 37.5000000000                  36.5000000000               47994.4024584912 
                 37.5000000000                  37.0000000000               47568.0649359323 
                 37.5000000000                  37.5000000000               46947.0245059679 
                 37.5000000000                  38.0000000000               45956.5769881838 
                 37.5000000000                  38.5000000000               44436.5374758145 
                 37.5000000000                  39.0000000000               42439.9454472395 
                 37.5000000000                  39.5000000000               39984.0149852532 
                 37.5000000000                  40.0000000000               37545.4788753897 
                 37.5000000000                  40.5000000000               35706.6027482037 
                 37.5000000000                  41.0000000000               34516.7324036637 
                 37.5000000000                  41.5000000000               33977.2879355774 
                 37.5000000000                  42.0000000000               33794.5495645696 
                 37.5000000000                  42.5000000000               33423.0504169411 
                 37.5000000000                  43.0000000000               32658.5903800187 
                 37.5000000000                  43.5000000000               31314.3544765126 
                 37.5000000000                  44.0000000000               29329.9805639753 
                 37.5000000000                  44.5000000000               27106.3188855919 
                 37.5000000000                  45.0000000000               24791.9717898822 
                 37.5000000000                  45.5000000000               22193.0368242535 
                 37.5000000000                  46.0000000000               19330.1064146042 
                 37.5000000000                  46.5000000000               16583.9316777999 
                 37.5000000000                  47.0000000000               14150.9480751986 
                 37.5000000000                  47.5000000000               11944.7930262778 
                 37.5000000000                  48.0000000000                9923.5305250242 
                 37.5000000000                  48.5000000000                7828.5747778516 
                 37.5000000000                  49.0000000000                5470.0050705074 
                 37.5000000000                  49.5000000000                2862.0923171997 
                 37.5000000000                  50.0000000000                   0.0000000000 
                 38.0000000000                   0.0000000000                   0.0000000000 
                 38.0000000000                   0.5000000000                5235.9288770469 
                 38.0000000000                   1.0000000000               10490.5075300392 
                 38.0000000000                   1.5000000000               15773.3343988472 
                 38.0000000000                   2.0000000000               21101.2640792509 
                 38.0000000000                   2.5000000000               26478.1918021929 
                 38.0000000000                   3.0000000000               31884.5221662074 
                 38.0000000000                   3.5000000000               37300.7893385684 
                 38.0000000000                   4.0000000000               42704.8977882650 
                 38.0000000000                   4.5000000000               48073.8946554371 
                 38.0000000000                   5.0000000000               53407.5518671972 
                 38.0000000000                   5.5000000000               58719.8676390329 
                 38.0000000000                   6.0000000000               64025.7043586886 
                 38.0000000000                   6.5000000000               69362.9120754330 
                 38.0000000000                   7.0000000000               74771.5533916996 
                 38.0000000000                   7.5000000000               80266.4076301920 
                 38.0000000000                   8.0000000000               85883.3493880716 
                 38.0000000000                   8.5000000000               91686.8490127518 
                 38.0000000000                   9.0000000000               97572.6683803226 
                 38.0000000000                   9.5000000000              103415.4449558168 
                 38.0000000000                  10.0000000000              109215.9722604743 
                 38.0000000000                  10.5000000000              114945.0697701500 
                 38.0000000000                  11.0000000000              120534.2458756741 
                 38.0000000000                  11.5000000000              125943.1002567850 
                 38.0000000000                  12.0000000000              131180.7747933924 
                 38.0000000000                  12.5000000000              136312.0603117227 
                 38.0000000000                  13.0000000000              141367.0372623755 
                 38.0000000000                  13.5000000000              146261.8606146778 
                 38.0000000000                  14.0000000000              150966.6047030900 
                 38.0000000000                  14.5000000000              155478.6774778719 
                 38.0000000000                  15.0000000000              159765.3760509515 
                 38.0000000000                  15.5000000000              163890.1444617775 
                 38.0000000000                  16.0000000000              167942.7744294039 
                 38.0000000000                  16.5000000000              171951.0410300103 
                 38.0000000000                  17.0000000000              175915.9241372116 
                 38.0000000000                  17.5000000000              179809.1487171769 
                 38.0000000000                  18.0000000000              183629.5044510658 
                 38.0000000000                  18.5000000000              187409.1168563519 
                 38.0000000000                  19.0000000000              191180.8413479588 
                 38.0000000000                  19.5000000000              194892.3973069003 
                 38.0000000000                  20.0000000000              198386.5642048084 
                 38.0000000000                  20.5000000000              201495.3003428306 
                 38.0000000000                  21.0000000000              204079.7129542659 
                 38.0000000000                  21.5000000000              206076.1976007367 
                 38.0000000000                  22.0000000000              207460.7034398197 
                 38.0000000000                  22.5000000000              208209.8331813069 
                 38.0000000000                  23.0000000000              208268.9057631161 
                 38.0000000000                  23.5000000000              207186.6099357452 
                 38.0000000000                  24.0000000000              204434.2672215952 
                 38.0000000000                  24.5000000000              199707.6548451436 
                 38.0000000000                  25.0000000000              192567.2839627848 
                 38.0000000000                  25.5000000000              183711.4830946674 
                 38.0000000000                  26.0000000000              174155.4694904139 
                 38.0000000000                  26.5000000000              163975.3613183088 
                 38.0000000000                  27.0000000000              153039.6260522303 
                 38.0000000000                  27.5000000000              142940.8391636325 
                 38.0000000000                  28.0000000000              134908.1489079437 
                 38.0000000000                  28.5000000000              128038.8691012336 
                 38.0000000000                  29.0000000000              122001.4792558277 
                 38.0000000000                  29.5000000000              115764.1601742148 
                 38.0000000000                  30.0000000000              107586.3817715302 
                 38.0000000000                  30.5000000000               97072.0050251642 
                 38.0000000000                  31.0000000000               82667.9907278100 
                 38.0000000000                  31.5000000000               67711.5958130576 
                 38.0000000000                  32.0000000000               58499.5313436475 
                 38.0000000000                  32.5000000000               53732.9465442736 
                 38.0000000000                  33.0000000000               50793.2091366702 
                 38.0000000000                  33.5000000000               49109.2011358789 
                 38.0000000000                  34.0000000000               48050.0827888290 
                 38.0000000000                  34.5000000000               47412.2820408053 
                 38.0000000000                  35.0000000000               47193.6221164995 
                 38.0000000000                  35.5000000000               47294.9448888062 
                 38.0000000000                  36.0000000000               47414.7183491981 
                 38.0000000000                  36.5000000000               47290.6484353982 
                 38.0000000000                  37.0000000000               46853.6487076807 
                 38.0000000000                  37.5000000000               46042.6857922712 
                 38.0000000000                  38.0000000000               44793.4464529192 
                 38.0000000000                  38.5000000000               43080.9809345093 
                 38.0000000000                  39.0000000000               40952.0877328352 
                 38.0000000000                  39.5000000000               38410.5993806300 
                 38.0000000000                  40.0000000000               35953.1855764059 
                 38.0000000000                  40.5000000000               34177.3483348662 
                 38.0000000000                  41.0000000000               33101.9286479319 
                 38.0000000000                  41.5000000000               32705.4691459081 
                 38.0000000000                  42.0000000000               32674.1405258069 
                 38.0000000000                  42.5000000000               32453.1831615305 
                 38.0000000000                  43.0000000000               31844.3621873856 
                 38.0000000000                  43.5000000000               30692.5497227329 
                 38.0000000000                  44.0000000000               28954.6112842570 
                 38.0000000000                  44.5000000000               26976.0720557662 
                 38.0000000000                  45.0000000000               24879.1826112568 
                 38.0000000000                  45.5000000000               22491.9696561055 
                 38.0000000000                  46.0000000000               19817.4267889928 
                 38.0000000000                  46.5000000000               17174.2387673981 
                 38.0000000000                  47.0000000000               14736.6769092057 
                 38.0000000000                  47.5000000000               12435.4423783182 
                 38.0000000000                  48.0000000000               10242.7215365714 
                 38.0000000000                  48.5000000000                7978.3770845945 
                 38.0000000000                  49.0000000000                5510.4744410798 
                 38.0000000000                  49.5000000000                2851.4037528507 
                 38.0000000000                  50.0000000000                   0.0000000000 
                 38.5000000000                   0.0000000000                   0.0000000000 
                 38.5000000000                   0.5000000000                5027.9063355714 
                 38.5000000000                   1.0000000000               10061.2418347293 
                 38.5000000000                   1.5000000000               15109.0448785828 
                 38.5000000000                   2.0000000000               20183.3044775677 
                 38.5000000000                   2.5000000000               25292.5859339218 
                 38.5000000000                   3.0000000000               30426.8648464326 
                 38.5000000000                   3.5000000000               35563.3402055219 
                 38.5000000000                   4.0000000000               40674.4507946388 
                 38.5000000000                   4.5000000000               45729.8005282761 
                 38.5000000000                   5.0000000000               50720.5091738401 
                 38.5000000000                   5.5000000000               55657.6360177337 
                 38.5000000000                   6.0000000000               60560.3663379266 
                 38.5000000000                   6.5000000000               65454.8307829301 
                 38.5000000000                   7.0000000000               70347.4618043426 
                 38.5000000000                   7.5000000000               75242.4688299482 
                 38.5000000000                   8.0000000000               80167.0602235096 
                 38.5000000000                   8.5000000000               85192.8255430848 
                 38.5000000000                   9.0000000000               90379.1729402698 
                 38.5000000000                   9.5000000000               95701.0468866610 
                 38.5000000000                  10.0000000000              101111.2259990621 
                 38.5000000000                  10.5000000000              106570.0799961589 
                 38.5000000000                  11.0000000000              112014.0495264474 
                 38.5000000000                  11.5000000000              117403.8956660365 
                 38.5000000000                  12.0000000000              122755.7443008544 
                 38.5000000000                  12.5000000000              128161.6177727238 
                 38.5000000000                  13.0000000000              133609.0332774811 
                 38.5000000000                  13.5000000000              138903.1328600130 
                 38.5000000000                  14.0000000000              143917.2308333683 
                 38.5000000000                  14.5000000000              148564.7335441166 
                 38.5000000000                  15.0000000000              152798.9669986428 
                 38.5000000000                  15.5000000000              156765.0996155011 
                 38.5000000000                  16.0000000000              160628.0088857831 
                 38.5000000000                  16.5000000000              164450.6076438232 
                 38.5000000000                  17.0000000000              168239.0354645925 
                 38.5000000000                  17.5000000000              171947.3205125310 
                 38.5000000000                  18.0000000000              175555.1351929364 
                 38.5000000000                  18.5000000000              179073.7409538039 
                 38.5000000000                  19.0000000000              182511.7501779863 
                 38.5000000000                  19.5000000000              185808.3953780604 
                 38.5000000000                  20.0000000000              188825.7169116074 
                 38.5000000000                  20.5000000000              191418.1252110009 
                 38.5000000000                  21.0000000000              193471.1743098779 
                 38.5000000000                  21.5000000000              194961.3554220072 
                 38.5000000000                  22.0000000000              195898.3353931970 
                 38.5000000000                  22.5000000000              196291.2725827208 
                 38.5000000000                  23.0000000000              196122.2625797229 
                 38.5000000000                  23.5000000000              194929.7633490503 
                 38.5000000000                  24.0000000000              192167.3596166386 
                 38.5000000000                  24.5000000000              187518.6154254019 
                 38.5000000000                  25.0000000000              180460.2856253037 
                 38.5000000000                  25.5000000000              171735.1660195255 
                 38.5000000000                  26.0000000000              162486.8981702012 
                 38.5000000000                  26.5000000000              152845.9897602671 
                 38.5000000000                  27.0000000000              142844.6959111452 
                 38.5000000000                  27.5000000000              133691.0864887128 
                 38.5000000000                  28.0000000000              126247.7742331786 
                 38.5000000000                  28.5000000000              119786.7879466820 
                 38.5000000000                  29.0000000000              113915.3223377868 
                 38.5000000000                  29.5000000000              107642.5967067237 
                 38.5000000000                  30.0000000000               99500.7616064241 
                 38.5000000000                  30.5000000000               89249.9306755524 
                 38.5000000000                  31.0000000000               75883.9688961468 
                 38.5000000000                  31.5000000000               62629.0964428586 
                 38.5000000000                  32.0000000000               54671.5423235667 
                 38.5000000000                  32.5000000000               50624.4919758903 
                 38.5000000000                  33.0000000000               48221.6202679982 
                 38.5000000000                  33.5000000000               46917.4745705478 
                 38.5000000000                  34.0000000000               46174.0647717038 
                 38.5000000000                  34.5000000000               45826.9080302405 
                 38.5000000000                  35.0000000000               45900.0976916830 
                 38.5000000000                  35.5000000000               46332.0016731183 
                 38.5000000000                  36.0000000000               46737.2487574452 
                 38.5000000000                  36.5000000000               46770.2707517044 
                 38.5000000000                  37.0000000000               46333.6580454485 
                 38.5000000000                  37.5000000000               45253.5227500884 
                 38.5000000000                  38.0000000000               43621.2813629609 
                 38.5000000000                  38.5000000000               41627.5575607981 
                 38.5000000000                  39.0000000000               39288.9126600333 
                 38.5000000000                  39.5000000000               36568.5212529568 
                 38.5000000000                  40.0000000000               34024.8771024809 
                 38.5000000000                  40.5000000000               32304.6350358317 
                 38.5000000000                  41.0000000000               31356.6315402324 
                 38.5000000000                  41.5000000000               31112.2302365203 
                 38.5000000000                  42.0000000000               31228.5484426862 
                 38.5000000000                  42.5000000000               31145.5142612677 
                 38.5000000000                  43.0000000000               30681.4843495648 
                 38.5000000000                  43.5000000000               29733.6856488292 
                 38.5000000000                  44.0000000000               28285.6190889658 
                 38.5000000000                  44.5000000000               26599.9364662280 
                 38.5000000000                  45.0000000000               24761.4064424235 
                 38.5000000000                  45.5000000000               22635.8744142668 
                 38.5000000000                  46.0000000000               20215.3991043674 
                 38.5000000000                  46.5000000000               17737.3286328501 
                 38.5000000000                  47.0000000000               15335.5871040218 
                 38.5000000000                  47.5000000000               12959.5176614454 
                 38.5000000000                  48.0000000000               10597.9818294916 
                 38.5000000000                  48.5000000000                8157.3563212333 
                 38.5000000000                  49.0000000000                5571.5867222495 
                 38.5000000000                  49.5000000000                2853.0202733092 
                 38.5000000000                  50.0000000000                   0.0000000000 
                 39.0000000000                   0.0000000000                   0.0000000000 
                 39.0000000000                   0.5000000000                4813.6065088088 
                 39.0000000000                   1.0000000000                9626.5518926058 
                 39.0000000000                   1.5000000000               14448.5109884884 
                 39.0000000000                   2.0000000000               19289.2603479029 
                 39.0000000000                   2.5000000000               24156.6949823615 
                 39.0000000000                   3.0000000000               29041.8805405258 
                 39.0000000000                   3.5000000000               33920.0828797413 
                 39.0000000000                   4.0000000000               38760.6604818855 
                 39.0000000000                   4.5000000000               43531.7021282912 
                 39.0000000000                   5.0000000000               48222.3939239411 
                 39.0000000000                   5.5000000000               52836.9235453937 
                 39.0000000000                   6.0000000000               57390.8803408548 
                 39.0000000000                   6.5000000000               61894.6591427416 
                 39.0000000000                   7.0000000000               66320.2092106542 
                 39.0000000000                   7.5000000000               70667.1894471329 
                 39.0000000000                   8.0000000000               74966.9256671480 
                 39.0000000000                   8.5000000000               79296.0187076997 
                 39.0000000000                   9.0000000000               83838.6673188675 
                 39.0000000000                   9.5000000000               88650.4302014803 
                 39.0000000000                  10.0000000000               93647.2224816031 
                 39.0000000000                  10.5000000000               98781.0796349934 
                 39.0000000000                  11.0000000000              103998.6289068873 
                 39.0000000000                  11.5000000000              109263.3759836063 
                 39.0000000000                  12.0000000000              114574.0757316602 
                 39.0000000000                  12.5000000000              120009.0581564996 
                 39.0000000000                  13.0000000000              125562.7280691734 
                 39.0000000000                  13.5000000000              131023.5119678936 
                 39.0000000000                  14.0000000000              136221.3272051156 
                 39.0000000000                  14.5000000000              140999.0649182094 
                 39.0000000000                  15.0000000000              145274.5932458233 
                 39.0000000000                  15.5000000000              149259.8263994274 
                 39.0000000000                  16.0000000000              153144.4239033308 
                 39.0000000000                  16.5000000000              156966.8912029688 
                 39.0000000000                  17.0000000000              160719.4110174767 
                 39.0000000000                  17.5000000000              164344.4367576102 
                 39.0000000000                  18.0000000000              167823.0100275420 
                 39.0000000000                  18.5000000000              171168.7117392184 
                 39.0000000000                  19.0000000000              174379.6529250249 
                 39.0000000000                  19.5000000000              177382.7035534092 
                 39.0000000000                  20.0000000000              180045.6113620959 
                 39.0000000000                  20.5000000000              182232.2365689692 
                 39.0000000000                  21.0000000000              183846.1102896758 
                 39.0000000000                  21.5000000000              184905.2487466768 
                 39.0000000000                  22.0000000000              185455.0293704927 
                 39.0000000000                  22.5000000000              185530.3341991271 
                 39.0000000000                  23.0000000000              185134.5081672740 
                 39.0000000000                  23.5000000000              183783.8772766026 
                 39.0000000000                  24.0000000000              180915.7039483143 
                 39.0000000000                  24.5000000000              176219.5464616912 
                 39.0000000000                  25.0000000000              169117.2224501636 
                 39.0000000000                  25.5000000000              160429.3591489414 
                 39.0000000000                  26.0000000000              151430.6988823024 
                 39.0000000000                  26.5000000000              142253.4262390376 
                 39.0000000000                  27.0000000000              133029.9639064984 
                 39.0000000000                  27.5000000000              124612.6139304762 
                 39.0000000000                  28.0000000000              117543.2453253075 
                 39.0000000000                  28.5000000000              111311.1438224586 
                 39.0000000000                  29.0000000000              105482.8977405462 
                 39.0000000000                  29.5000000000               99140.8044980518 
                 39.0000000000                  30.0000000000               91195.9297702265 
                 39.0000000000                  30.5000000000               81569.6891334975 
                 39.0000000000                  31.0000000000               69625.2368038043 
                 39.0000000000                  31.5000000000               58224.5468390240 
                 39.0000000000                  32.0000000000               51458.3888610361 
                 39.0000000000                  32.5000000000               47997.0118456158 
                 39.0000000000                  33.0000000000               45981.7026966901 
                 39.0000000000                  33.5000000000               44938.2513834274 
                 39.0000000000                  34.0000000000               44425.2872152094 
                 39.0000000000                  34.5000000000               44312.3291329182 
                 39.0000000000                  35.0000000000               44636.1559892309 
                 39.0000000000                  35.5000000000               45360.3304335890 
                 39.0000000000                  36.0000000000               46036.7674821346 
                 39.0000000000                  36.5000000000               46249.8753337731 
                 39.0000000000                  37.0000000000               45863.4439227932 
                 39.0000000000                  37.5000000000               44473.5856569940 
                 39.0000000000                  38.0000000000               42349.1466085473 
                 39.0000000000                  38.5000000000               40016.5752513627 
                 39.0000000000                  39.0000000000               37425.1724178010 
                 39.0000000000                  39.5000000000               34473.1973736549 
                 39.0000000000                  40.0000000000               31816.4980710141 
                 39.0000000000                  40.5000000000               30166.4193129012 
                 39.0000000000                  41.0000000000               29366.1802942500 
                 39.0000000000                  41.5000000000               29285.8912088748 
                 39.0000000000                  42.0000000000               29552.8589107754 
                 39.0000000000                  42.5000000000               29607.8000470923 
                 39.0000000000                  43.0000000000               29295.1194438759 
                 39.0000000000                  43.5000000000               28566.2895221702 
                 39.0000000000                  44.0000000000               27424.0333775924 
                 39.0000000000                  44.5000000000               26053.0663810678 
                 39.0000000000                  45.0000000000               24504.7197247436 
                 39.0000000000                  45.5000000000               22677.4090301208 
                 39.0000000000                  46.0000000000               20550.5335962544 
                 39.0000000000                  46.5000000000               18280.0129986845 
                 39.0000000000                  47.0000000000               15949.5093052820 
                 39.0000000000                  47.5000000000               13513.7026239058 
                 39.0000000000                  48.0000000000               10978.5753223832 
                 39.0000000000                  48.5000000000                8348.0156590108 
                 39.0000000000                  49.0000000000                5634.5175444560 
                 39.0000000000                  49.5000000000                2853.8633492724 
                 39.0000000000                  50.0000000000                   0.0000000000 
                 39.5000000000                   0.0000000000                   0.0000000000 
                 39.5000000000                   0.5000000000                4590.6318194198 
                 39.5000000000                   1.0000000000                9182.7972441674 
                 39.5000000000                   1.5000000000               13786.7097959180 
                 39.5000000000                   2.0000000000               18412.4961028727 
                 39.5000000000                   2.5000000000               23064.3235847408 
                 39.5000000000                   3.0000000000               27726.0472620918 
                 39.5000000000                   3.5000000000               32370.1843301168 
                 39.5000000000                   4.0000000000               36965.6389805172 
                 39.5000000000                   4.5000000000               41485.5952127162 
                 39.5000000000                   5.0000000000               45920.6224022044 
                 39.5000000000                   5.5000000000               50261.8380096584 
                 39.5000000000                   6.0000000000               54510.9212414629 
                 39.5000000000                   6.5000000000               58640.8405360626 
                 39.5000000000                   7.0000000000               62584.8864518866 
                 39.5000000000                   7.5000000000               66349.8888465878 
                 39.5000000000                   8.0000000000               69977.1403132687 
                 39.5000000000                   8.5000000000               73632.8473986236 
                 39.5000000000                   9.0000000000               77619.7254442207 
                 39.5000000000                   9.5000000000               81973.5121813070 
                 39.5000000000                  10.0000000000               86566.4095544360 
                 39.5000000000                  10.5000000000               91350.5448617718 
                 39.5000000000                  11.0000000000               96287.0297333738 
                 39.5000000000                  11.5000000000              101340.9093348498 
                 39.5000000000                  12.0000000000              106482.3623554393 
                 39.5000000000                  12.5000000000              111719.9285208007 
                 39.5000000000                  13.0000000000              117026.5832531066 
                 39.5000000000                  13.5000000000              122282.9601374654 
                 39.5000000000                  14.0000000000              127381.4058612745 
                 39.5000000000                  14.5000000000              132246.9254902810 
                 39.5000000000                  15.0000000000              136859.2259346006 
                 39.5000000000                  15.5000000000              141268.3114414414 
                 39.5000000000                  16.0000000000              145500.5116542485 
                 39.5000000000                  16.5000000000              149560.9680660514 
                 39.5000000000                  17.0000000000              153423.3460559519 
                 39.5000000000                  17.5000000000              157058.4156681617 
                 39.5000000000                  18.0000000000              160488.3530676561 
                 39.5000000000                  18.5000000000              163745.3647075388 
                 39.5000000000                  19.0000000000              166831.3075278463 
                 39.5000000000                  19.5000000000              169659.4648463519 
                 39.5000000000                  20.0000000000              172090.3450167983 
                 39.5000000000                  20.5000000000              173981.8483301374 
                 39.5000000000                  21.0000000000              175232.2131525031 
                 39.5000000000                  21.5000000000              175901.9263888237 
                 39.5000000000                  22.0000000000              176088.6829913224 
                 39.5000000000                  22.5000000000              175849.8935254364 
                 39.5000000000                  23.0000000000              175193.9606557454 
                 39.5000000000                  23.5000000000              173602.9580474889 
                 39.5000000000                  24.0000000000              170503.4029203363 
                 39.5000000000                  24.5000000000              165607.3039730935 
                 39.5000000000                  25.0000000000              158331.1735504525 
                 39.5000000000                  25.5000000000              149605.1166915771 
                 39.5000000000                  26.0000000000              140782.7583002094 
                 39.5000000000                  26.5000000000              131928.4587033683 
                 39.5000000000                  27.0000000000              123157.1564146446 
                 39.5000000000                  27.5000000000              115027.2478170593 
                 39.5000000000                  28.0000000000              107974.2537559800 
                 39.5000000000                  28.5000000000              101770.8482746661 
                 39.5000000000                  29.0000000000               96020.4017754155 
                 39.5000000000                  29.5000000000               90003.2145402277 
                 39.5000000000                  30.0000000000               82885.1230691905 
                 39.5000000000                  30.5000000000               74495.4030174928 
                 39.5000000000                  31.0000000000               64342.2903008056 
                 39.5000000000                  31.5000000000               54759.1080933066 
                 39.5000000000                  32.0000000000               48968.2259959049 
                 39.5000000000                  32.5000000000               45915.1664874634 
                 39.5000000000                  33.0000000000               44133.3449568115 
                 39.5000000000                  33.5000000000               43227.2037947070 
                 39.5000000000                  34.0000000000               42846.4445654357 
                 39.5000000000                  34.5000000000               42885.4904293141 
                 39.5000000000                  35.0000000000               43377.0833524892 
                 39.5000000000                  35.5000000000               44292.4654015211 
                 39.5000000000                  36.0000000000               45140.3650562407 
                 39.5000000000                  36.5000000000               45462.6440107190 
                 39.5000000000                  37.0000000000               45108.6792104900 
                 39.5000000000                  37.5000000000               43401.0029462405 
                 39.5000000000                  38.0000000000               40788.4893999030 
                 39.5000000000                  38.5000000000               38160.9016548392 
                 39.5000000000                  39.0000000000               35347.4384606480 
                 39.5000000000                  39.5000000000               32164.3455045666 
                 39.5000000000                  40.0000000000               29406.6314903436 
                 39.5000000000                  40.5000000000               27864.4350064071 
                 39.5000000000                  41.0000000000               27237.6816526441 
                 39.5000000000                  41.5000000000               27330.0894621823 
                 39.5000000000                  42.0000000000               27744.4834910864 
                 39.5000000000                  42.5000000000               27934.9109126050 
                 39.5000000000                  43.0000000000               27778.0601835661 
                 39.5000000000                  43.5000000000               27275.2036891284 
                 39.5000000000                  44.0000000000               26442.2884919635 
                 39.5000000000                  44.5000000000               25393.1071504199 
                 39.5000000000                  45.0000000000               24152.6069492992 
                 39.5000000000                  45.5000000000               22652.1485327879 
                 39.5000000000                  46.0000000000               20858.6697256473 
                 39.5000000000                  46.5000000000               18838.4661955287 
                 39.5000000000                  47.0000000000               16611.6306557195 
                 39.5000000000                  47.5000000000               14120.8820455937 
                 39.5000000000                  48.0000000000               11380.5677297758 
                 39.5000000000                  48.5000000000                8524.5830752048 
                 39.5000000000                  49.0000000000                5670.6507304413 
                 39.5000000000                  49.5000000000                2832.9812389556 
                 39.5000000000                  50.0000000000                   0.0000000000 
                 40.0000000000                   0.0000000000                   0.0000000000 
                 40.0000000000                   0.5000000000                4345.6221044124 
                 40.0000000000                   1.0000000000                8714.8828136700 
                 40.0000000000                   1.5000000000               13113.3125876330 
                 40.0000000000                   2.0000000000               17550.7517034993 
                 40.0000000000                   2.5000000000               22019.4026921307 
                 40.0000000000                   3.0000000000               26486.2944822103 
                 40.0000000000                   3.5000000000               30922.8949027121 
                 40.0000000000                   4.0000000000               35300.5191635361 
                 40.0000000000                   4.5000000000               39598.6865305387 
                 40.0000000000                   5.0000000000               43808.2011153597 
                 40.0000000000                   5.5000000000               47905.9104427054 
                 40.0000000000                   6.0000000000               51871.5610592448 
                 40.0000000000                   6.5000000000               55643.5010864431 
                 40.0000000000                   7.0000000000               59156.5059595175 
                 40.0000000000                   7.5000000000               62455.8005912952 
                 40.0000000000                   8.0000000000               65632.8419966733 
                 40.0000000000                   8.5000000000               68920.4746168118 
                 40.0000000000                   9.0000000000               72574.8604689022 
                 40.0000000000                   9.5000000000               76573.9442295398 
                 40.0000000000                  10.0000000000               80811.7977720989 
                 40.0000000000                  10.5000000000               85247.6711458520 
                 40.0000000000                  11.0000000000               89869.2666100080 
                 40.0000000000                  11.5000000000               94651.3740196032 
                 40.0000000000                  12.0000000000               99540.6824255432 
                 40.0000000000                  12.5000000000              104478.6113867119 
                 40.0000000000                  13.0000000000              109405.5545359914 
                 40.0000000000                  13.5000000000              114296.1189635169 
                 40.0000000000                  14.0000000000              119131.3993541466 
                 40.0000000000                  14.5000000000              123961.1075815396 
                 40.0000000000                  15.0000000000              128849.0278156504 
                 40.0000000000                  15.5000000000              133656.0249056142 
                 40.0000000000                  16.0000000000              138224.9104314089 
                 40.0000000000                  16.5000000000              142516.9589020702 
                 40.0000000000                  17.0000000000              146481.4399734630 
                 40.0000000000                  17.5000000000              150125.0426244628 
                 40.0000000000                  18.0000000000              153512.5285492176 
                 40.0000000000                  18.5000000000              156695.6322269072 
                 40.0000000000                  19.0000000000              159685.7230591758 
                 40.0000000000                  19.5000000000              162379.8466999616 
                 40.0000000000                  20.0000000000              164624.8763755080 
                 40.0000000000                  20.5000000000              166257.7315789898 
                 40.0000000000                  21.0000000000              167146.6194443147 
                 40.0000000000                  21.5000000000              167412.0783244119 
                 40.0000000000                  22.0000000000              167225.0109512990 
                 40.0000000000                  22.5000000000              166651.5670130902 
                 40.0000000000                  23.0000000000              165690.7267231704 
                 40.0000000000                  23.5000000000              163789.8334510090 
                 40.0000000000                  24.0000000000              160375.6957921257 
                 40.0000000000                  24.5000000000              155197.1821996778 
                 40.0000000000                  25.0000000000              147746.0316471584 
                 40.0000000000                  25.5000000000              139038.9320620283 
                 40.0000000000                  26.0000000000              130395.7231828082 
                 40.0000000000                  26.5000000000              121787.1325007289 
                 40.0000000000                  27.0000000000              113154.5233992703 
                 40.0000000000                  27.5000000000              105011.3072763385 
                 40.0000000000                  28.0000000000               97991.5889308783 
                 40.0000000000                  28.5000000000               91983.6148847967 
                 40.0000000000                  29.0000000000               86712.6328338550 
                 40.0000000000                  29.5000000000               81607.1785933320 
                 40.0000000000                  30.0000000000               75770.5324424477 
                 40.0000000000                  30.5000000000               68872.8000176301 
                 40.0000000000                  31.0000000000               60501.1690020478 
                 40.0000000000                  31.5000000000               52384.7545094135 
                 40.0000000000                  32.0000000000               47183.4445113521 
                 40.0000000000                  32.5000000000               44305.7119541664 
                 40.0000000000                  33.0000000000               42581.8176914940 
                 40.0000000000                  33.5000000000               41675.2715018951 
                 40.0000000000                  34.0000000000               41321.0003504405 
                 40.0000000000                  34.5000000000               41426.8733207031 
                 40.0000000000                  35.0000000000               41992.2372446676 
                 40.0000000000                  35.5000000000               42964.8304592855 
                 40.0000000000                  36.0000000000               43825.2284488243 
                 40.0000000000                  36.5000000000               44103.1674992507 
                 40.0000000000                  37.0000000000               43639.8708975570 
                 40.0000000000                  37.5000000000               41768.3338492033 
                 40.0000000000                  38.0000000000               39004.4008059815 
                 40.0000000000                  38.5000000000               36255.8038689730 
                 40.0000000000                  39.0000000000               33303.1929169781 
                 40.0000000000                  39.5000000000               29901.1358744500 
                 40.0000000000                  40.0000000000               27020.0666662741 
                 40.0000000000                  40.5000000000               25570.6383805861 
                 40.0000000000                  41.0000000000               25103.0758686158 
                 40.0000000000                  41.5000000000               25345.6507512480 
                 40.0000000000                  42.0000000000               25883.9353868461 
                 40.0000000000                  42.5000000000               26198.4847100072 
                 40.0000000000                  43.0000000000               26195.1006444874 
                 40.0000000000                  43.5000000000               25915.5520277312 
                 40.0000000000                  44.0000000000               25383.5093790193 
                 40.0000000000                  44.5000000000               24649.7134263348 
                 40.0000000000                  45.0000000000               23721.6511271238 
                 40.0000000000                  45.5000000000               22571.6408792399 
                 40.0000000000                  46.0000000000               21163.3570823017 
                 40.0000000000                  46.5000000000               19457.6156860105 
                 40.0000000000                  47.0000000000               17390.6213692122 
                 40.0000000000                  47.5000000000               14859.4801813316 
                 40.0000000000                  48.0000000000               11832.7609988405 
                 40.0000000000                  48.5000000000                8664.7624873732 
                 40.0000000000                  49.0000000000                5651.4022378551 
                 40.0000000000                  49.5000000000                2764.8562702115 
                 40.0000000000                  50.0000000000                   0.0000000000 
                 40.5000000000                   0.0000000000                   0.0000000000 
                 40.5000000000                   0.5000000000                4066.4032302172 
                 40.5000000000                   1.0000000000                8213.5478651740 
                 40.5000000000                   1.5000000000               12427.9905128380 
                 40.5000000000                   2.0000000000               16710.9405886412 
                 40.5000000000                   2.5000000000               21030.4206718399 
                 40.5000000000                   3.0000000000               25330.3863880067 
                 40.5000000000                   3.5000000000               29585.8436603578 
                 40.5000000000                   4.0000000000               33772.2601412413 
                 40.5000000000                   4.5000000000               37871.4621572918 
                 40.5000000000                   5.0000000000               41871.4065292667 
                 40.5000000000                   5.5000000000               45738.1441790450 
                 40.5000000000                   6.0000000000               49429.1198489271 
                 40.5000000000                   6.5000000000               52886.4936626296 
                 40.5000000000                   7.0000000000               56107.6545833206 
                 40.5000000000                   7.5000000000               59190.7427071165 
                 40.5000000000                   8.0000000000               62275.4747669254 
                 40.5000000000                   8.5000000000               65539.3617701094 
                 40.5000000000                   9.0000000000               69072.6331332523 
                 40.5000000000                   9.5000000000               72844.3219267843 
                 40.5000000000                  10.0000000000               76814.5488993294 
                 40.5000000000                  10.5000000000               80956.8771071874 
                 40.5000000000                  11.0000000000               85291.7059335995 
                 40.5000000000                  11.5000000000               89811.4539572842 
                 40.5000000000                  12.0000000000               94451.8641763884 
                 40.5000000000                  12.5000000000               99145.2369140525 
                 40.5000000000                  13.0000000000              103838.9295456485 
                 40.5000000000                  13.5000000000              108517.8018172850 
                 40.5000000000                  14.0000000000              113180.7441351720 
                 40.5000000000                  14.5000000000              117873.0726410443 
                 40.5000000000                  15.0000000000              122633.0887597116 
                 40.5000000000                  15.5000000000              127349.2571298648 
                 40.5000000000                  16.0000000000              131870.7212385448 
                 40.5000000000                  16.5000000000              136113.0803835138 
                 40.5000000000                  17.0000000000              140005.3987026157 
                 40.5000000000                  17.5000000000              143553.2976507882 
                 40.5000000000                  18.0000000000              146818.4384691069 
                 40.5000000000                  18.5000000000              149857.5141454412 
                 40.5000000000                  19.0000000000              152681.1431984087 
                 40.5000000000                  19.5000000000              155164.9392750996 
                 40.5000000000                  20.0000000000              157148.4635299733 
                 40.5000000000                  20.5000000000              158440.6599537394 
                 40.5000000000                  21.0000000000              158878.1431119911 
                 40.5000000000                  21.5000000000              158677.1722869752 
                 40.5000000000                  22.0000000000              158087.0835454053 
                 40.5000000000                  22.5000000000              157155.5875828844 
                 40.5000000000                  23.0000000000              155864.8074832249 
                 40.5000000000                  23.5000000000              153638.9114241131 
                 40.5000000000                  24.0000000000              149923.3920717732 
                 40.5000000000                  24.5000000000              144529.8210146373 
                 40.5000000000                  25.0000000000              137072.3177350693 
                 40.5000000000                  25.5000000000              128580.5384452876 
                 40.5000000000                  26.0000000000              120248.5611404539 
                 40.5000000000                  26.5000000000              111956.9905323315 
                 40.5000000000                  27.0000000000              103479.2265818971 
                 40.5000000000                  27.5000000000               95547.5403408842 
                 40.5000000000                  28.0000000000               89044.6873994882 
                 40.5000000000                  28.5000000000               83712.3808567206 
                 40.5000000000                  29.0000000000               79322.8620388084 
                 40.5000000000                  29.5000000000               75264.2794518664 
                 40.5000000000                  30.0000000000               70523.3851950281 
                 40.5000000000                  30.5000000000               64801.5716616084 
                 40.5000000000                  31.0000000000               57815.5607143678 
                 40.5000000000                  31.5000000000               50756.2360878415 
                 40.5000000000                  32.0000000000               45836.9317286642 
                 40.5000000000                  32.5000000000               42924.5562420898 
                 40.5000000000                  33.0000000000               41092.6229299493 
                 40.5000000000                  33.5000000000               40048.5500919697 
                 40.5000000000                  34.0000000000               39626.7713895281 
                 40.5000000000                  34.5000000000               39734.2704708538 
                 40.5000000000                  35.0000000000               40299.4471600302 
                 40.5000000000                  35.5000000000               41225.2366882662 
                 40.5000000000                  36.0000000000               41977.0146096082 
                 40.5000000000                  36.5000000000               42101.3654200749 
                 40.5000000000                  37.0000000000               41469.7829372805 
                 40.5000000000                  37.5000000000               39688.4356243836 
                 40.5000000000                  38.0000000000               37176.4900471243 
                 40.5000000000                  38.5000000000               34513.7407388734 
                 40.5000000000                  39.0000000000               31513.1390541926 
                 40.5000000000                  39.5000000000               27882.3544090703 
                 40.5000000000                  40.0000000000               24810.0194892453 
                 40.5000000000                  40.5000000000               23396.0000941528 
                 40.5000000000                  41.0000000000               23043.9033585107 
                 40.5000000000                  41.5000000000               23397.8742329381 
                 40.5000000000                  42.0000000000               24030.9946007407 
                 40.5000000000                  42.5000000000               24453.9145084413 
                 40.5000000000                  43.0000000000               24593.3090676429 
                 40.5000000000                  43.5000000000               24521.1980723032 
                 40.5000000000                  44.0000000000               24264.2957237918 
                 40.5000000000                  44.5000000000               23819.7732545509 
                 40.5000000000                  45.0000000000               23188.3412520439 
                 40.5000000000                  45.5000000000               22390.6488296586 
                 40.5000000000                  46.0000000000               21400.7459408890 
                 40.5000000000                  46.5000000000               20077.9732655273 
                 40.5000000000                  47.0000000000               18261.9745274725 
                 40.5000000000                  47.5000000000               15751.2562469416 
                 40.5000000000                  48.0000000000               12373.8861992540 
                 40.5000000000                  48.5000000000                8801.7847049367 
                 40.5000000000                  49.0000000000                5608.6965860984 
                 40.5000000000                  49.5000000000                2672.0343515471 
                 40.5000000000                  50.0000000000                   0.0000000000 
                 41.0000000000                   0.0000000000                   0.0000000000 
                 41.0000000000                   0.5000000000                3757.3585348697 
                 41.0000000000                   1.0000000000                7694.7682037598 
                 41.0000000000                   1.5000000000               11749.4721044258 
                 41.0000000000                   2.0000000000               15903.9301869195 
                 41.0000000000                   2.5000000000               20097.2099055992 
                 41.0000000000                   3.0000000000               24250.2021834183 
                 41.0000000000                   3.5000000000               28345.8098169588 
                 41.0000000000                   4.0000000000               32366.3106795889 
                 41.0000000000                   4.5000000000               36294.1490029952 
                 41.0000000000                   5.0000000000               40111.4491810970 
                 41.0000000000                   5.5000000000               43772.9922155201 
                 41.0000000000                   6.0000000000               47213.9665417464 
                 41.0000000000                   6.5000000000               50401.1554430753 
                 41.0000000000                   7.0000000000               53418.6001533472 
                 41.0000000000                   7.5000000000               56400.5834743764 
                 41.0000000000                   8.0000000000               59474.0572575223 
                 41.0000000000                   8.5000000000               62751.8357264500 
                 41.0000000000                   9.0000000000               66222.6705728347 
                 41.0000000000                   9.5000000000               69846.3124496491 
                 41.0000000000                  10.0000000000               73624.3189009986 
                 41.0000000000                  10.5000000000               77550.1784746373 
                 41.0000000000                  11.0000000000               81670.7688291207 
                 41.0000000000                  11.5000000000               85994.1974304675 
                 41.0000000000                  12.0000000000               90453.5900304718 
                 41.0000000000                  12.5000000000               94983.0337110562 
                 41.0000000000                  13.0000000000               99536.0333503615 
                 41.0000000000                  13.5000000000              104089.1107812455 
                 41.0000000000                  14.0000000000              108620.7618737789 
                 41.0000000000                  14.5000000000              113142.1274125778 
                 41.0000000000                  15.0000000000              117656.0555082347 
                 41.0000000000                  15.5000000000              122085.2507952907 
                 41.0000000000                  16.0000000000              126335.2495216827 
                 41.0000000000                  16.5000000000              130331.0230106614 
                 41.0000000000                  17.0000000000              134002.4386984295 
                 41.0000000000                  17.5000000000              137348.6009308667 
                 41.0000000000                  18.0000000000              140403.9092425628 
                 41.0000000000                  18.5000000000              143208.2496956681 
                 41.0000000000                  19.0000000000              145759.8227965144 
                 41.0000000000                  19.5000000000              147907.9756299164 
                 41.0000000000                  20.0000000000              149498.8042757287 
                 41.0000000000                  20.5000000000              150330.6009732281 
                 41.0000000000                  21.0000000000              150201.5937080866 
                 41.0000000000                  21.5000000000              149460.4488098070 
                 41.0000000000                  22.0000000000              148451.0537172209 
                 41.0000000000                  22.5000000000              147158.2979941769 
                 41.0000000000                  23.0000000000              145533.5207887956 
                 41.0000000000                  23.5000000000              142989.2503362703 
                 41.0000000000                  24.0000000000              139017.0587590520 
                 41.0000000000                  24.5000000000              133528.5486165088 
                 41.0000000000                  25.0000000000              126275.4776673948 
                 41.0000000000                  25.5000000000              118243.7834213900 
                 41.0000000000                  26.0000000000              110443.9279340502 
                 41.0000000000                  26.5000000000              102665.4371227521 
                 41.0000000000                  27.0000000000               94580.7244609126 
                 41.0000000000                  27.5000000000               87169.3062192148 
                 41.0000000000                  28.0000000000               81459.9470742294 
                 41.0000000000                  28.5000000000               76971.3032511248 
                 41.0000000000                  29.0000000000               73451.0586386098 
                 41.0000000000                  29.5000000000               70255.2871121219 
                 41.0000000000                  30.0000000000               66347.3778501429 
                 41.0000000000                  30.5000000000               61487.2377019655 
                 41.0000000000                  31.0000000000               55544.6508239214 
                 41.0000000000                  31.5000000000               49323.0160248312 
                 41.0000000000                  32.0000000000               44582.7916912478 
                 41.0000000000                  32.5000000000               41534.0289392541 
                 41.0000000000                  33.0000000000               39496.2943792642 
                 41.0000000000                  33.5000000000               38202.1317743960 
                 41.0000000000                  34.0000000000               37639.0773228923 
                 41.0000000000                  34.5000000000               37716.4269831705 
                 41.0000000000                  35.0000000000               38238.2150377738 
                 41.0000000000                  35.5000000000               39052.7940190445 
                 41.0000000000                  36.0000000000               39628.0093166196 
                 41.0000000000                  36.5000000000               39566.6476534694 
                 41.0000000000                  37.0000000000               38831.6555732620 
                 41.0000000000                  37.5000000000               37309.8735963249 
                 41.0000000000                  38.0000000000               35241.8297103498 
                 41.0000000000                  38.5000000000               32818.1104799398 
                 41.0000000000                  39.0000000000               29872.2969002475 
                 41.0000000000                  39.5000000000               26028.3095059610 
                 41.0000000000                  40.0000000000               22734.9604319169 
                 41.0000000000                  40.5000000000               21343.5913249899 
                 41.0000000000                  41.0000000000               21090.1226421455 
                 41.0000000000                  41.5000000000               21536.1004686957 
                 41.0000000000                  42.0000000000               22247.3613566472 
                 41.0000000000                  42.5000000000               22763.9961382287 
                 41.0000000000                  43.0000000000               23027.2437082826 
                 41.0000000000                  43.5000000000               23129.5946552141 
                 41.0000000000                  44.0000000000               23098.5449017409 
                 41.0000000000                  44.5000000000               22890.0929311710 
                 41.0000000000                  45.0000000000               22509.1805680143 
                 41.0000000000                  45.5000000000               22026.4865641632 
                 41.0000000000                  46.0000000000               21437.9281234141 
                 41.0000000000                  46.5000000000               20530.1732358258 
                 41.0000000000                  47.0000000000               19066.9272451746 
                 41.0000000000                  47.5000000000               16719.1942898534 
                 41.0000000000                  48.0000000000               13005.2354823642 
                 41.0000000000                  48.5000000000                8996.9763247568 
                 41.0000000000                  49.0000000000                5649.2636157368 
                 41.0000000000                  49.5000000000                2633.8973234974 
                 41.0000000000                  50.0000000000                   0.0000000000 
                 41.5000000000                   0.0000000000                   0.0000000000 
                 41.5000000000                   0.5000000000                3441.3779245448 
                 41.5000000000                   1.0000000000                7195.0057930743 
                 41.5000000000                   1.5000000000               11112.5823572614 
                 41.5000000000                   2.0000000000               15153.2368744333 
                 41.5000000000                   2.5000000000               19226.8889249171 
                 41.5000000000                   3.0000000000               23238.4416851721 
                 41.5000000000                   3.5000000000               27184.5163597056 
                 41.5000000000                   4.0000000000               31060.6127229417 
                 41.5000000000                   4.5000000000               34854.8176589956 
                 41.5000000000                   5.0000000000               38535.0536859306 
                 41.5000000000                   5.5000000000               42036.4103604808 
                 41.5000000000                   6.0000000000               45266.5658774873 
                 41.5000000000                   6.5000000000               48219.9180865977 
                 41.5000000000                   7.0000000000               51075.9342645814 
                 41.5000000000                   7.5000000000               53990.9375680100 
                 41.5000000000                   8.0000000000               57056.1463227103 
                 41.5000000000                   8.5000000000               60330.0524586979 
                 41.5000000000                   9.0000000000               63736.5734900183 
                 41.5000000000                   9.5000000000               67233.6600442537 
                 41.5000000000                  10.0000000000               70852.6323068975 
                 41.5000000000                  10.5000000000               74613.4974754838 
                 41.5000000000                  11.0000000000               78587.2789965566 
                 41.5000000000                  11.5000000000               82783.7334007290 
                 41.5000000000                  12.0000000000               87131.5430948481 
                 41.5000000000                  12.5000000000               91569.6247158323 
                 41.5000000000                  13.0000000000               96052.8356636479 
                 41.5000000000                  13.5000000000              100538.4694934390 
                 41.5000000000                  14.0000000000              104973.1324749361 
                 41.5000000000                  14.5000000000              109328.7753853843 
                 41.5000000000                  15.0000000000              113565.8133468512 
                 41.5000000000                  15.5000000000              117627.4053336940 
                 41.5000000000                  16.0000000000              121482.4067559878 
                 41.5000000000                  16.5000000000              125099.1724440874 
                 41.5000000000                  17.0000000000              128451.8565992892 
                 41.5000000000                  17.5000000000              131534.9229783780 
                 41.5000000000                  18.0000000000              134322.2191597206 
                 41.5000000000                  18.5000000000              136809.4792172676 
                 41.5000000000                  19.0000000000              138940.6864013227 
                 41.5000000000                  19.5000000000              140524.4863156262 
                 41.5000000000                  20.0000000000              141446.2544933574 
                 41.5000000000                  20.5000000000              141528.3213556965 
                 41.5000000000                  21.0000000000              140644.4378529380 
                 41.5000000000                  21.5000000000              139356.4791656779 
                 41.5000000000                  22.0000000000              138004.2031486383 
                 41.5000000000                  22.5000000000              136417.0982920483 
                 41.5000000000                  23.0000000000              134479.8884938179 
                 41.5000000000                  23.5000000000              131608.4162037958 
                 41.5000000000                  24.0000000000              127413.5000394894 
                 41.5000000000                  24.5000000000              121958.4903263995 
                 41.5000000000                  25.0000000000              115195.7107410588 
                 41.5000000000                  25.5000000000              108002.1286023993 
                 41.5000000000                  26.0000000000              101070.2510913253 
                 41.5000000000                  26.5000000000               94100.4255586473 
                 41.5000000000                  27.0000000000               86739.9628853760 
                 41.5000000000                  27.5000000000               80125.3898517114 
                 41.5000000000                  28.0000000000               75290.8788154394 
                 41.5000000000                  28.5000000000               71572.8437922626 
                 41.5000000000                  29.0000000000               68728.8910227238 
                 41.5000000000                  29.5000000000               66121.4699741254 
                 41.5000000000                  30.0000000000               62739.3162993053 
                 41.5000000000                  30.5000000000               58397.1921572963 
                 41.5000000000                  31.0000000000               53093.1894845788 
                 41.5000000000                  31.5000000000               47394.5351480166 
                 41.5000000000                  32.0000000000               42693.3205643026 
                 41.5000000000                  32.5000000000               39432.3732156172 
                 41.5000000000                  33.0000000000               37140.6364257630 
                 41.5000000000                  33.5000000000               35610.1813611646 
                 41.5000000000                  34.0000000000               35000.5888537103 
                 41.5000000000                  34.5000000000               35134.2348791506 
                 41.5000000000                  35.0000000000               35642.8938624969 
                 41.5000000000                  35.5000000000               36339.9025834796 
                 41.5000000000                  36.0000000000               36746.5483205083 
                 41.5000000000                  36.5000000000               36573.0906673719 
                 41.5000000000                  37.0000000000               35873.7225099166 
                 41.5000000000                  37.5000000000               34725.8491928534 
                 41.5000000000                  38.0000000000               33152.0320657890 
                 41.5000000000                  38.5000000000               31023.8652754383 
                 41.5000000000                  39.0000000000               28214.4711244391 
                 41.5000000000                  39.5000000000               24231.2558267277 
                 41.5000000000                  40.0000000000               20773.4458494178 
                 41.5000000000                  40.5000000000               19439.5876818877 
                 41.5000000000                  41.0000000000               19289.6805916943 
                 41.5000000000                  41.5000000000               19823.5375592481 
                 41.5000000000                  42.0000000000               20608.2264416600 
                 41.5000000000                  42.5000000000               21209.6403965550 
                 41.5000000000                  43.0000000000               21573.2830536947 
                 41.5000000000                  43.5000000000               21797.9742681764 
                 41.5000000000                  44.0000000000               21909.2109225069 
                 41.5000000000                  44.5000000000               21846.2527515784 
                 41.5000000000                  45.0000000000               21633.3165135117 
                 41.5000000000                  45.5000000000               21382.7565270934 
                 41.5000000000                  46.0000000000               21111.9217846921 
                 41.5000000000                  46.5000000000               20567.5638307387 
                 41.5000000000                  47.0000000000               19486.5991781854 
                 41.5000000000                  47.5000000000               17508.7541717909 
                 41.5000000000                  48.0000000000               13808.8361208020 
                 41.5000000000                  48.5000000000                9614.1744747540 
                 41.5000000000                  49.0000000000                6135.6624395253 
                 41.5000000000                  49.5000000000                2877.8078257003 
                 41.5000000000                  50.0000000000                   0.0000000000 
                 42.0000000000                   0.0000000000                   0.0000000000 
                 42.0000000000                   0.5000000000                3190.9645562105 
                 42.0000000000                   1.0000000000                6769.2188565634 
                 42.0000000000                   1.5000000000               10546.2629066150 
                 42.0000000000                   2.0000000000               14457.9087572962 
                 42.0000000000                   2.5000000000               18395.1050922072 
                 42.0000000000                   3.0000000000               22262.0660106362 
                 42.0000000000                   3.5000000000               26068.3601255810 
                 42.0000000000                   4.0000000000               29830.2119722633 
                 42.0000000000                   4.5000000000               33538.5382031509 
                 42.0000000000                   5.0000000000               37126.3231508043 
                 42.0000000000                   5.5000000000               40504.7831103227 
                 42.0000000000                   6.0000000000               43543.6629370879 
                 42.0000000000                   6.5000000000               46254.1025559063 
                 42.0000000000                   7.0000000000               48932.1547928412 
                 42.0000000000                   7.5000000000               51762.6856696068 
                 42.0000000000                   8.0000000000               54786.6721768129 
                 42.0000000000                   8.5000000000               58017.0254970973 
                 42.0000000000                   9.0000000000               61340.0461261125 
                 42.0000000000                   9.5000000000               64717.5997659109 
                 42.0000000000                  10.0000000000               68202.5052311770 
                 42.0000000000                  10.5000000000               71846.1494884606 
                 42.0000000000                  11.0000000000               75727.2458762745 
                 42.0000000000                  11.5000000000               79841.3799878986 
                 42.0000000000                  12.0000000000               84119.0255690175 
                 42.0000000000                  12.5000000000               88508.1216408773 
                 42.0000000000                  13.0000000000               92963.1693706575 
                 42.0000000000                  13.5000000000               97416.4217235476 
                 42.0000000000                  14.0000000000              101779.0426763127 
                 42.0000000000                  14.5000000000              105971.9948605771 
                 42.0000000000                  15.0000000000              109909.0707173498 
                 42.0000000000                  15.5000000000              113561.5173027954 
                 42.0000000000                  16.0000000000              116962.9894541193 
                 42.0000000000                  16.5000000000              120145.6304563415 
                 42.0000000000                  17.0000000000              123147.2399655470 
                 42.0000000000                  17.5000000000              125936.2116321401 
                 42.0000000000                  18.0000000000              128407.1753671842 
                 42.0000000000                  18.5000000000              130487.4618730600 
                 42.0000000000                  19.0000000000              132023.6070229975 
                 42.0000000000                  19.5000000000              132807.9703477690 
                 42.0000000000                  20.0000000000              132808.2756988358 
                 42.0000000000                  20.5000000000              131934.0646125020 
                 42.0000000000                  21.0000000000              130298.3851737571 
                 42.0000000000                  21.5000000000              128601.8112377605 
                 42.0000000000                  22.0000000000              127016.1689720154 
                 42.0000000000                  22.5000000000              125212.6344855727 
                 42.0000000000                  23.0000000000              122981.7056732816 
                 42.0000000000                  23.5000000000              119813.5059093999 
                 42.0000000000                  24.0000000000              115521.6815999574 
                 42.0000000000                  24.5000000000              110325.0733072418 
                 42.0000000000                  25.0000000000              104402.5799499924 
                 42.0000000000                  25.5000000000               98371.9529300111 
                 42.0000000000                  26.0000000000               92509.1698122700 
                 42.0000000000                  26.5000000000               86520.9046833783 
                 42.0000000000                  27.0000000000               80133.2746748677 
                 42.0000000000                  27.5000000000               74430.3113943502 
                 42.0000000000                  28.0000000000               70318.9334695654 
                 42.0000000000                  28.5000000000               67150.2241626531 
                 42.0000000000                  29.0000000000               64700.7924422257 
                 42.0000000000                  29.5000000000               62356.4068089662 
                 42.0000000000                  30.0000000000               59173.3086749650 
                 42.0000000000                  30.5000000000               55008.2050559358 
                 42.0000000000                  31.0000000000               49855.1558168621 
                 42.0000000000                  31.5000000000               44199.2032498313 
                 42.0000000000                  32.0000000000               39408.6955157954 
                 42.0000000000                  32.5000000000               36033.4162557332 
                 42.0000000000                  33.0000000000               33722.2220764375 
                 42.0000000000                  33.5000000000               32346.6681941273 
                 42.0000000000                  34.0000000000               31938.6453231879 
                 42.0000000000                  34.5000000000               32179.2466518402 
                 42.0000000000                  35.0000000000               32685.6556125818 
                 42.0000000000                  35.5000000000               33264.6459181527 
                 42.0000000000                  36.0000000000               33553.6266526051 
                 42.0000000000                  36.5000000000               33378.9105251290 
                 42.0000000000                  37.0000000000               32834.8953271096 
                 42.0000000000                  37.5000000000               32036.2318014659 
                 42.0000000000                  38.0000000000               30846.1357508098 
                 42.0000000000                  38.5000000000               28989.4217284528 
                 42.0000000000                  39.0000000000               26358.8600695403 
                 42.0000000000                  39.5000000000               22430.6146307441 
                 42.0000000000                  40.0000000000               18994.3466010357 
                 42.0000000000                  40.5000000000               17741.4269345442 
                 42.0000000000                  41.0000000000               17684.5552691760 
                 42.0000000000                  41.5000000000               18298.5515950308 
                 42.0000000000                  42.0000000000               19154.5043264623 
                 42.0000000000                  42.5000000000               19828.9010868897 
                 42.0000000000                  43.0000000000               20260.9300722081 
                 42.0000000000                  43.5000000000               20530.5736951484 
                 42.0000000000                  44.0000000000               20660.5914155450 
                 42.0000000000                  44.5000000000               20631.9931277953 
                 42.0000000000                  45.0000000000               20500.6568302640 
                 42.0000000000                  45.5000000000               20387.1798286386 
                 42.0000000000                  46.0000000000               20305.7593383837 
                 42.0000000000                  46.5000000000               19981.6649508338 
                 42.0000000000                  47.0000000000               19162.9339698703 
                 42.0000000000                  47.5000000000               17593.5925795456 
                 42.0000000000                  48.0000000000               14631.9278762406 
                 42.0000000000                  48.5000000000               10997.1351520514 
                 42.0000000000                  49.0000000000                7483.6627468663 
                 42.0000000000                  49.5000000000                3768.9120383755 
                 42.0000000000                  50.0000000000                   0.0000000000 
                 42.5000000000                   0.0000000000                   0.0000000000 
                 42.5000000000                   0.5000000000                3033.0421127355 
                 42.5000000000                   1.0000000000                6432.4351287822 
                 42.5000000000                   1.5000000000               10042.9966103503 
                 42.5000000000                   2.0000000000               13789.4956103679 
                 42.5000000000                   2.5000000000               17565.0100774074 
                 42.5000000000                   3.0000000000               21288.7861209175 
                 42.5000000000                   3.5000000000               24975.7453157900 
                 42.5000000000                   4.0000000000               28659.6453005141 
                 42.5000000000                   4.5000000000               32317.3442513586 
                 42.5000000000                   5.0000000000               35830.3442241416 
                 42.5000000000                   5.5000000000               39091.3735024086 
                 42.5000000000                   6.0000000000               41908.5440958936 
                 42.5000000000                   6.5000000000               44296.7850185642 
                 42.5000000000                   7.0000000000               46724.1725091461 
                 42.5000000000                   7.5000000000               49423.5335566139 
                 42.5000000000                   8.0000000000               52363.8808932722 
                 42.5000000000                   8.5000000000               55520.6792411055 
                 42.5000000000                   9.0000000000               58757.1255403293 
                 42.5000000000                   9.5000000000               62037.7964859365 
                 42.5000000000                  10.0000000000               65430.6089778965 
                 42.5000000000                  10.5000000000               69004.5555846671 
                 42.5000000000                  11.0000000000               72818.9474873371 
                 42.5000000000                  11.5000000000               76854.6595560500 
                 42.5000000000                  12.0000000000               81058.4344006558 
                 42.5000000000                  12.5000000000               85388.8320661939 
                 42.5000000000                  13.0000000000               89799.7314682432 
                 42.5000000000                  13.5000000000               94203.1830253005 
                 42.5000000000                  14.0000000000               98475.8527887958 
                 42.5000000000                  14.5000000000              102476.2701902496 
                 42.5000000000                  15.0000000000              106089.5891444936 
                 42.5000000000                  15.5000000000              109335.8398715448 
                 42.5000000000                  16.0000000000              112305.5209492626 
                 42.5000000000                  16.5000000000              115092.7680292277 
                 42.5000000000                  17.0000000000              117756.4848800170 
                 42.5000000000                  17.5000000000              120205.4298389927 
                 42.5000000000                  18.0000000000              122279.8658459534 
                 42.5000000000                  18.5000000000              123830.4388869046 
                 42.5000000000                  19.0000000000              124629.2446134882 
                 42.5000000000                  19.5000000000              124549.0440979739 
                 42.5000000000                  20.0000000000              123683.0013433123 
                 42.5000000000                  20.5000000000              122081.1949335146 
                 42.5000000000                  21.0000000000              120031.5176511163 
                 42.5000000000                  21.5000000000              118123.6067021456 
                 42.5000000000                  22.0000000000              116355.1051781270 
                 42.5000000000                  22.5000000000              114353.2786685449 
                 42.5000000000                  23.0000000000              111851.5888100759 
                 42.5000000000                  23.5000000000              108516.0260217177 
                 42.5000000000                  24.0000000000              104368.7008727669 
                 42.5000000000                  24.5000000000               99703.0863245847 
                 42.5000000000                  25.0000000000               94804.9903562747 
                 42.5000000000                  25.5000000000               89938.9993926597 
                 42.5000000000                  26.0000000000               85057.0430432435 
                 42.5000000000                  26.5000000000               79978.3719084214 
                 42.5000000000                  27.0000000000               74530.9599691023 
                 42.5000000000                  27.5000000000               69591.3653107096 
                 42.5000000000                  28.0000000000               65919.0051236288 
                 42.5000000000                  28.5000000000               63029.1876388104 
                 42.5000000000                  29.0000000000               60700.4939518273 
                 42.5000000000                  29.5000000000               58354.5659625913 
                 42.5000000000                  30.0000000000               55139.8333467414 
                 42.5000000000                  30.5000000000               50937.2399177229 
                 42.5000000000                  31.0000000000               45641.2814746471 
                 42.5000000000                  31.5000000000               39824.7427874303 
                 42.5000000000                  32.0000000000               35121.3871421497 
                 42.5000000000                  32.5000000000               32024.3566239402 
                 42.5000000000                  33.0000000000               30143.9746595335 
                 42.5000000000                  33.5000000000               29310.8211464740 
                 42.5000000000                  34.0000000000               29208.5261281795 
                 42.5000000000                  34.5000000000               29481.4068372151 
                 42.5000000000                  35.0000000000               29901.2336323999 
                 42.5000000000                  35.5000000000               30288.9057697810 
                 42.5000000000                  36.0000000000               30424.7863909116 
                 42.5000000000                  36.5000000000               30235.0647015187 
                 42.5000000000                  37.0000000000               29803.7156615103 
                 42.5000000000                  37.5000000000               29218.1557738070 
                 42.5000000000                  38.0000000000               28277.6001479403 
                 42.5000000000                  38.5000000000               26664.6590199051 
                 42.5000000000                  39.0000000000               24265.6524406868 
                 42.5000000000                  39.5000000000               20615.4055778244 
                 42.5000000000                  40.0000000000               17397.5810348696 
                 42.5000000000                  40.5000000000               16236.5030480427 
                 42.5000000000                  41.0000000000               16252.7558058955 
                 42.5000000000                  41.5000000000               16932.4721497493 
                 42.5000000000                  42.0000000000               17849.8686725144 
                 42.5000000000                  42.5000000000               18577.1254637681 
                 42.5000000000                  43.0000000000               19038.8356979202 
                 42.5000000000                  43.5000000000               19272.0764341161 
                 42.5000000000                  44.0000000000               19309.8422249930 
                 42.5000000000                  44.5000000000               19239.3331590144 
                 42.5000000000                  45.0000000000               19147.9548932820 
                 42.5000000000                  45.5000000000               19124.2566640570 
                 42.5000000000                  46.0000000000               19156.3622209782 
                 42.5000000000                  46.5000000000               18957.6758911268 
                 42.5000000000                  47.0000000000               18312.4837480472 
                 42.5000000000                  47.5000000000               17120.9437888994 
                 42.5000000000                  48.0000000000               15180.6761998551 
                 42.5000000000                  48.5000000000               12559.9154355373 
                 42.5000000000                  49.0000000000                9316.7783512994 
                 42.5000000000                  49.5000000000                5212.4784756045 
                 42.5000000000                  50.0000000000                   0.0000000000 
                 43.0000000000                   0.0000000000                   0.0000000000 
                 43.0000000000                   0.5000000000                2925.5400671850 
                 43.0000000000                   1.0000000000                6158.1537530808 
                 43.0000000000                   1.5000000000                9589.2767741107 
                 43.0000000000                   2.0000000000               13147.2487317247 
                 43.0000000000                   2.5000000000               16745.6741466263 
                 43.0000000000                   3.0000000000               20330.9238991439 
                 43.0000000000                   3.5000000000               23914.7492932429 
                 43.0000000000                   4.0000000000               27536.5974728521 
                 43.0000000000                   4.5000000000               31150.6308704077 
                 43.0000000000                   5.0000000000               34586.0390137626 
                 43.0000000000                   5.5000000000               37722.9882795939 
                 43.0000000000                   6.0000000000               40277.7375531687 
                 43.0000000000                   6.5000000000               42246.4199426050 
                 43.0000000000                   7.0000000000               44347.8112847721 
                 43.0000000000                   7.5000000000               46890.4008915427 
                 43.0000000000                   8.0000000000               49731.4097915665 
                 43.0000000000                   8.5000000000               52810.0829676454 
                 43.0000000000                   9.0000000000               55970.5959018273 
                 43.0000000000                   9.5000000000               59179.4361299656 
                 43.0000000000                  10.0000000000               62512.2708816962 
                 43.0000000000                  10.5000000000               66041.2350541098 
                 43.0000000000                  11.0000000000               69795.2526244719 
                 43.0000000000                  11.5000000000               73742.2209708477 
                 43.0000000000                  12.0000000000               77850.7532086168 
                 43.0000000000                  12.5000000000               82093.8581773259 
                 43.0000000000                  13.0000000000               86429.2062805737 
                 43.0000000000                  13.5000000000               90756.0699945154 
                 43.0000000000                  14.0000000000               94922.0948626742 
                 43.0000000000                  14.5000000000               98704.6654320684 
                 43.0000000000                  15.0000000000              101965.3026580618 
                 43.0000000000                  15.5000000000              104808.3648504044 
                 43.0000000000                  16.0000000000              107376.7902756664 
                 43.0000000000                  16.5000000000              109801.8406834124 
                 43.0000000000                  17.0000000000              112125.2156631943 
                 43.0000000000                  17.5000000000              114171.8125108887 
                 43.0000000000                  18.0000000000              115756.0970324577 
                 43.0000000000                  18.5000000000              116666.4589437899 
                 43.0000000000                  19.0000000000              116620.7842081822 
                 43.0000000000                  19.5000000000              115689.9223556047 
                 43.0000000000                  20.0000000000              114155.8534568115 
                 43.0000000000                  20.5000000000              112165.9712053212 
                 43.0000000000                  21.0000000000              110037.1700640371 
                 43.0000000000                  21.5000000000              108105.2462431354 
                 43.0000000000                  22.0000000000              106233.3900625452 
                 43.0000000000                  22.5000000000              104084.4303884329 
                 43.0000000000                  23.0000000000              101389.2901643407 
                 43.0000000000                  23.5000000000               98039.8089040391 
                 43.0000000000                  24.0000000000               94234.1354249289 
                 43.0000000000                  24.5000000000               90240.6800346763 
                 43.0000000000                  25.0000000000               86330.0166491963 
                 43.0000000000                  25.5000000000               82477.5395551798 
                 43.0000000000                  26.0000000000               78435.8513531711 
                 43.0000000000                  26.5000000000               74129.9019971499 
                 43.0000000000                  27.0000000000               69473.3184773316 
                 43.0000000000                  27.5000000000               65130.7344227994 
                 43.0000000000                  28.0000000000               61717.8025281884 
                 43.0000000000                  28.5000000000               58914.2293985292 
                 43.0000000000                  29.0000000000               56506.9710561479 
                 43.0000000000                  29.5000000000               53966.7617954723 
                 43.0000000000                  30.0000000000               50572.4471896063 
                 43.0000000000                  30.5000000000               46241.4315588531 
                 43.0000000000                  31.0000000000               40773.6390933128 
                 43.0000000000                  31.5000000000               34940.7648713912 
                 43.0000000000                  32.0000000000               30634.3328980604 
                 43.0000000000                  32.5000000000               28130.9664917794 
                 43.0000000000                  33.0000000000               26876.6502147340 
                 43.0000000000                  33.5000000000               26610.0620134448 
                 43.0000000000                  34.0000000000               26789.1265395081 
                 43.0000000000                  34.5000000000               27068.2286762242 
                 43.0000000000                  35.0000000000               27344.6942755494 
                 43.0000000000                  35.5000000000               27464.8235238890 
                 43.0000000000                  36.0000000000               27367.1780837484 
                 43.0000000000                  36.5000000000               27091.7641009641 
                 43.0000000000                  37.0000000000               26689.0799588150 
                 43.0000000000                  37.5000000000               26223.9318158044 
                 43.0000000000                  38.0000000000               25465.7707645759 
                 43.0000000000                  38.5000000000               24082.9804093205 
                 43.0000000000                  39.0000000000               21974.4794095673 
                 43.0000000000                  39.5000000000               18740.0390733890 
                 43.0000000000                  40.0000000000               15866.9271274932 
                 43.0000000000                  40.5000000000               14843.5845556666 
                 43.0000000000                  41.0000000000               14939.9663388684 
                 43.0000000000                  41.5000000000               15683.8133232443 
                 43.0000000000                  42.0000000000               16658.8080789451 
                 43.0000000000                  42.5000000000               17429.2917047411 
                 43.0000000000                  43.0000000000               17899.2099834724 
                 43.0000000000                  43.5000000000               18045.6480484392 
                 43.0000000000                  44.0000000000               17929.5849374890 
                 43.0000000000                  44.5000000000               17791.7111705097 
                 43.0000000000                  45.0000000000               17741.7421134084 
                 43.0000000000                  45.5000000000               17804.7712372302 
                 43.0000000000                  46.0000000000               17939.0136552664 
                 43.0000000000                  46.5000000000               17857.9818220245 
                 43.0000000000                  47.0000000000               17400.2096408043 
                 43.0000000000                  47.5000000000               16603.5397703003 
                 43.0000000000                  48.0000000000               15459.3903321204 
                 43.0000000000                  48.5000000000               13709.1225777823 
                 43.0000000000                  49.0000000000               10977.5785762596 
                 43.0000000000                  49.5000000000                6793.6167426397 
                 43.0000000000                  50.0000000000                   0.0000000000 
                 43.5000000000                   0.0000000000                   0.0000000000 
                 43.5000000000                   0.5000000000                2843.0959187972 
                 43.5000000000                   1.0000000000                5922.4540124982 
                 43.5000000000                   1.5000000000                9175.0958841410 
                 43.5000000000                   2.0000000000               12537.5519571000 
                 43.5000000000                   2.5000000000               15959.2763531257 
                 43.5000000000                   3.0000000000               19419.3192292668 
                 43.5000000000                   3.5000000000               22911.2888314127 
                 43.5000000000                   4.0000000000               26469.2755383866 
                 43.5000000000                   4.5000000000               30020.4158225346 
                 43.5000000000                   5.0000000000               33343.9668475876 
                 43.5000000000                   5.5000000000               36319.9185797968 
                 43.5000000000                   6.0000000000               38541.0004535827 
                 43.5000000000                   6.5000000000               39985.7041355249 
                 43.5000000000                   7.0000000000               41731.6302426315 
                 43.5000000000                   7.5000000000               44148.4921978118 
                 43.5000000000                   8.0000000000               46912.0025937089 
                 43.5000000000                   8.5000000000               49933.6142977144 
                 43.5000000000                   9.0000000000               53041.7089846070 
                 43.5000000000                   9.5000000000               56205.5457209703 
                 43.5000000000                  10.0000000000               59500.9353994212 
                 43.5000000000                  10.5000000000               62992.3098686716 
                 43.5000000000                  11.0000000000               66674.6657970860 
                 43.5000000000                  11.5000000000               70507.5780439462 
                 43.5000000000                  12.0000000000               74483.9407857923 
                 43.5000000000                  12.5000000000               78593.6101902419 
                 43.5000000000                  13.0000000000               82801.9437396984 
                 43.5000000000                  13.5000000000               87002.2346566683 
                 43.5000000000                  14.0000000000               91026.9289085557 
                 43.5000000000                  14.5000000000               94561.0734341830 
                 43.5000000000                  15.0000000000               97469.8486675391 
                 43.5000000000                  15.5000000000               99970.9134924873 
                 43.5000000000                  16.0000000000              102210.8002398940 
                 43.5000000000                  16.5000000000              104308.5843498519 
                 43.5000000000                  17.0000000000              106235.6128813369 
                 43.5000000000                  17.5000000000              107716.1389897965 
                 43.5000000000                  18.0000000000              108594.7274148584 
                 43.5000000000                  18.5000000000              108633.3117586158 
                 43.5000000000                  19.0000000000              107628.7752925514 
                 43.5000000000                  19.5000000000              106004.9862984165 
                 43.5000000000                  20.0000000000              104142.2915680656 
                 43.5000000000                  20.5000000000              102125.4349573583 
                 43.5000000000                  21.0000000000              100188.3806558859 
                 43.5000000000                  21.5000000000               98385.6051550637 
                 43.5000000000                  22.0000000000               96509.0589766201 
                 43.5000000000                  22.5000000000               94305.5765590111 
                 43.5000000000                  23.0000000000               91548.8714704866 
                 43.5000000000                  23.5000000000               88365.7141190679 
                 43.5000000000                  24.0000000000               85057.4861412886 
                 43.5000000000                  24.5000000000               81782.2451544373 
                 43.5000000000                  25.0000000000               78745.3023332462 
                 43.5000000000                  25.5000000000               75718.1029961607 
                 43.5000000000                  26.0000000000               72349.1479583846 
                 43.5000000000                  26.5000000000               68648.1014154614 
                 43.5000000000                  27.0000000000               64602.5242496969 
                 43.5000000000                  27.5000000000               60693.6693967887 
                 43.5000000000                  28.0000000000               57392.7223791742 
                 43.5000000000                  28.5000000000               54523.5784562833 
                 43.5000000000                  29.0000000000               51874.6171675587 
                 43.5000000000                  29.5000000000               49005.5704447946 
                 43.5000000000                  30.0000000000               45397.0536068414 
                 43.5000000000                  30.5000000000               41009.4555633963 
                 43.5000000000                  31.0000000000               35557.6230313517 
                 43.5000000000                  31.5000000000               30021.9394876756 
                 43.5000000000                  32.0000000000               26375.9525570751 
                 43.5000000000                  32.5000000000               24554.4889959628 
                 43.5000000000                  33.0000000000               23878.0106432249 
                 43.5000000000                  33.5000000000               24055.1123431701 
                 43.5000000000                  34.0000000000               24433.9049156480 
                 43.5000000000                  34.5000000000               24681.9828426380 
                 43.5000000000                  35.0000000000               24771.1623323766 
                 43.5000000000                  35.5000000000               24561.6917829002 
                 43.5000000000                  36.0000000000               24174.7032594872 
                 43.5000000000                  36.5000000000               23772.7308456773 
                 43.5000000000                  37.0000000000               23349.6769380241 
                 43.5000000000                  37.5000000000               22948.1317812286 
                 43.5000000000                  38.0000000000               22318.6422171819 
                 43.5000000000                  38.5000000000               21140.0620806008 
                 43.5000000000                  39.0000000000               19347.4576586762 
                 43.5000000000                  39.5000000000               16638.0416006639 
                 43.5000000000                  40.0000000000               14247.5640422773 
                 43.5000000000                  40.5000000000               13440.9230229159 
                 43.5000000000                  41.0000000000               13651.3882744778 
                 43.5000000000                  41.5000000000               14479.3847555536 
                 43.5000000000                  42.0000000000               15530.7755876148 
                 43.5000000000                  42.5000000000               16363.0214931520 
                 43.5000000000                  43.0000000000               16859.7913607606 
                 43.5000000000                  43.5000000000               16919.7966109273 
                 43.5000000000                  44.0000000000               16649.5893465043 
                 43.5000000000                  44.5000000000               16475.9991571269 
                 43.5000000000                  45.0000000000               16497.0560244016 
                 43.5000000000                  45.5000000000               16652.6706211410 
                 43.5000000000                  46.0000000000               16881.9659828446 
                 43.5000000000                  46.5000000000               16908.2170670941 
                 43.5000000000                  47.0000000000               16619.1983024583 
                 43.5000000000                  47.5000000000               16131.1832734824 
                 43.5000000000                  48.0000000000               15525.6335770543 
                 43.5000000000                  48.5000000000               14388.2250074211 
                 43.5000000000                  49.0000000000               12136.2508532393 
                 43.5000000000                  49.5000000000                8183.3257164067 
                 43.5000000000                  50.0000000000                   0.0000000000 
                 44.0000000000                   0.0000000000                   0.0000000000 
                 44.0000000000                   0.5000000000                2762.5436731042 
                 44.0000000000                   1.0000000000                5701.2350723355 
                 44.0000000000                   1.5000000000                8785.5986211759 
                 44.0000000000                   2.0000000000               11971.4281199461 
                 44.0000000000                   2.5000000000               15238.5259149217 
                 44.0000000000                   3.0000000000               18580.3000015521 
                 44.0000000000                   3.5000000000               21972.3695441586 
                 44.0000000000                   4.0000000000               25434.4664415326 
                 44.0000000000                   4.5000000000               28863.5800126253 
                 44.0000000000                   5.0000000000               32001.5318917321 
                 44.0000000000                   5.5000000000               34720.5757885794 
                 44.0000000000                   6.0000000000               36511.3395371501 
                 44.0000000000                   6.5000000000               37443.1666366282 
                 44.0000000000                   7.0000000000               38906.4490051689 
                 44.0000000000                   7.5000000000               41236.3830904180 
                 44.0000000000                   8.0000000000               43948.7816038279 
                 44.0000000000                   8.5000000000               46931.1358310661 
                 44.0000000000                   9.0000000000               50002.7753565255 
                 44.0000000000                   9.5000000000               53133.6456483970 
                 44.0000000000                  10.0000000000               56394.5089035230 
                 44.0000000000                  10.5000000000               59833.9178495145 
                 44.0000000000                  11.0000000000               63417.3549246582 
                 44.0000000000                  11.5000000000               67103.4982214844 
                 44.0000000000                  12.0000000000               70906.6761453442 
                 44.0000000000                  12.5000000000               74833.0921858583 
                 44.0000000000                  13.0000000000               78854.0516885700 
                 44.0000000000                  13.5000000000               82860.4788426021 
                 44.0000000000                  14.0000000000               86677.8465469130 
                 44.0000000000                  14.5000000000               89932.3525153668 
                 44.0000000000                  15.0000000000               92547.3776693506 
                 44.0000000000                  15.5000000000               94815.6859468690 
                 44.0000000000                  16.0000000000               96810.1203683283 
                 44.0000000000                  16.5000000000               98577.4236289145 
                 44.0000000000                  17.0000000000               99962.6385379918 
                 44.0000000000                  17.5000000000              100631.1928750542 
                 44.0000000000                  18.0000000000              100520.7391122920 
                 44.0000000000                  18.5000000000               99482.4207509206 
                 44.0000000000                  19.0000000000               97655.9457922158 
                 44.0000000000                  19.5000000000               95738.0674480638 
                 44.0000000000                  20.0000000000               93943.2058484869 
                 44.0000000000                  20.5000000000               92204.9764784923 
                 44.0000000000                  21.0000000000               90599.0023543637 
                 44.0000000000                  21.5000000000               88986.6044369133 
                 44.0000000000                  22.0000000000               87179.6546593706 
                 44.0000000000                  22.5000000000               85018.2762787671 
                 44.0000000000                  23.0000000000               82365.2555775144 
                 44.0000000000                  23.5000000000               79517.0553762185 
                 44.0000000000                  24.0000000000               76778.0892669523 
                 44.0000000000                  24.5000000000               74180.1545499762 
                 44.0000000000                  25.0000000000               71839.3987821489 
                 44.0000000000                  25.5000000000               69415.6995387255 
                 44.0000000000                  26.0000000000               66538.1819450250 
                 44.0000000000                  26.5000000000               63267.3076336871 
                 44.0000000000                  27.0000000000               59622.2696750124 
                 44.0000000000                  27.5000000000               55957.1221795389 
                 44.0000000000                  28.0000000000               52647.4176745390 
                 44.0000000000                  28.5000000000               49609.6120805415 
                 44.0000000000                  29.0000000000               46657.8361128462 
                 44.0000000000                  29.5000000000               43495.2064677172 
                 44.0000000000                  30.0000000000               39803.3762623555 
                 44.0000000000                  30.5000000000               35554.0305034428 
                 44.0000000000                  31.0000000000               30462.7135236482 
                 44.0000000000                  31.5000000000               25566.1306138292 
                 44.0000000000                  32.0000000000               22642.1844971700 
                 44.0000000000                  32.5000000000               21394.1709385594 
                 44.0000000000                  33.0000000000               21133.7829217849 
                 44.0000000000                  33.5000000000               21553.2811228804 
                 44.0000000000                  34.0000000000               21987.2177804161 
                 44.0000000000                  34.5000000000               22133.1146019220 
                 44.0000000000                  35.0000000000               21993.9797507501 
                 44.0000000000                  35.5000000000               21473.2867075875 
                 44.0000000000                  36.0000000000               20838.0898697835 
                 44.0000000000                  36.5000000000               20320.7205141090 
                 44.0000000000                  37.0000000000               19869.2773276488 
                 44.0000000000                  37.5000000000               19503.7454189523 
                 44.0000000000                  38.0000000000               18967.1177240248 
                 44.0000000000                  38.5000000000               17969.9045477147 
                 44.0000000000                  39.0000000000               16495.0902085419 
                 44.0000000000                  39.5000000000               14385.3052044377 
                 44.0000000000                  40.0000000000               12584.4428416083 
                 44.0000000000                  40.5000000000               12049.8025954061 
                 44.0000000000                  41.0000000000               12399.5884930510 
                 44.0000000000                  41.5000000000               13333.6518088273 
                 44.0000000000                  42.0000000000               14489.1382744382 
                 44.0000000000                  42.5000000000               15420.7892860358 
                 44.0000000000                  43.0000000000               15990.7949458838 
                 44.0000000000                  43.5000000000               16052.3251824819 
                 44.0000000000                  44.0000000000               15739.8335973874 
                 44.0000000000                  44.5000000000               15576.6067394120 
                 44.0000000000                  45.0000000000               15651.7932399310 
                 44.0000000000                  45.5000000000               15859.1333302942 
                 44.0000000000                  46.0000000000               16133.3837837960 
                 44.0000000000                  46.5000000000               16220.9137973746 
                 44.0000000000                  47.0000000000               16038.1184851893 
                 44.0000000000                  47.5000000000               15722.0593085036 
                 44.0000000000                  48.0000000000               15365.9505045897 
                 44.0000000000                  48.5000000000               14506.8786949762 
                 44.0000000000                  49.0000000000               12498.3357790038 
                 44.0000000000                  49.5000000000                8698.3670166626 
                 44.0000000000                  50.0000000000                   0.0000000000 
                 44.5000000000                   0.0000000000                   0.0000000000 
                 44.5000000000                   0.5000000000                2673.9546605767 
                 44.5000000000                   1.0000000000                5482.2797002370 
                 44.5000000000                   1.5000000000                8414.8657612317 
                 44.5000000000                   2.0000000000               11452.9720503049 
                 44.5000000000                   2.5000000000               14581.3744760691 
                 44.5000000000                   3.0000000000               17783.0919571754 
                 44.5000000000                   3.5000000000               21030.3943249165 
                 44.5000000000                   4.0000000000               24327.4661889847 
                 44.5000000000                   4.5000000000               27550.2457272178 
                 44.5000000000                   5.0000000000               30425.7825009634 
                 44.5000000000                   5.5000000000               32810.4586232192 
                 44.5000000000                   6.0000000000               34183.8298388131 
                 44.5000000000                   6.5000000000               34765.0222870443 
                 44.5000000000                   7.0000000000               36046.3323924619 
                 44.5000000000                   7.5000000000               38280.1127255436 
                 44.5000000000                   8.0000000000               40927.0585949130 
                 44.5000000000                   8.5000000000               43848.2738199724 
                 44.5000000000                   9.0000000000               46859.1209413068 
                 44.5000000000                   9.5000000000               49927.4268772957 
                 44.5000000000                  10.0000000000               53117.7523518502 
                 44.5000000000                  10.5000000000               56467.3883496276 
                 44.5000000000                  11.0000000000               59923.4579464376 
                 44.5000000000                  11.5000000000               63441.5982082970 
                 44.5000000000                  12.0000000000               67050.1212448583 
                 44.5000000000                  12.5000000000               70772.6918011361 
                 44.5000000000                  13.0000000000               74585.9663993448 
                 44.5000000000                  13.5000000000               78379.9189326913 
                 44.5000000000                  14.0000000000               81983.4510939066 
                 44.5000000000                  14.5000000000               84973.2226598160 
                 44.5000000000                  15.0000000000               87294.6672686344 
                 44.5000000000                  15.5000000000               89296.1547101042 
                 44.5000000000                  16.0000000000               90988.5912611857 
                 44.5000000000                  16.5000000000               92305.9023642634 
                 44.5000000000                  17.0000000000               93000.1681708408 
                 44.5000000000                  17.5000000000               92789.1489665396 
                 44.5000000000                  18.0000000000               91746.9934213812 
                 44.5000000000                  18.5000000000               89930.5314896764 
                 44.5000000000                  19.0000000000               87742.5818252449 
                 44.5000000000                  19.5000000000               85824.5112375790 
                 44.5000000000                  20.0000000000               84200.5319623581 
                 44.5000000000                  20.5000000000               82737.5239007449 
                 44.5000000000                  21.0000000000               81403.4173108105 
                 44.5000000000                  21.5000000000               79982.1085944882 
                 44.5000000000                  22.0000000000               78307.0172306436 
                 44.5000000000                  22.5000000000               76282.0508568994 
                 44.5000000000                  23.0000000000               73843.7942313252 
                 44.5000000000                  23.5000000000               71363.9338009316 
                 44.5000000000                  24.0000000000               69124.5252111208 
                 44.5000000000                  24.5000000000               67072.3558383727 
                 44.5000000000                  25.0000000000               65246.4653758580 
                 44.5000000000                  25.5000000000               63268.3093379765 
                 44.5000000000                  26.0000000000               60773.4805790795 
                 44.5000000000                  26.5000000000               57831.4177425161 
                 44.5000000000                  27.0000000000               54466.7850356758 
                 44.5000000000                  27.5000000000               50970.2689109578 
                 44.5000000000                  28.0000000000               47667.4606886551 
                 44.5000000000                  28.5000000000               44515.7835452388 
                 44.5000000000                  29.0000000000               41380.9926665451 
                 44.5000000000                  29.5000000000               38088.3251611782 
                 44.5000000000                  30.0000000000               34455.1870798918 
                 44.5000000000                  30.5000000000               30468.0743173947 
                 44.5000000000                  31.0000000000               25917.7597591633 
                 44.5000000000                  31.5000000000               21712.2705755733 
                 44.5000000000                  32.0000000000               19317.4329908823 
                 44.5000000000                  32.5000000000               18424.1179297098 
                 44.5000000000                  33.0000000000               18390.8708915616 
                 44.5000000000                  33.5000000000               18890.4004299128 
                 44.5000000000                  34.0000000000               19299.4168126296 
                 44.5000000000                  34.5000000000               19346.8356264094 
                 44.5000000000                  35.0000000000               19049.4965742596 
                 44.5000000000                  35.5000000000               18375.2691638737 
                 44.5000000000                  36.0000000000               17643.9145868342 
                 44.5000000000                  36.5000000000               17092.0118480360 
                 44.5000000000                  37.0000000000               16658.3288689272 
                 44.5000000000                  37.5000000000               16345.2644194249 
                 44.5000000000                  38.0000000000               15904.9147415326 
                 44.5000000000                  38.5000000000               15089.1720052288 
                 44.5000000000                  39.0000000000               13921.9137439347 
                 44.5000000000                  39.5000000000               12365.6739198100 
                 44.5000000000                  40.0000000000               11107.6843828118 
                 44.5000000000                  40.5000000000               10835.2882485215 
                 44.5000000000                  41.0000000000               11326.1862060357 
                 44.5000000000                  41.5000000000               12374.2117500398 
                 44.5000000000                  42.0000000000               13649.0389820653 
                 44.5000000000                  42.5000000000               14709.3811261753 
                 44.5000000000                  43.0000000000               15399.4620072762 
                 44.5000000000                  43.5000000000               15577.0592653867 
                 44.5000000000                  44.0000000000               15350.5323621126 
                 44.5000000000                  44.5000000000               15205.9010505632 
                 44.5000000000                  45.0000000000               15263.0651646009 
                 44.5000000000                  45.5000000000               15433.1052915325 
                 44.5000000000                  46.0000000000               15659.2100358363 
                 44.5000000000                  46.5000000000               15726.3557833159 
                 44.5000000000                  47.0000000000               15561.7841581715 
                 44.5000000000                  47.5000000000               15279.3433386093 
                 44.5000000000                  48.0000000000               14938.0112470380 
                 44.5000000000                  48.5000000000               14072.9572390868 
                 44.5000000000                  49.0000000000               12046.1916576520 
                 44.5000000000                  49.5000000000                8172.0129901843 
                 44.5000000000                  50.0000000000                   0.0000000000 
                 45.0000000000                   0.0000000000                   0.0000000000 
                 45.0000000000                   0.5000000000                2576.3806463358 
                 45.0000000000                   1.0000000000                5254.5262059005 
                 45.0000000000                   1.5000000000                8042.5345919735 
                 45.0000000000                   2.0000000000               10942.4963185974 
                 45.0000000000                   2.5000000000               13929.0877263761 
                 45.0000000000                   3.0000000000               16963.0066945028 
                 45.0000000000                   3.5000000000               20015.9277716445 
                 45.0000000000                   4.0000000000               23077.4554866724 
                 45.0000000000                   4.5000000000               26013.2690086950 
                 45.0000000000                   5.0000000000               28560.8942156215 
                 45.0000000000                   5.5000000000               30582.4043097653 
                 45.0000000000                   6.0000000000               31614.9884559557 
                 45.0000000000                   6.5000000000               31996.3537971323 
                 45.0000000000                   7.0000000000               33174.2573000337 
                 45.0000000000                   7.5000000000               35312.0918290985 
                 45.0000000000                   8.0000000000               37871.6811219108 
                 45.0000000000                   8.5000000000               40699.1018301569 
                 45.0000000000                   9.0000000000               43611.0004368932 
                 45.0000000000                   9.5000000000               46574.8022076437 
                 45.0000000000                  10.0000000000               49650.8550545119 
                 45.0000000000                  10.5000000000               52871.6331585797 
                 45.0000000000                  11.0000000000               56169.5332126682 
                 45.0000000000                  11.5000000000               59492.8518667044 
                 45.0000000000                  12.0000000000               62880.5221378995 
                 45.0000000000                  12.5000000000               66374.3555248470 
                 45.0000000000                  13.0000000000               69955.4552019716 
                 45.0000000000                  13.5000000000               73513.1793128459 
                 45.0000000000                  14.0000000000               76900.1405362514 
                 45.0000000000                  14.5000000000               79618.5126918794 
                 45.0000000000                  15.0000000000               81565.1473820229 
                 45.0000000000                  15.5000000000               83184.6800365239 
                 45.0000000000                  16.0000000000               84484.3819323639 
                 45.0000000000                  16.5000000000               85243.9605673065 
                 45.0000000000                  17.0000000000               85161.5393735206 
                 45.0000000000                  17.5000000000               84157.1309444375 
                 45.0000000000                  18.0000000000               82504.7022878758 
                 45.0000000000                  18.5000000000               80415.8654566208 
                 45.0000000000                  19.0000000000               78291.0345006379 
                 45.0000000000                  19.5000000000               76524.5483469583 
                 45.0000000000                  20.0000000000               75056.2602844930 
                 45.0000000000                  20.5000000000               73782.3721101561 
                 45.0000000000                  21.0000000000               72641.6323236098 
                 45.0000000000                  21.5000000000               71390.7790236289 
                 45.0000000000                  22.0000000000               69874.4810386088 
                 45.0000000000                  22.5000000000               68043.9045399495 
                 45.0000000000                  23.0000000000               65867.8993329559 
                 45.0000000000                  23.5000000000               63744.0506432933 
                 45.0000000000                  24.0000000000               61934.1965944301 
                 45.0000000000                  24.5000000000               60319.8175301642 
                 45.0000000000                  25.0000000000               58889.2824501554 
                 45.0000000000                  25.5000000000               57254.6508673821 
                 45.0000000000                  26.0000000000               55060.3871821891 
                 45.0000000000                  26.5000000000               52376.0123142619 
                 45.0000000000                  27.0000000000               49237.0073483195 
                 45.0000000000                  27.5000000000               45901.7084131751 
                 45.0000000000                  28.0000000000               42660.3305317420 
                 45.0000000000                  28.5000000000               39500.3916642999 
                 45.0000000000                  29.0000000000               36324.0846733314 
                 45.0000000000                  29.5000000000               33030.2389013393 
                 45.0000000000                  30.0000000000               29538.1459600618 
                 45.0000000000                  30.5000000000               25860.2961929431 
                 45.0000000000                  31.0000000000               21842.4700716086 
                 45.0000000000                  31.5000000000               18225.6281662050 
                 45.0000000000                  32.0000000000               16203.9672803535 
                 45.0000000000                  32.5000000000               15519.0583895654 
                 45.0000000000                  33.0000000000               15594.5840344015 
                 45.0000000000                  33.5000000000               16100.0558809622 
                 45.0000000000                  34.0000000000               16472.4780403615 
                 45.0000000000                  34.5000000000               16475.5574591412 
                 45.0000000000                  35.0000000000               16136.0675335925 
                 45.0000000000                  35.5000000000               15460.4206400160 
                 45.0000000000                  36.0000000000               14762.7053801453 
                 45.0000000000                  36.5000000000               14257.5767824186 
                 45.0000000000                  37.0000000000               13885.1954548329 
                 45.0000000000                  37.5000000000               13642.8532561283 
                 45.0000000000                  38.0000000000               13303.2506991235 
                 45.0000000000                  38.5000000000               12657.5937307912 
                 45.0000000000                  39.0000000000               11760.3976955539 
                 45.0000000000                  39.5000000000               10633.5762242701 
                 45.0000000000                  40.0000000000                9793.8771705983 
                 45.0000000000                  40.5000000000                9755.9049988675 
                 45.0000000000                  41.0000000000               10391.0609993634 
                 45.0000000000                  41.5000000000               11562.0999681791 
                 45.0000000000                  42.0000000000               12968.2773411966 
                 45.0000000000                  42.5000000000               14177.4476531345 
                 45.0000000000                  43.0000000000               15025.2209914633 
                 45.0000000000                  43.5000000000               15381.6421095790 
                 45.0000000000                  44.0000000000               15304.1541908756 
                 45.0000000000                  44.5000000000               15195.0866026330 
                 45.0000000000                  45.0000000000               15199.9309369510 
                 45.0000000000                  45.5000000000               15264.7316768788 
                 45.0000000000                  46.0000000000               15353.8396852145 
                 45.0000000000                  46.5000000000               15310.5271512684 
                 45.0000000000                  47.0000000000               15071.3849183387 
                 45.0000000000                  47.5000000000               14700.6499656672 
                 45.0000000000                  48.0000000000               14203.0758735842 
                 45.0000000000                  48.5000000000               13144.1937108799 
                 45.0000000000                  49.0000000000               10956.7223467698 
                 45.0000000000                  49.5000000000                7070.2754343788 
                 45.0000000000                  50.0000000000                   0.0000000000 
                 45.5000000000                   0.0000000000                   0.0000000000 
                 45.5000000000                   0.5000000000                2460.1087650441 
                 45.5000000000                   1.0000000000                4996.2732326003 
                 45.5000000000                   1.5000000000                7632.0533220715 
                 45.5000000000                   2.0000000000               10386.5695773977 
                 45.5000000000                   2.5000000000               13217.9871515718 
                 45.5000000000                   3.0000000000               16054.5262560082 
                 45.5000000000                   3.5000000000               18864.4871895311 
                 45.5000000000                   4.0000000000               21615.2202770321 
                 45.5000000000                   4.5000000000               24172.8811867680 
                 45.5000000000                   5.0000000000               26327.0430001499 
                 45.5000000000                   5.5000000000               27971.1418085553 
                 45.5000000000                   6.0000000000               28738.6420592826 
                 45.5000000000                   6.5000000000               29066.7068437756 
                 45.5000000000                   7.0000000000               30244.8065963839 
                 45.5000000000                   7.5000000000               32318.4404371637 
                 45.5000000000                   8.0000000000               34789.2103616823 
                 45.5000000000                   8.5000000000               37501.1351374238 
                 45.5000000000                   9.0000000000               40282.6716656813 
                 45.5000000000                   9.5000000000               43107.3756372710 
                 45.5000000000                  10.0000000000               46033.7960236227 
                 45.5000000000                  10.5000000000               49089.0537199426 
                 45.5000000000                  11.0000000000               52187.7562227462 
                 45.5000000000                  11.5000000000               55269.7111338130 
                 45.5000000000                  12.0000000000               58383.1104764118 
                 45.5000000000                  12.5000000000               61583.5693927400 
                 45.5000000000                  13.0000000000               64842.6703796887 
                 45.5000000000                  13.5000000000               68029.3942753491 
                 45.5000000000                  14.0000000000               71019.9600591275 
                 45.5000000000                  14.5000000000               73208.0532959099 
                 45.5000000000                  15.0000000000               74498.0822284262 
                 45.5000000000                  15.5000000000               75559.1336595600 
                 45.5000000000                  16.0000000000               76414.8014021828 
                 45.5000000000                  16.5000000000               76609.2387728617 
                 45.5000000000                  17.0000000000               75864.7432733291 
                 45.5000000000                  17.5000000000               74467.1704908621 
                 45.5000000000                  18.0000000000               72769.3668607688 
                 45.5000000000                  18.5000000000               70921.4843054500 
                 45.5000000000                  19.0000000000               69187.8951910500 
                 45.5000000000                  19.5000000000               67712.9032399399 
                 45.5000000000                  20.0000000000               66431.0975859538 
                 45.5000000000                  20.5000000000               65316.0458025847 
                 45.5000000000                  21.0000000000               64305.1792873189 
                 45.5000000000                  21.5000000000               63159.3246840844 
                 45.5000000000                  22.0000000000               61766.0466008357 
                 45.5000000000                  22.5000000000               60135.0370748062 
                 45.5000000000                  23.0000000000               58274.2011818633 
                 45.5000000000                  23.5000000000               56570.3488103285 
                 45.5000000000                  24.0000000000               55207.0747516660 
                 45.5000000000                  24.5000000000               53993.5377212089 
                 45.5000000000                  25.0000000000               52882.9344600986 
                 45.5000000000                  25.5000000000               51494.0976780250 
                 45.5000000000                  26.0000000000               49502.1206767745 
                 45.5000000000                  26.5000000000               46989.1491022243 
                 45.5000000000                  27.0000000000               44003.2596190443 
                 45.5000000000                  27.5000000000               40782.0251060886 
                 45.5000000000                  28.0000000000               37596.9199139965 
                 45.5000000000                  28.5000000000               34468.7149060164 
                 45.5000000000                  29.0000000000               31326.9112522525 
                 45.5000000000                  29.5000000000               28129.2957417610 
                 45.5000000000                  30.0000000000               24865.2445202377 
                 45.5000000000                  30.5000000000               21542.3350858428 
                 45.5000000000                  31.0000000000               18038.1181219944 
                 45.5000000000                  31.5000000000               14942.9485569410 
                 45.5000000000                  32.0000000000               13218.2017309148 
                 45.5000000000                  32.5000000000               12669.6152980997 
                 45.5000000000                  33.0000000000               12799.7245855431 
                 45.5000000000                  33.5000000000               13289.7319308726 
                 45.5000000000                  34.0000000000               13649.6989648472 
                 45.5000000000                  34.5000000000               13675.2075796814 
                 45.5000000000                  35.0000000000               13388.1013480629 
                 45.5000000000                  35.5000000000               12812.5446931364 
                 45.5000000000                  36.0000000000               12230.6017630277 
                 45.5000000000                  36.5000000000               11821.1291723440 
                 45.5000000000                  37.0000000000               11527.2434781344 
                 45.5000000000                  37.5000000000               11348.5580677641 
                 45.5000000000                  38.0000000000               11084.8128398930 
                 45.5000000000                  38.5000000000               10567.6223591311 
                 45.5000000000                  39.0000000000                9873.3086585330 
                 45.5000000000                  39.5000000000                9056.0275247684 
                 45.5000000000                  40.0000000000                8524.8424290919 
                 45.5000000000                  40.5000000000                8685.0995097654 
                 45.5000000000                  41.0000000000                9464.4238143666 
                 45.5000000000                  41.5000000000               10769.6459477521 
                 45.5000000000                  42.0000000000               12322.0616649365 
                 45.5000000000                  42.5000000000               13697.2029956552 
                 45.5000000000                  43.0000000000               14722.7528524264 
                 45.5000000000                  43.5000000000               15279.2022585267 
                 45.5000000000                  44.0000000000               15380.8293179871 
                 45.5000000000                  44.5000000000               15338.5838557367 
                 45.5000000000                  45.0000000000               15299.2170430551 
                 45.5000000000                  45.5000000000               15225.3150617030 
                 45.5000000000                  46.0000000000               15094.3889089067 
                 45.5000000000                  46.5000000000               14842.7871966934 
                 45.5000000000                  47.0000000000               14434.9144552114 
                 45.5000000000                  47.5000000000               13862.5302669113 
                 45.5000000000                  48.0000000000               13043.0494942140 
                 45.5000000000                  48.5000000000               11645.7917031317 
                 45.5000000000                  49.0000000000                9282.1010771360 
                 45.5000000000                  49.5000000000                5584.6497924697 
                 45.5000000000                  50.0000000000                   0.0000000000 
                 46.0000000000                   0.0000000000                   0.0000000000 
                 46.0000000000                   0.5000000000                2303.7175369311 
                 46.0000000000                   1.0000000000                4674.0506036538 
                 46.0000000000                   1.5000000000                7139.4842690851 
                 46.0000000000                   2.0000000000                9727.7993648188 
                 46.0000000000                   2.5000000000               12375.0622681313 
                 46.0000000000                   3.0000000000               14972.2350158273 
                 46.0000000000                   3.5000000000               17478.1151603627 
                 46.0000000000                   4.0000000000               19835.7093182430 
                 46.0000000000                   4.5000000000               21938.9644625711 
                 46.0000000000                   5.0000000000               23670.4653303395 
                 46.0000000000                   5.5000000000               24972.8615824431 
                 46.0000000000                   6.0000000000               25614.9033519679 
                 46.0000000000                   6.5000000000               26055.3572916760 
                 46.0000000000                   7.0000000000               27307.3327461126 
                 46.0000000000                   7.5000000000               29329.6467218413 
                 46.0000000000                   8.0000000000               31700.2834336642 
                 46.0000000000                   8.5000000000               34265.2914429805 
                 46.0000000000                   9.0000000000               36878.8876195148 
                 46.0000000000                   9.5000000000               39529.7986864888 
                 46.0000000000                  10.0000000000               42272.8667371747 
                 46.0000000000                  10.5000000000               45125.2120580227 
                 46.0000000000                  11.0000000000               47980.6787400582 
                 46.0000000000                  11.5000000000               50771.4326038745 
                 46.0000000000                  12.0000000000               53552.6609381216 
                 46.0000000000                  12.5000000000               56385.4810919461 
                 46.0000000000                  13.0000000000               59205.8531895576 
                 46.0000000000                  13.5000000000               61822.9208451588 
                 46.0000000000                  14.0000000000               64070.6285425650 
                 46.0000000000                  14.5000000000               65168.1477429819 
                 46.0000000000                  15.0000000000               65261.8083095709 
                 46.0000000000                  15.5000000000               65436.4712904916 
                 46.0000000000                  16.0000000000               65671.9311820030 
                 46.0000000000                  16.5000000000               65446.2027484285 
                 46.0000000000                  17.0000000000               64738.3250113140 
                 46.0000000000                  17.5000000000               63877.6956696839 
                 46.0000000000                  18.0000000000               62878.2748798768 
                 46.0000000000                  18.5000000000               61731.7405960094 
                 46.0000000000                  19.0000000000               60537.5173880092 
                 46.0000000000                  19.5000000000               59364.5255814862 
                 46.0000000000                  20.0000000000               58260.1511456178 
                 46.0000000000                  20.5000000000               57258.7713800620 
                 46.0000000000                  21.0000000000               56295.5943520691 
                 46.0000000000                  21.5000000000               55172.5497820674 
                 46.0000000000                  22.0000000000               53859.0869406455 
                 46.0000000000                  22.5000000000               52437.0293781748 
                 46.0000000000                  23.0000000000               50994.3434538007 
                 46.0000000000                  23.5000000000               49820.8820007905 
                 46.0000000000                  24.0000000000               48932.5438531947 
                 46.0000000000                  24.5000000000               48095.4344865902 
                 46.0000000000                  25.0000000000               47224.0295726165 
                 46.0000000000                  25.5000000000               45970.9787151799 
                 46.0000000000                  26.0000000000               44084.4376911536 
                 46.0000000000                  26.5000000000               41663.3700692999 
                 46.0000000000                  27.0000000000               38754.9851573285 
                 46.0000000000                  27.5000000000               35591.0438030407 
                 46.0000000000                  28.0000000000               32454.8550769696 
                 46.0000000000                  28.5000000000               29396.5605427348 
                 46.0000000000                  29.0000000000               26380.5577196911 
                 46.0000000000                  29.5000000000               23400.3341312223 
                 46.0000000000                  30.0000000000               20448.1187733983 
                 46.0000000000                  30.5000000000               17508.7210805156 
                 46.0000000000                  31.0000000000               14471.1256044883 
                 46.0000000000                  31.5000000000               11805.9134027423 
                 46.0000000000                  32.0000000000               10322.9913594027 
                 46.0000000000                  32.5000000000                9886.6537097337 
                 46.0000000000                  33.0000000000               10067.4486831604 
                 46.0000000000                  33.5000000000               10578.4894782084 
                 46.0000000000                  34.0000000000               10988.7502475468 
                 46.0000000000                  34.5000000000               11107.4125947090 
                 46.0000000000                  35.0000000000               10949.6286223243 
                 46.0000000000                  35.5000000000               10543.2188851407 
                 46.0000000000                  36.0000000000               10118.8638409247 
                 46.0000000000                  36.5000000000                9816.6131359253 
                 46.0000000000                  37.0000000000                9588.5609319087 
                 46.0000000000                  37.5000000000                9431.9913797335 
                 46.0000000000                  38.0000000000                9190.1437373681 
                 46.0000000000                  38.5000000000                8747.2894323155 
                 46.0000000000                  39.0000000000                8186.0339160310 
                 46.0000000000                  39.5000000000                7561.3984001336 
                 46.0000000000                  40.0000000000                7232.1222135485 
                 46.0000000000                  40.5000000000                7556.9424381579 
                 46.0000000000                  41.0000000000                8480.3035121162 
                 46.0000000000                  41.5000000000                9933.3555987061 
                 46.0000000000                  42.0000000000               11648.4807816976 
                 46.0000000000                  42.5000000000               13195.2324370880 
                 46.0000000000                  43.0000000000               14397.0282817683 
                 46.0000000000                  43.5000000000               15129.1462904211 
                 46.0000000000                  44.0000000000               15366.3513769039 
                 46.0000000000                  44.5000000000               15376.3829042286 
                 46.0000000000                  45.0000000000               15297.9900085106 
                 46.0000000000                  45.5000000000               15062.4565154196 
                 46.0000000000                  46.0000000000               14634.9387973378 
                 46.0000000000                  46.5000000000               14068.9233918934 
                 46.0000000000                  47.0000000000               13388.0465819287 
                 46.0000000000                  47.5000000000               12513.3355909104 
                 46.0000000000                  48.0000000000               11310.1639329900 
                 46.0000000000                  48.5000000000                9621.0992632625 
                 46.0000000000                  49.0000000000                7273.3929102101 
                 46.0000000000                  49.5000000000                4079.1421773707 
                 46.0000000000                  50.0000000000                   0.0000000000 
                 46.5000000000                   0.0000000000                   0.0000000000 
                 46.5000000000                   0.5000000000                2087.8940348716 
                 46.5000000000                   1.0000000000                4256.0848753093 
                 46.5000000000                   1.5000000000                6524.6449602302 
                 46.5000000000                   2.0000000000                8921.3875680938 
                 46.5000000000                   2.5000000000               11358.2224898485 
                 46.5000000000                   3.0000000000               13691.0184703029 
                 46.5000000000                   3.5000000000               15867.5734849629 
                 46.5000000000                   4.0000000000               17816.1334378214 
                 46.5000000000                   4.5000000000               19471.8577370285 
                 46.5000000000                   5.0000000000               20819.4127134884 
                 46.5000000000                   5.5000000000               21860.7658233961 
                 46.5000000000                   6.0000000000               22495.7908567443 
                 46.5000000000                   6.5000000000               23115.5859033881 
                 46.5000000000                   7.0000000000               24423.7416761760 
                 46.5000000000                   7.5000000000               26355.2685810623 
                 46.5000000000                   8.0000000000               28576.5083895823 
                 46.5000000000                   8.5000000000               30938.7755178103 
                 46.5000000000                   9.0000000000               33338.1185954666 
                 46.5000000000                   9.5000000000               35781.8187635713 
                 46.5000000000                  10.0000000000               38312.6825821742 
                 46.5000000000                  10.5000000000               40934.9355493863 
                 46.5000000000                  11.0000000000               43524.0673062496 
                 46.5000000000                  11.5000000000               46006.4312501734 
                 46.5000000000                  12.0000000000               48441.8171310367 
                 46.5000000000                  12.5000000000               50894.4149693697 
                 46.5000000000                  13.0000000000               53255.8498283546 
                 46.5000000000                  13.5000000000               55270.0301831590 
                 46.5000000000                  14.0000000000               56714.0646629247 
                 46.5000000000                  14.5000000000               56735.6253903536 
                 46.5000000000                  15.0000000000               55732.5135387349 
                 46.5000000000                  15.5000000000               55074.5709554330 
                 46.5000000000                  16.0000000000               54735.1540863672 
                 46.5000000000                  16.5000000000               54329.8737426859 
                 46.5000000000                  17.0000000000               53987.7395419780 
                 46.5000000000                  17.5000000000               53798.1795607812 
                 46.5000000000                  18.0000000000               53481.4054168502 
                 46.5000000000                  18.5000000000               52906.4223520553 
                 46.5000000000                  19.0000000000               52081.3019653977 
                 46.5000000000                  19.5000000000               51131.7196368596 
                 46.5000000000                  20.0000000000               50185.4830534611 
                 46.5000000000                  20.5000000000               49278.3705142875 
                 46.5000000000                  21.0000000000               48348.6257409798 
                 46.5000000000                  21.5000000000               47280.9719039061 
                 46.5000000000                  22.0000000000               46126.1987558402 
                 46.5000000000                  22.5000000000               45015.1808485146 
                 46.5000000000                  23.0000000000               44089.8192820369 
                 46.5000000000                  23.5000000000               43454.2303320181 
                 46.5000000000                  24.0000000000               42965.2741104536 
                 46.5000000000                  24.5000000000               42412.0442608969 
                 46.5000000000                  25.0000000000               41660.6629775966 
                 46.5000000000                  25.5000000000               40438.5897658941 
                 46.5000000000                  26.0000000000               38601.7938315389 
                 46.5000000000                  26.5000000000               36246.0662100133 
                 46.5000000000                  27.0000000000               33401.0009489511 
                 46.5000000000                  27.5000000000               30312.9926850722 
                 46.5000000000                  28.0000000000               27298.9792895970 
                 46.5000000000                  28.5000000000               24415.9237687476 
                 46.5000000000                  29.0000000000               21659.9861858233 
                 46.5000000000                  29.5000000000               19019.0201004612 
                 46.5000000000                  30.0000000000               16432.2469949675 
                 46.5000000000                  30.5000000000               13875.8759381717 
                 46.5000000000                  31.0000000000               11243.8177033352 
                 46.5000000000                  31.5000000000                8933.9655651668 
                 46.5000000000                  32.0000000000                7678.9150777224 
                 46.5000000000                  32.5000000000                7370.1091471463 
                 46.5000000000                  33.0000000000                7628.9512929502 
                 46.5000000000                  33.5000000000                8205.6031306701 
                 46.5000000000                  34.0000000000                8697.7202100661 
                 46.5000000000                  34.5000000000                8922.7062989548 
                 46.5000000000                  35.0000000000                8902.8470393925 
                 46.5000000000                  35.5000000000                8664.7001950709 
                 46.5000000000                  36.0000000000                8380.4412839950 
                 46.5000000000                  36.5000000000                8153.4116126879 
                 46.5000000000                  37.0000000000                7947.5945911766 
                 46.5000000000                  37.5000000000                7748.6609808801 
                 46.5000000000                  38.0000000000                7468.4806334342 
                 46.5000000000                  38.5000000000                7058.4907664607 
                 46.5000000000                  39.0000000000                6583.5294614453 
                 46.5000000000                  39.5000000000                6075.9526899824 
                 46.5000000000                  40.0000000000                5887.2566072217 
                 46.5000000000                  40.5000000000                6366.3570420897 
                 46.5000000000                  41.0000000000                7437.6362117721 
                 46.5000000000                  41.5000000000                9043.4307886409 
                 46.5000000000                  42.0000000000               10917.9637698296 
                 46.5000000000                  42.5000000000               12615.7893966194 
                 46.5000000000                  43.0000000000               13964.3820488515 
                 46.5000000000                  43.5000000000               14816.1775879337 
                 46.5000000000                  44.0000000000               15102.8563130055 
                 46.5000000000                  44.5000000000               15111.0511767813 
                 46.5000000000                  45.0000000000               14980.6767200133 
                 46.5000000000                  45.5000000000               14575.6880352945 
                 46.5000000000                  46.0000000000               13833.9822902605 
                 46.5000000000                  46.5000000000               12927.6781240679 
                 46.5000000000                  47.0000000000               11961.2981217530 
                 46.5000000000                  47.5000000000               10821.2840281507 
                 46.5000000000                  48.0000000000                9398.4450045600 
                 46.5000000000                  48.5000000000                7650.3881245337 
                 46.5000000000                  49.0000000000                5530.3372870456 
                 46.5000000000                  49.5000000000                2963.4650366005 
                 46.5000000000                  50.0000000000                   0.0000000000 
                 47.0000000000                   0.0000000000                   0.0000000000 
                 47.0000000000                   0.5000000000                1817.6496888613 
                 47.0000000000                   1.0000000000                3744.7261051742 
                 47.0000000000                   1.5000000000                5786.6811172067 
                 47.0000000000                   2.0000000000                7967.9863808923 
                 47.0000000000                   2.5000000000               10176.2819644538 
                 47.0000000000                   3.0000000000               12235.0712679683 
                 47.0000000000                   3.5000000000               14088.3197831178 
                 47.0000000000                   4.0000000000               15654.8625910452 
                 47.0000000000                   4.5000000000               16908.8564916033 
                 47.0000000000                   5.0000000000               17935.7622988694 
                 47.0000000000                   5.5000000000               18792.5778987924 
                 47.0000000000                   6.0000000000               19464.7646896369 
                 47.0000000000                   6.5000000000               20246.1160766206 
                 47.0000000000                   7.0000000000               21568.1288370287 
                 47.0000000000                   7.5000000000               23361.9935320839 
                 47.0000000000                   8.0000000000               25375.8621125516 
                 47.0000000000                   8.5000000000               27474.6736282331 
                 47.0000000000                   9.0000000000               29614.4903306858 
                 47.0000000000                   9.5000000000               31824.1400038904 
                 47.0000000000                  10.0000000000               34124.1422208690 
                 47.0000000000                  10.5000000000               36504.4144387642 
                 47.0000000000                  11.0000000000               38825.5963887709 
                 47.0000000000                  11.5000000000               41009.4917772941 
                 47.0000000000                  12.0000000000               43118.9105136844 
                 47.0000000000                  12.5000000000               45222.5038979269 
                 47.0000000000                  13.0000000000               47174.6493382176 
                 47.0000000000                  13.5000000000               48677.4896574145 
                 47.0000000000                  14.0000000000               49509.8940217799 
                 47.0000000000                  14.5000000000               48905.1393694722 
                 47.0000000000                  15.0000000000               47349.9312677840 
                 47.0000000000                  15.5000000000               46235.9777291299 
                 47.0000000000                  16.0000000000               45590.2118632158 
                 47.0000000000                  16.5000000000               45120.3672172013 
                 47.0000000000                  17.0000000000               44875.7997324507 
                 47.0000000000                  17.5000000000               44835.7057288759 
                 47.0000000000                  18.0000000000               44730.7277094244 
                 47.0000000000                  18.5000000000               44346.7889512987 
                 47.0000000000                  19.0000000000               43649.0951299573 
                 47.0000000000                  19.5000000000               42826.1851170813 
                 47.0000000000                  20.0000000000               42018.8287195903 
                 47.0000000000                  20.5000000000               41223.8625003498 
                 47.0000000000                  21.0000000000               40388.3461081961 
                 47.0000000000                  21.5000000000               39488.9766583804 
                 47.0000000000                  22.0000000000               38622.7959444987 
                 47.0000000000                  22.5000000000               37918.9920369140 
                 47.0000000000                  23.0000000000               37508.7813802331 
                 47.0000000000                  23.5000000000               37315.3960929924 
                 47.0000000000                  24.0000000000               37106.0855089909 
                 47.0000000000                  24.5000000000               36723.3825776887 
                 47.0000000000                  25.0000000000               35991.4656170001 
                 47.0000000000                  25.5000000000               34741.2771190668 
                 47.0000000000                  26.0000000000               32955.2603232632 
                 47.0000000000                  26.5000000000               30703.3603779884 
                 47.0000000000                  27.0000000000               27984.9861915424 
                 47.0000000000                  27.5000000000               25067.4452323981 
                 47.0000000000                  28.0000000000               22295.5421815365 
                 47.0000000000                  28.5000000000               19710.7446940091 
                 47.0000000000                  29.0000000000               17318.2185064909 
                 47.0000000000                  29.5000000000               15074.7245937768 
                 47.0000000000                  30.0000000000               12866.8962984884 
                 47.0000000000                  30.5000000000               10678.7427203042 
                 47.0000000000                  31.0000000000                8416.9327984839 
                 47.0000000000                  31.5000000000                6435.5952887877 
                 47.0000000000                  32.0000000000                5410.0134647156 
                 47.0000000000                  32.5000000000                5242.3092965670 
                 47.0000000000                  33.0000000000                5594.4749048596 
                 47.0000000000                  33.5000000000                6244.5360074394 
                 47.0000000000                  34.0000000000                6807.7140776493 
                 47.0000000000                  34.5000000000                7114.2948418443 
                 47.0000000000                  35.0000000000                7200.8918832388 
                 47.0000000000                  35.5000000000                7094.4279378186 
                 47.0000000000                  36.0000000000                6913.5261381567 
                 47.0000000000                  36.5000000000                6727.6444955672 
                 47.0000000000                  37.0000000000                6508.8572198236 
                 47.0000000000                  37.5000000000                6227.8984850880 
                 47.0000000000                  38.0000000000                5878.7208300030 
                 47.0000000000                  38.5000000000                5484.0245759207 
                 47.0000000000                  39.0000000000                5073.6578621797 
                 47.0000000000                  39.5000000000                4652.2686113761 
                 47.0000000000                  40.0000000000                4577.1160390468 
                 47.0000000000                  40.5000000000                5191.9829876019 
                 47.0000000000                  41.0000000000                6390.9166971511 
                 47.0000000000                  41.5000000000                8119.2566645873 
                 47.0000000000                  42.0000000000               10109.9711216802 
                 47.0000000000                  42.5000000000               11906.4683498937 
                 47.0000000000                  43.0000000000               13343.7868824431 
                 47.0000000000                  43.5000000000               14252.2666091309 
                 47.0000000000                  44.0000000000               14524.9194654705 
                 47.0000000000                  44.5000000000               14487.4424494474 
                 47.0000000000                  45.0000000000               14294.1452892466 
                 47.0000000000                  45.5000000000               13736.1142547329 
                 47.0000000000                  46.0000000000               12717.1578915477 
                 47.0000000000                  46.5000000000               11531.8639136466 
                 47.0000000000                  47.0000000000               10374.6950347691 
                 47.0000000000                  47.5000000000                9115.7905094081 
                 47.0000000000                  48.0000000000                7678.4136059391 
                 47.0000000000                  48.5000000000                6049.0192399030 
                 47.0000000000                  49.0000000000                4225.2971075317 
                 47.0000000000                  49.5000000000                2190.0779634399 
                 47.0000000000                  50.0000000000                   0.0000000000 
                 47.5000000000                   0.0000000000                   0.0000000000 
                 47.5000000000                   0.5000000000                1506.5851503290 
                 47.5000000000                   1.0000000000                3161.3643556165 
                 47.5000000000                   1.5000000000                4947.4020055578 
                 47.5000000000                   2.0000000000                6886.1186858766 
                 47.5000000000                   2.5000000000                8840.2773760466 
                 47.5000000000                   3.0000000000               10603.3686822851 
                 47.5000000000                   3.5000000000               12126.5090811332 
                 47.5000000000                   4.0000000000               13321.8067101100 
                 47.5000000000                   4.5000000000               14211.4621816737 
                 47.5000000000                   5.0000000000               14983.2919846204 
                 47.5000000000                   5.5000000000               15720.8649306691 
                 47.5000000000                   6.0000000000               16448.9444232287 
                 47.5000000000                   6.5000000000               17365.2934265888 
                 47.5000000000                   7.0000000000               18671.3751412798 
                 47.5000000000                   7.5000000000               20297.0540533637 
                 47.5000000000                   8.0000000000               22061.2905313316 
                 47.5000000000                   8.5000000000               23848.5742899026 
                 47.5000000000                   9.0000000000               25698.7255886275 
                 47.5000000000                   9.5000000000               27665.5195634542 
                 47.5000000000                  10.0000000000               29732.9791800246 
                 47.5000000000                  10.5000000000               31874.7228621277 
                 47.5000000000                  11.0000000000               33938.8421156539 
                 47.5000000000                  11.5000000000               35844.5076024532 
                 47.5000000000                  12.0000000000               37654.0176331916 
                 47.5000000000                  12.5000000000               39435.7528618157 
                 47.5000000000                  13.0000000000               41006.0435733038 
                 47.5000000000                  13.5000000000               42041.4487405903 
                 47.5000000000                  14.0000000000               42356.0886773652 
                 47.5000000000                  14.5000000000               41311.7587080031 
                 47.5000000000                  15.0000000000               39469.4841694434 
                 47.5000000000                  15.5000000000               38147.8552264760 
                 47.5000000000                  16.0000000000               37353.5381623638 
                 47.5000000000                  16.5000000000               36836.7880300387 
                 47.5000000000                  17.0000000000               36578.6283808426 
                 47.5000000000                  17.5000000000               36485.5868118269 
                 47.5000000000                  18.0000000000               36341.8640745985 
                 47.5000000000                  18.5000000000               35922.7797720101 
                 47.5000000000                  19.0000000000               35192.4205373221 
                 47.5000000000                  19.5000000000               34424.1957716925 
                 47.5000000000                  20.0000000000               33755.6478218109 
                 47.5000000000                  20.5000000000               33123.2444503464 
                 47.5000000000                  21.0000000000               32482.9397888082 
                 47.5000000000                  21.5000000000               31879.2534093056 
                 47.5000000000                  22.0000000000               31400.8878228767 
                 47.5000000000                  22.5000000000               31123.8883773884 
                 47.5000000000                  23.0000000000               31147.0906637486 
                 47.5000000000                  23.5000000000               31261.7002807076 
                 47.5000000000                  24.0000000000               31198.3900537735 
                 47.5000000000                  24.5000000000               30879.4067024162 
                 47.5000000000                  25.0000000000               30101.4218699543 
                 47.5000000000                  25.5000000000               28828.0671103627 
                 47.5000000000                  26.0000000000               27172.6078114269 
                 47.5000000000                  26.5000000000               25132.6944428610 
                 47.5000000000                  27.0000000000               22658.2305501491 
                 47.5000000000                  27.5000000000               20027.2623859269 
                 47.5000000000                  28.0000000000               17599.5981934598 
                 47.5000000000                  28.5000000000               15387.3672611657 
                 47.5000000000                  29.0000000000               13389.9908919693 
                 47.5000000000                  29.5000000000               11538.7774714838 
                 47.5000000000                  30.0000000000                9693.1945031741 
                 47.5000000000                  30.5000000000                7859.4271119742 
                 47.5000000000                  31.0000000000                5961.2182275471 
                 47.5000000000                  31.5000000000                4309.2545320183 
                 47.5000000000                  32.0000000000                3514.9107526767 
                 47.5000000000                  32.5000000000                3484.4291917449 
                 47.5000000000                  33.0000000000                3919.7735990078 
                 47.5000000000                  33.5000000000                4627.7226273936 
                 47.5000000000                  34.0000000000                5241.0162964145 
                 47.5000000000                  34.5000000000                5602.4725630420 
                 47.5000000000                  35.0000000000                5762.5125945474 
                 47.5000000000                  35.5000000000                5751.6021946059 
                 47.5000000000                  36.0000000000                5644.8921508154 
                 47.5000000000                  36.5000000000                5483.7442741197 
                 47.5000000000                  37.0000000000                5248.0924898095 
                 47.5000000000                  37.5000000000                4887.3991428021 
                 47.5000000000                  38.0000000000                4478.0073052718 
                 47.5000000000                  38.5000000000                4107.6720553514 
                 47.5000000000                  39.0000000000                3756.5917209656 
                 47.5000000000                  39.5000000000                3401.9817004686 
                 47.5000000000                  40.0000000000                3408.1616895719 
                 47.5000000000                  40.5000000000                4115.2828299826 
                 47.5000000000                  41.0000000000                5389.4333062444 
                 47.5000000000                  41.5000000000                7178.3275879957 
                 47.5000000000                  42.0000000000                9213.5430460114 
                 47.5000000000                  42.5000000000               11029.2279102470 
                 47.5000000000                  43.0000000000               12472.1035217512 
                 47.5000000000                  43.5000000000               13362.1545498421 
                 47.5000000000                  44.0000000000               13564.8324952876 
                 47.5000000000                  44.5000000000               13451.3926142140 
                 47.5000000000                  45.0000000000               13195.4616681741 
                 47.5000000000                  45.5000000000               12517.9081488772 
                 47.5000000000                  46.0000000000               11285.4357360067 
                 47.5000000000                  46.5000000000                9918.9271535996 
                 47.5000000000                  47.0000000000                8694.3296384782 
                 47.5000000000                  47.5000000000                7446.8032443605 
                 47.5000000000                  48.0000000000                6115.9138581064 
                 47.5000000000                  48.5000000000                4691.6859437078 
                 47.5000000000                  49.0000000000                3184.6687400392 
                 47.5000000000                  49.5000000000                1600.7449661310 
                 47.5000000000                  50.0000000000                   0.0000000000 
                 48.0000000000                   0.0000000000                   0.0000000000 
                 48.0000000000                   0.5000000000                1184.9669035978 
                 48.0000000000                   1.0000000000                2543.6794515370 
                 48.0000000000                   1.5000000000                4042.6549513213 
                 48.0000000000                   2.0000000000                5695.9893015304 
                 48.0000000000                   2.5000000000                7346.1115569407 
                 48.0000000000                   3.0000000000                8774.0009757018 
                 48.0000000000                   3.5000000000                9946.7084385167 
                 48.0000000000                   4.0000000000               10793.0442054239 
                 48.0000000000                   4.5000000000               11395.5177404113 
                 48.0000000000                   5.0000000000               11998.2310003694 
                 48.0000000000                   5.5000000000               12671.9071984399 
                 48.0000000000                   6.0000000000               13446.4090801669 
                 48.0000000000                   6.5000000000               14427.8312849468 
                 48.0000000000                   7.0000000000               15658.1675173757 
                 48.0000000000                   7.5000000000               17077.0159966074 
                 48.0000000000                   8.0000000000               18551.9463156159 
                 48.0000000000                   8.5000000000               20003.4065782186 
                 48.0000000000                   9.0000000000               21563.9648845694 
                 48.0000000000                   9.5000000000               23297.8201319642 
                 48.0000000000                  10.0000000000               25143.6231980173 
                 48.0000000000                  10.5000000000               27060.7981892503 
                 48.0000000000                  11.0000000000               28889.7126708028 
                 48.0000000000                  11.5000000000               30547.0398044079 
                 48.0000000000                  12.0000000000               32089.1319277081 
                 48.0000000000                  12.5000000000               33565.8122857490 
                 48.0000000000                  13.0000000000               34750.0783614974 
                 48.0000000000                  13.5000000000               35319.6555164497 
                 48.0000000000                  14.0000000000               35146.2155841067 
                 48.0000000000                  14.5000000000               33789.0857754244 
                 48.0000000000                  15.0000000000               31890.0183701384 
                 48.0000000000                  15.5000000000               30577.2197158256 
                 48.0000000000                  16.0000000000               29773.2816118896 
                 48.0000000000                  16.5000000000               29226.8086103324 
                 48.0000000000                  17.0000000000               28833.0062381791 
                 48.0000000000                  17.5000000000               28496.2508859010 
                 48.0000000000                  18.0000000000               28106.4859460494 
                 48.0000000000                  18.5000000000               27469.9361069807 
                 48.0000000000                  19.0000000000               26621.1329924576 
                 48.0000000000                  19.5000000000               25904.9107238699 
                 48.0000000000                  20.0000000000               25404.2515416760 
                 48.0000000000                  20.5000000000               25010.6224264812 
                 48.0000000000                  21.0000000000               24720.6859815722 
                 48.0000000000                  21.5000000000               24571.7582742271 
                 48.0000000000                  22.0000000000               24555.0711297746 
                 48.0000000000                  22.5000000000               24681.7104081786 
                 48.0000000000                  23.0000000000               24981.1365354616 
                 48.0000000000                  23.5000000000               25173.8269943867 
                 48.0000000000                  24.0000000000               25047.8382490159 
                 48.0000000000                  24.5000000000               24625.1192020717 
                 48.0000000000                  25.0000000000               23783.8892605553 
                 48.0000000000                  25.5000000000               22639.4487805136 
                 48.0000000000                  26.0000000000               21306.5078833173 
                 48.0000000000                  26.5000000000               19658.1077756205 
                 48.0000000000                  27.0000000000               17583.1707113910 
                 48.0000000000                  27.5000000000               15356.8497959280 
                 48.0000000000                  28.0000000000               13351.8540846414 
                 48.0000000000                  28.5000000000               11549.8273779970 
                 48.0000000000                  29.0000000000                9921.6838474321 
                 48.0000000000                  29.5000000000                8393.0330794971 
                 48.0000000000                  30.0000000000                6863.4813118138 
                 48.0000000000                  30.5000000000                5370.6317940076 
                 48.0000000000                  31.0000000000                3858.4526846641 
                 48.0000000000                  31.5000000000                2579.4255792086 
                 48.0000000000                  32.0000000000                2024.9433109977 
                 48.0000000000                  32.5000000000                2107.9598242235 
                 48.0000000000                  33.0000000000                2594.5014166791 
                 48.0000000000                  33.5000000000                3322.9954743807 
                 48.0000000000                  34.0000000000                3949.2928737483 
                 48.0000000000                  34.5000000000                4329.3961143937 
                 48.0000000000                  35.0000000000                4521.8595737027 
                 48.0000000000                  35.5000000000                4555.8818875439 
                 48.0000000000                  36.0000000000                4484.0703140820 
                 48.0000000000                  36.5000000000                4337.5160430870 
                 48.0000000000                  37.0000000000                4104.0273160857 
                 48.0000000000                  37.5000000000                3730.8717261093 
                 48.0000000000                  38.0000000000                3334.4260224961 
                 48.0000000000                  38.5000000000                3018.8471472093 
                 48.0000000000                  39.0000000000                2728.3121754766 
                 48.0000000000                  39.5000000000                2419.5313320901 
                 48.0000000000                  40.0000000000                2460.9814915853 
                 48.0000000000                  40.5000000000                3194.0511580774 
                 48.0000000000                  41.0000000000                4468.1137919346 
                 48.0000000000                  41.5000000000                6231.1581321477 
                 48.0000000000                  42.0000000000                8210.7974335791 
                 48.0000000000                  42.5000000000                9935.5037205974 
                 48.0000000000                  43.0000000000               11263.8731835410 
                 48.0000000000                  43.5000000000               12026.2851767358 
                 48.0000000000                  44.0000000000               12107.9049393267 
                 48.0000000000                  44.5000000000               11904.7354549050 
                 48.0000000000                  45.0000000000               11581.6169429394 
                 48.0000000000                  45.5000000000               10831.7709526930 
                 48.0000000000                  46.0000000000                9528.5881526360 
                 48.0000000000                  46.5000000000                8157.9251057599 
                 48.0000000000                  47.0000000000                7011.1332703655 
                 48.0000000000                  47.5000000000                5896.4590759164 
                 48.0000000000                  48.0000000000                4757.4348997353 
                 48.0000000000                  48.5000000000                3581.2545653656 
                 48.0000000000                  49.0000000000                2381.6539407514 
                 48.0000000000                  49.5000000000                1170.0967531902 
                 48.0000000000                  50.0000000000                   0.0000000000 
                 48.5000000000                   0.0000000000                   0.0000000000 
                 48.5000000000                   0.5000000000                 889.0404398362 
                 48.5000000000                   1.0000000000                1934.8621493057 
                 48.5000000000                   1.5000000000                3109.4995358698 
                 48.5000000000                   2.0000000000                4415.0225950498 
                 48.5000000000                   2.5000000000                5696.4896418554 
                 48.5000000000                   3.0000000000                6758.2432160304 
                 48.5000000000                   3.5000000000                7583.3634978073 
                 48.5000000000                   4.0000000000                8142.7416606974 
                 48.5000000000                   4.5000000000                8551.7576622255 
                 48.5000000000                   5.0000000000                9028.8300365322 
                 48.5000000000                   5.5000000000                9623.5698141141 
                 48.5000000000                   6.0000000000               10367.3349888382 
                 48.5000000000                   6.5000000000               11307.3022305532 
                 48.5000000000                   7.0000000000               12401.2251264105 
                 48.5000000000                   7.5000000000               13590.8484849070 
                 48.5000000000                   8.0000000000               14767.7578429406 
                 48.5000000000                   8.5000000000               15880.4117947382 
                 48.5000000000                   9.0000000000               17133.1166639570 
                 48.5000000000                   9.5000000000               18601.6081688296 
                 48.5000000000                  10.0000000000               20189.9461389249 
                 48.5000000000                  10.5000000000               21846.8698846510 
                 48.5000000000                  11.0000000000               23408.2914946454 
                 48.5000000000                  11.5000000000               24789.2818205752 
                 48.5000000000                  12.0000000000               26037.0040914440 
                 48.5000000000                  12.5000000000               27167.5909840194 
                 48.5000000000                  13.0000000000               27927.4864712734 
                 48.5000000000                  13.5000000000               28034.4082850426 
                 48.5000000000                  14.0000000000               27437.1265887612 
                 48.5000000000                  14.5000000000               25952.7219266817 
                 48.5000000000                  15.0000000000               24237.6897289846 
                 48.5000000000                  15.5000000000               23103.0438241585 
                 48.5000000000                  16.0000000000               22391.8750625680 
                 48.5000000000                  16.5000000000               21841.6589847307 
                 48.5000000000                  17.0000000000               21315.7528882859 
                 48.5000000000                  17.5000000000               20783.9124068681 
                 48.5000000000                  18.0000000000               20208.1370937343 
                 48.5000000000                  18.5000000000               19432.3493317406 
                 48.5000000000                  19.0000000000               18558.7932429154 
                 48.5000000000                  19.5000000000               17948.0861963427 
                 48.5000000000                  20.0000000000               17628.1248316312 
                 48.5000000000                  20.5000000000               17489.3970346751 
                 48.5000000000                  21.0000000000               17555.0868131912 
                 48.5000000000                  21.5000000000               17786.8564468490 
                 48.5000000000                  22.0000000000               18093.3141084649 
                 48.5000000000                  22.5000000000               18454.6439018490 
                 48.5000000000                  23.0000000000               18825.4510378305 
                 48.5000000000                  23.5000000000               18946.4120896947 
                 48.5000000000                  24.0000000000               18706.6778621993 
                 48.5000000000                  24.5000000000               18200.1528968993 
                 48.5000000000                  25.0000000000               17455.8449117048 
                 48.5000000000                  25.5000000000               16622.1562381828 
                 48.5000000000                  26.0000000000               15699.6945778587 
                 48.5000000000                  26.5000000000               14510.0835852523 
                 48.5000000000                  27.0000000000               12885.3269806246 
                 48.5000000000                  27.5000000000               11093.2805181068 
                 48.5000000000                  28.0000000000                9523.3211483231 
                 48.5000000000                  28.5000000000                8126.3397160965 
                 48.5000000000                  29.0000000000                6816.8844382878 
                 48.5000000000                  29.5000000000                5553.6243001947 
                 48.5000000000                  30.0000000000                4342.5433706015 
                 48.5000000000                  30.5000000000                3220.3558803491 
                 48.5000000000                  31.0000000000                2141.8707783584 
                 48.5000000000                  31.5000000000                1278.0592141945 
                 48.5000000000                  32.0000000000                 947.9238914827 
                 48.5000000000                  32.5000000000                1094.2986064470 
                 48.5000000000                  33.0000000000                1575.2215732636 
                 48.5000000000                  33.5000000000                2265.3965913488 
                 48.5000000000                  34.0000000000                2853.3894352969 
                 48.5000000000                  34.5000000000                3209.1966792273 
                 48.5000000000                  35.0000000000                3391.6308143866 
                 48.5000000000                  35.5000000000                3420.2281520211 
                 48.5000000000                  36.0000000000                3351.4163529159 
                 48.5000000000                  36.5000000000                3224.6204167634 
                 48.5000000000                  37.0000000000                3031.7135342363 
                 48.5000000000                  37.5000000000                2750.2132984019 
                 48.5000000000                  38.0000000000                2460.9006456121 
                 48.5000000000                  38.5000000000                2220.8921016311 
                 48.5000000000                  39.0000000000                1983.1593147041 
                 48.5000000000                  39.5000000000                1688.2206038422 
                 48.5000000000                  40.0000000000                1699.3124237611 
                 48.5000000000                  40.5000000000                2366.8771188705 
                 48.5000000000                  41.0000000000                3538.4468447149 
                 48.5000000000                  41.5000000000                5157.4471991708 
                 48.5000000000                  42.0000000000                6948.6036012407 
                 48.5000000000                  42.5000000000                8447.4101648887 
                 48.5000000000                  43.0000000000                9526.7677059853 
                 48.5000000000                  43.5000000000               10065.6369220131 
                 48.5000000000                  44.0000000000               10026.6073721261 
                 48.5000000000                  44.5000000000                9768.0744332473 
                 48.5000000000                  45.0000000000                9404.9355471491 
                 48.5000000000                  45.5000000000                8676.1698252344 
                 48.5000000000                  46.0000000000                7504.6339090631 
                 48.5000000000                  46.5000000000                6324.3513443800 
                 48.5000000000                  47.0000000000                5370.2251810374 
                 48.5000000000                  47.5000000000                4468.9466168099 
                 48.5000000000                  48.0000000000                3562.3362429658 
                 48.5000000000                  48.5000000000                2647.0924697470 
                 48.5000000000                  49.0000000000                1741.5803921605 
                 48.5000000000                  49.5000000000                 848.3102811243 
                 48.5000000000                  50.0000000000                   0.0000000000 
                 49.0000000000                   0.0000000000                   0.0000000000 
                 49.0000000000                   0.5000000000                 611.7154875783 
                 49.0000000000                   1.0000000000                1331.4086589604 
                 49.0000000000                   1.5000000000                2145.6105451351 
                 49.0000000000                   2.0000000000                3046.9195727090 
                 49.0000000000                   2.5000000000                3912.0862990043 
                 49.0000000000                   3.0000000000                4601.1183727312 
                 49.0000000000                   3.5000000000                5111.2814552383 
                 49.0000000000                   4.0000000000                5449.5257555304 
                 49.0000000000                   4.5000000000                5716.2376025994 
                 49.0000000000                   5.0000000000                6056.9594984425 
                 49.0000000000                   5.5000000000                6507.3295386326 
                 49.0000000000                   6.0000000000                7113.0080337641 
                 49.0000000000                   6.5000000000                7903.2007923953 
                 49.0000000000                   7.0000000000                8793.0317035243 
                 49.0000000000                   7.5000000000                9722.7362442727 
                 49.0000000000                   8.0000000000               10595.4123610694 
                 49.0000000000                   8.5000000000               11352.8348276648 
                 49.0000000000                   9.0000000000               12242.3922262172 
                 49.0000000000                   9.5000000000               13364.1282802423 
                 49.0000000000                  10.0000000000               14601.7610130853 
                 49.0000000000                  10.5000000000               15899.7631965415 
                 49.0000000000                  11.0000000000               17098.5550730317 
                 49.0000000000                  11.5000000000               18120.0061685033 
                 49.0000000000                  12.0000000000               19003.5279736627 
                 49.0000000000                  12.5000000000               19729.8441480880 
                 49.0000000000                  13.0000000000               20055.1214947523 
                 49.0000000000                  13.5000000000               19781.5186297341 
                 49.0000000000                  14.0000000000               18953.5958263959 
                 49.0000000000                  14.5000000000               17617.9746039432 
                 49.0000000000                  15.0000000000               16315.1336419577 
                 49.0000000000                  15.5000000000               15490.3426238073 
                 49.0000000000                  16.0000000000               14959.9117311036 
                 49.0000000000                  16.5000000000               14482.6970218696 
                 49.0000000000                  17.0000000000               13958.1775185136 
                 49.0000000000                  17.5000000000               13437.0802662396 
                 49.0000000000                  18.0000000000               12905.0924349110 
                 49.0000000000                  18.5000000000               12221.1036956463 
                 49.0000000000                  19.0000000000               11490.1773627552 
                 49.0000000000                  19.5000000000               11039.9544026222 
                 49.0000000000                  20.0000000000               10877.6635900233 
                 49.0000000000                  20.5000000000               10914.9947990988 
                 49.0000000000                  21.0000000000               11168.9041793461 
                 49.0000000000                  21.5000000000               11536.2730949557 
                 49.0000000000                  22.0000000000               11917.4308315270 
                 49.0000000000                  22.5000000000               12295.8020792178 
                 49.0000000000                  23.0000000000               12591.1820822208 
                 49.0000000000                  23.5000000000               12625.3810402903 
                 49.0000000000                  24.0000000000               12372.7412490619 
                 49.0000000000                  24.5000000000               11952.4410062648 
                 49.0000000000                  25.0000000000               11473.6090627457 
                 49.0000000000                  25.5000000000               11003.7524099139 
                 49.0000000000                  26.0000000000               10454.6646921216 
                 49.0000000000                  26.5000000000                9688.8179333475 
                 49.0000000000                  27.0000000000                8503.9510185319 
                 49.0000000000                  27.5000000000                7151.9674484349 
                 49.0000000000                  28.0000000000                6023.4779061378 
                 49.0000000000                  28.5000000000                5036.5301251191 
                 49.0000000000                  29.0000000000                4049.2322899433 
                 49.0000000000                  29.5000000000                3078.6726712210 
                 49.0000000000                  30.0000000000                2237.1276427608 
                 49.0000000000                  30.5000000000                1524.1828175836 
                 49.0000000000                  31.0000000000                 884.7842345609 
                 49.0000000000                  31.5000000000                 406.5287547889 
                 49.0000000000                  32.0000000000                 254.0091577759 
                 49.0000000000                  32.5000000000                 406.6380057481 
                 49.0000000000                  33.0000000000                 813.1137812483 
                 49.0000000000                  33.5000000000                1392.9273345480 
                 49.0000000000                  34.0000000000                1879.6425970071 
                 49.0000000000                  34.5000000000                2163.5972552158 
                 49.0000000000                  35.0000000000                2301.0230023909 
                 49.0000000000                  35.5000000000                2299.2315759268 
                 49.0000000000                  36.0000000000                2226.1881167106 
                 49.0000000000                  36.5000000000                2132.1265069078 
                 49.0000000000                  37.0000000000                2010.5507434783 
                 49.0000000000                  37.5000000000                1872.5805907289 
                 49.0000000000                  38.0000000000                1732.8903330072 
                 49.0000000000                  38.5000000000                1583.1058178463 
                 49.0000000000                  39.0000000000                1401.6358989525 
                 49.0000000000                  39.5000000000                1108.7265960172 
                 49.0000000000                  40.0000000000                1041.2431782793 
                 49.0000000000                  40.5000000000                1553.5457704835 
                 49.0000000000                  41.0000000000                2502.0042093136 
                 49.0000000000                  41.5000000000                3828.7913647288 
                 49.0000000000                  42.0000000000                5270.8081238421 
                 49.0000000000                  42.5000000000                6398.9685257921 
                 49.0000000000                  43.0000000000                7120.6960537364 
                 49.0000000000                  43.5000000000                7400.6143349136 
                 49.0000000000                  44.0000000000                7287.7560195123 
                 49.0000000000                  44.5000000000                7044.1257093149 
                 49.0000000000                  45.0000000000                6718.3911968939 
                 49.0000000000                  45.5000000000                6132.0319907237 
                 49.0000000000                  46.0000000000                5249.4341745503 
                 49.0000000000                  46.5000000000                4388.7893298454 
                 49.0000000000                  47.0000000000                3706.7319442410 
                 49.0000000000                  47.5000000000                3069.8718351758 
                 49.0000000000                  48.0000000000                2425.0519336673 
                 49.0000000000                  48.5000000000                1784.0531000695 
                 49.0000000000                  49.0000000000                1169.7182173048 
                 49.0000000000                  49.5000000000                 571.4408640032 
                 49.0000000000                  50.0000000000                   0.0000000000 
                 49.5000000000                   0.0000000000                   0.0000000000 
                 49.5000000000                   0.5000000000                 326.0216472998 
                 49.5000000000                   1.0000000000                 700.0001836837 
                 49.5000000000                   1.5000000000                1125.2179122507 
                 49.5000000000                   2.0000000000                1584.7992188423 
                 49.5000000000                   2.5000000000                2008.7134931484 
                 49.5000000000                   3.0000000000                2335.2531688425 
                 49.5000000000                   3.5000000000                2565.0804084191 
                 49.5000000000                   4.0000000000                2719.2447606568 
                 49.5000000000                   4.5000000000                2858.9371554882 
                 49.5000000000                   5.0000000000                3044.7710859402 
                 49.5000000000                   5.5000000000                3291.8405091179 
                 49.5000000000                   6.0000000000                3656.3195223364 
                 49.5000000000                   6.5000000000                4166.8869716735 
                 49.5000000000                   7.0000000000                4725.6226952660 
                 49.5000000000                   7.5000000000                5298.2620523183 
                 49.5000000000                   8.0000000000                5815.2907993065 
                 49.5000000000                   8.5000000000                6183.5417250894 
                 49.5000000000                   9.0000000000                6650.6367516144 
                 49.5000000000                   9.5000000000                7322.2694492254 
                 49.5000000000                  10.0000000000                8072.2780531391 
                 49.5000000000                  10.5000000000                8865.1391673382 
                 49.5000000000                  11.0000000000                9570.9990800066 
                 49.5000000000                  11.5000000000               10139.2472312747 
                 49.5000000000                  12.0000000000               10610.1061996571 
                 49.5000000000                  12.5000000000               10930.1900710637 
                 49.5000000000                  13.0000000000               10910.3516572048 
                 49.5000000000                  13.5000000000               10488.1313642439 
                 49.5000000000                  14.0000000000                9768.2058423403 
                 49.5000000000                  14.5000000000                8892.9642149003 
                 49.5000000000                  15.0000000000                8187.3573486746 
                 49.5000000000                  15.5000000000                7772.2197161082 
                 49.5000000000                  16.0000000000                7504.5029157883 
                 49.5000000000                  16.5000000000                7211.3873236018 
                 49.5000000000                  17.0000000000                6841.0283054374 
                 49.5000000000                  17.5000000000                6497.5378904063 
                 49.5000000000                  18.0000000000                6176.8051643611 
                 49.5000000000                  18.5000000000                5750.6250410309 
                 49.5000000000                  19.0000000000                5290.8517509056 
                 49.5000000000                  19.5000000000                5046.3600842179 
                 49.5000000000                  20.0000000000                4998.8326543774 
                 49.5000000000                  20.5000000000                5089.0866066463 
                 49.5000000000                  21.0000000000                5348.3059801076 
                 49.5000000000                  21.5000000000                5653.7610943321 
                 49.5000000000                  22.0000000000                5929.3011563573 
                 49.5000000000                  22.5000000000                6187.0879007139 
                 49.5000000000                  23.0000000000                6338.6033300845 
                 49.5000000000                  23.5000000000                6302.4163747059 
                 49.5000000000                  24.0000000000                6117.0691862178 
                 49.5000000000                  24.5000000000                5864.0492267381 
                 49.5000000000                  25.0000000000                5664.4427397899 
                 49.5000000000                  25.5000000000                5517.2001660924 
                 49.5000000000                  26.0000000000                5298.9431252693 
                 49.5000000000                  26.5000000000                4952.9614242601 
                 49.5000000000                  27.0000000000                4275.9011082249 
                 49.5000000000                  27.5000000000                3463.1331812912 
                 49.5000000000                  28.0000000000                2848.0060491876 
                 49.5000000000                  28.5000000000                2329.8455658297 
                 49.5000000000                  29.0000000000                1745.9595359010 
                 49.5000000000                  29.5000000000                1155.7154007212 
                 49.5000000000                  30.0000000000                 727.9368102080 
                 49.5000000000                  30.5000000000                 410.7988825434 
                 49.5000000000                  31.0000000000                 147.5074443528 
                 49.5000000000                  31.5000000000                 -28.6844630002 
                 49.5000000000                  32.0000000000                 -66.8496684945 
                 49.5000000000                  32.5000000000                  33.5394119117 
                 49.5000000000                  33.0000000000                 285.3538647425 
                 49.5000000000                  33.5000000000                 661.0918325953 
                 49.5000000000                  34.0000000000                 965.4438618216 
                 49.5000000000                  34.5000000000                1127.0552150307 
                 49.5000000000                  35.0000000000                1199.9473656091 
                 49.5000000000                  35.5000000000                1171.4033038400 
                 49.5000000000                  36.0000000000                1107.7713479240 
                 49.5000000000                  36.5000000000                1056.8514169896 
                 49.5000000000                  37.0000000000                1003.8000475415 
                 49.5000000000                  37.5000000000                 989.7756528897 
                 49.5000000000                  38.0000000000                 982.7272333778 
                 49.5000000000                  38.5000000000                 927.0977779173 
                 49.5000000000                  39.0000000000                 835.8413147840 
                 49.5000000000                  39.5000000000                 598.5188151213 
                 49.5000000000                  40.0000000000                 468.5026902598 
                 49.5000000000                  40.5000000000                 759.1132835177 
                 49.5000000000                  41.0000000000                1343.7247862129 
                 49.5000000000                  41.5000000000                2183.3283966206 
                 49.5000000000                  42.0000000000                3067.8248782239 
                 49.5000000000                  42.5000000000                3676.3908209721 
                 49.5000000000                  43.0000000000                3983.2728902939 
                 49.5000000000                  43.5000000000                4034.7623426695 
                 49.5000000000                  44.0000000000                3926.7574304813 
                 49.5000000000                  44.5000000000                3776.2307234985 
                 49.5000000000                  45.0000000000                3573.4540326879 
                 49.5000000000                  45.5000000000                3233.4648290347 
                 49.5000000000                  46.0000000000                2740.9646909015 
                 49.5000000000                  46.5000000000                2282.9844669036 
                 49.5000000000                  47.0000000000                1934.1655151570 
                 49.5000000000                  47.5000000000                1606.2732677086 
                 49.5000000000                  48.0000000000                1260.7054059353 
                 49.5000000000                  48.5000000000                 919.5312953734 
                 49.5000000000                  49.0000000000                 605.9496428446 
                 49.5000000000                  49.5000000000                 300.8095465936 
                 49.5000000000                  50.0000000000                   0.0000000000 
                 50.0000000000                   0.0000000000                   0.0000000000 
                 50.0000000000                   0.5000000000                   0.0000000000 
                 50.0000000000                   1.0000000000                   0.0000000000 
                 50.0000000000                   1.5000000000                   0.0000000000 
                 50.0000000000                   2.0000000000                   0.0000000000 
                 50.0000000000                   2.5000000000                   0.0000000000 
                 50.0000000000                   3.0000000000                   0.0000000000 
                 50.0000000000                   3.5000000000                   0.0000000000 
                 50.0000000000                   4.0000000000                   0.0000000000 
                 50.0000000000                   4.5000000000                   0.0000000000 
                 50.0000000000                   5.0000000000                   0.0000000000 
                 50.0000000000                   5.5000000000                   0.0000000000 
                 50.0000000000                   6.0000000000                   0.0000000000 
                 50.0000000000                   6.5000000000                   0.0000000000 
                 50.0000000000                   7.0000000000                   0.0000000000 
                 50.0000000000                   7.5000000000                   0.0000000000 
                 50.0000000000                   8.0000000000                   0.0000000000 
                 50.0000000000                   8.5000000000                   0.0000000000 
                 50.0000000000                   9.0000000000                   0.0000000000 
                 50.0000000000                   9.5000000000                   0.0000000000 
                 50.0000000000                  10.0000000000                   0.0000000000 
                 50.0000000000                  10.5000000000                   0.0000000000 
                 50.0000000000                  11.0000000000                   0.0000000000 
                 50.0000000000                  11.5000000000                   0.0000000000 
                 50.0000000000                  12.0000000000                   0.0000000000 
                 50.0000000000                  12.5000000000                   0.0000000000 
                 50.0000000000                  13.0000000000                   0.0000000000 
                 50.0000000000                  13.5000000000                   0.0000000000 
                 50.0000000000                  14.0000000000                   0.0000000000 
                 50.0000000000                  14.5000000000                   0.0000000000 
                 50.0000000000                  15.0000000000                   0.0000000000 
                 50.0000000000                  15.5000000000                   0.0000000000 
                 50.0000000000                  16.0000000000                   0.0000000000 
                 50.0000000000                  16.5000000000                   0.0000000000 
                 50.0000000000                  17.0000000000                   0.0000000000 
                 50.0000000000                  17.5000000000                   0.0000000000 
                 50.0000000000                  18.0000000000                   0.0000000000 
                 50.0000000000                  18.5000000000                   0.0000000000 
                 50.0000000000                  19.0000000000                   0.0000000000 
                 50.0000000000                  19.5000000000                   0.0000000000 
                 50.0000000000                  20.0000000000                   0.0000000000 
                 50.0000000000                  20.5000000000                   0.0000000000 
                 50.0000000000                  21.0000000000                   0.0000000000 
                 50.0000000000                  21.5000000000                   0.0000000000 
                 50.0000000000                  22.0000000000                   0.0000000000 
                 50.0000000000                  22.5000000000                   0.0000000000 
                 50.0000000000                  23.0000000000                   0.0000000000 
                 50.0000000000                  23.5000000000                   0.0000000000 
                 50.0000000000                  24.0000000000                   0.0000000000 
                 50.0000000000                  24.5000000000                   0.0000000000 
                 50.0000000000                  25.0000000000                   0.0000000000 
                 50.0000000000                  25.5000000000                   0.0000000000 
                 50.0000000000                  26.0000000000                   0.0000000000 
                 50.0000000000                  26.5000000000                   0.0000000000 
                 50.0000000000                  27.0000000000                   0.0000000000 
                 50.0000000000                  27.5000000000                   0.0000000000 
                 50.0000000000                  28.0000000000                   0.0000000000 
                 50.0000000000                  28.5000000000                   0.0000000000 
                 50.0000000000                  29.0000000000                   0.0000000000 
                 50.0000000000                  29.5000000000                   0.0000000000 
                 50.0000000000                  30.0000000000                   0.0000000000 
                 50.0000000000                  30.5000000000                   0.0000000000 
                 50.0000000000                  31.0000000000                   0.0000000000 
                 50.0000000000                  31.5000000000                   0.0000000000 
                 50.0000000000                  32.0000000000                   0.0000000000 
                 50.0000000000                  32.5000000000                   0.0000000000 
                 50.0000000000                  33.0000000000                   0.0000000000 
                 50.0000000000                  33.5000000000                   0.0000000000 
                 50.0000000000                  34.0000000000                   0.0000000000 
                 50.0000000000                  34.5000000000                   0.0000000000 
                 50.0000000000                  35.0000000000                   0.0000000000 
                 50.0000000000                  35.5000000000                   0.0000000000 
                 50.0000000000                  36.0000000000                   0.0000000000 
                 50.0000000000                  36.5000000000                   0.0000000000 
                 50.0000000000                  37.0000000000                   0.0000000000 
                 50.0000000000                  37.5000000000                   0.0000000000 
                 50.0000000000                  38.0000000000                   0.0000000000 
                 50.0000000000                  38.5000000000                   0.0000000000 
                 50.0000000000                  39.0000000000                   0.0000000000 
                 50.0000000000                  39.5000000000                   0.0000000000 
                 50.0000000000                  40.0000000000                   0.0000000000 
                 50.0000000000                  40.5000000000                   0.0000000000 
                 50.0000000000                  41.0000000000                   0.0000000000 
                 50.0000000000                  41.5000000000                   0.0000000000 
                 50.0000000000                  42.0000000000                   0.0000000000 
                 50.0000000000                  42.5000000000                   0.0000000000 
                 50.0000000000                  43.0000000000                   0.0000000000 
                 50.0000000000                  43.5000000000                   0.0000000000 
                 50.0000000000                  44.0000000000                   0.0000000000 
                 50.0000000000                  44.5000000000                   0.0000000000 
                 50.0000000000                  45.0000000000                   0.0000000000 
                 50.0000000000                  45.5000000000                   0.0000000000 
                 50.0000000000                  46.0000000000                   0.0000000000 
                 50.0000000000                  46.5000000000                   0.0000000000 
                 50.0000000000                  47.0000000000                   0.0000000000 
                 50.0000000000                  47.5000000000                   0.0000000000 
                 50.0000000000                  48.0000000000                   0.0000000000 
                 50.0000000000                  48.5000000000                   0.0000000000 
                 50.0000000000                  49.0000000000                   0.0000000000 
                 50.0000000000                  49.5000000000                   0.0000000000 
                 50.0000000000                  50.0000000000                   0.0000000000 
