                  0.0000000000                   0.0000000000                   0.0000000000 
                  0.0000000000                   0.5000000000                   0.0000000000 
                  0.0000000000                   1.0000000000                   0.0000000000 
                  0.0000000000                   1.5000000000                   0.0000000000 
                  0.0000000000                   2.0000000000                   0.0000000000 
                  0.0000000000                   2.5000000000                   0.0000000000 
                  0.0000000000                   3.0000000000                   0.0000000000 
                  0.0000000000                   3.5000000000                   0.0000000000 
                  0.0000000000                   4.0000000000                   0.0000000000 
                  0.0000000000                   4.5000000000                   0.0000000000 
                  0.0000000000                   5.0000000000                   0.0000000000 
                  0.0000000000                   5.5000000000                   0.0000000000 
                  0.0000000000                   6.0000000000                   0.0000000000 
                  0.0000000000                   6.5000000000                   0.0000000000 
                  0.0000000000                   7.0000000000                   0.0000000000 
                  0.0000000000                   7.5000000000                   0.0000000000 
                  0.0000000000                   8.0000000000                   0.0000000000 
                  0.0000000000                   8.5000000000                   0.0000000000 
                  0.0000000000                   9.0000000000                   0.0000000000 
                  0.0000000000                   9.5000000000                   0.0000000000 
                  0.0000000000                  10.0000000000                   0.0000000000 
                  0.0000000000                  10.5000000000                   0.0000000000 
                  0.0000000000                  11.0000000000                   0.0000000000 
                  0.0000000000                  11.5000000000                   0.0000000000 
                  0.0000000000                  12.0000000000                   0.0000000000 
                  0.0000000000                  12.5000000000                   0.0000000000 
                  0.0000000000                  13.0000000000                   0.0000000000 
                  0.0000000000                  13.5000000000                   0.0000000000 
                  0.0000000000                  14.0000000000                   0.0000000000 
                  0.0000000000                  14.5000000000                   0.0000000000 
                  0.0000000000                  15.0000000000                   0.0000000000 
                  0.0000000000                  15.5000000000                   0.0000000000 
                  0.0000000000                  16.0000000000                   0.0000000000 
                  0.0000000000                  16.5000000000                   0.0000000000 
                  0.0000000000                  17.0000000000                   0.0000000000 
                  0.0000000000                  17.5000000000                   0.0000000000 
                  0.0000000000                  18.0000000000                   0.0000000000 
                  0.0000000000                  18.5000000000                   0.0000000000 
                  0.0000000000                  19.0000000000                   0.0000000000 
                  0.0000000000                  19.5000000000                   0.0000000000 
                  0.0000000000                  20.0000000000                   0.0000000000 
                  0.0000000000                  20.5000000000                   0.0000000000 
                  0.0000000000                  21.0000000000                   0.0000000000 
                  0.0000000000                  21.5000000000                   0.0000000000 
                  0.0000000000                  22.0000000000                   0.0000000000 
                  0.0000000000                  22.5000000000                   0.0000000000 
                  0.0000000000                  23.0000000000                   0.0000000000 
                  0.0000000000                  23.5000000000                   0.0000000000 
                  0.0000000000                  24.0000000000                   0.0000000000 
                  0.0000000000                  24.5000000000                   0.0000000000 
                  0.0000000000                  25.0000000000                   0.0000000000 
                  0.0000000000                  25.5000000000                   0.0000000000 
                  0.0000000000                  26.0000000000                   0.0000000000 
                  0.0000000000                  26.5000000000                   0.0000000000 
                  0.0000000000                  27.0000000000                   0.0000000000 
                  0.0000000000                  27.5000000000                   0.0000000000 
                  0.0000000000                  28.0000000000                   0.0000000000 
                  0.0000000000                  28.5000000000                   0.0000000000 
                  0.0000000000                  29.0000000000                   0.0000000000 
                  0.0000000000                  29.5000000000                   0.0000000000 
                  0.0000000000                  30.0000000000                   0.0000000000 
                  0.0000000000                  30.5000000000                   0.0000000000 
                  0.0000000000                  31.0000000000                   0.0000000000 
                  0.0000000000                  31.5000000000                   0.0000000000 
                  0.0000000000                  32.0000000000                   0.0000000000 
                  0.0000000000                  32.5000000000                   0.0000000000 
                  0.0000000000                  33.0000000000                   0.0000000000 
                  0.0000000000                  33.5000000000                   0.0000000000 
                  0.0000000000                  34.0000000000                   0.0000000000 
                  0.0000000000                  34.5000000000                   0.0000000000 
                  0.0000000000                  35.0000000000                   0.0000000000 
                  0.0000000000                  35.5000000000                   0.0000000000 
                  0.0000000000                  36.0000000000                   0.0000000000 
                  0.0000000000                  36.5000000000                   0.0000000000 
                  0.0000000000                  37.0000000000                   0.0000000000 
                  0.0000000000                  37.5000000000                   0.0000000000 
                  0.0000000000                  38.0000000000                   0.0000000000 
                  0.0000000000                  38.5000000000                   0.0000000000 
                  0.0000000000                  39.0000000000                   0.0000000000 
                  0.0000000000                  39.5000000000                   0.0000000000 
                  0.0000000000                  40.0000000000                   0.0000000000 
                  0.0000000000                  40.5000000000                   0.0000000000 
                  0.0000000000                  41.0000000000                   0.0000000000 
                  0.0000000000                  41.5000000000                   0.0000000000 
                  0.0000000000                  42.0000000000                   0.0000000000 
                  0.0000000000                  42.5000000000                   0.0000000000 
                  0.0000000000                  43.0000000000                   0.0000000000 
                  0.0000000000                  43.5000000000                   0.0000000000 
                  0.0000000000                  44.0000000000                   0.0000000000 
                  0.0000000000                  44.5000000000                   0.0000000000 
                  0.0000000000                  45.0000000000                   0.0000000000 
                  0.0000000000                  45.5000000000                   0.0000000000 
                  0.0000000000                  46.0000000000                   0.0000000000 
                  0.0000000000                  46.5000000000                   0.0000000000 
                  0.0000000000                  47.0000000000                   0.0000000000 
                  0.0000000000                  47.5000000000                   0.0000000000 
                  0.0000000000                  48.0000000000                   0.0000000000 
                  0.0000000000                  48.5000000000                   0.0000000000 
                  0.0000000000                  49.0000000000                   0.0000000000 
                  0.0000000000                  49.5000000000                   0.0000000000 
                  0.0000000000                  50.0000000000                   0.0000000000 
                  0.5000000000                   0.0000000000                   0.0000000000 
                  0.5000000000                   0.5000000000                   0.0000000000 
                  0.5000000000                   1.0000000000                  -0.0000000000 
                  0.5000000000                   1.5000000000                   0.0000000000 
                  0.5000000000                   2.0000000000                  -0.0000000000 
                  0.5000000000                   2.5000000000                   0.0000000000 
                  0.5000000000                   3.0000000000                  -0.0000000000 
                  0.5000000000                   3.5000000000                   0.0000000000 
                  0.5000000000                   4.0000000000                   0.0000000000 
                  0.5000000000                   4.5000000000                   0.0000000000 
                  0.5000000000                   5.0000000000                   0.0000000000 
                  0.5000000000                   5.5000000000                   0.0000000000 
                  0.5000000000                   6.0000000000                   0.0000000000 
                  0.5000000000                   6.5000000000                   0.0000000000 
                  0.5000000000                   7.0000000000                   0.0000000000 
                  0.5000000000                   7.5000000000                   0.0000000000 
                  0.5000000000                   8.0000000000                   0.0000000000 
                  0.5000000000                   8.5000000000                   0.0000000000 
                  0.5000000000                   9.0000000000                   0.0000000000 
                  0.5000000000                   9.5000000000                   0.0000000000 
                  0.5000000000                  10.0000000000                   0.0000000000 
                  0.5000000000                  10.5000000000                   0.0000000000 
                  0.5000000000                  11.0000000000                   0.0000000000 
                  0.5000000000                  11.5000000000                   0.0000000000 
                  0.5000000000                  12.0000000000                   0.0000000000 
                  0.5000000000                  12.5000000000                   0.0000000000 
                  0.5000000000                  13.0000000000                   0.0000000000 
                  0.5000000000                  13.5000000000                   0.0000000000 
                  0.5000000000                  14.0000000000                   0.0000000000 
                  0.5000000000                  14.5000000000                   0.0000000000 
                  0.5000000000                  15.0000000000                   0.0000000000 
                  0.5000000000                  15.5000000000                   0.0000000000 
                  0.5000000000                  16.0000000000                   0.0000000000 
                  0.5000000000                  16.5000000000                   0.0000000000 
                  0.5000000000                  17.0000000000                   0.0000000000 
                  0.5000000000                  17.5000000000                   0.0000000000 
                  0.5000000000                  18.0000000000                   0.0000000000 
                  0.5000000000                  18.5000000000                   0.0000000000 
                  0.5000000000                  19.0000000000                   0.0000000000 
                  0.5000000000                  19.5000000000                   0.0000000000 
                  0.5000000000                  20.0000000000                  -0.0000000000 
                  0.5000000000                  20.5000000000                   0.0000000000 
                  0.5000000000                  21.0000000000                   0.0000000000 
                  0.5000000000                  21.5000000000                   0.0000000000 
                  0.5000000000                  22.0000000000                   0.0000000000 
                  0.5000000000                  22.5000000000                   0.0000000000 
                  0.5000000000                  23.0000000000                   0.0000000000 
                  0.5000000000                  23.5000000000                   0.0000000000 
                  0.5000000000                  24.0000000000                   0.0000000000 
                  0.5000000000                  24.5000000000                   0.0000000000 
                  0.5000000000                  25.0000000000                   0.0000000000 
                  0.5000000000                  25.5000000000                   0.0000000000 
                  0.5000000000                  26.0000000000                   0.0000000000 
                  0.5000000000                  26.5000000000                   0.0000000000 
                  0.5000000000                  27.0000000000                   0.0000000000 
                  0.5000000000                  27.5000000000                   0.0000000000 
                  0.5000000000                  28.0000000000                   0.0000000000 
                  0.5000000000                  28.5000000000                   0.0000000000 
                  0.5000000000                  29.0000000000                   0.0000000000 
                  0.5000000000                  29.5000000000                   0.0000000000 
                  0.5000000000                  30.0000000000                   0.0000000000 
                  0.5000000000                  30.5000000000                   0.0000000000 
                  0.5000000000                  31.0000000000                   0.0000000000 
                  0.5000000000                  31.5000000000                   0.0000000000 
                  0.5000000000                  32.0000000000                   0.0000000000 
                  0.5000000000                  32.5000000000                   0.0000000000 
                  0.5000000000                  33.0000000000                   0.0000000000 
                  0.5000000000                  33.5000000000                   0.0000000000 
                  0.5000000000                  34.0000000000                  -0.0000000000 
                  0.5000000000                  34.5000000000                   0.0000000000 
                  0.5000000000                  35.0000000000                   0.0000000000 
                  0.5000000000                  35.5000000000                   0.0000000000 
                  0.5000000000                  36.0000000000                   0.0000000000 
                  0.5000000000                  36.5000000000                   0.0000000000 
                  0.5000000000                  37.0000000000                   0.0000000000 
                  0.5000000000                  37.5000000000                   0.0000000000 
                  0.5000000000                  38.0000000000                   0.0000000000 
                  0.5000000000                  38.5000000000                   0.0000000000 
                  0.5000000000                  39.0000000000                   0.0000000000 
                  0.5000000000                  39.5000000000                   0.0000000000 
                  0.5000000000                  40.0000000000                   0.0000000000 
                  0.5000000000                  40.5000000000                   0.0000000000 
                  0.5000000000                  41.0000000000                   0.0000000000 
                  0.5000000000                  41.5000000000                   0.0000000000 
                  0.5000000000                  42.0000000000                   0.0000000000 
                  0.5000000000                  42.5000000000                   0.0000000000 
                  0.5000000000                  43.0000000000                  -0.0000000000 
                  0.5000000000                  43.5000000000                   0.0000000000 
                  0.5000000000                  44.0000000000                   0.0000000000 
                  0.5000000000                  44.5000000000                   0.0000000000 
                  0.5000000000                  45.0000000000                   0.0000000000 
                  0.5000000000                  45.5000000000                  -0.0000000000 
                  0.5000000000                  46.0000000000                   0.0000000000 
                  0.5000000000                  46.5000000000                  -0.0000000000 
                  0.5000000000                  47.0000000000                   0.0000000000 
                  0.5000000000                  47.5000000000                  -0.0000000000 
                  0.5000000000                  48.0000000000                   0.0000000000 
                  0.5000000000                  48.5000000000                  -0.0000000000 
                  0.5000000000                  49.0000000000                   0.0000000000 
                  0.5000000000                  49.5000000000                  -0.0000000000 
                  0.5000000000                  50.0000000000                   0.0000000000 
                  1.0000000000                   0.0000000000                   0.0000000000 
                  1.0000000000                   0.5000000000                   0.0000000000 
                  1.0000000000                   1.0000000000                  -0.0000000000 
                  1.0000000000                   1.5000000000                   0.0000000000 
                  1.0000000000                   2.0000000000                  -0.0000000000 
                  1.0000000000                   2.5000000000                   0.0000000000 
                  1.0000000000                   3.0000000000                  -0.0000000000 
                  1.0000000000                   3.5000000000                   0.0000000000 
                  1.0000000000                   4.0000000000                  -0.0000000000 
                  1.0000000000                   4.5000000000                   0.0000000000 
                  1.0000000000                   5.0000000000                   0.0000000000 
                  1.0000000000                   5.5000000000                   0.0000000000 
                  1.0000000000                   6.0000000000                   0.0000000000 
                  1.0000000000                   6.5000000000                   0.0000000000 
                  1.0000000000                   7.0000000000                   0.0000000000 
                  1.0000000000                   7.5000000000                   0.0000000000 
                  1.0000000000                   8.0000000000                   0.0000000000 
                  1.0000000000                   8.5000000000                   0.0000000000 
                  1.0000000000                   9.0000000000                   0.0000000000 
                  1.0000000000                   9.5000000000                   0.0000000000 
                  1.0000000000                  10.0000000000                   0.0000000000 
                  1.0000000000                  10.5000000000                   0.0000000000 
                  1.0000000000                  11.0000000000                   0.0000000000 
                  1.0000000000                  11.5000000000                   0.0000000000 
                  1.0000000000                  12.0000000000                   0.0000000000 
                  1.0000000000                  12.5000000000                   0.0000000000 
                  1.0000000000                  13.0000000000                   0.0000000000 
                  1.0000000000                  13.5000000000                   0.0000000000 
                  1.0000000000                  14.0000000000                   0.0000000000 
                  1.0000000000                  14.5000000000                   0.0000000000 
                  1.0000000000                  15.0000000000                   0.0000000000 
                  1.0000000000                  15.5000000000                   0.0000000000 
                  1.0000000000                  16.0000000000                   0.0000000000 
                  1.0000000000                  16.5000000000                   0.0000000000 
                  1.0000000000                  17.0000000000                   0.0000000000 
                  1.0000000000                  17.5000000000                   0.0000000000 
                  1.0000000000                  18.0000000000                   0.0000000000 
                  1.0000000000                  18.5000000000                   0.0000000000 
                  1.0000000000                  19.0000000000                   0.0000000000 
                  1.0000000000                  19.5000000000                   0.0000000000 
                  1.0000000000                  20.0000000000                   0.0000000000 
                  1.0000000000                  20.5000000000                   0.0000000000 
                  1.0000000000                  21.0000000000                  -0.0000000000 
                  1.0000000000                  21.5000000000                   0.0000000000 
                  1.0000000000                  22.0000000000                   0.0000000000 
                  1.0000000000                  22.5000000000                  -0.0000000000 
                  1.0000000000                  23.0000000000                   0.0000000000 
                  1.0000000000                  23.5000000000                   0.0000000000 
                  1.0000000000                  24.0000000000                   0.0000000000 
                  1.0000000000                  24.5000000000                   0.0000000000 
                  1.0000000000                  25.0000000000                   0.0000000000 
                  1.0000000000                  25.5000000000                   0.0000000000 
                  1.0000000000                  26.0000000000                   0.0000000000 
                  1.0000000000                  26.5000000000                   0.0000000000 
                  1.0000000000                  27.0000000000                   0.0000000000 
                  1.0000000000                  27.5000000000                   0.0000000000 
                  1.0000000000                  28.0000000000                   0.0000000000 
                  1.0000000000                  28.5000000000                   0.0000000000 
                  1.0000000000                  29.0000000000                   0.0000000000 
                  1.0000000000                  29.5000000000                   0.0000000000 
                  1.0000000000                  30.0000000000                   0.0000000000 
                  1.0000000000                  30.5000000000                   0.0000000000 
                  1.0000000000                  31.0000000000                   0.0000000000 
                  1.0000000000                  31.5000000000                   0.0000000000 
                  1.0000000000                  32.0000000000                  -0.0000000000 
                  1.0000000000                  32.5000000000                   0.0000000000 
                  1.0000000000                  33.0000000000                   0.0000000000 
                  1.0000000000                  33.5000000000                  -0.0000000000 
                  1.0000000000                  34.0000000000                   0.0000000000 
                  1.0000000000                  34.5000000000                   0.0000000000 
                  1.0000000000                  35.0000000000                  -0.0000000000 
                  1.0000000000                  35.5000000000                   0.0000000000 
                  1.0000000000                  36.0000000000                   0.0000000000 
                  1.0000000000                  36.5000000000                   0.0000000000 
                  1.0000000000                  37.0000000000                   0.0000000000 
                  1.0000000000                  37.5000000000                   0.0000000000 
                  1.0000000000                  38.0000000000                   0.0000000000 
                  1.0000000000                  38.5000000000                   0.0000000000 
                  1.0000000000                  39.0000000000                   0.0000000000 
                  1.0000000000                  39.5000000000                   0.0000000000 
                  1.0000000000                  40.0000000000                   0.0000000000 
                  1.0000000000                  40.5000000000                   0.0000000000 
                  1.0000000000                  41.0000000000                   0.0000000000 
                  1.0000000000                  41.5000000000                  -0.0000000000 
                  1.0000000000                  42.0000000000                   0.0000000000 
                  1.0000000000                  42.5000000000                  -0.0000000000 
                  1.0000000000                  43.0000000000                   0.0000000000 
                  1.0000000000                  43.5000000000                   0.0000000000 
                  1.0000000000                  44.0000000000                   0.0000000000 
                  1.0000000000                  44.5000000000                   0.0000000000 
                  1.0000000000                  45.0000000000                   0.0000000000 
                  1.0000000000                  45.5000000000                   0.0000000000 
                  1.0000000000                  46.0000000000                  -0.0000000000 
                  1.0000000000                  46.5000000000                   0.0000000000 
                  1.0000000000                  47.0000000000                  -0.0000000000 
                  1.0000000000                  47.5000000000                   0.0000000000 
                  1.0000000000                  48.0000000000                  -0.0000000000 
                  1.0000000000                  48.5000000000                   0.0000000000 
                  1.0000000000                  49.0000000000                  -0.0000000000 
                  1.0000000000                  49.5000000000                   0.0000000000 
                  1.0000000000                  50.0000000000                   0.0000000000 
                  1.5000000000                   0.0000000000                   0.0000000000 
                  1.5000000000                   0.5000000000                   0.0000000000 
                  1.5000000000                   1.0000000000                   0.0000000000 
                  1.5000000000                   1.5000000000                   0.0000000000 
                  1.5000000000                   2.0000000000                   0.0000000000 
                  1.5000000000                   2.5000000000                   0.0000000000 
                  1.5000000000                   3.0000000000                   0.0000000000 
                  1.5000000000                   3.5000000000                   0.0000000000 
                  1.5000000000                   4.0000000000                   0.0000000000 
                  1.5000000000                   4.5000000000                   0.0000000000 
                  1.5000000000                   5.0000000000                   0.0000000000 
                  1.5000000000                   5.5000000000                   0.0000000000 
                  1.5000000000                   6.0000000000                   0.0000000000 
                  1.5000000000                   6.5000000000                   0.0000000000 
                  1.5000000000                   7.0000000000                   0.0000000000 
                  1.5000000000                   7.5000000000                   0.0000000000 
                  1.5000000000                   8.0000000000                   0.0000000000 
                  1.5000000000                   8.5000000000                   0.0000000000 
                  1.5000000000                   9.0000000000                   0.0000000000 
                  1.5000000000                   9.5000000000                   0.0000000000 
                  1.5000000000                  10.0000000000                   0.0000000000 
                  1.5000000000                  10.5000000000                   0.0000000000 
                  1.5000000000                  11.0000000000                   0.0000000000 
                  1.5000000000                  11.5000000000                   0.0000000000 
                  1.5000000000                  12.0000000000                   0.0000000000 
                  1.5000000000                  12.5000000000                   0.0000000000 
                  1.5000000000                  13.0000000000                   0.0000000000 
                  1.5000000000                  13.5000000000                   0.0000000000 
                  1.5000000000                  14.0000000000                   0.0000000000 
                  1.5000000000                  14.5000000000                   0.0000000000 
                  1.5000000000                  15.0000000000                   0.0000000000 
                  1.5000000000                  15.5000000000                   0.0000000000 
                  1.5000000000                  16.0000000000                   0.0000000000 
                  1.5000000000                  16.5000000000                   0.0000000000 
                  1.5000000000                  17.0000000000                   0.0000000000 
                  1.5000000000                  17.5000000000                   0.0000000000 
                  1.5000000000                  18.0000000000                   0.0000000000 
                  1.5000000000                  18.5000000000                   0.0000000000 
                  1.5000000000                  19.0000000000                   0.0000000000 
                  1.5000000000                  19.5000000000                   0.0000000000 
                  1.5000000000                  20.0000000000                  -0.0000000000 
                  1.5000000000                  20.5000000000                   0.0000000000 
                  1.5000000000                  21.0000000000                   0.0000000000 
                  1.5000000000                  21.5000000000                   0.0000000000 
                  1.5000000000                  22.0000000000                   0.0000000000 
                  1.5000000000                  22.5000000000                   0.0000000000 
                  1.5000000000                  23.0000000000                   0.0000000000 
                  1.5000000000                  23.5000000000                   0.0000000000 
                  1.5000000000                  24.0000000000                   0.0000000000 
                  1.5000000000                  24.5000000000                   0.0000000000 
                  1.5000000000                  25.0000000000                   0.0000000000 
                  1.5000000000                  25.5000000000                   0.0000000000 
                  1.5000000000                  26.0000000000                   0.0000000000 
                  1.5000000000                  26.5000000000                   0.0000000000 
                  1.5000000000                  27.0000000000                   0.0000000000 
                  1.5000000000                  27.5000000000                   0.0000000000 
                  1.5000000000                  28.0000000000                   0.0000000000 
                  1.5000000000                  28.5000000000                   0.0000000000 
                  1.5000000000                  29.0000000000                   0.0000000000 
                  1.5000000000                  29.5000000000                   0.0000000000 
                  1.5000000000                  30.0000000000                   0.0000000000 
                  1.5000000000                  30.5000000000                   0.0000000000 
                  1.5000000000                  31.0000000000                   0.0000000000 
                  1.5000000000                  31.5000000000                   0.0000000000 
                  1.5000000000                  32.0000000000                   0.0000000000 
                  1.5000000000                  32.5000000000                   0.0000000000 
                  1.5000000000                  33.0000000000                   0.0000000000 
                  1.5000000000                  33.5000000000                   0.0000000000 
                  1.5000000000                  34.0000000000                  -0.0000000000 
                  1.5000000000                  34.5000000000                   0.0000000000 
                  1.5000000000                  35.0000000000                   0.0000000000 
                  1.5000000000                  35.5000000000                   0.0000000000 
                  1.5000000000                  36.0000000000                   0.0000000000 
                  1.5000000000                  36.5000000000                   0.0000000000 
                  1.5000000000                  37.0000000000                   0.0000000000 
                  1.5000000000                  37.5000000000                   0.0000000000 
                  1.5000000000                  38.0000000000                   0.0000000000 
                  1.5000000000                  38.5000000000                   0.0000000000 
                  1.5000000000                  39.0000000000                   0.0000000000 
                  1.5000000000                  39.5000000000                   0.0000000000 
                  1.5000000000                  40.0000000000                   0.0000000000 
                  1.5000000000                  40.5000000000                   0.0000000000 
                  1.5000000000                  41.0000000000                   0.0000000000 
                  1.5000000000                  41.5000000000                   0.0000000000 
                  1.5000000000                  42.0000000000                  -0.0000000000 
                  1.5000000000                  42.5000000000                   0.0000000000 
                  1.5000000000                  43.0000000000                  -0.0000000000 
                  1.5000000000                  43.5000000000                   0.0000000000 
                  1.5000000000                  44.0000000000                  -0.0000000000 
                  1.5000000000                  44.5000000000                  -0.0000000000 
                  1.5000000000                  45.0000000000                   0.0000000000 
                  1.5000000000                  45.5000000000                  -0.0000000000 
                  1.5000000000                  46.0000000000                   0.0000000000 
                  1.5000000000                  46.5000000000                  -0.0000000000 
                  1.5000000000                  47.0000000000                   0.0000000000 
                  1.5000000000                  47.5000000000                  -0.0000000000 
                  1.5000000000                  48.0000000000                   0.0000000000 
                  1.5000000000                  48.5000000000                  -0.0000000000 
                  1.5000000000                  49.0000000000                   0.0000000000 
                  1.5000000000                  49.5000000000                  -0.0000000000 
                  1.5000000000                  50.0000000000                   0.0000000000 
                  2.0000000000                   0.0000000000                   0.0000000000 
                  2.0000000000                   0.5000000000                   0.0000000000 
                  2.0000000000                   1.0000000000                   0.0000000000 
                  2.0000000000                   1.5000000000                   0.0000000000 
                  2.0000000000                   2.0000000000                   0.0000000000 
                  2.0000000000                   2.5000000000                   0.0000000000 
                  2.0000000000                   3.0000000000                   0.0000000000 
                  2.0000000000                   3.5000000000                   0.0000000000 
                  2.0000000000                   4.0000000000                   0.0000000000 
                  2.0000000000                   4.5000000000                   0.0000000000 
                  2.0000000000                   5.0000000000                   0.0000000000 
                  2.0000000000                   5.5000000000                  -0.0000000000 
                  2.0000000000                   6.0000000000                   0.0000000000 
                  2.0000000000                   6.5000000000                  -0.0000000000 
                  2.0000000000                   7.0000000000                   0.0000000000 
                  2.0000000000                   7.5000000000                   0.0000000000 
                  2.0000000000                   8.0000000000                   0.0000000000 
                  2.0000000000                   8.5000000000                   0.0000000000 
                  2.0000000000                   9.0000000000                   0.0000000000 
                  2.0000000000                   9.5000000000                   0.0000000000 
                  2.0000000000                  10.0000000000                   0.0000000000 
                  2.0000000000                  10.5000000000                   0.0000000000 
                  2.0000000000                  11.0000000000                   0.0000000000 
                  2.0000000000                  11.5000000000                   0.0000000000 
                  2.0000000000                  12.0000000000                   0.0000000000 
                  2.0000000000                  12.5000000000                   0.0000000000 
                  2.0000000000                  13.0000000000                   0.0000000000 
                  2.0000000000                  13.5000000000                   0.0000000000 
                  2.0000000000                  14.0000000000                   0.0000000000 
                  2.0000000000                  14.5000000000                   0.0000000000 
                  2.0000000000                  15.0000000000                   0.0000000000 
                  2.0000000000                  15.5000000000                   0.0000000000 
                  2.0000000000                  16.0000000000                   0.0000000000 
                  2.0000000000                  16.5000000000                   0.0000000000 
                  2.0000000000                  17.0000000000                   0.0000000000 
                  2.0000000000                  17.5000000000                   0.0000000000 
                  2.0000000000                  18.0000000000                   0.0000000000 
                  2.0000000000                  18.5000000000                   0.0000000000 
                  2.0000000000                  19.0000000000                   0.0000000000 
                  2.0000000000                  19.5000000000                   0.0000000000 
                  2.0000000000                  20.0000000000                   0.0000000000 
                  2.0000000000                  20.5000000000                   0.0000000000 
                  2.0000000000                  21.0000000000                  -0.0000000000 
                  2.0000000000                  21.5000000000                   0.0000000000 
                  2.0000000000                  22.0000000000                   0.0000000000 
                  2.0000000000                  22.5000000000                   0.0000000000 
                  2.0000000000                  23.0000000000                   0.0000000000 
                  2.0000000000                  23.5000000000                   0.0000000000 
                  2.0000000000                  24.0000000000                   0.0000000000 
                  2.0000000000                  24.5000000000                   0.0000000000 
                  2.0000000000                  25.0000000000                   0.0000000000 
                  2.0000000000                  25.5000000000                   0.0000000000 
                  2.0000000000                  26.0000000000                   0.0000000000 
                  2.0000000000                  26.5000000000                   0.0000000000 
                  2.0000000000                  27.0000000000                   0.0000000000 
                  2.0000000000                  27.5000000000                   0.0000000000 
                  2.0000000000                  28.0000000000                   0.0000000000 
                  2.0000000000                  28.5000000000                   0.0000000000 
                  2.0000000000                  29.0000000000                   0.0000000000 
                  2.0000000000                  29.5000000000                   0.0000000000 
                  2.0000000000                  30.0000000000                   0.0000000000 
                  2.0000000000                  30.5000000000                   0.0000000000 
                  2.0000000000                  31.0000000000                   0.0000000000 
                  2.0000000000                  31.5000000000                   0.0000000000 
                  2.0000000000                  32.0000000000                  -0.0000000000 
                  2.0000000000                  32.5000000000                   0.0000000000 
                  2.0000000000                  33.0000000000                   0.0000000000 
                  2.0000000000                  33.5000000000                  -0.0000000000 
                  2.0000000000                  34.0000000000                   0.0000000000 
                  2.0000000000                  34.5000000000                   0.0000000000 
                  2.0000000000                  35.0000000000                  -0.0000000000 
                  2.0000000000                  35.5000000000                   0.0000000000 
                  2.0000000000                  36.0000000000                   0.0000000000 
                  2.0000000000                  36.5000000000                   0.0000000000 
                  2.0000000000                  37.0000000000                   0.0000000000 
                  2.0000000000                  37.5000000000                   0.0000000000 
                  2.0000000000                  38.0000000000                   0.0000000000 
                  2.0000000000                  38.5000000000                   0.0000000000 
                  2.0000000000                  39.0000000000                   0.0000000000 
                  2.0000000000                  39.5000000000                   0.0000000000 
                  2.0000000000                  40.0000000000                   0.0000000000 
                  2.0000000000                  40.5000000000                   0.0000000000 
                  2.0000000000                  41.0000000000                   0.0000000000 
                  2.0000000000                  41.5000000000                  -0.0000000000 
                  2.0000000000                  42.0000000000                   0.0000000000 
                  2.0000000000                  42.5000000000                  -0.0000000000 
                  2.0000000000                  43.0000000000                   0.0000000000 
                  2.0000000000                  43.5000000000                   0.0000000000 
                  2.0000000000                  44.0000000000                   0.0000000000 
                  2.0000000000                  44.5000000000                   0.0000000000 
                  2.0000000000                  45.0000000000                   0.0000000000 
                  2.0000000000                  45.5000000000                   0.0000000000 
                  2.0000000000                  46.0000000000                  -0.0000000000 
                  2.0000000000                  46.5000000000                   0.0000000000 
                  2.0000000000                  47.0000000000                  -0.0000000000 
                  2.0000000000                  47.5000000000                   0.0000000000 
                  2.0000000000                  48.0000000000                  -0.0000000000 
                  2.0000000000                  48.5000000000                   0.0000000000 
                  2.0000000000                  49.0000000000                  -0.0000000000 
                  2.0000000000                  49.5000000000                   0.0000000000 
                  2.0000000000                  50.0000000000                   0.0000000000 
                  2.5000000000                   0.0000000000                   0.0000000000 
                  2.5000000000                   0.5000000000                   0.0000000000 
                  2.5000000000                   1.0000000000                   0.0000000000 
                  2.5000000000                   1.5000000000                   0.0000000000 
                  2.5000000000                   2.0000000000                   0.0000000000 
                  2.5000000000                   2.5000000000                   0.0000000000 
                  2.5000000000                   3.0000000000                   0.0000000000 
                  2.5000000000                   3.5000000000                   0.0000000000 
                  2.5000000000                   4.0000000000                   0.0000000000 
                  2.5000000000                   4.5000000000                   0.0000000000 
                  2.5000000000                   5.0000000000                   0.0000000000 
                  2.5000000000                   5.5000000000                   0.0000000000 
                  2.5000000000                   6.0000000000                   0.0000000000 
                  2.5000000000                   6.5000000000                   0.0000000000 
                  2.5000000000                   7.0000000000                   0.0000000000 
                  2.5000000000                   7.5000000000                   0.0000000000 
                  2.5000000000                   8.0000000000                   0.0000000000 
                  2.5000000000                   8.5000000000                   0.0000000000 
                  2.5000000000                   9.0000000000                   0.0000000000 
                  2.5000000000                   9.5000000000                   0.0000000000 
                  2.5000000000                  10.0000000000                   0.0000000000 
                  2.5000000000                  10.5000000000                   0.0000000000 
                  2.5000000000                  11.0000000000                   0.0000000000 
                  2.5000000000                  11.5000000000                   0.0000000000 
                  2.5000000000                  12.0000000000                   0.0000000000 
                  2.5000000000                  12.5000000000                   0.0000000000 
                  2.5000000000                  13.0000000000                   0.0000000000 
                  2.5000000000                  13.5000000000                   0.0000000000 
                  2.5000000000                  14.0000000000                   0.0000000000 
                  2.5000000000                  14.5000000000                   0.0000000000 
                  2.5000000000                  15.0000000000                   0.0000000000 
                  2.5000000000                  15.5000000000                   0.0000000000 
                  2.5000000000                  16.0000000000                   0.0000000000 
                  2.5000000000                  16.5000000000                   0.0000000000 
                  2.5000000000                  17.0000000000                   0.0000000000 
                  2.5000000000                  17.5000000000                   0.0000000000 
                  2.5000000000                  18.0000000000                   0.0000000000 
                  2.5000000000                  18.5000000000                   0.0000000000 
                  2.5000000000                  19.0000000000                   0.0000000000 
                  2.5000000000                  19.5000000000                   0.0000000000 
                  2.5000000000                  20.0000000000                  -0.0000000000 
                  2.5000000000                  20.5000000000                   0.0000000000 
                  2.5000000000                  21.0000000000                   0.0000000000 
                  2.5000000000                  21.5000000000                   0.0000000000 
                  2.5000000000                  22.0000000000                   0.0000000000 
                  2.5000000000                  22.5000000000                   0.0000000000 
                  2.5000000000                  23.0000000000                   0.0000000000 
                  2.5000000000                  23.5000000000                   0.0000000000 
                  2.5000000000                  24.0000000000                   0.0000000000 
                  2.5000000000                  24.5000000000                   0.0000000000 
                  2.5000000000                  25.0000000000                   0.0000000000 
                  2.5000000000                  25.5000000000                   0.0000000000 
                  2.5000000000                  26.0000000000                   0.0000000000 
                  2.5000000000                  26.5000000000                   0.0000000000 
                  2.5000000000                  27.0000000000                   0.0000000000 
                  2.5000000000                  27.5000000000                   0.0000000000 
                  2.5000000000                  28.0000000000                   0.0000000000 
                  2.5000000000                  28.5000000000                   0.0000000000 
                  2.5000000000                  29.0000000000                   0.0000000000 
                  2.5000000000                  29.5000000000                   0.0000000000 
                  2.5000000000                  30.0000000000                   0.0000000000 
                  2.5000000000                  30.5000000000                   0.0000000000 
                  2.5000000000                  31.0000000000                  -0.0000000000 
                  2.5000000000                  31.5000000000                   0.0000000000 
                  2.5000000000                  32.0000000000                   0.0000000000 
                  2.5000000000                  32.5000000000                  -0.0000000000 
                  2.5000000000                  33.0000000000                   0.0000000000 
                  2.5000000000                  33.5000000000                   0.0000000000 
                  2.5000000000                  34.0000000000                  -0.0000000000 
                  2.5000000000                  34.5000000000                   0.0000000000 
                  2.5000000000                  35.0000000000                   0.0000000000 
                  2.5000000000                  35.5000000000                   0.0000000000 
                  2.5000000000                  36.0000000000                   0.0000000000 
                  2.5000000000                  36.5000000000                   0.0000000000 
                  2.5000000000                  37.0000000000                   0.0000000000 
                  2.5000000000                  37.5000000000                   0.0000000000 
                  2.5000000000                  38.0000000000                   0.0000000000 
                  2.5000000000                  38.5000000000                   0.0000000000 
                  2.5000000000                  39.0000000000                   0.0000000000 
                  2.5000000000                  39.5000000000                   0.0000000000 
                  2.5000000000                  40.0000000000                   0.0000000000 
                  2.5000000000                  40.5000000000                   0.0000000000 
                  2.5000000000                  41.0000000000                   0.0000000000 
                  2.5000000000                  41.5000000000                   0.0000000000 
                  2.5000000000                  42.0000000000                  -0.0000000000 
                  2.5000000000                  42.5000000000                   0.0000000000 
                  2.5000000000                  43.0000000000                  -0.0000000000 
                  2.5000000000                  43.5000000000                   0.0000000000 
                  2.5000000000                  44.0000000000                  -0.0000000000 
                  2.5000000000                  44.5000000000                   0.0000000000 
                  2.5000000000                  45.0000000000                   0.0000000000 
                  2.5000000000                  45.5000000000                  -0.0000000000 
                  2.5000000000                  46.0000000000                   0.0000000000 
                  2.5000000000                  46.5000000000                  -0.0000000000 
                  2.5000000000                  47.0000000000                   0.0000000000 
                  2.5000000000                  47.5000000000                  -0.0000000000 
                  2.5000000000                  48.0000000000                   0.0000000000 
                  2.5000000000                  48.5000000000                  -0.0000000000 
                  2.5000000000                  49.0000000000                   0.0000000000 
                  2.5000000000                  49.5000000000                  -0.0000000000 
                  2.5000000000                  50.0000000000                   0.0000000000 
                  3.0000000000                   0.0000000000                   0.0000000000 
                  3.0000000000                   0.5000000000                   0.0000000000 
                  3.0000000000                   1.0000000000                   0.0000000000 
                  3.0000000000                   1.5000000000                   0.0000000000 
                  3.0000000000                   2.0000000000                   0.0000000000 
                  3.0000000000                   2.5000000000                   0.0000000000 
                  3.0000000000                   3.0000000000                   0.0000000000 
                  3.0000000000                   3.5000000000                   0.0000000000 
                  3.0000000000                   4.0000000000                   0.0000000000 
                  3.0000000000                   4.5000000000                  -0.0000000000 
                  3.0000000000                   5.0000000000                   0.0000000000 
                  3.0000000000                   5.5000000000                  -0.0000000000 
                  3.0000000000                   6.0000000000                   0.0000000000 
                  3.0000000000                   6.5000000000                  -0.0000000000 
                  3.0000000000                   7.0000000000                   0.0000000000 
                  3.0000000000                   7.5000000000                  -0.0000000000 
                  3.0000000000                   8.0000000000                   0.0000000000 
                  3.0000000000                   8.5000000000                   0.0000000000 
                  3.0000000000                   9.0000000000                   0.0000000000 
                  3.0000000000                   9.5000000000                   0.0000000000 
                  3.0000000000                  10.0000000000                   0.0000000000 
                  3.0000000000                  10.5000000000                   0.0000000000 
                  3.0000000000                  11.0000000000                   0.0000000000 
                  3.0000000000                  11.5000000000                   0.0000000000 
                  3.0000000000                  12.0000000000                   0.0000000000 
                  3.0000000000                  12.5000000000                   0.0000000000 
                  3.0000000000                  13.0000000000                   0.0000000000 
                  3.0000000000                  13.5000000000                   0.0000000000 
                  3.0000000000                  14.0000000000                   0.0000000000 
                  3.0000000000                  14.5000000000                  -0.0000000000 
                  3.0000000000                  15.0000000000                   0.0000000000 
                  3.0000000000                  15.5000000000                   0.0000000000 
                  3.0000000000                  16.0000000000                   0.0000000000 
                  3.0000000000                  16.5000000000                  -0.0000000000 
                  3.0000000000                  17.0000000000                   0.0000000000 
                  3.0000000000                  17.5000000000                   0.0000000000 
                  3.0000000000                  18.0000000000                   0.0000000000 
                  3.0000000000                  18.5000000000                   0.0000000000 
                  3.0000000000                  19.0000000000                   0.0000000000 
                  3.0000000000                  19.5000000000                  -0.0000000000 
                  3.0000000000                  20.0000000000                   0.0000000000 
                  3.0000000000                  20.5000000000                   0.0000000000 
                  3.0000000000                  21.0000000000                  -0.0000000000 
                  3.0000000000                  21.5000000000                   0.0000000000 
                  3.0000000000                  22.0000000000                   0.0000000000 
                  3.0000000000                  22.5000000000                   0.0000000000 
                  3.0000000000                  23.0000000000                   0.0000000000 
                  3.0000000000                  23.5000000000                   0.0000000000 
                  3.0000000000                  24.0000000000                   0.0000000000 
                  3.0000000000                  24.5000000000                   0.0000000000 
                  3.0000000000                  25.0000000000                   0.0000000000 
                  3.0000000000                  25.5000000000                   0.0000000000 
                  3.0000000000                  26.0000000000                   0.0000000000 
                  3.0000000000                  26.5000000000                   0.0000000000 
                  3.0000000000                  27.0000000000                   0.0000000000 
                  3.0000000000                  27.5000000000                   0.0000000000 
                  3.0000000000                  28.0000000000                   0.0000000000 
                  3.0000000000                  28.5000000000                   0.0000000000 
                  3.0000000000                  29.0000000000                   0.0000000000 
                  3.0000000000                  29.5000000000                   0.0000000000 
                  3.0000000000                  30.0000000000                   0.0000000000 
                  3.0000000000                  30.5000000000                   0.0000000000 
                  3.0000000000                  31.0000000000                   0.0000000000 
                  3.0000000000                  31.5000000000                   0.0000000000 
                  3.0000000000                  32.0000000000                  -0.0000000000 
                  3.0000000000                  32.5000000000                   0.0000000000 
                  3.0000000000                  33.0000000000                   0.0000000000 
                  3.0000000000                  33.5000000000                  -0.0000000000 
                  3.0000000000                  34.0000000000                   0.0000000000 
                  3.0000000000                  34.5000000000                   0.0000000000 
                  3.0000000000                  35.0000000000                   0.0000000000 
                  3.0000000000                  35.5000000000                   0.0000000000 
                  3.0000000000                  36.0000000000                   0.0000000000 
                  3.0000000000                  36.5000000000                   0.0000000000 
                  3.0000000000                  37.0000000000                   0.0000000000 
                  3.0000000000                  37.5000000000                   0.0000000000 
                  3.0000000000                  38.0000000000                   0.0000000000 
                  3.0000000000                  38.5000000000                   0.0000000000 
                  3.0000000000                  39.0000000000                   0.0000000000 
                  3.0000000000                  39.5000000000                   0.0000000000 
                  3.0000000000                  40.0000000000                   0.0000000000 
                  3.0000000000                  40.5000000000                   0.0000000000 
                  3.0000000000                  41.0000000000                   0.0000000000 
                  3.0000000000                  41.5000000000                   0.0000000000 
                  3.0000000000                  42.0000000000                   0.0000000000 
                  3.0000000000                  42.5000000000                  -0.0000000000 
                  3.0000000000                  43.0000000000                   0.0000000000 
                  3.0000000000                  43.5000000000                   0.0000000000 
                  3.0000000000                  44.0000000000                   0.0000000000 
                  3.0000000000                  44.5000000000                   0.0000000000 
                  3.0000000000                  45.0000000000                   0.0000000000 
                  3.0000000000                  45.5000000000                   0.0000000000 
                  3.0000000000                  46.0000000000                  -0.0000000000 
                  3.0000000000                  46.5000000000                   0.0000000000 
                  3.0000000000                  47.0000000000                  -0.0000000000 
                  3.0000000000                  47.5000000000                   0.0000000000 
                  3.0000000000                  48.0000000000                  -0.0000000000 
                  3.0000000000                  48.5000000000                   0.0000000000 
                  3.0000000000                  49.0000000000                  -0.0000000000 
                  3.0000000000                  49.5000000000                   0.0000000000 
                  3.0000000000                  50.0000000000                   0.0000000000 
                  3.5000000000                   0.0000000000                   0.0000000000 
                  3.5000000000                   0.5000000000                   0.0000000000 
                  3.5000000000                   1.0000000000                   0.0000000000 
                  3.5000000000                   1.5000000000                   0.0000000000 
                  3.5000000000                   2.0000000000                   0.0000000000 
                  3.5000000000                   2.5000000000                   0.0000000000 
                  3.5000000000                   3.0000000000                   0.0000000000 
                  3.5000000000                   3.5000000000                   0.0000000000 
                  3.5000000000                   4.0000000000                   0.0000000000 
                  3.5000000000                   4.5000000000                   0.0000000000 
                  3.5000000000                   5.0000000000                   0.0000000000 
                  3.5000000000                   5.5000000000                   0.0000000000 
                  3.5000000000                   6.0000000000                   0.0000000000 
                  3.5000000000                   6.5000000000                   0.0000000000 
                  3.5000000000                   7.0000000000                   0.0000000000 
                  3.5000000000                   7.5000000000                   0.0000000000 
                  3.5000000000                   8.0000000000                   0.0000000000 
                  3.5000000000                   8.5000000000                   0.0000000000 
                  3.5000000000                   9.0000000000                   0.0000000000 
                  3.5000000000                   9.5000000000                   0.0000000000 
                  3.5000000000                  10.0000000000                   0.0000000000 
                  3.5000000000                  10.5000000000                   0.0000000000 
                  3.5000000000                  11.0000000000                   0.0000000000 
                  3.5000000000                  11.5000000000                   0.0000000000 
                  3.5000000000                  12.0000000000                   0.0000000000 
                  3.5000000000                  12.5000000000                   0.0000000000 
                  3.5000000000                  13.0000000000                   0.0000000000 
                  3.5000000000                  13.5000000000                   0.0000000000 
                  3.5000000000                  14.0000000000                   0.0000000000 
                  3.5000000000                  14.5000000000                   0.0000000000 
                  3.5000000000                  15.0000000000                   0.0000000000 
                  3.5000000000                  15.5000000000                   0.0000000000 
                  3.5000000000                  16.0000000000                   0.0000000000 
                  3.5000000000                  16.5000000000                   0.0000000000 
                  3.5000000000                  17.0000000000                   0.0000000000 
                  3.5000000000                  17.5000000000                   0.0000000000 
                  3.5000000000                  18.0000000000                   0.0000000000 
                  3.5000000000                  18.5000000000                   0.0000000000 
                  3.5000000000                  19.0000000000                   0.0000000000 
                  3.5000000000                  19.5000000000                   0.0000000000 
                  3.5000000000                  20.0000000000                  -0.0000000000 
                  3.5000000000                  20.5000000000                   0.0000000000 
                  3.5000000000                  21.0000000000                   0.0000000000 
                  3.5000000000                  21.5000000000                   0.0000000000 
                  3.5000000000                  22.0000000000                  -0.0000000000 
                  3.5000000000                  22.5000000000                   0.0000000000 
                  3.5000000000                  23.0000000000                   0.0000000000 
                  3.5000000000                  23.5000000000                   0.0000000000 
                  3.5000000000                  24.0000000000                   0.0000000000 
                  3.5000000000                  24.5000000000                   0.0000000000 
                  3.5000000000                  25.0000000000                   0.0000000000 
                  3.5000000000                  25.5000000000                   0.0000000000 
                  3.5000000000                  26.0000000000                   0.0000000000 
                  3.5000000000                  26.5000000000                   0.0000000000 
                  3.5000000000                  27.0000000000                   0.0000000000 
                  3.5000000000                  27.5000000000                   0.0000000000 
                  3.5000000000                  28.0000000000                   0.0000000000 
                  3.5000000000                  28.5000000000                   0.0000000000 
                  3.5000000000                  29.0000000000                   0.0000000000 
                  3.5000000000                  29.5000000000                   0.0000000000 
                  3.5000000000                  30.0000000000                   0.0000000000 
                  3.5000000000                  30.5000000000                   0.0000000000 
                  3.5000000000                  31.0000000000                  -0.0000000000 
                  3.5000000000                  31.5000000000                   0.0000000000 
                  3.5000000000                  32.0000000000                   0.0000000000 
                  3.5000000000                  32.5000000000                  -0.0000000000 
                  3.5000000000                  33.0000000000                   0.0000000000 
                  3.5000000000                  33.5000000000                   0.0000000000 
                  3.5000000000                  34.0000000000                  -0.0000000000 
                  3.5000000000                  34.5000000000                   0.0000000000 
                  3.5000000000                  35.0000000000                   0.0000000000 
                  3.5000000000                  35.5000000000                   0.0000000000 
                  3.5000000000                  36.0000000000                   0.0000000000 
                  3.5000000000                  36.5000000000                   0.0000000000 
                  3.5000000000                  37.0000000000                   0.0000000000 
                  3.5000000000                  37.5000000000                   0.0000000000 
                  3.5000000000                  38.0000000000                   0.0000000000 
                  3.5000000000                  38.5000000000                   0.0000000000 
                  3.5000000000                  39.0000000000                   0.0000000000 
                  3.5000000000                  39.5000000000                   0.0000000000 
                  3.5000000000                  40.0000000000                   0.0000000000 
                  3.5000000000                  40.5000000000                   0.0000000000 
                  3.5000000000                  41.0000000000                   0.0000000000 
                  3.5000000000                  41.5000000000                   0.0000000000 
                  3.5000000000                  42.0000000000                  -0.0000000000 
                  3.5000000000                  42.5000000000                   0.0000000000 
                  3.5000000000                  43.0000000000                  -0.0000000000 
                  3.5000000000                  43.5000000000                   0.0000000000 
                  3.5000000000                  44.0000000000                  -0.0000000000 
                  3.5000000000                  44.5000000000                   0.0000000000 
                  3.5000000000                  45.0000000000                   0.0000000000 
                  3.5000000000                  45.5000000000                  -0.0000000000 
                  3.5000000000                  46.0000000000                   0.0000000000 
                  3.5000000000                  46.5000000000                  -0.0000000000 
                  3.5000000000                  47.0000000000                   0.0000000000 
                  3.5000000000                  47.5000000000                  -0.0000000000 
                  3.5000000000                  48.0000000000                   0.0000000000 
                  3.5000000000                  48.5000000000                  -0.0000000000 
                  3.5000000000                  49.0000000000                   0.0000000000 
                  3.5000000000                  49.5000000000                  -0.0000000000 
                  3.5000000000                  50.0000000000                   0.0000000000 
                  4.0000000000                   0.0000000000                   0.0000000000 
                  4.0000000000                   0.5000000000                   0.0000000000 
                  4.0000000000                   1.0000000000                   0.0000000000 
                  4.0000000000                   1.5000000000                   0.0000000000 
                  4.0000000000                   2.0000000000                   0.0000000000 
                  4.0000000000                   2.5000000000                   0.0000000000 
                  4.0000000000                   3.0000000000                   0.0000000000 
                  4.0000000000                   3.5000000000                   0.0000000000 
                  4.0000000000                   4.0000000000                   0.0000000000 
                  4.0000000000                   4.5000000000                   0.0000000000 
                  4.0000000000                   5.0000000000                   0.0000000000 
                  4.0000000000                   5.5000000000                  -0.0000000000 
                  4.0000000000                   6.0000000000                   0.0000000000 
                  4.0000000000                   6.5000000000                  -0.0000000000 
                  4.0000000000                   7.0000000000                   0.0000000000 
                  4.0000000000                   7.5000000000                  -0.0000000000 
                  4.0000000000                   8.0000000000                   0.0000000000 
                  4.0000000000                   8.5000000000                  -0.0000000000 
                  4.0000000000                   9.0000000000                   0.0000000000 
                  4.0000000000                   9.5000000000                  -0.0000000000 
                  4.0000000000                  10.0000000000                   0.0000000000 
                  4.0000000000                  10.5000000000                   0.0000000000 
                  4.0000000000                  11.0000000000                   0.0000000000 
                  4.0000000000                  11.5000000000                   0.0000000000 
                  4.0000000000                  12.0000000000                   0.0000000000 
                  4.0000000000                  12.5000000000                   0.0000000000 
                  4.0000000000                  13.0000000000                   0.0000000000 
                  4.0000000000                  13.5000000000                  -0.0000000000 
                  4.0000000000                  14.0000000000                   0.0000000000 
                  4.0000000000                  14.5000000000                  -0.0000000000 
                  4.0000000000                  15.0000000000                   0.0000000000 
                  4.0000000000                  15.5000000000                  -0.0000000000 
                  4.0000000000                  16.0000000000                   0.0000000000 
                  4.0000000000                  16.5000000000                  -0.0000000000 
                  4.0000000000                  17.0000000000                   0.0000000000 
                  4.0000000000                  17.5000000000                   0.0000000000 
                  4.0000000000                  18.0000000000                   0.0000000000 
                  4.0000000000                  18.5000000000                   0.0000000000 
                  4.0000000000                  19.0000000000                   0.0000000000 
                  4.0000000000                  19.5000000000                  -0.0000000000 
                  4.0000000000                  20.0000000000                   0.0000000000 
                  4.0000000000                  20.5000000000                   0.0000000000 
                  4.0000000000                  21.0000000000                  -0.0000000000 
                  4.0000000000                  21.5000000000                   0.0000000000 
                  4.0000000000                  22.0000000000                   0.0000000000 
                  4.0000000000                  22.5000000000                   0.0000000000 
                  4.0000000000                  23.0000000000                  -0.0000000000 
                  4.0000000000                  23.5000000000                   0.0000000000 
                  4.0000000000                  24.0000000000                  -0.0000000000 
                  4.0000000000                  24.5000000000                   0.0000000000 
                  4.0000000000                  25.0000000000                   0.0000000000 
                  4.0000000000                  25.5000000000                   0.0000000000 
                  4.0000000000                  26.0000000000                   0.0000000000 
                  4.0000000000                  26.5000000000                   0.0000000000 
                  4.0000000000                  27.0000000000                   0.0000000000 
                  4.0000000000                  27.5000000000                   0.0000000000 
                  4.0000000000                  28.0000000000                   0.0000000000 
                  4.0000000000                  28.5000000000                   0.0000000000 
                  4.0000000000                  29.0000000000                   0.0000000000 
                  4.0000000000                  29.5000000000                   0.0000000000 
                  4.0000000000                  30.0000000000                   0.0000000000 
                  4.0000000000                  30.5000000000                   0.0000000000 
                  4.0000000000                  31.0000000000                   0.0000000000 
                  4.0000000000                  31.5000000000                   0.0000000000 
                  4.0000000000                  32.0000000000                  -0.0000000000 
                  4.0000000000                  32.5000000000                   0.0000000000 
                  4.0000000000                  33.0000000000                   0.0000000000 
                  4.0000000000                  33.5000000000                  -0.0000000000 
                  4.0000000000                  34.0000000000                   0.0000000000 
                  4.0000000000                  34.5000000000                   0.0000000000 
                  4.0000000000                  35.0000000000                   0.0000000000 
                  4.0000000000                  35.5000000000                   0.0000000000 
                  4.0000000000                  36.0000000000                   0.0000000000 
                  4.0000000000                  36.5000000000                   0.0000000000 
                  4.0000000000                  37.0000000000                   0.0000000000 
                  4.0000000000                  37.5000000000                   0.0000000000 
                  4.0000000000                  38.0000000000                   0.0000000000 
                  4.0000000000                  38.5000000000                   0.0000000000 
                  4.0000000000                  39.0000000000                   0.0000000000 
                  4.0000000000                  39.5000000000                   0.0000000000 
                  4.0000000000                  40.0000000000                   0.0000000000 
                  4.0000000000                  40.5000000000                   0.0000000000 
                  4.0000000000                  41.0000000000                   0.0000000000 
                  4.0000000000                  41.5000000000                   0.0000000000 
                  4.0000000000                  42.0000000000                   0.0000000000 
                  4.0000000000                  42.5000000000                  -0.0000000000 
                  4.0000000000                  43.0000000000                   0.0000000000 
                  4.0000000000                  43.5000000000                   0.0000000000 
                  4.0000000000                  44.0000000000                   0.0000000000 
                  4.0000000000                  44.5000000000                   0.0000000000 
                  4.0000000000                  45.0000000000                   0.0000000000 
                  4.0000000000                  45.5000000000                   0.0000000000 
                  4.0000000000                  46.0000000000                   0.0000000000 
                  4.0000000000                  46.5000000000                   0.0000000000 
                  4.0000000000                  47.0000000000                  -0.0000000000 
                  4.0000000000                  47.5000000000                   0.0000000000 
                  4.0000000000                  48.0000000000                  -0.0000000000 
                  4.0000000000                  48.5000000000                   0.0000000000 
                  4.0000000000                  49.0000000000                  -0.0000000000 
                  4.0000000000                  49.5000000000                   0.0000000000 
                  4.0000000000                  50.0000000000                   0.0000000000 
                  4.5000000000                   0.0000000000                   0.0000000000 
                  4.5000000000                   0.5000000000                   0.0000000000 
                  4.5000000000                   1.0000000000                   0.0000000000 
                  4.5000000000                   1.5000000000                   0.0000000000 
                  4.5000000000                   2.0000000000                   0.0000000000 
                  4.5000000000                   2.5000000000                   0.0000000000 
                  4.5000000000                   3.0000000000                   0.0000000000 
                  4.5000000000                   3.5000000000                   0.0000000000 
                  4.5000000000                   4.0000000000                   0.0000000000 
                  4.5000000000                   4.5000000000                   0.0000000000 
                  4.5000000000                   5.0000000000                   0.0000000000 
                  4.5000000000                   5.5000000000                   0.0000000000 
                  4.5000000000                   6.0000000000                   0.0000000000 
                  4.5000000000                   6.5000000000                   0.0000000000 
                  4.5000000000                   7.0000000000                   0.0000000000 
                  4.5000000000                   7.5000000000                   0.0000000000 
                  4.5000000000                   8.0000000000                   0.0000000000 
                  4.5000000000                   8.5000000000                   0.0000000000 
                  4.5000000000                   9.0000000000                   0.0000000000 
                  4.5000000000                   9.5000000000                   0.0000000000 
                  4.5000000000                  10.0000000000                   0.0000000000 
                  4.5000000000                  10.5000000000                   0.0000000000 
                  4.5000000000                  11.0000000000                   0.0000000000 
                  4.5000000000                  11.5000000000                   0.0000000000 
                  4.5000000000                  12.0000000000                   0.0000000000 
                  4.5000000000                  12.5000000000                  -0.0000000000 
                  4.5000000000                  13.0000000000                   0.0000000000 
                  4.5000000000                  13.5000000000                   0.0000000000 
                  4.5000000000                  14.0000000000                   0.0000000000 
                  4.5000000000                  14.5000000000                   0.0000000000 
                  4.5000000000                  15.0000000000                   0.0000000000 
                  4.5000000000                  15.5000000000                   0.0000000000 
                  4.5000000000                  16.0000000000                   0.0000000000 
                  4.5000000000                  16.5000000000                   0.0000000000 
                  4.5000000000                  17.0000000000                   0.0000000000 
                  4.5000000000                  17.5000000000                   0.0000000000 
                  4.5000000000                  18.0000000000                   0.0000000000 
                  4.5000000000                  18.5000000000                   0.0000000000 
                  4.5000000000                  19.0000000000                   0.0000000000 
                  4.5000000000                  19.5000000000                   0.0000000000 
                  4.5000000000                  20.0000000000                   0.0000000000 
                  4.5000000000                  20.5000000000                   0.0000000000 
                  4.5000000000                  21.0000000000                   0.0000000000 
                  4.5000000000                  21.5000000000                   0.0000000000 
                  4.5000000000                  22.0000000000                  -0.0000000000 
                  4.5000000000                  22.5000000000                   0.0000000001 
                  4.5000000000                  23.0000000000                   0.0000000001 
                  4.5000000000                  23.5000000000                   0.0000000001 
                  4.5000000000                  24.0000000000                   0.0000000001 
                  4.5000000000                  24.5000000000                   0.0000000001 
                  4.5000000000                  25.0000000000                   0.0000000001 
                  4.5000000000                  25.5000000000                   0.0000000001 
                  4.5000000000                  26.0000000000                   0.0000000001 
                  4.5000000000                  26.5000000000                   0.0000000001 
                  4.5000000000                  27.0000000000                   0.0000000000 
                  4.5000000000                  27.5000000000                   0.0000000000 
                  4.5000000000                  28.0000000000                   0.0000000000 
                  4.5000000000                  28.5000000000                   0.0000000000 
                  4.5000000000                  29.0000000000                   0.0000000000 
                  4.5000000000                  29.5000000000                   0.0000000000 
                  4.5000000000                  30.0000000000                   0.0000000001 
                  4.5000000000                  30.5000000000                   0.0000000000 
                  4.5000000000                  31.0000000000                  -0.0000000000 
                  4.5000000000                  31.5000000000                   0.0000000000 
                  4.5000000000                  32.0000000000                   0.0000000000 
                  4.5000000000                  32.5000000000                  -0.0000000000 
                  4.5000000000                  33.0000000000                   0.0000000000 
                  4.5000000000                  33.5000000000                   0.0000000000 
                  4.5000000000                  34.0000000000                  -0.0000000000 
                  4.5000000000                  34.5000000000                   0.0000000000 
                  4.5000000000                  35.0000000000                   0.0000000000 
                  4.5000000000                  35.5000000000                   0.0000000000 
                  4.5000000000                  36.0000000000                   0.0000000000 
                  4.5000000000                  36.5000000000                   0.0000000000 
                  4.5000000000                  37.0000000000                   0.0000000000 
                  4.5000000000                  37.5000000000                   0.0000000000 
                  4.5000000000                  38.0000000000                   0.0000000000 
                  4.5000000000                  38.5000000000                   0.0000000000 
                  4.5000000000                  39.0000000000                   0.0000000000 
                  4.5000000000                  39.5000000000                   0.0000000000 
                  4.5000000000                  40.0000000000                   0.0000000000 
                  4.5000000000                  40.5000000000                   0.0000000000 
                  4.5000000000                  41.0000000000                   0.0000000000 
                  4.5000000000                  41.5000000000                   0.0000000000 
                  4.5000000000                  42.0000000000                  -0.0000000000 
                  4.5000000000                  42.5000000000                   0.0000000000 
                  4.5000000000                  43.0000000000                  -0.0000000000 
                  4.5000000000                  43.5000000000                   0.0000000000 
                  4.5000000000                  44.0000000000                  -0.0000000000 
                  4.5000000000                  44.5000000000                   0.0000000000 
                  4.5000000000                  45.0000000000                   0.0000000000 
                  4.5000000000                  45.5000000000                  -0.0000000000 
                  4.5000000000                  46.0000000000                   0.0000000000 
                  4.5000000000                  46.5000000000                  -0.0000000000 
                  4.5000000000                  47.0000000000                   0.0000000000 
                  4.5000000000                  47.5000000000                  -0.0000000000 
                  4.5000000000                  48.0000000000                   0.0000000000 
                  4.5000000000                  48.5000000000                  -0.0000000000 
                  4.5000000000                  49.0000000000                   0.0000000000 
                  4.5000000000                  49.5000000000                  -0.0000000000 
                  4.5000000000                  50.0000000000                   0.0000000000 
                  5.0000000000                   0.0000000000                   0.0000000000 
                  5.0000000000                   0.5000000000                   0.0000000000 
                  5.0000000000                   1.0000000000                   0.0000000000 
                  5.0000000000                   1.5000000000                   0.0000000000 
                  5.0000000000                   2.0000000000                   0.0000000000 
                  5.0000000000                   2.5000000000                   0.0000000000 
                  5.0000000000                   3.0000000000                   0.0000000000 
                  5.0000000000                   3.5000000000                   0.0000000000 
                  5.0000000000                   4.0000000000                   0.0000000000 
                  5.0000000000                   4.5000000000                   0.0000000000 
                  5.0000000000                   5.0000000000                   0.0000000000 
                  5.0000000000                   5.5000000000                   0.0000000000 
                  5.0000000000                   6.0000000000                   0.0000000000 
                  5.0000000000                   6.5000000000                  -0.0000000000 
                  5.0000000000                   7.0000000000                   0.0000000000 
                  5.0000000000                   7.5000000000                  -0.0000000000 
                  5.0000000000                   8.0000000000                   0.0000000000 
                  5.0000000000                   8.5000000000                  -0.0000000000 
                  5.0000000000                   9.0000000000                   0.0000000000 
                  5.0000000000                   9.5000000000                   0.0000000000 
                  5.0000000000                  10.0000000000                   0.0000000000 
                  5.0000000000                  10.5000000000                   0.0000000000 
                  5.0000000000                  11.0000000000                   0.0000000000 
                  5.0000000000                  11.5000000000                   0.0000000000 
                  5.0000000000                  12.0000000000                   0.0000000000 
                  5.0000000000                  12.5000000000                   0.0000000000 
                  5.0000000000                  13.0000000000                   0.0000000000 
                  5.0000000000                  13.5000000000                  -0.0000000000 
                  5.0000000000                  14.0000000000                   0.0000000000 
                  5.0000000000                  14.5000000000                  -0.0000000000 
                  5.0000000000                  15.0000000000                   0.0000000000 
                  5.0000000000                  15.5000000000                  -0.0000000000 
                  5.0000000000                  16.0000000000                   0.0000000000 
                  5.0000000000                  16.5000000000                  -0.0000000000 
                  5.0000000000                  17.0000000000                   0.0000000000 
                  5.0000000000                  17.5000000000                   0.0000000000 
                  5.0000000000                  18.0000000000                   0.0000000000 
                  5.0000000000                  18.5000000000                   0.0000000000 
                  5.0000000000                  19.0000000000                   0.0000000000 
                  5.0000000000                  19.5000000000                  -0.0000000000 
                  5.0000000000                  20.0000000000                   0.0000000000 
                  5.0000000000                  20.5000000000                   0.0000000000 
                  5.0000000000                  21.0000000000                  -0.0000000000 
                  5.0000000000                  21.5000000000                   0.0000000000 
                  5.0000000000                  22.0000000000                   0.0000000002 
                  5.0000000000                  22.5000000000                   0.0000000002 
                  5.0000000000                  23.0000000000                   0.0000000000 
                  5.0000000000                  23.5000000000                   0.0000000000 
                  5.0000000000                  24.0000000000                  -0.0000000000 
                  5.0000000000                  24.5000000000                   0.0000000000 
                  5.0000000000                  25.0000000000                   0.0000000000 
                  5.0000000000                  25.5000000000                   0.0000000000 
                  5.0000000000                  26.0000000000                   0.0000000001 
                  5.0000000000                  26.5000000000                   0.0000000001 
                  5.0000000000                  27.0000000000                   0.0000000002 
                  5.0000000000                  27.5000000000                   0.0000000002 
                  5.0000000000                  28.0000000000                   0.0000000002 
                  5.0000000000                  28.5000000000                   0.0000000003 
                  5.0000000000                  29.0000000000                   0.0000000002 
                  5.0000000000                  29.5000000000                   0.0000000001 
                  5.0000000000                  30.0000000000                   0.0000000000 
                  5.0000000000                  30.5000000000                   0.0000000000 
                  5.0000000000                  31.0000000000                   0.0000000001 
                  5.0000000000                  31.5000000000                   0.0000000000 
                  5.0000000000                  32.0000000000                   0.0000000000 
                  5.0000000000                  32.5000000000                   0.0000000000 
                  5.0000000000                  33.0000000000                   0.0000000000 
                  5.0000000000                  33.5000000000                   0.0000000000 
                  5.0000000000                  34.0000000000                   0.0000000000 
                  5.0000000000                  34.5000000000                  -0.0000000000 
                  5.0000000000                  35.0000000000                   0.0000000000 
                  5.0000000000                  35.5000000000                   0.0000000000 
                  5.0000000000                  36.0000000000                   0.0000000000 
                  5.0000000000                  36.5000000000                   0.0000000000 
                  5.0000000000                  37.0000000000                   0.0000000000 
                  5.0000000000                  37.5000000000                   0.0000000000 
                  5.0000000000                  38.0000000000                   0.0000000000 
                  5.0000000000                  38.5000000000                  -0.0000000000 
                  5.0000000000                  39.0000000000                   0.0000000000 
                  5.0000000000                  39.5000000000                   0.0000000000 
                  5.0000000000                  40.0000000000                   0.0000000000 
                  5.0000000000                  40.5000000000                   0.0000000000 
                  5.0000000000                  41.0000000000                   0.0000000000 
                  5.0000000000                  41.5000000000                   0.0000000000 
                  5.0000000000                  42.0000000000                   0.0000000000 
                  5.0000000000                  42.5000000000                  -0.0000000000 
                  5.0000000000                  43.0000000000                   0.0000000000 
                  5.0000000000                  43.5000000000                   0.0000000000 
                  5.0000000000                  44.0000000000                   0.0000000000 
                  5.0000000000                  44.5000000000                   0.0000000000 
                  5.0000000000                  45.0000000000                   0.0000000000 
                  5.0000000000                  45.5000000000                   0.0000000000 
                  5.0000000000                  46.0000000000                   0.0000000000 
                  5.0000000000                  46.5000000000                   0.0000000000 
                  5.0000000000                  47.0000000000                  -0.0000000000 
                  5.0000000000                  47.5000000000                   0.0000000000 
                  5.0000000000                  48.0000000000                  -0.0000000000 
                  5.0000000000                  48.5000000000                   0.0000000000 
                  5.0000000000                  49.0000000000                  -0.0000000000 
                  5.0000000000                  49.5000000000                   0.0000000000 
                  5.0000000000                  50.0000000000                   0.0000000000 
                  5.5000000000                   0.0000000000                   0.0000000000 
                  5.5000000000                   0.5000000000                   0.0000000000 
                  5.5000000000                   1.0000000000                   0.0000000000 
                  5.5000000000                   1.5000000000                   0.0000000000 
                  5.5000000000                   2.0000000000                   0.0000000000 
                  5.5000000000                   2.5000000000                   0.0000000000 
                  5.5000000000                   3.0000000000                   0.0000000000 
                  5.5000000000                   3.5000000000                   0.0000000000 
                  5.5000000000                   4.0000000000                   0.0000000000 
                  5.5000000000                   4.5000000000                   0.0000000000 
                  5.5000000000                   5.0000000000                   0.0000000000 
                  5.5000000000                   5.5000000000                   0.0000000000 
                  5.5000000000                   6.0000000000                   0.0000000000 
                  5.5000000000                   6.5000000000                   0.0000000000 
                  5.5000000000                   7.0000000000                   0.0000000000 
                  5.5000000000                   7.5000000000                   0.0000000000 
                  5.5000000000                   8.0000000000                   0.0000000000 
                  5.5000000000                   8.5000000000                   0.0000000000 
                  5.5000000000                   9.0000000000                   0.0000000000 
                  5.5000000000                   9.5000000000                   0.0000000000 
                  5.5000000000                  10.0000000000                   0.0000000000 
                  5.5000000000                  10.5000000000                   0.0000000000 
                  5.5000000000                  11.0000000000                   0.0000000000 
                  5.5000000000                  11.5000000000                   0.0000000000 
                  5.5000000000                  12.0000000000                   0.0000000000 
                  5.5000000000                  12.5000000000                  -0.0000000000 
                  5.5000000000                  13.0000000000                   0.0000000000 
                  5.5000000000                  13.5000000000                   0.0000000000 
                  5.5000000000                  14.0000000000                   0.0000000000 
                  5.5000000000                  14.5000000000                   0.0000000000 
                  5.5000000000                  15.0000000000                   0.0000000000 
                  5.5000000000                  15.5000000000                   0.0000000000 
                  5.5000000000                  16.0000000000                   0.0000000000 
                  5.5000000000                  16.5000000000                   0.0000000000 
                  5.5000000000                  17.0000000000                   0.0000000000 
                  5.5000000000                  17.5000000000                  -0.0000000000 
                  5.5000000000                  18.0000000000                   0.0000000000 
                  5.5000000000                  18.5000000000                   0.0000000000 
                  5.5000000000                  19.0000000000                   0.0000000000 
                  5.5000000000                  19.5000000000                   0.0000000000 
                  5.5000000000                  20.0000000000                   0.0000000000 
                  5.5000000000                  20.5000000000                  -0.0000000000 
                  5.5000000000                  21.0000000000                   0.0000000001 
                  5.5000000000                  21.5000000000                   0.0000000001 
                  5.5000000000                  22.0000000000                  -0.0000000000 
                  5.5000000000                  22.5000000000                   0.0000000002 
                  5.5000000000                  23.0000000000                   0.0000000007 
                  5.5000000000                  23.5000000000                   0.0000000007 
                  5.5000000000                  24.0000000000                   0.0000000006 
                  5.5000000000                  24.5000000000                   0.0000000005 
                  5.5000000000                  25.0000000000                   0.0000000005 
                  5.5000000000                  25.5000000000                   0.0000000004 
                  5.5000000000                  26.0000000000                   0.0000000003 
                  5.5000000000                  26.5000000000                   0.0000000002 
                  5.5000000000                  27.0000000000                   0.0000000001 
                  5.5000000000                  27.5000000000                   0.0000000001 
                  5.5000000000                  28.0000000000                   0.0000000001 
                  5.5000000000                  28.5000000000                   0.0000000000 
                  5.5000000000                  29.0000000000                   0.0000000001 
                  5.5000000000                  29.5000000000                   0.0000000003 
                  5.5000000000                  30.0000000000                   0.0000000003 
                  5.5000000000                  30.5000000000                   0.0000000001 
                  5.5000000000                  31.0000000000                  -0.0000000000 
                  5.5000000000                  31.5000000000                   0.0000000001 
                  5.5000000000                  32.0000000000                   0.0000000000 
                  5.5000000000                  32.5000000000                  -0.0000000000 
                  5.5000000000                  33.0000000000                   0.0000000000 
                  5.5000000000                  33.5000000000                   0.0000000000 
                  5.5000000000                  34.0000000000                  -0.0000000000 
                  5.5000000000                  34.5000000000                   0.0000000000 
                  5.5000000000                  35.0000000000                   0.0000000000 
                  5.5000000000                  35.5000000000                   0.0000000000 
                  5.5000000000                  36.0000000000                   0.0000000000 
                  5.5000000000                  36.5000000000                   0.0000000000 
                  5.5000000000                  37.0000000000                   0.0000000000 
                  5.5000000000                  37.5000000000                   0.0000000000 
                  5.5000000000                  38.0000000000                   0.0000000000 
                  5.5000000000                  38.5000000000                   0.0000000000 
                  5.5000000000                  39.0000000000                   0.0000000000 
                  5.5000000000                  39.5000000000                   0.0000000000 
                  5.5000000000                  40.0000000000                   0.0000000000 
                  5.5000000000                  40.5000000000                   0.0000000000 
                  5.5000000000                  41.0000000000                   0.0000000000 
                  5.5000000000                  41.5000000000                   0.0000000000 
                  5.5000000000                  42.0000000000                  -0.0000000000 
                  5.5000000000                  42.5000000000                   0.0000000000 
                  5.5000000000                  43.0000000000                  -0.0000000000 
                  5.5000000000                  43.5000000000                   0.0000000000 
                  5.5000000000                  44.0000000000                  -0.0000000000 
                  5.5000000000                  44.5000000000                   0.0000000000 
                  5.5000000000                  45.0000000000                   0.0000000000 
                  5.5000000000                  45.5000000000                  -0.0000000000 
                  5.5000000000                  46.0000000000                   0.0000000000 
                  5.5000000000                  46.5000000000                  -0.0000000000 
                  5.5000000000                  47.0000000000                   0.0000000000 
                  5.5000000000                  47.5000000000                  -0.0000000000 
                  5.5000000000                  48.0000000000                   0.0000000000 
                  5.5000000000                  48.5000000000                  -0.0000000000 
                  5.5000000000                  49.0000000000                   0.0000000000 
                  5.5000000000                  49.5000000000                  -0.0000000000 
                  5.5000000000                  50.0000000000                   0.0000000000 
                  6.0000000000                   0.0000000000                   0.0000000000 
                  6.0000000000                   0.5000000000                   0.0000000000 
                  6.0000000000                   1.0000000000                   0.0000000000 
                  6.0000000000                   1.5000000000                   0.0000000000 
                  6.0000000000                   2.0000000000                   0.0000000000 
                  6.0000000000                   2.5000000000                   0.0000000000 
                  6.0000000000                   3.0000000000                   0.0000000000 
                  6.0000000000                   3.5000000000                   0.0000000000 
                  6.0000000000                   4.0000000000                   0.0000000000 
                  6.0000000000                   4.5000000000                   0.0000000000 
                  6.0000000000                   5.0000000000                   0.0000000000 
                  6.0000000000                   5.5000000000                   0.0000000000 
                  6.0000000000                   6.0000000000                   0.0000000000 
                  6.0000000000                   6.5000000000                   0.0000000000 
                  6.0000000000                   7.0000000000                   0.0000000000 
                  6.0000000000                   7.5000000000                   0.0000000000 
                  6.0000000000                   8.0000000000                   0.0000000000 
                  6.0000000000                   8.5000000000                   0.0000000000 
                  6.0000000000                   9.0000000000                   0.0000000000 
                  6.0000000000                   9.5000000000                   0.0000000000 
                  6.0000000000                  10.0000000000                   0.0000000000 
                  6.0000000000                  10.5000000000                   0.0000000000 
                  6.0000000000                  11.0000000000                   0.0000000000 
                  6.0000000000                  11.5000000000                   0.0000000000 
                  6.0000000000                  12.0000000000                   0.0000000000 
                  6.0000000000                  12.5000000000                   0.0000000000 
                  6.0000000000                  13.0000000000                   0.0000000000 
                  6.0000000000                  13.5000000000                  -0.0000000000 
                  6.0000000000                  14.0000000000                   0.0000000000 
                  6.0000000000                  14.5000000000                  -0.0000000000 
                  6.0000000000                  15.0000000000                   0.0000000000 
                  6.0000000000                  15.5000000000                  -0.0000000000 
                  6.0000000000                  16.0000000000                   0.0000000000 
                  6.0000000000                  16.5000000000                   0.0000000000 
                  6.0000000000                  17.0000000000                   0.0000000000 
                  6.0000000000                  17.5000000000                   0.0000000000 
                  6.0000000000                  18.0000000000                   0.0000000000 
                  6.0000000000                  18.5000000000                   0.0000000000 
                  6.0000000000                  19.0000000000                   0.0000000000 
                  6.0000000000                  19.5000000000                  -0.0000000000 
                  6.0000000000                  20.0000000000                   0.0000000000 
                  6.0000000000                  20.5000000000                   0.0000000001 
                  6.0000000000                  21.0000000000                  -0.0000000000 
                  6.0000000000                  21.5000000000                   0.0000000001 
                  6.0000000000                  22.0000000000                   0.0000000012 
                  6.0000000000                  22.5000000000                   0.0000000014 
                  6.0000000000                  23.0000000000                   0.0000000004 
                  6.0000000000                  23.5000000000                   0.0000000001 
                  6.0000000000                  24.0000000000                   0.0000000003 
                  6.0000000000                  24.5000000000                   0.0000000005 
                  6.0000000000                  25.0000000000                   0.0000000007 
                  6.0000000000                  25.5000000000                   0.0000000007 
                  6.0000000000                  26.0000000000                   0.0000000008 
                  6.0000000000                  26.5000000000                   0.0000000010 
                  6.0000000000                  27.0000000000                   0.0000000011 
                  6.0000000000                  27.5000000000                   0.0000000012 
                  6.0000000000                  28.0000000000                   0.0000000015 
                  6.0000000000                  28.5000000000                   0.0000000016 
                  6.0000000000                  29.0000000000                   0.0000000010 
                  6.0000000000                  29.5000000000                   0.0000000003 
                  6.0000000000                  30.0000000000                   0.0000000000 
                  6.0000000000                  30.5000000000                   0.0000000003 
                  6.0000000000                  31.0000000000                   0.0000000003 
                  6.0000000000                  31.5000000000                   0.0000000000 
                  6.0000000000                  32.0000000000                   0.0000000000 
                  6.0000000000                  32.5000000000                   0.0000000000 
                  6.0000000000                  33.0000000000                   0.0000000000 
                  6.0000000000                  33.5000000000                   0.0000000000 
                  6.0000000000                  34.0000000000                   0.0000000000 
                  6.0000000000                  34.5000000000                  -0.0000000000 
                  6.0000000000                  35.0000000000                   0.0000000000 
                  6.0000000000                  35.5000000000                  -0.0000000000 
                  6.0000000000                  36.0000000000                   0.0000000000 
                  6.0000000000                  36.5000000000                  -0.0000000000 
                  6.0000000000                  37.0000000000                   0.0000000000 
                  6.0000000000                  37.5000000000                   0.0000000000 
                  6.0000000000                  38.0000000000                   0.0000000000 
                  6.0000000000                  38.5000000000                  -0.0000000000 
                  6.0000000000                  39.0000000000                   0.0000000000 
                  6.0000000000                  39.5000000000                   0.0000000000 
                  6.0000000000                  40.0000000000                   0.0000000000 
                  6.0000000000                  40.5000000000                   0.0000000000 
                  6.0000000000                  41.0000000000                   0.0000000000 
                  6.0000000000                  41.5000000000                   0.0000000000 
                  6.0000000000                  42.0000000000                   0.0000000000 
                  6.0000000000                  42.5000000000                  -0.0000000000 
                  6.0000000000                  43.0000000000                   0.0000000000 
                  6.0000000000                  43.5000000000                   0.0000000000 
                  6.0000000000                  44.0000000000                   0.0000000000 
                  6.0000000000                  44.5000000000                   0.0000000000 
                  6.0000000000                  45.0000000000                   0.0000000000 
                  6.0000000000                  45.5000000000                   0.0000000000 
                  6.0000000000                  46.0000000000                   0.0000000000 
                  6.0000000000                  46.5000000000                   0.0000000000 
                  6.0000000000                  47.0000000000                  -0.0000000000 
                  6.0000000000                  47.5000000000                   0.0000000000 
                  6.0000000000                  48.0000000000                  -0.0000000000 
                  6.0000000000                  48.5000000000                   0.0000000000 
                  6.0000000000                  49.0000000000                  -0.0000000000 
                  6.0000000000                  49.5000000000                   0.0000000000 
                  6.0000000000                  50.0000000000                   0.0000000000 
                  6.5000000000                   0.0000000000                   0.0000000000 
                  6.5000000000                   0.5000000000                   0.0000000000 
                  6.5000000000                   1.0000000000                   0.0000000000 
                  6.5000000000                   1.5000000000                   0.0000000000 
                  6.5000000000                   2.0000000000                   0.0000000000 
                  6.5000000000                   2.5000000000                   0.0000000000 
                  6.5000000000                   3.0000000000                   0.0000000000 
                  6.5000000000                   3.5000000000                   0.0000000000 
                  6.5000000000                   4.0000000000                   0.0000000000 
                  6.5000000000                   4.5000000000                   0.0000000000 
                  6.5000000000                   5.0000000000                   0.0000000000 
                  6.5000000000                   5.5000000000                   0.0000000000 
                  6.5000000000                   6.0000000000                   0.0000000000 
                  6.5000000000                   6.5000000000                   0.0000000000 
                  6.5000000000                   7.0000000000                   0.0000000000 
                  6.5000000000                   7.5000000000                   0.0000000000 
                  6.5000000000                   8.0000000000                   0.0000000000 
                  6.5000000000                   8.5000000000                   0.0000000000 
                  6.5000000000                   9.0000000000                   0.0000000000 
                  6.5000000000                   9.5000000000                   0.0000000000 
                  6.5000000000                  10.0000000000                   0.0000000000 
                  6.5000000000                  10.5000000000                   0.0000000000 
                  6.5000000000                  11.0000000000                   0.0000000000 
                  6.5000000000                  11.5000000000                  -0.0000000000 
                  6.5000000000                  12.0000000000                   0.0000000000 
                  6.5000000000                  12.5000000000                   0.0000000000 
                  6.5000000000                  13.0000000000                   0.0000000000 
                  6.5000000000                  13.5000000000                   0.0000000000 
                  6.5000000000                  14.0000000000                   0.0000000000 
                  6.5000000000                  14.5000000000                   0.0000000000 
                  6.5000000000                  15.0000000000                   0.0000000000 
                  6.5000000000                  15.5000000000                   0.0000000000 
                  6.5000000000                  16.0000000000                   0.0000000000 
                  6.5000000000                  16.5000000000                  -0.0000000000 
                  6.5000000000                  17.0000000000                   0.0000000000 
                  6.5000000000                  17.5000000000                  -0.0000000000 
                  6.5000000000                  18.0000000000                   0.0000000000 
                  6.5000000000                  18.5000000000                   0.0000000000 
                  6.5000000000                  19.0000000000                   0.0000000000 
                  6.5000000000                  19.5000000000                   0.0000000000 
                  6.5000000000                  20.0000000000                   0.0000000000 
                  6.5000000000                  20.5000000000                  -0.0000000000 
                  6.5000000000                  21.0000000000                   0.0000000006 
                  6.5000000000                  21.5000000000                   0.0000000011 
                  6.5000000000                  22.0000000000                   0.0000000000 
                  6.5000000000                  22.5000000000                   0.0000000008 
                  6.5000000000                  23.0000000000                   0.0000000030 
                  6.5000000000                  23.5000000000                   0.0000000029 
                  6.5000000000                  24.0000000000                   0.0000000022 
                  6.5000000000                  24.5000000000                   0.0000000017 
                  6.5000000000                  25.0000000000                   0.0000000012 
                  6.5000000000                  25.5000000000                   0.0000000011 
                  6.5000000000                  26.0000000000                   0.0000000007 
                  6.5000000000                  26.5000000000                   0.0000000004 
                  6.5000000000                  27.0000000000                   0.0000000001 
                  6.5000000000                  27.5000000000                   0.0000000001 
                  6.5000000000                  28.0000000000                   0.0000000002 
                  6.5000000000                  28.5000000000                   0.0000000001 
                  6.5000000000                  29.0000000000                   0.0000000011 
                  6.5000000000                  29.5000000000                   0.0000000022 
                  6.5000000000                  30.0000000000                   0.0000000018 
                  6.5000000000                  30.5000000000                   0.0000000004 
                  6.5000000000                  31.0000000000                   0.0000000000 
                  6.5000000000                  31.5000000000                   0.0000000004 
                  6.5000000000                  32.0000000000                   0.0000000002 
                  6.5000000000                  32.5000000000                  -0.0000000000 
                  6.5000000000                  33.0000000000                   0.0000000000 
                  6.5000000000                  33.5000000000                   0.0000000000 
                  6.5000000000                  34.0000000000                  -0.0000000000 
                  6.5000000000                  34.5000000000                   0.0000000000 
                  6.5000000000                  35.0000000000                   0.0000000000 
                  6.5000000000                  35.5000000000                   0.0000000000 
                  6.5000000000                  36.0000000000                   0.0000000000 
                  6.5000000000                  36.5000000000                   0.0000000000 
                  6.5000000000                  37.0000000000                   0.0000000000 
                  6.5000000000                  37.5000000000                   0.0000000000 
                  6.5000000000                  38.0000000000                   0.0000000000 
                  6.5000000000                  38.5000000000                   0.0000000000 
                  6.5000000000                  39.0000000000                   0.0000000000 
                  6.5000000000                  39.5000000000                   0.0000000000 
                  6.5000000000                  40.0000000000                   0.0000000000 
                  6.5000000000                  40.5000000000                  -0.0000000000 
                  6.5000000000                  41.0000000000                   0.0000000000 
                  6.5000000000                  41.5000000000                   0.0000000000 
                  6.5000000000                  42.0000000000                  -0.0000000000 
                  6.5000000000                  42.5000000000                   0.0000000000 
                  6.5000000000                  43.0000000000                  -0.0000000000 
                  6.5000000000                  43.5000000000                   0.0000000000 
                  6.5000000000                  44.0000000000                  -0.0000000000 
                  6.5000000000                  44.5000000000                  -0.0000000000 
                  6.5000000000                  45.0000000000                   0.0000000000 
                  6.5000000000                  45.5000000000                  -0.0000000000 
                  6.5000000000                  46.0000000000                   0.0000000000 
                  6.5000000000                  46.5000000000                  -0.0000000000 
                  6.5000000000                  47.0000000000                   0.0000000000 
                  6.5000000000                  47.5000000000                  -0.0000000000 
                  6.5000000000                  48.0000000000                   0.0000000000 
                  6.5000000000                  48.5000000000                  -0.0000000000 
                  6.5000000000                  49.0000000000                   0.0000000000 
                  6.5000000000                  49.5000000000                  -0.0000000000 
                  6.5000000000                  50.0000000000                   0.0000000000 
                  7.0000000000                   0.0000000000                   0.0000000000 
                  7.0000000000                   0.5000000000                   0.0000000000 
                  7.0000000000                   1.0000000000                   0.0000000000 
                  7.0000000000                   1.5000000000                   0.0000000000 
                  7.0000000000                   2.0000000000                   0.0000000000 
                  7.0000000000                   2.5000000000                   0.0000000000 
                  7.0000000000                   3.0000000000                   0.0000000000 
                  7.0000000000                   3.5000000000                   0.0000000000 
                  7.0000000000                   4.0000000000                   0.0000000000 
                  7.0000000000                   4.5000000000                   0.0000000000 
                  7.0000000000                   5.0000000000                   0.0000000000 
                  7.0000000000                   5.5000000000                   0.0000000000 
                  7.0000000000                   6.0000000000                   0.0000000000 
                  7.0000000000                   6.5000000000                   0.0000000000 
                  7.0000000000                   7.0000000000                   0.0000000000 
                  7.0000000000                   7.5000000000                   0.0000000000 
                  7.0000000000                   8.0000000000                   0.0000000000 
                  7.0000000000                   8.5000000000                   0.0000000000 
                  7.0000000000                   9.0000000000                   0.0000000000 
                  7.0000000000                   9.5000000000                   0.0000000000 
                  7.0000000000                  10.0000000000                   0.0000000000 
                  7.0000000000                  10.5000000000                   0.0000000000 
                  7.0000000000                  11.0000000000                   0.0000000000 
                  7.0000000000                  11.5000000000                   0.0000000000 
                  7.0000000000                  12.0000000000                   0.0000000000 
                  7.0000000000                  12.5000000000                   0.0000000000 
                  7.0000000000                  13.0000000000                   0.0000000000 
                  7.0000000000                  13.5000000000                  -0.0000000000 
                  7.0000000000                  14.0000000000                   0.0000000000 
                  7.0000000000                  14.5000000000                  -0.0000000000 
                  7.0000000000                  15.0000000000                   0.0000000000 
                  7.0000000000                  15.5000000000                   0.0000000000 
                  7.0000000000                  16.0000000000                   0.0000000000 
                  7.0000000000                  16.5000000000                   0.0000000000 
                  7.0000000000                  17.0000000000                   0.0000000000 
                  7.0000000000                  17.5000000000                   0.0000000000 
                  7.0000000000                  18.0000000000                   0.0000000000 
                  7.0000000000                  18.5000000000                   0.0000000000 
                  7.0000000000                  19.0000000000                   0.0000000000 
                  7.0000000000                  19.5000000000                  -0.0000000000 
                  7.0000000000                  20.0000000000                   0.0000000001 
                  7.0000000000                  20.5000000000                   0.0000000006 
                  7.0000000000                  21.0000000000                   0.0000000001 
                  7.0000000000                  21.5000000000                   0.0000000001 
                  7.0000000000                  22.0000000000                   0.0000000063 
                  7.0000000000                  22.5000000000                   0.0000000102 
                  7.0000000000                  23.0000000000                   0.0000000058 
                  7.0000000000                  23.5000000000                   0.0000000043 
                  7.0000000000                  24.0000000000                   0.0000000056 
                  7.0000000000                  24.5000000000                   0.0000000064 
                  7.0000000000                  25.0000000000                   0.0000000073 
                  7.0000000000                  25.5000000000                   0.0000000071 
                  7.0000000000                  26.0000000000                   0.0000000073 
                  7.0000000000                  26.5000000000                   0.0000000072 
                  7.0000000000                  27.0000000000                   0.0000000067 
                  7.0000000000                  27.5000000000                   0.0000000074 
                  7.0000000000                  28.0000000000                   0.0000000087 
                  7.0000000000                  28.5000000000                   0.0000000077 
                  7.0000000000                  29.0000000000                   0.0000000036 
                  7.0000000000                  29.5000000000                   0.0000000005 
                  7.0000000000                  30.0000000000                   0.0000000006 
                  7.0000000000                  30.5000000000                   0.0000000024 
                  7.0000000000                  31.0000000000                   0.0000000018 
                  7.0000000000                  31.5000000000                   0.0000000000 
                  7.0000000000                  32.0000000000                   0.0000000001 
                  7.0000000000                  32.5000000000                   0.0000000002 
                  7.0000000000                  33.0000000000                  -0.0000000000 
                  7.0000000000                  33.5000000000                   0.0000000000 
                  7.0000000000                  34.0000000000                   0.0000000000 
                  7.0000000000                  34.5000000000                   0.0000000000 
                  7.0000000000                  35.0000000000                   0.0000000000 
                  7.0000000000                  35.5000000000                   0.0000000000 
                  7.0000000000                  36.0000000000                   0.0000000000 
                  7.0000000000                  36.5000000000                  -0.0000000000 
                  7.0000000000                  37.0000000000                   0.0000000000 
                  7.0000000000                  37.5000000000                   0.0000000000 
                  7.0000000000                  38.0000000000                   0.0000000000 
                  7.0000000000                  38.5000000000                  -0.0000000000 
                  7.0000000000                  39.0000000000                   0.0000000000 
                  7.0000000000                  39.5000000000                   0.0000000000 
                  7.0000000000                  40.0000000000                   0.0000000000 
                  7.0000000000                  40.5000000000                   0.0000000000 
                  7.0000000000                  41.0000000000                   0.0000000000 
                  7.0000000000                  41.5000000000                   0.0000000000 
                  7.0000000000                  42.0000000000                   0.0000000000 
                  7.0000000000                  42.5000000000                  -0.0000000000 
                  7.0000000000                  43.0000000000                   0.0000000000 
                  7.0000000000                  43.5000000000                   0.0000000000 
                  7.0000000000                  44.0000000000                   0.0000000000 
                  7.0000000000                  44.5000000000                   0.0000000000 
                  7.0000000000                  45.0000000000                   0.0000000000 
                  7.0000000000                  45.5000000000                   0.0000000000 
                  7.0000000000                  46.0000000000                   0.0000000000 
                  7.0000000000                  46.5000000000                   0.0000000000 
                  7.0000000000                  47.0000000000                  -0.0000000000 
                  7.0000000000                  47.5000000000                   0.0000000000 
                  7.0000000000                  48.0000000000                  -0.0000000000 
                  7.0000000000                  48.5000000000                   0.0000000000 
                  7.0000000000                  49.0000000000                  -0.0000000000 
                  7.0000000000                  49.5000000000                   0.0000000000 
                  7.0000000000                  50.0000000000                   0.0000000000 
                  7.5000000000                   0.0000000000                   0.0000000000 
                  7.5000000000                   0.5000000000                   0.0000000000 
                  7.5000000000                   1.0000000000                   0.0000000000 
                  7.5000000000                   1.5000000000                   0.0000000000 
                  7.5000000000                   2.0000000000                   0.0000000000 
                  7.5000000000                   2.5000000000                   0.0000000000 
                  7.5000000000                   3.0000000000                   0.0000000000 
                  7.5000000000                   3.5000000000                   0.0000000000 
                  7.5000000000                   4.0000000000                   0.0000000000 
                  7.5000000000                   4.5000000000                   0.0000000000 
                  7.5000000000                   5.0000000000                   0.0000000000 
                  7.5000000000                   5.5000000000                  -0.0000000000 
                  7.5000000000                   6.0000000000                   0.0000000000 
                  7.5000000000                   6.5000000000                  -0.0000000000 
                  7.5000000000                   7.0000000000                   0.0000000000 
                  7.5000000000                   7.5000000000                  -0.0000000000 
                  7.5000000000                   8.0000000000                   0.0000000000 
                  7.5000000000                   8.5000000000                  -0.0000000000 
                  7.5000000000                   9.0000000000                   0.0000000000 
                  7.5000000000                   9.5000000000                  -0.0000000000 
                  7.5000000000                  10.0000000000                   0.0000000000 
                  7.5000000000                  10.5000000000                  -0.0000000000 
                  7.5000000000                  11.0000000000                   0.0000000000 
                  7.5000000000                  11.5000000000                   0.0000000000 
                  7.5000000000                  12.0000000000                   0.0000000000 
                  7.5000000000                  12.5000000000                   0.0000000000 
                  7.5000000000                  13.0000000000                   0.0000000000 
                  7.5000000000                  13.5000000000                   0.0000000000 
                  7.5000000000                  14.0000000000                   0.0000000000 
                  7.5000000000                  14.5000000000                   0.0000000000 
                  7.5000000000                  15.0000000000                   0.0000000000 
                  7.5000000000                  15.5000000000                   0.0000000000 
                  7.5000000000                  16.0000000000                   0.0000000000 
                  7.5000000000                  16.5000000000                  -0.0000000000 
                  7.5000000000                  17.0000000000                   0.0000000000 
                  7.5000000000                  17.5000000000                  -0.0000000000 
                  7.5000000000                  18.0000000000                   0.0000000000 
                  7.5000000000                  18.5000000000                   0.0000000000 
                  7.5000000000                  19.0000000000                   0.0000000000 
                  7.5000000000                  19.5000000000                   0.0000000001 
                  7.5000000000                  20.0000000000                   0.0000000003 
                  7.5000000000                  20.5000000000                  -0.0000000003 
                  7.5000000000                  21.0000000000                   0.0000000028 
                  7.5000000000                  21.5000000000                   0.0000000087 
                  7.5000000000                  22.0000000000                   0.0000000026 
                  7.5000000000                  22.5000000000                   0.0000000010 
                  7.5000000000                  23.0000000000                   0.0000000102 
                  7.5000000000                  23.5000000000                   0.0000000094 
                  7.5000000000                  24.0000000000                   0.0000000056 
                  7.5000000000                  24.5000000000                   0.0000000030 
                  7.5000000000                  25.0000000000                   0.0000000013 
                  7.5000000000                  25.5000000000                   0.0000000018 
                  7.5000000000                  26.0000000000                   0.0000000014 
                  7.5000000000                  26.5000000000                   0.0000000005 
                  7.5000000000                  27.0000000000                   0.0000000000 
                  7.5000000000                  27.5000000000                   0.0000000001 
                  7.5000000000                  28.0000000000                   0.0000000002 
                  7.5000000000                  28.5000000000                   0.0000000042 
                  7.5000000000                  29.0000000000                   0.0000000125 
                  7.5000000000                  29.5000000000                   0.0000000149 
                  7.5000000000                  30.0000000000                   0.0000000085 
                  7.5000000000                  30.5000000000                   0.0000000011 
                  7.5000000000                  31.0000000000                   0.0000000009 
                  7.5000000000                  31.5000000000                   0.0000000027 
                  7.5000000000                  32.0000000000                   0.0000000007 
                  7.5000000000                  32.5000000000                  -0.0000000000 
                  7.5000000000                  33.0000000000                   0.0000000002 
                  7.5000000000                  33.5000000000                   0.0000000000 
                  7.5000000000                  34.0000000000                   0.0000000000 
                  7.5000000000                  34.5000000000                   0.0000000000 
                  7.5000000000                  35.0000000000                   0.0000000000 
                  7.5000000000                  35.5000000000                   0.0000000000 
                  7.5000000000                  36.0000000000                   0.0000000000 
                  7.5000000000                  36.5000000000                   0.0000000000 
                  7.5000000000                  37.0000000000                   0.0000000000 
                  7.5000000000                  37.5000000000                   0.0000000000 
                  7.5000000000                  38.0000000000                   0.0000000000 
                  7.5000000000                  38.5000000000                   0.0000000000 
                  7.5000000000                  39.0000000000                   0.0000000000 
                  7.5000000000                  39.5000000000                   0.0000000000 
                  7.5000000000                  40.0000000000                   0.0000000000 
                  7.5000000000                  40.5000000000                  -0.0000000000 
                  7.5000000000                  41.0000000000                   0.0000000000 
                  7.5000000000                  41.5000000000                   0.0000000000 
                  7.5000000000                  42.0000000000                  -0.0000000000 
                  7.5000000000                  42.5000000000                   0.0000000000 
                  7.5000000000                  43.0000000000                  -0.0000000000 
                  7.5000000000                  43.5000000000                   0.0000000000 
                  7.5000000000                  44.0000000000                  -0.0000000000 
                  7.5000000000                  44.5000000000                  -0.0000000000 
                  7.5000000000                  45.0000000000                   0.0000000000 
                  7.5000000000                  45.5000000000                  -0.0000000000 
                  7.5000000000                  46.0000000000                   0.0000000000 
                  7.5000000000                  46.5000000000                  -0.0000000000 
                  7.5000000000                  47.0000000000                   0.0000000000 
                  7.5000000000                  47.5000000000                  -0.0000000000 
                  7.5000000000                  48.0000000000                   0.0000000000 
                  7.5000000000                  48.5000000000                  -0.0000000000 
                  7.5000000000                  49.0000000000                   0.0000000000 
                  7.5000000000                  49.5000000000                  -0.0000000000 
                  7.5000000000                  50.0000000000                   0.0000000000 
                  8.0000000000                   0.0000000000                   0.0000000000 
                  8.0000000000                   0.5000000000                   0.0000000000 
                  8.0000000000                   1.0000000000                   0.0000000000 
                  8.0000000000                   1.5000000000                   0.0000000000 
                  8.0000000000                   2.0000000000                   0.0000000000 
                  8.0000000000                   2.5000000000                   0.0000000000 
                  8.0000000000                   3.0000000000                   0.0000000000 
                  8.0000000000                   3.5000000000                   0.0000000000 
                  8.0000000000                   4.0000000000                   0.0000000000 
                  8.0000000000                   4.5000000000                   0.0000000000 
                  8.0000000000                   5.0000000000                   0.0000000000 
                  8.0000000000                   5.5000000000                   0.0000000000 
                  8.0000000000                   6.0000000000                   0.0000000000 
                  8.0000000000                   6.5000000000                   0.0000000000 
                  8.0000000000                   7.0000000000                   0.0000000000 
                  8.0000000000                   7.5000000000                   0.0000000000 
                  8.0000000000                   8.0000000000                   0.0000000000 
                  8.0000000000                   8.5000000000                   0.0000000000 
                  8.0000000000                   9.0000000000                   0.0000000000 
                  8.0000000000                   9.5000000000                   0.0000000000 
                  8.0000000000                  10.0000000000                   0.0000000000 
                  8.0000000000                  10.5000000000                   0.0000000000 
                  8.0000000000                  11.0000000000                   0.0000000000 
                  8.0000000000                  11.5000000000                   0.0000000000 
                  8.0000000000                  12.0000000000                   0.0000000000 
                  8.0000000000                  12.5000000000                  -0.0000000000 
                  8.0000000000                  13.0000000000                   0.0000000000 
                  8.0000000000                  13.5000000000                  -0.0000000000 
                  8.0000000000                  14.0000000000                   0.0000000000 
                  8.0000000000                  14.5000000000                   0.0000000000 
                  8.0000000000                  15.0000000000                   0.0000000000 
                  8.0000000000                  15.5000000000                   0.0000000000 
                  8.0000000000                  16.0000000000                   0.0000000000 
                  8.0000000000                  16.5000000000                   0.0000000000 
                  8.0000000000                  17.0000000000                   0.0000000000 
                  8.0000000000                  17.5000000000                   0.0000000000 
                  8.0000000000                  18.0000000000                   0.0000000000 
                  8.0000000000                  18.5000000000                  -0.0000000000 
                  8.0000000000                  19.0000000000                   0.0000000002 
                  8.0000000000                  19.5000000000                   0.0000000001 
                  8.0000000000                  20.0000000000                   0.0000000003 
                  8.0000000000                  20.5000000000                   0.0000000037 
                  8.0000000000                  21.0000000000                   0.0000000023 
                  8.0000000000                  21.5000000000                  -0.0000000015 
                  8.0000000000                  22.0000000000                   0.0000000302 
                  8.0000000000                  22.5000000000                   0.0000000676 
                  8.0000000000                  23.0000000000                   0.0000000579 
                  8.0000000000                  23.5000000000                   0.0000000471 
                  8.0000000000                  24.0000000000                   0.0000000500 
                  8.0000000000                  24.5000000000                   0.0000000483 
                  8.0000000000                  25.0000000000                   0.0000000489 
                  8.0000000000                  25.5000000000                   0.0000000478 
                  8.0000000000                  26.0000000000                   0.0000000462 
                  8.0000000000                  26.5000000000                   0.0000000408 
                  8.0000000000                  27.0000000000                   0.0000000343 
                  8.0000000000                  27.5000000000                   0.0000000373 
                  8.0000000000                  28.0000000000                   0.0000000425 
                  8.0000000000                  28.5000000000                   0.0000000306 
                  8.0000000000                  29.0000000000                   0.0000000095 
                  8.0000000000                  29.5000000000                   0.0000000002 
                  8.0000000000                  30.0000000000                   0.0000000090 
                  8.0000000000                  30.5000000000                   0.0000000178 
                  8.0000000000                  31.0000000000                   0.0000000082 
                  8.0000000000                  31.5000000000                   0.0000000000 
                  8.0000000000                  32.0000000000                   0.0000000018 
                  8.0000000000                  32.5000000000                   0.0000000013 
                  8.0000000000                  33.0000000000                  -0.0000000001 
                  8.0000000000                  33.5000000000                   0.0000000001 
                  8.0000000000                  34.0000000000                   0.0000000000 
                  8.0000000000                  34.5000000000                   0.0000000000 
                  8.0000000000                  35.0000000000                   0.0000000000 
                  8.0000000000                  35.5000000000                   0.0000000000 
                  8.0000000000                  36.0000000000                   0.0000000000 
                  8.0000000000                  36.5000000000                  -0.0000000000 
                  8.0000000000                  37.0000000000                   0.0000000000 
                  8.0000000000                  37.5000000000                   0.0000000000 
                  8.0000000000                  38.0000000000                   0.0000000000 
                  8.0000000000                  38.5000000000                  -0.0000000000 
                  8.0000000000                  39.0000000000                   0.0000000000 
                  8.0000000000                  39.5000000000                   0.0000000000 
                  8.0000000000                  40.0000000000                   0.0000000000 
                  8.0000000000                  40.5000000000                   0.0000000000 
                  8.0000000000                  41.0000000000                   0.0000000000 
                  8.0000000000                  41.5000000000                   0.0000000000 
                  8.0000000000                  42.0000000000                   0.0000000000 
                  8.0000000000                  42.5000000000                   0.0000000000 
                  8.0000000000                  43.0000000000                   0.0000000000 
                  8.0000000000                  43.5000000000                   0.0000000000 
                  8.0000000000                  44.0000000000                   0.0000000000 
                  8.0000000000                  44.5000000000                   0.0000000000 
                  8.0000000000                  45.0000000000                   0.0000000000 
                  8.0000000000                  45.5000000000                   0.0000000000 
                  8.0000000000                  46.0000000000                   0.0000000000 
                  8.0000000000                  46.5000000000                   0.0000000000 
                  8.0000000000                  47.0000000000                  -0.0000000000 
                  8.0000000000                  47.5000000000                   0.0000000000 
                  8.0000000000                  48.0000000000                  -0.0000000000 
                  8.0000000000                  48.5000000000                   0.0000000000 
                  8.0000000000                  49.0000000000                  -0.0000000000 
                  8.0000000000                  49.5000000000                   0.0000000000 
                  8.0000000000                  50.0000000000                   0.0000000000 
                  8.5000000000                   0.0000000000                   0.0000000000 
                  8.5000000000                   0.5000000000                   0.0000000000 
                  8.5000000000                   1.0000000000                   0.0000000000 
                  8.5000000000                   1.5000000000                  -0.0000000000 
                  8.5000000000                   2.0000000000                   0.0000000000 
                  8.5000000000                   2.5000000000                  -0.0000000000 
                  8.5000000000                   3.0000000000                   0.0000000000 
                  8.5000000000                   3.5000000000                  -0.0000000000 
                  8.5000000000                   4.0000000000                   0.0000000000 
                  8.5000000000                   4.5000000000                  -0.0000000000 
                  8.5000000000                   5.0000000000                   0.0000000000 
                  8.5000000000                   5.5000000000                  -0.0000000000 
                  8.5000000000                   6.0000000000                   0.0000000000 
                  8.5000000000                   6.5000000000                  -0.0000000000 
                  8.5000000000                   7.0000000000                   0.0000000000 
                  8.5000000000                   7.5000000000                  -0.0000000000 
                  8.5000000000                   8.0000000000                   0.0000000000 
                  8.5000000000                   8.5000000000                  -0.0000000000 
                  8.5000000000                   9.0000000000                   0.0000000000 
                  8.5000000000                   9.5000000000                  -0.0000000000 
                  8.5000000000                  10.0000000000                   0.0000000000 
                  8.5000000000                  10.5000000000                   0.0000000000 
                  8.5000000000                  11.0000000000                   0.0000000000 
                  8.5000000000                  11.5000000000                   0.0000000000 
                  8.5000000000                  12.0000000000                   0.0000000000 
                  8.5000000000                  12.5000000000                   0.0000000000 
                  8.5000000000                  13.0000000000                   0.0000000000 
                  8.5000000000                  13.5000000000                   0.0000000000 
                  8.5000000000                  14.0000000000                   0.0000000000 
                  8.5000000000                  14.5000000000                   0.0000000000 
                  8.5000000000                  15.0000000000                   0.0000000000 
                  8.5000000000                  15.5000000000                   0.0000000000 
                  8.5000000000                  16.0000000000                   0.0000000000 
                  8.5000000000                  16.5000000000                   0.0000000000 
                  8.5000000000                  17.0000000000                   0.0000000000 
                  8.5000000000                  17.5000000000                   0.0000000000 
                  8.5000000000                  18.0000000000                   0.0000000000 
                  8.5000000000                  18.5000000000                   0.0000000001 
                  8.5000000000                  19.0000000000                  -0.0000000000 
                  8.5000000000                  19.5000000000                   0.0000000008 
                  8.5000000000                  20.0000000000                   0.0000000019 
                  8.5000000000                  20.5000000000                  -0.0000000010 
                  8.5000000000                  21.0000000000                   0.0000000110 
                  8.5000000000                  21.5000000000                   0.0000000614 
                  8.5000000000                  22.0000000000                   0.0000000422 
                  8.5000000000                  22.5000000000                   0.0000000001 
                  8.5000000000                  23.0000000000                   0.0000000188 
                  8.5000000000                  23.5000000000                   0.0000000172 
                  8.5000000000                  24.0000000000                   0.0000000095 
                  8.5000000000                  24.5000000000                   0.0000000040 
                  8.5000000000                  25.0000000000                  -0.0000000003 
                  8.5000000000                  25.5000000000                   0.0000000014 
                  8.5000000000                  26.0000000000                   0.0000000009 
                  8.5000000000                  26.5000000000                   0.0000000007 
                  8.5000000000                  27.0000000000                   0.0000000112 
                  8.5000000000                  27.5000000000                   0.0000000179 
                  8.5000000000                  28.0000000000                   0.0000000280 
                  8.5000000000                  28.5000000000                   0.0000000667 
                  8.5000000000                  29.0000000000                   0.0000000975 
                  8.5000000000                  29.5000000000                   0.0000000796 
                  8.5000000000                  30.0000000000                   0.0000000316 
                  8.5000000000                  30.5000000000                  -0.0000000006 
                  8.5000000000                  31.0000000000                   0.0000000091 
                  8.5000000000                  31.5000000000                   0.0000000162 
                  8.5000000000                  32.0000000000                   0.0000000020 
                  8.5000000000                  32.5000000000                   0.0000000000 
                  8.5000000000                  33.0000000000                   0.0000000013 
                  8.5000000000                  33.5000000000                   0.0000000000 
                  8.5000000000                  34.0000000000                   0.0000000000 
                  8.5000000000                  34.5000000000                   0.0000000000 
                  8.5000000000                  35.0000000000                   0.0000000000 
                  8.5000000000                  35.5000000000                   0.0000000000 
                  8.5000000000                  36.0000000000                   0.0000000000 
                  8.5000000000                  36.5000000000                   0.0000000000 
                  8.5000000000                  37.0000000000                   0.0000000000 
                  8.5000000000                  37.5000000000                   0.0000000000 
                  8.5000000000                  38.0000000000                   0.0000000000 
                  8.5000000000                  38.5000000000                   0.0000000000 
                  8.5000000000                  39.0000000000                   0.0000000000 
                  8.5000000000                  39.5000000000                   0.0000000000 
                  8.5000000000                  40.0000000000                   0.0000000000 
                  8.5000000000                  40.5000000000                  -0.0000000000 
                  8.5000000000                  41.0000000000                   0.0000000000 
                  8.5000000000                  41.5000000000                   0.0000000000 
                  8.5000000000                  42.0000000000                  -0.0000000000 
                  8.5000000000                  42.5000000000                   0.0000000000 
                  8.5000000000                  43.0000000000                  -0.0000000000 
                  8.5000000000                  43.5000000000                   0.0000000000 
                  8.5000000000                  44.0000000000                  -0.0000000000 
                  8.5000000000                  44.5000000000                  -0.0000000000 
                  8.5000000000                  45.0000000000                   0.0000000000 
                  8.5000000000                  45.5000000000                  -0.0000000000 
                  8.5000000000                  46.0000000000                   0.0000000000 
                  8.5000000000                  46.5000000000                  -0.0000000000 
                  8.5000000000                  47.0000000000                   0.0000000000 
                  8.5000000000                  47.5000000000                  -0.0000000000 
                  8.5000000000                  48.0000000000                   0.0000000000 
                  8.5000000000                  48.5000000000                  -0.0000000000 
                  8.5000000000                  49.0000000000                   0.0000000000 
                  8.5000000000                  49.5000000000                  -0.0000000000 
                  8.5000000000                  50.0000000000                   0.0000000000 
                  9.0000000000                   0.0000000000                   0.0000000000 
                  9.0000000000                   0.5000000000                   0.0000000000 
                  9.0000000000                   1.0000000000                   0.0000000000 
                  9.0000000000                   1.5000000000                   0.0000000000 
                  9.0000000000                   2.0000000000                   0.0000000000 
                  9.0000000000                   2.5000000000                   0.0000000000 
                  9.0000000000                   3.0000000000                   0.0000000000 
                  9.0000000000                   3.5000000000                   0.0000000000 
                  9.0000000000                   4.0000000000                   0.0000000000 
                  9.0000000000                   4.5000000000                   0.0000000000 
                  9.0000000000                   5.0000000000                   0.0000000000 
                  9.0000000000                   5.5000000000                   0.0000000000 
                  9.0000000000                   6.0000000000                   0.0000000000 
                  9.0000000000                   6.5000000000                   0.0000000000 
                  9.0000000000                   7.0000000000                   0.0000000000 
                  9.0000000000                   7.5000000000                   0.0000000000 
                  9.0000000000                   8.0000000000                   0.0000000000 
                  9.0000000000                   8.5000000000                   0.0000000000 
                  9.0000000000                   9.0000000000                   0.0000000000 
                  9.0000000000                   9.5000000000                   0.0000000000 
                  9.0000000000                  10.0000000000                   0.0000000000 
                  9.0000000000                  10.5000000000                   0.0000000000 
                  9.0000000000                  11.0000000000                   0.0000000000 
                  9.0000000000                  11.5000000000                  -0.0000000000 
                  9.0000000000                  12.0000000000                   0.0000000000 
                  9.0000000000                  12.5000000000                   0.0000000000 
                  9.0000000000                  13.0000000000                   0.0000000000 
                  9.0000000000                  13.5000000000                   0.0000000000 
                  9.0000000000                  14.0000000000                   0.0000000000 
                  9.0000000000                  14.5000000000                   0.0000000000 
                  9.0000000000                  15.0000000000                  -0.0000000000 
                  9.0000000000                  15.5000000000                   0.0000000000 
                  9.0000000000                  16.0000000000                  -0.0000000000 
                  9.0000000000                  16.5000000000                   0.0000000000 
                  9.0000000000                  17.0000000000                   0.0000000000 
                  9.0000000000                  17.5000000000                   0.0000000001 
                  9.0000000000                  18.0000000000                   0.0000000001 
                  9.0000000000                  18.5000000000                   0.0000000000 
                  9.0000000000                  19.0000000000                   0.0000000008 
                  9.0000000000                  19.5000000000                   0.0000000015 
                  9.0000000000                  20.0000000000                   0.0000000001 
                  9.0000000000                  20.5000000000                   0.0000000238 
                  9.0000000000                  21.0000000000                   0.0000000282 
                  9.0000000000                  21.5000000000                  -0.0000000125 
                  9.0000000000                  22.0000000000                   0.0000001124 
                  9.0000000000                  22.5000000000                   0.0000003691 
                  9.0000000000                  23.0000000000                   0.0000004094 
                  9.0000000000                  23.5000000000                   0.0000003286 
                  9.0000000000                  24.0000000000                   0.0000003019 
                  9.0000000000                  24.5000000000                   0.0000002526 
                  9.0000000000                  25.0000000000                   0.0000002275 
                  9.0000000000                  25.5000000000                   0.0000002376 
                  9.0000000000                  26.0000000000                   0.0000002310 
                  9.0000000000                  26.5000000000                   0.0000001928 
                  9.0000000000                  27.0000000000                   0.0000001446 
                  9.0000000000                  27.5000000000                   0.0000001484 
                  9.0000000000                  28.0000000000                   0.0000001608 
                  9.0000000000                  28.5000000000                   0.0000000967 
                  9.0000000000                  29.0000000000                   0.0000000159 
                  9.0000000000                  29.5000000000                   0.0000000075 
                  9.0000000000                  30.0000000000                   0.0000000772 
                  9.0000000000                  30.5000000000                   0.0000001003 
                  9.0000000000                  31.0000000000                   0.0000000308 
                  9.0000000000                  31.5000000000                  -0.0000000023 
                  9.0000000000                  32.0000000000                   0.0000000123 
                  9.0000000000                  32.5000000000                   0.0000000072 
                  9.0000000000                  33.0000000000                  -0.0000000006 
                  9.0000000000                  33.5000000000                   0.0000000010 
                  9.0000000000                  34.0000000000                   0.0000000001 
                  9.0000000000                  34.5000000000                   0.0000000001 
                  9.0000000000                  35.0000000000                   0.0000000000 
                  9.0000000000                  35.5000000000                   0.0000000000 
                  9.0000000000                  36.0000000000                   0.0000000000 
                  9.0000000000                  36.5000000000                  -0.0000000000 
                  9.0000000000                  37.0000000000                   0.0000000000 
                  9.0000000000                  37.5000000000                   0.0000000000 
                  9.0000000000                  38.0000000000                   0.0000000000 
                  9.0000000000                  38.5000000000                  -0.0000000000 
                  9.0000000000                  39.0000000000                   0.0000000000 
                  9.0000000000                  39.5000000000                   0.0000000000 
                  9.0000000000                  40.0000000000                   0.0000000000 
                  9.0000000000                  40.5000000000                   0.0000000000 
                  9.0000000000                  41.0000000000                   0.0000000000 
                  9.0000000000                  41.5000000000                   0.0000000000 
                  9.0000000000                  42.0000000000                   0.0000000000 
                  9.0000000000                  42.5000000000                   0.0000000000 
                  9.0000000000                  43.0000000000                   0.0000000000 
                  9.0000000000                  43.5000000000                   0.0000000000 
                  9.0000000000                  44.0000000000                   0.0000000000 
                  9.0000000000                  44.5000000000                   0.0000000000 
                  9.0000000000                  45.0000000000                   0.0000000000 
                  9.0000000000                  45.5000000000                   0.0000000000 
                  9.0000000000                  46.0000000000                   0.0000000000 
                  9.0000000000                  46.5000000000                   0.0000000000 
                  9.0000000000                  47.0000000000                  -0.0000000000 
                  9.0000000000                  47.5000000000                   0.0000000000 
                  9.0000000000                  48.0000000000                  -0.0000000000 
                  9.0000000000                  48.5000000000                   0.0000000000 
                  9.0000000000                  49.0000000000                  -0.0000000000 
                  9.0000000000                  49.5000000000                   0.0000000000 
                  9.0000000000                  50.0000000000                   0.0000000000 
                  9.5000000000                   0.0000000000                   0.0000000000 
                  9.5000000000                   0.5000000000                   0.0000000000 
                  9.5000000000                   1.0000000000                   0.0000000000 
                  9.5000000000                   1.5000000000                  -0.0000000000 
                  9.5000000000                   2.0000000000                   0.0000000000 
                  9.5000000000                   2.5000000000                  -0.0000000000 
                  9.5000000000                   3.0000000000                   0.0000000000 
                  9.5000000000                   3.5000000000                  -0.0000000000 
                  9.5000000000                   4.0000000000                   0.0000000000 
                  9.5000000000                   4.5000000000                  -0.0000000000 
                  9.5000000000                   5.0000000000                   0.0000000000 
                  9.5000000000                   5.5000000000                  -0.0000000000 
                  9.5000000000                   6.0000000000                   0.0000000000 
                  9.5000000000                   6.5000000000                   0.0000000000 
                  9.5000000000                   7.0000000000                   0.0000000000 
                  9.5000000000                   7.5000000000                   0.0000000000 
                  9.5000000000                   8.0000000000                   0.0000000000 
                  9.5000000000                   8.5000000000                   0.0000000000 
                  9.5000000000                   9.0000000000                   0.0000000000 
                  9.5000000000                   9.5000000000                   0.0000000000 
                  9.5000000000                  10.0000000000                   0.0000000000 
                  9.5000000000                  10.5000000000                   0.0000000000 
                  9.5000000000                  11.0000000000                   0.0000000000 
                  9.5000000000                  11.5000000000                   0.0000000000 
                  9.5000000000                  12.0000000000                   0.0000000000 
                  9.5000000000                  12.5000000000                   0.0000000000 
                  9.5000000000                  13.0000000000                   0.0000000000 
                  9.5000000000                  13.5000000000                   0.0000000000 
                  9.5000000000                  14.0000000000                   0.0000000000 
                  9.5000000000                  14.5000000000                   0.0000000000 
                  9.5000000000                  15.0000000000                   0.0000000000 
                  9.5000000000                  15.5000000000                   0.0000000000 
                  9.5000000000                  16.0000000000                   0.0000000000 
                  9.5000000000                  16.5000000000                   0.0000000000 
                  9.5000000000                  17.0000000000                   0.0000000000 
                  9.5000000000                  17.5000000000                   0.0000000001 
                  9.5000000000                  18.0000000000                   0.0000000000 
                  9.5000000000                  18.5000000000                   0.0000000012 
                  9.5000000000                  19.0000000000                   0.0000000001 
                  9.5000000000                  19.5000000000                   0.0000000033 
                  9.5000000000                  20.0000000000                   0.0000000163 
                  9.5000000000                  20.5000000000                  -0.0000000025 
                  9.5000000000                  21.0000000000                   0.0000000362 
                  9.5000000000                  21.5000000000                   0.0000003707 
                  9.5000000000                  22.0000000000                   0.0000005300 
                  9.5000000000                  22.5000000000                   0.0000002130 
                  9.5000000000                  23.0000000000                   0.0000000193 
                  9.5000000000                  23.5000000000                   0.0000000286 
                  9.5000000000                  24.0000000000                   0.0000000391 
                  9.5000000000                  24.5000000000                   0.0000001087 
                  9.5000000000                  25.0000000000                   0.0000001613 
                  9.5000000000                  25.5000000000                   0.0000001429 
                  9.5000000000                  26.0000000000                   0.0000001640 
                  9.5000000000                  26.5000000000                   0.0000002305 
                  9.5000000000                  27.0000000000                   0.0000003337 
                  9.5000000000                  27.5000000000                   0.0000003867 
                  9.5000000000                  28.0000000000                   0.0000004492 
                  9.5000000000                  28.5000000000                   0.0000005980 
                  9.5000000000                  29.0000000000                   0.0000006061 
                  9.5000000000                  29.5000000000                   0.0000003872 
                  9.5000000000                  30.0000000000                   0.0000001134 
                  9.5000000000                  30.5000000000                  -0.0000000111 
                  9.5000000000                  31.0000000000                   0.0000000749 
                  9.5000000000                  31.5000000000                   0.0000000963 
                  9.5000000000                  32.0000000000                   0.0000000047 
                  9.5000000000                  32.5000000000                   0.0000000025 
                  9.5000000000                  33.0000000000                   0.0000000077 
                  9.5000000000                  33.5000000000                   0.0000000002 
                  9.5000000000                  34.0000000000                   0.0000000004 
                  9.5000000000                  34.5000000000                   0.0000000002 
                  9.5000000000                  35.0000000000                  -0.0000000000 
                  9.5000000000                  35.5000000000                   0.0000000000 
                  9.5000000000                  36.0000000000                   0.0000000000 
                  9.5000000000                  36.5000000000                   0.0000000000 
                  9.5000000000                  37.0000000000                   0.0000000000 
                  9.5000000000                  37.5000000000                   0.0000000000 
                  9.5000000000                  38.0000000000                   0.0000000000 
                  9.5000000000                  38.5000000000                   0.0000000000 
                  9.5000000000                  39.0000000000                   0.0000000000 
                  9.5000000000                  39.5000000000                   0.0000000000 
                  9.5000000000                  40.0000000000                   0.0000000000 
                  9.5000000000                  40.5000000000                  -0.0000000000 
                  9.5000000000                  41.0000000000                   0.0000000000 
                  9.5000000000                  41.5000000000                   0.0000000000 
                  9.5000000000                  42.0000000000                  -0.0000000000 
                  9.5000000000                  42.5000000000                   0.0000000000 
                  9.5000000000                  43.0000000000                  -0.0000000000 
                  9.5000000000                  43.5000000000                   0.0000000000 
                  9.5000000000                  44.0000000000                  -0.0000000000 
                  9.5000000000                  44.5000000000                  -0.0000000000 
                  9.5000000000                  45.0000000000                   0.0000000000 
                  9.5000000000                  45.5000000000                  -0.0000000000 
                  9.5000000000                  46.0000000000                   0.0000000000 
                  9.5000000000                  46.5000000000                  -0.0000000000 
                  9.5000000000                  47.0000000000                   0.0000000000 
                  9.5000000000                  47.5000000000                  -0.0000000000 
                  9.5000000000                  48.0000000000                   0.0000000000 
                  9.5000000000                  48.5000000000                  -0.0000000000 
                  9.5000000000                  49.0000000000                   0.0000000000 
                  9.5000000000                  49.5000000000                  -0.0000000000 
                  9.5000000000                  50.0000000000                   0.0000000000 
                 10.0000000000                   0.0000000000                   0.0000000000 
                 10.0000000000                   0.5000000000                   0.0000000000 
                 10.0000000000                   1.0000000000                   0.0000000000 
                 10.0000000000                   1.5000000000                   0.0000000000 
                 10.0000000000                   2.0000000000                   0.0000000000 
                 10.0000000000                   2.5000000000                   0.0000000000 
                 10.0000000000                   3.0000000000                   0.0000000000 
                 10.0000000000                   3.5000000000                   0.0000000000 
                 10.0000000000                   4.0000000000                   0.0000000000 
                 10.0000000000                   4.5000000000                   0.0000000000 
                 10.0000000000                   5.0000000000                   0.0000000000 
                 10.0000000000                   5.5000000000                   0.0000000000 
                 10.0000000000                   6.0000000000                   0.0000000000 
                 10.0000000000                   6.5000000000                   0.0000000000 
                 10.0000000000                   7.0000000000                   0.0000000000 
                 10.0000000000                   7.5000000000                   0.0000000000 
                 10.0000000000                   8.0000000000                   0.0000000000 
                 10.0000000000                   8.5000000000                  -0.0000000000 
                 10.0000000000                   9.0000000000                   0.0000000000 
                 10.0000000000                   9.5000000000                  -0.0000000000 
                 10.0000000000                  10.0000000000                   0.0000000000 
                 10.0000000000                  10.5000000000                   0.0000000000 
                 10.0000000000                  11.0000000000                   0.0000000000 
                 10.0000000000                  11.5000000000                   0.0000000000 
                 10.0000000000                  12.0000000000                   0.0000000000 
                 10.0000000000                  12.5000000000                   0.0000000000 
                 10.0000000000                  13.0000000000                   0.0000000000 
                 10.0000000000                  13.5000000000                   0.0000000000 
                 10.0000000000                  14.0000000000                  -0.0000000000 
                 10.0000000000                  14.5000000000                   0.0000000000 
                 10.0000000000                  15.0000000000                  -0.0000000000 
                 10.0000000000                  15.5000000000                   0.0000000000 
                 10.0000000000                  16.0000000000                   0.0000000000 
                 10.0000000000                  16.5000000000                   0.0000000001 
                 10.0000000000                  17.0000000000                   0.0000000001 
                 10.0000000000                  17.5000000000                   0.0000000002 
                 10.0000000000                  18.0000000000                   0.0000000014 
                 10.0000000000                  18.5000000000                   0.0000000005 
                 10.0000000000                  19.0000000000                   0.0000000038 
                 10.0000000000                  19.5000000000                   0.0000000176 
                 10.0000000000                  20.0000000000                  -0.0000000063 
                 10.0000000000                  20.5000000000                   0.0000001333 
                 10.0000000000                  21.0000000000                   0.0000003213 
                 10.0000000000                  21.5000000000                   0.0000000187 
                 10.0000000000                  22.0000000000                   0.0000002253 
                 10.0000000000                  22.5000000000                   0.0000014764 
                 10.0000000000                  23.0000000000                   0.0000020142 
                 10.0000000000                  23.5000000000                   0.0000016285 
                 10.0000000000                  24.0000000000                   0.0000013167 
                 10.0000000000                  24.5000000000                   0.0000009395 
                 10.0000000000                  25.0000000000                   0.0000007432 
                 10.0000000000                  25.5000000000                   0.0000008555 
                 10.0000000000                  26.0000000000                   0.0000008353 
                 10.0000000000                  26.5000000000                   0.0000006310 
                 10.0000000000                  27.0000000000                   0.0000003865 
                 10.0000000000                  27.5000000000                   0.0000003710 
                 10.0000000000                  28.0000000000                   0.0000004023 
                 10.0000000000                  28.5000000000                   0.0000002204 
                 10.0000000000                  29.0000000000                   0.0000000081 
                 10.0000000000                  29.5000000000                   0.0000002091 
                 10.0000000000                  30.0000000000                   0.0000006431 
                 10.0000000000                  30.5000000000                   0.0000005733 
                 10.0000000000                  31.0000000000                   0.0000001366 
                 10.0000000000                  31.5000000000                  -0.0000000063 
                 10.0000000000                  32.0000000000                   0.0000000834 
                 10.0000000000                  32.5000000000                   0.0000000371 
                 10.0000000000                  33.0000000000                  -0.0000000031 
                 10.0000000000                  33.5000000000                   0.0000000062 
                 10.0000000000                  34.0000000000                   0.0000000004 
                 10.0000000000                  34.5000000000                   0.0000000005 
                 10.0000000000                  35.0000000000                   0.0000000002 
                 10.0000000000                  35.5000000000                   0.0000000001 
                 10.0000000000                  36.0000000000                   0.0000000000 
                 10.0000000000                  36.5000000000                  -0.0000000000 
                 10.0000000000                  37.0000000000                   0.0000000000 
                 10.0000000000                  37.5000000000                   0.0000000000 
                 10.0000000000                  38.0000000000                   0.0000000000 
                 10.0000000000                  38.5000000000                  -0.0000000000 
                 10.0000000000                  39.0000000000                   0.0000000000 
                 10.0000000000                  39.5000000000                   0.0000000000 
                 10.0000000000                  40.0000000000                   0.0000000000 
                 10.0000000000                  40.5000000000                   0.0000000000 
                 10.0000000000                  41.0000000000                   0.0000000000 
                 10.0000000000                  41.5000000000                   0.0000000000 
                 10.0000000000                  42.0000000000                   0.0000000000 
                 10.0000000000                  42.5000000000                   0.0000000000 
                 10.0000000000                  43.0000000000                   0.0000000000 
                 10.0000000000                  43.5000000000                   0.0000000000 
                 10.0000000000                  44.0000000000                   0.0000000000 
                 10.0000000000                  44.5000000000                   0.0000000000 
                 10.0000000000                  45.0000000000                   0.0000000000 
                 10.0000000000                  45.5000000000                   0.0000000000 
                 10.0000000000                  46.0000000000                   0.0000000000 
                 10.0000000000                  46.5000000000                   0.0000000000 
                 10.0000000000                  47.0000000000                  -0.0000000000 
                 10.0000000000                  47.5000000000                   0.0000000000 
                 10.0000000000                  48.0000000000                  -0.0000000000 
                 10.0000000000                  48.5000000000                   0.0000000000 
                 10.0000000000                  49.0000000000                  -0.0000000000 
                 10.0000000000                  49.5000000000                   0.0000000000 
                 10.0000000000                  50.0000000000                   0.0000000000 
                 10.5000000000                   0.0000000000                   0.0000000000 
                 10.5000000000                   0.5000000000                   0.0000000000 
                 10.5000000000                   1.0000000000                   0.0000000000 
                 10.5000000000                   1.5000000000                   0.0000000000 
                 10.5000000000                   2.0000000000                   0.0000000000 
                 10.5000000000                   2.5000000000                   0.0000000000 
                 10.5000000000                   3.0000000000                   0.0000000000 
                 10.5000000000                   3.5000000000                   0.0000000000 
                 10.5000000000                   4.0000000000                  -0.0000000000 
                 10.5000000000                   4.5000000000                   0.0000000000 
                 10.5000000000                   5.0000000000                  -0.0000000000 
                 10.5000000000                   5.5000000000                   0.0000000000 
                 10.5000000000                   6.0000000000                  -0.0000000000 
                 10.5000000000                   6.5000000000                   0.0000000000 
                 10.5000000000                   7.0000000000                  -0.0000000000 
                 10.5000000000                   7.5000000000                   0.0000000000 
                 10.5000000000                   8.0000000000                  -0.0000000000 
                 10.5000000000                   8.5000000000                   0.0000000000 
                 10.5000000000                   9.0000000000                  -0.0000000000 
                 10.5000000000                   9.5000000000                   0.0000000000 
                 10.5000000000                  10.0000000000                   0.0000000000 
                 10.5000000000                  10.5000000000                   0.0000000000 
                 10.5000000000                  11.0000000000                   0.0000000000 
                 10.5000000000                  11.5000000000                   0.0000000000 
                 10.5000000000                  12.0000000000                   0.0000000000 
                 10.5000000000                  12.5000000000                   0.0000000000 
                 10.5000000000                  13.0000000000                   0.0000000000 
                 10.5000000000                  13.5000000000                   0.0000000000 
                 10.5000000000                  14.0000000000                   0.0000000000 
                 10.5000000000                  14.5000000000                   0.0000000000 
                 10.5000000000                  15.0000000000                   0.0000000000 
                 10.5000000000                  15.5000000000                   0.0000000000 
                 10.5000000000                  16.0000000000                   0.0000000000 
                 10.5000000000                  16.5000000000                   0.0000000002 
                 10.5000000000                  17.0000000000                  -0.0000000001 
                 10.5000000000                  17.5000000000                   0.0000000016 
                 10.5000000000                  18.0000000000                   0.0000000001 
                 10.5000000000                  18.5000000000                   0.0000000072 
                 10.5000000000                  19.0000000000                   0.0000000113 
                 10.5000000000                  19.5000000000                   0.0000000070 
                 10.5000000000                  20.0000000000                   0.0000001340 
                 10.5000000000                  20.5000000000                   0.0000000835 
                 10.5000000000                  21.0000000000                   0.0000000029 
                 10.5000000000                  21.5000000000                   0.0000018963 
                 10.5000000000                  22.0000000000                   0.0000045075 
                 10.5000000000                  22.5000000000                   0.0000041134 
                 10.5000000000                  23.0000000000                   0.0000023497 
                 10.5000000000                  23.5000000000                   0.0000021316 
                 10.5000000000                  24.0000000000                   0.0000024358 
                 10.5000000000                  24.5000000000                   0.0000026323 
                 10.5000000000                  25.0000000000                   0.0000028605 
                 10.5000000000                  25.5000000000                   0.0000028238 
                 10.5000000000                  26.0000000000                   0.0000029954 
                 10.5000000000                  26.5000000000                   0.0000031692 
                 10.5000000000                  27.0000000000                   0.0000034209 
                 10.5000000000                  27.5000000000                   0.0000036703 
                 10.5000000000                  28.0000000000                   0.0000039616 
                 10.5000000000                  28.5000000000                   0.0000041770 
                 10.5000000000                  29.0000000000                   0.0000033505 
                 10.5000000000                  29.5000000000                   0.0000017150 
                 10.5000000000                  30.0000000000                   0.0000003301 
                 10.5000000000                  30.5000000000                   0.0000000266 
                 10.5000000000                  31.0000000000                   0.0000006245 
                 10.5000000000                  31.5000000000                   0.0000005518 
                 10.5000000000                  32.0000000000                   0.0000000051 
                 10.5000000000                  32.5000000000                   0.0000000273 
                 10.5000000000                  33.0000000000                   0.0000000439 
                 10.5000000000                  33.5000000000                   0.0000000012 
                 10.5000000000                  34.0000000000                   0.0000000029 
                 10.5000000000                  34.5000000000                   0.0000000009 
                 10.5000000000                  35.0000000000                   0.0000000000 
                 10.5000000000                  35.5000000000                   0.0000000003 
                 10.5000000000                  36.0000000000                   0.0000000000 
                 10.5000000000                  36.5000000000                   0.0000000001 
                 10.5000000000                  37.0000000000                  -0.0000000000 
                 10.5000000000                  37.5000000000                   0.0000000000 
                 10.5000000000                  38.0000000000                   0.0000000000 
                 10.5000000000                  38.5000000000                   0.0000000000 
                 10.5000000000                  39.0000000000                   0.0000000000 
                 10.5000000000                  39.5000000000                   0.0000000000 
                 10.5000000000                  40.0000000000                   0.0000000000 
                 10.5000000000                  40.5000000000                  -0.0000000000 
                 10.5000000000                  41.0000000000                   0.0000000000 
                 10.5000000000                  41.5000000000                   0.0000000000 
                 10.5000000000                  42.0000000000                  -0.0000000000 
                 10.5000000000                  42.5000000000                   0.0000000000 
                 10.5000000000                  43.0000000000                  -0.0000000000 
                 10.5000000000                  43.5000000000                   0.0000000000 
                 10.5000000000                  44.0000000000                  -0.0000000000 
                 10.5000000000                  44.5000000000                  -0.0000000000 
                 10.5000000000                  45.0000000000                   0.0000000000 
                 10.5000000000                  45.5000000000                  -0.0000000000 
                 10.5000000000                  46.0000000000                   0.0000000000 
                 10.5000000000                  46.5000000000                  -0.0000000000 
                 10.5000000000                  47.0000000000                   0.0000000000 
                 10.5000000000                  47.5000000000                  -0.0000000000 
                 10.5000000000                  48.0000000000                   0.0000000000 
                 10.5000000000                  48.5000000000                  -0.0000000000 
                 10.5000000000                  49.0000000000                   0.0000000000 
                 10.5000000000                  49.5000000000                  -0.0000000000 
                 10.5000000000                  50.0000000000                   0.0000000000 
                 11.0000000000                   0.0000000000                   0.0000000000 
                 11.0000000000                   0.5000000000                   0.0000000000 
                 11.0000000000                   1.0000000000                   0.0000000000 
                 11.0000000000                   1.5000000000                   0.0000000000 
                 11.0000000000                   2.0000000000                   0.0000000000 
                 11.0000000000                   2.5000000000                   0.0000000000 
                 11.0000000000                   3.0000000000                   0.0000000000 
                 11.0000000000                   3.5000000000                   0.0000000000 
                 11.0000000000                   4.0000000000                   0.0000000000 
                 11.0000000000                   4.5000000000                   0.0000000000 
                 11.0000000000                   5.0000000000                   0.0000000000 
                 11.0000000000                   5.5000000000                   0.0000000000 
                 11.0000000000                   6.0000000000                   0.0000000000 
                 11.0000000000                   6.5000000000                   0.0000000000 
                 11.0000000000                   7.0000000000                   0.0000000000 
                 11.0000000000                   7.5000000000                   0.0000000000 
                 11.0000000000                   8.0000000000                   0.0000000000 
                 11.0000000000                   8.5000000000                   0.0000000000 
                 11.0000000000                   9.0000000000                   0.0000000000 
                 11.0000000000                   9.5000000000                   0.0000000000 
                 11.0000000000                  10.0000000000                   0.0000000000 
                 11.0000000000                  10.5000000000                   0.0000000000 
                 11.0000000000                  11.0000000000                  -0.0000000000 
                 11.0000000000                  11.5000000000                   0.0000000000 
                 11.0000000000                  12.0000000000                  -0.0000000000 
                 11.0000000000                  12.5000000000                   0.0000000000 
                 11.0000000000                  13.0000000000                  -0.0000000000 
                 11.0000000000                  13.5000000000                   0.0000000000 
                 11.0000000000                  14.0000000000                   0.0000000000 
                 11.0000000000                  14.5000000000                   0.0000000000 
                 11.0000000000                  15.0000000000                   0.0000000000 
                 11.0000000000                  15.5000000000                   0.0000000000 
                 11.0000000000                  16.0000000000                   0.0000000002 
                 11.0000000000                  16.5000000000                   0.0000000000 
                 11.0000000000                  17.0000000000                   0.0000000018 
                 11.0000000000                  17.5000000000                   0.0000000002 
                 11.0000000000                  18.0000000000                   0.0000000091 
                 11.0000000000                  18.5000000000                   0.0000000126 
                 11.0000000000                  19.0000000000                   0.0000000125 
                 11.0000000000                  19.5000000000                   0.0000001540 
                 11.0000000000                  20.0000000000                   0.0000000173 
                 11.0000000000                  20.5000000000                   0.0000004576 
                 11.0000000000                  21.0000000000                   0.0000030547 
                 11.0000000000                  21.5000000000                   0.0000020904 
                 11.0000000000                  22.0000000000                  -0.0000000604 
                 11.0000000000                  22.5000000000                   0.0000030243 
                 11.0000000000                  23.0000000000                   0.0000051164 
                 11.0000000000                  23.5000000000                   0.0000040817 
                 11.0000000000                  24.0000000000                   0.0000029082 
                 11.0000000000                  24.5000000000                   0.0000018257 
                 11.0000000000                  25.0000000000                   0.0000013615 
                 11.0000000000                  25.5000000000                   0.0000015863 
                 11.0000000000                  26.0000000000                   0.0000013920 
                 11.0000000000                  26.5000000000                   0.0000008868 
                 11.0000000000                  27.0000000000                   0.0000005089 
                 11.0000000000                  27.5000000000                   0.0000005429 
                 11.0000000000                  28.0000000000                   0.0000006885 
                 11.0000000000                  28.5000000000                   0.0000002616 
                 11.0000000000                  29.0000000000                   0.0000009219 
                 11.0000000000                  29.5000000000                   0.0000036232 
                 11.0000000000                  30.0000000000                   0.0000050528 
                 11.0000000000                  30.5000000000                   0.0000032406 
                 11.0000000000                  31.0000000000                   0.0000005215 
                 11.0000000000                  31.5000000000                   0.0000000635 
                 11.0000000000                  32.0000000000                   0.0000005762 
                 11.0000000000                  32.5000000000                   0.0000001785 
                 11.0000000000                  33.0000000000                  -0.0000000142 
                 11.0000000000                  33.5000000000                   0.0000000384 
                 11.0000000000                  34.0000000000                   0.0000000018 
                 11.0000000000                  34.5000000000                   0.0000000032 
                 11.0000000000                  35.0000000000                   0.0000000009 
                 11.0000000000                  35.5000000000                   0.0000000004 
                 11.0000000000                  36.0000000000                   0.0000000002 
                 11.0000000000                  36.5000000000                   0.0000000000 
                 11.0000000000                  37.0000000000                   0.0000000001 
                 11.0000000000                  37.5000000000                   0.0000000000 
                 11.0000000000                  38.0000000000                   0.0000000000 
                 11.0000000000                  38.5000000000                  -0.0000000000 
                 11.0000000000                  39.0000000000                   0.0000000000 
                 11.0000000000                  39.5000000000                   0.0000000000 
                 11.0000000000                  40.0000000000                   0.0000000000 
                 11.0000000000                  40.5000000000                   0.0000000000 
                 11.0000000000                  41.0000000000                   0.0000000000 
                 11.0000000000                  41.5000000000                   0.0000000000 
                 11.0000000000                  42.0000000000                   0.0000000000 
                 11.0000000000                  42.5000000000                   0.0000000000 
                 11.0000000000                  43.0000000000                   0.0000000000 
                 11.0000000000                  43.5000000000                   0.0000000000 
                 11.0000000000                  44.0000000000                   0.0000000000 
                 11.0000000000                  44.5000000000                   0.0000000000 
                 11.0000000000                  45.0000000000                   0.0000000000 
                 11.0000000000                  45.5000000000                   0.0000000000 
                 11.0000000000                  46.0000000000                   0.0000000000 
                 11.0000000000                  46.5000000000                   0.0000000000 
                 11.0000000000                  47.0000000000                  -0.0000000000 
                 11.0000000000                  47.5000000000                   0.0000000000 
                 11.0000000000                  48.0000000000                  -0.0000000000 
                 11.0000000000                  48.5000000000                   0.0000000000 
                 11.0000000000                  49.0000000000                  -0.0000000000 
                 11.0000000000                  49.5000000000                   0.0000000000 
                 11.0000000000                  50.0000000000                   0.0000000000 
                 11.5000000000                   0.0000000000                   0.0000000000 
                 11.5000000000                   0.5000000000                   0.0000000000 
                 11.5000000000                   1.0000000000                   0.0000000000 
                 11.5000000000                   1.5000000000                   0.0000000000 
                 11.5000000000                   2.0000000000                   0.0000000000 
                 11.5000000000                   2.5000000000                   0.0000000000 
                 11.5000000000                   3.0000000000                   0.0000000000 
                 11.5000000000                   3.5000000000                   0.0000000000 
                 11.5000000000                   4.0000000000                   0.0000000000 
                 11.5000000000                   4.5000000000                   0.0000000000 
                 11.5000000000                   5.0000000000                   0.0000000000 
                 11.5000000000                   5.5000000000                   0.0000000000 
                 11.5000000000                   6.0000000000                   0.0000000000 
                 11.5000000000                   6.5000000000                   0.0000000000 
                 11.5000000000                   7.0000000000                   0.0000000000 
                 11.5000000000                   7.5000000000                   0.0000000000 
                 11.5000000000                   8.0000000000                   0.0000000000 
                 11.5000000000                   8.5000000000                   0.0000000000 
                 11.5000000000                   9.0000000000                   0.0000000000 
                 11.5000000000                   9.5000000000                   0.0000000000 
                 11.5000000000                  10.0000000000                   0.0000000000 
                 11.5000000000                  10.5000000000                   0.0000000000 
                 11.5000000000                  11.0000000000                   0.0000000000 
                 11.5000000000                  11.5000000000                   0.0000000000 
                 11.5000000000                  12.0000000000                   0.0000000000 
                 11.5000000000                  12.5000000000                   0.0000000000 
                 11.5000000000                  13.0000000000                   0.0000000000 
                 11.5000000000                  13.5000000000                   0.0000000000 
                 11.5000000000                  14.0000000000                   0.0000000000 
                 11.5000000000                  14.5000000000                   0.0000000000 
                 11.5000000000                  15.0000000000                   0.0000000000 
                 11.5000000000                  15.5000000000                   0.0000000003 
                 11.5000000000                  16.0000000000                  -0.0000000000 
                 11.5000000000                  16.5000000000                   0.0000000019 
                 11.5000000000                  17.0000000000                   0.0000000002 
                 11.5000000000                  17.5000000000                   0.0000000074 
                 11.5000000000                  18.0000000000                   0.0000000188 
                 11.5000000000                  18.5000000000                   0.0000000103 
                 11.5000000000                  19.0000000000                   0.0000001729 
                 11.5000000000                  19.5000000000                  -0.0000000074 
                 11.5000000000                  20.0000000000                   0.0000008393 
                 11.5000000000                  20.5000000000                   0.0000021217 
                 11.5000000000                  21.0000000000                  -0.0000001882 
                 11.5000000000                  21.5000000000                   0.0000062444 
                 11.5000000000                  22.0000000000                   0.0000283253 
                 11.5000000000                  22.5000000000                   0.0000384091 
                 11.5000000000                  23.0000000000                   0.0000318492 
                 11.5000000000                  23.5000000000                   0.0000289268 
                 11.5000000000                  24.0000000000                   0.0000279422 
                 11.5000000000                  24.5000000000                   0.0000259363 
                 11.5000000000                  25.0000000000                   0.0000255531 
                 11.5000000000                  25.5000000000                   0.0000255031 
                 11.5000000000                  26.0000000000                   0.0000255189 
                 11.5000000000                  26.5000000000                   0.0000233422 
                 11.5000000000                  27.0000000000                   0.0000206390 
                 11.5000000000                  27.5000000000                   0.0000223713 
                 11.5000000000                  28.0000000000                   0.0000256964 
                 11.5000000000                  28.5000000000                   0.0000238633 
                 11.5000000000                  29.0000000000                   0.0000150826 
                 11.5000000000                  29.5000000000                   0.0000055724 
                 11.5000000000                  30.0000000000                   0.0000002879 
                 11.5000000000                  30.5000000000                   0.0000015600 
                 11.5000000000                  31.0000000000                   0.0000050994 
                 11.5000000000                  31.5000000000                   0.0000029233 
                 11.5000000000                  32.0000000000                  -0.0000000782 
                 11.5000000000                  32.5000000000                   0.0000002430 
                 11.5000000000                  33.0000000000                   0.0000002556 
                 11.5000000000                  33.5000000000                   0.0000000025 
                 11.5000000000                  34.0000000000                   0.0000000228 
                 11.5000000000                  34.5000000000                   0.0000000040 
                 11.5000000000                  35.0000000000                   0.0000000007 
                 11.5000000000                  35.5000000000                   0.0000000014 
                 11.5000000000                  36.0000000000                   0.0000000002 
                 11.5000000000                  36.5000000000                   0.0000000005 
                 11.5000000000                  37.0000000000                  -0.0000000000 
                 11.5000000000                  37.5000000000                   0.0000000001 
                 11.5000000000                  38.0000000000                   0.0000000000 
                 11.5000000000                  38.5000000000                   0.0000000002 
                 11.5000000000                  39.0000000000                   0.0000000000 
                 11.5000000000                  39.5000000000                   0.0000000000 
                 11.5000000000                  40.0000000000                   0.0000000000 
                 11.5000000000                  40.5000000000                  -0.0000000000 
                 11.5000000000                  41.0000000000                   0.0000000000 
                 11.5000000000                  41.5000000000                   0.0000000000 
                 11.5000000000                  42.0000000000                  -0.0000000000 
                 11.5000000000                  42.5000000000                   0.0000000000 
                 11.5000000000                  43.0000000000                  -0.0000000000 
                 11.5000000000                  43.5000000000                   0.0000000000 
                 11.5000000000                  44.0000000000                  -0.0000000000 
                 11.5000000000                  44.5000000000                  -0.0000000000 
                 11.5000000000                  45.0000000000                   0.0000000000 
                 11.5000000000                  45.5000000000                  -0.0000000000 
                 11.5000000000                  46.0000000000                   0.0000000000 
                 11.5000000000                  46.5000000000                  -0.0000000000 
                 11.5000000000                  47.0000000000                   0.0000000000 
                 11.5000000000                  47.5000000000                   0.0000000000 
                 11.5000000000                  48.0000000000                   0.0000000000 
                 11.5000000000                  48.5000000000                   0.0000000000 
                 11.5000000000                  49.0000000000                   0.0000000000 
                 11.5000000000                  49.5000000000                   0.0000000000 
                 11.5000000000                  50.0000000000                   0.0000000000 
                 12.0000000000                   0.0000000000                   0.0000000000 
                 12.0000000000                   0.5000000000                   0.0000000000 
                 12.0000000000                   1.0000000000                  -0.0000000000 
                 12.0000000000                   1.5000000000                   0.0000000000 
                 12.0000000000                   2.0000000000                  -0.0000000000 
                 12.0000000000                   2.5000000000                   0.0000000000 
                 12.0000000000                   3.0000000000                  -0.0000000000 
                 12.0000000000                   3.5000000000                   0.0000000000 
                 12.0000000000                   4.0000000000                  -0.0000000000 
                 12.0000000000                   4.5000000000                   0.0000000000 
                 12.0000000000                   5.0000000000                  -0.0000000000 
                 12.0000000000                   5.5000000000                   0.0000000000 
                 12.0000000000                   6.0000000000                  -0.0000000000 
                 12.0000000000                   6.5000000000                   0.0000000000 
                 12.0000000000                   7.0000000000                  -0.0000000000 
                 12.0000000000                   7.5000000000                   0.0000000000 
                 12.0000000000                   8.0000000000                  -0.0000000000 
                 12.0000000000                   8.5000000000                   0.0000000000 
                 12.0000000000                   9.0000000000                  -0.0000000000 
                 12.0000000000                   9.5000000000                   0.0000000000 
                 12.0000000000                  10.0000000000                   0.0000000000 
                 12.0000000000                  10.5000000000                   0.0000000000 
                 12.0000000000                  11.0000000000                   0.0000000000 
                 12.0000000000                  11.5000000000                   0.0000000000 
                 12.0000000000                  12.0000000000                   0.0000000000 
                 12.0000000000                  12.5000000000                   0.0000000000 
                 12.0000000000                  13.0000000000                   0.0000000000 
                 12.0000000000                  13.5000000000                   0.0000000000 
                 12.0000000000                  14.0000000000                   0.0000000000 
                 12.0000000000                  14.5000000000                  -0.0000000000 
                 12.0000000000                  15.0000000000                   0.0000000003 
                 12.0000000000                  15.5000000000                  -0.0000000000 
                 12.0000000000                  16.0000000000                   0.0000000019 
                 12.0000000000                  16.5000000000                   0.0000000009 
                 12.0000000000                  17.0000000000                   0.0000000073 
                 12.0000000000                  17.5000000000                   0.0000000212 
                 12.0000000000                  18.0000000000                   0.0000000121 
                 12.0000000000                  18.5000000000                   0.0000001961 
                 12.0000000000                  19.0000000000                   0.0000000159 
                 12.0000000000                  19.5000000000                   0.0000009563 
                 12.0000000000                  20.0000000000                   0.0000018326 
                 12.0000000000                  20.5000000000                   0.0000002433 
                 12.0000000000                  21.0000000000                   0.0000189216 
                 12.0000000000                  21.5000000000                   0.0000422228 
                 12.0000000000                  22.0000000000                   0.0000199102 
                 12.0000000000                  22.5000000000                   0.0000000627 
                 12.0000000000                  23.0000000000                   0.0000043691 
                 12.0000000000                  23.5000000000                   0.0000025119 
                 12.0000000000                  24.0000000000                   0.0000015375 
                 12.0000000000                  24.5000000000                   0.0000042641 
                 12.0000000000                  25.0000000000                   0.0000065334 
                 12.0000000000                  25.5000000000                   0.0000037440 
                 12.0000000000                  26.0000000000                   0.0000031297 
                 12.0000000000                  26.5000000000                   0.0000056409 
                 12.0000000000                  27.0000000000                   0.0000115617 
                 12.0000000000                  27.5000000000                   0.0000131749 
                 12.0000000000                  28.0000000000                   0.0000114279 
                 12.0000000000                  28.5000000000                   0.0000185259 
                 12.0000000000                  29.0000000000                   0.0000317225 
                 12.0000000000                  29.5000000000                   0.0000406797 
                 12.0000000000                  30.0000000000                   0.0000345039 
                 12.0000000000                  30.5000000000                   0.0000156122 
                 12.0000000000                  31.0000000000                   0.0000008682 
                 12.0000000000                  31.5000000000                   0.0000014250 
                 12.0000000000                  32.0000000000                   0.0000039895 
                 12.0000000000                  32.5000000000                   0.0000007617 
                 12.0000000000                  33.0000000000                  -0.0000000350 
                 12.0000000000                  33.5000000000                   0.0000002494 
                 12.0000000000                  34.0000000000                   0.0000000032 
                 12.0000000000                  34.5000000000                   0.0000000244 
                 12.0000000000                  35.0000000000                   0.0000000051 
                 12.0000000000                  35.5000000000                   0.0000000031 
                 12.0000000000                  36.0000000000                   0.0000000013 
                 12.0000000000                  36.5000000000                   0.0000000001 
                 12.0000000000                  37.0000000000                   0.0000000005 
                 12.0000000000                  37.5000000000                   0.0000000000 
                 12.0000000000                  38.0000000000                   0.0000000002 
                 12.0000000000                  38.5000000000                  -0.0000000001 
                 12.0000000000                  39.0000000000                   0.0000000000 
                 12.0000000000                  39.5000000000                   0.0000000000 
                 12.0000000000                  40.0000000000                   0.0000000000 
                 12.0000000000                  40.5000000000                   0.0000000001 
                 12.0000000000                  41.0000000000                   0.0000000000 
                 12.0000000000                  41.5000000000                   0.0000000000 
                 12.0000000000                  42.0000000000                   0.0000000000 
                 12.0000000000                  42.5000000000                   0.0000000000 
                 12.0000000000                  43.0000000000                   0.0000000000 
                 12.0000000000                  43.5000000000                   0.0000000000 
                 12.0000000000                  44.0000000000                   0.0000000000 
                 12.0000000000                  44.5000000000                   0.0000000000 
                 12.0000000000                  45.0000000000                   0.0000000000 
                 12.0000000000                  45.5000000000                   0.0000000000 
                 12.0000000000                  46.0000000000                   0.0000000000 
                 12.0000000000                  46.5000000000                   0.0000000000 
                 12.0000000000                  47.0000000000                  -0.0000000000 
                 12.0000000000                  47.5000000000                   0.0000000000 
                 12.0000000000                  48.0000000000                  -0.0000000000 
                 12.0000000000                  48.5000000000                   0.0000000000 
                 12.0000000000                  49.0000000000                  -0.0000000000 
                 12.0000000000                  49.5000000000                   0.0000000000 
                 12.0000000000                  50.0000000000                   0.0000000000 
                 12.5000000000                   0.0000000000                   0.0000000000 
                 12.5000000000                   0.5000000000                  -0.0000000000 
                 12.5000000000                   1.0000000000                   0.0000000000 
                 12.5000000000                   1.5000000000                  -0.0000000000 
                 12.5000000000                   2.0000000000                   0.0000000000 
                 12.5000000000                   2.5000000000                  -0.0000000000 
                 12.5000000000                   3.0000000000                   0.0000000000 
                 12.5000000000                   3.5000000000                  -0.0000000000 
                 12.5000000000                   4.0000000000                   0.0000000000 
                 12.5000000000                   4.5000000000                  -0.0000000000 
                 12.5000000000                   5.0000000000                   0.0000000000 
                 12.5000000000                   5.5000000000                  -0.0000000000 
                 12.5000000000                   6.0000000000                   0.0000000000 
                 12.5000000000                   6.5000000000                   0.0000000000 
                 12.5000000000                   7.0000000000                   0.0000000000 
                 12.5000000000                   7.5000000000                   0.0000000000 
                 12.5000000000                   8.0000000000                   0.0000000000 
                 12.5000000000                   8.5000000000                   0.0000000000 
                 12.5000000000                   9.0000000000                   0.0000000000 
                 12.5000000000                   9.5000000000                   0.0000000000 
                 12.5000000000                  10.0000000000                   0.0000000000 
                 12.5000000000                  10.5000000000                   0.0000000000 
                 12.5000000000                  11.0000000000                   0.0000000000 
                 12.5000000000                  11.5000000000                   0.0000000000 
                 12.5000000000                  12.0000000000                   0.0000000000 
                 12.5000000000                  12.5000000000                   0.0000000000 
                 12.5000000000                  13.0000000000                   0.0000000000 
                 12.5000000000                  13.5000000000                   0.0000000000 
                 12.5000000000                  14.0000000000                   0.0000000000 
                 12.5000000000                  14.5000000000                   0.0000000003 
                 12.5000000000                  15.0000000000                   0.0000000002 
                 12.5000000000                  15.5000000000                   0.0000000011 
                 12.5000000000                  16.0000000000                   0.0000000026 
                 12.5000000000                  16.5000000000                   0.0000000022 
                 12.5000000000                  17.0000000000                   0.0000000284 
                 12.5000000000                  17.5000000000                  -0.0000000040 
                 12.5000000000                  18.0000000000                   0.0000002154 
                 12.5000000000                  18.5000000000                   0.0000000531 
                 12.5000000000                  19.0000000000                   0.0000008082 
                 12.5000000000                  19.5000000000                   0.0000020323 
                 12.5000000000                  20.0000000000                   0.0000005594 
                 12.5000000000                  20.5000000000                   0.0000241205 
                 12.5000000000                  21.0000000000                   0.0000290763 
                 12.5000000000                  21.5000000000                   0.0000029927 
                 12.5000000000                  22.0000000000                   0.0000989820 
                 12.5000000000                  22.5000000000                   0.0002327460 
                 12.5000000000                  23.0000000000                   0.0002358680 
                 12.5000000000                  23.5000000000                   0.0002017578 
                 12.5000000000                  24.0000000000                   0.0001735357 
                 12.5000000000                  24.5000000000                   0.0001213043 
                 12.5000000000                  25.0000000000                   0.0001019364 
                 12.5000000000                  25.5000000000                   0.0001203683 
                 12.5000000000                  26.0000000000                   0.0001230537 
                 12.5000000000                  26.5000000000                   0.0000999119 
                 12.5000000000                  27.0000000000                   0.0000739119 
                 12.5000000000                  27.5000000000                   0.0000802644 
                 12.5000000000                  28.0000000000                   0.0001014207 
                 12.5000000000                  28.5000000000                   0.0000844986 
                 12.5000000000                  29.0000000000                   0.0000396783 
                 12.5000000000                  29.5000000000                   0.0000081699 
                 12.5000000000                  30.0000000000                   0.0000027217 
                 12.5000000000                  30.5000000000                   0.0000273218 
                 12.5000000000                  31.0000000000                   0.0000389313 
                 12.5000000000                  31.5000000000                   0.0000140576 
                 12.5000000000                  32.0000000000                  -0.0000006414 
                 12.5000000000                  32.5000000000                   0.0000023119 
                 12.5000000000                  33.0000000000                   0.0000015664 
                 12.5000000000                  33.5000000000                  -0.0000000470 
                 12.5000000000                  34.0000000000                   0.0000002073 
                 12.5000000000                  34.5000000000                   0.0000000080 
                 12.5000000000                  35.0000000000                   0.0000000160 
                 12.5000000000                  35.5000000000                   0.0000000058 
                 12.5000000000                  36.0000000000                   0.0000000028 
                 12.5000000000                  36.5000000000                   0.0000000028 
                 12.5000000000                  37.0000000000                  -0.0000000001 
                 12.5000000000                  37.5000000000                   0.0000000007 
                 12.5000000000                  38.0000000000                   0.0000000002 
                 12.5000000000                  38.5000000000                   0.0000000008 
                 12.5000000000                  39.0000000000                   0.0000000002 
                 12.5000000000                  39.5000000000                   0.0000000002 
                 12.5000000000                  40.0000000000                   0.0000000002 
                 12.5000000000                  40.5000000000                  -0.0000000000 
                 12.5000000000                  41.0000000000                   0.0000000000 
                 12.5000000000                  41.5000000000                   0.0000000000 
                 12.5000000000                  42.0000000000                  -0.0000000000 
                 12.5000000000                  42.5000000000                   0.0000000000 
                 12.5000000000                  43.0000000000                  -0.0000000000 
                 12.5000000000                  43.5000000000                   0.0000000000 
                 12.5000000000                  44.0000000000                  -0.0000000000 
                 12.5000000000                  44.5000000000                   0.0000000000 
                 12.5000000000                  45.0000000000                   0.0000000000 
                 12.5000000000                  45.5000000000                   0.0000000000 
                 12.5000000000                  46.0000000000                   0.0000000000 
                 12.5000000000                  46.5000000000                   0.0000000000 
                 12.5000000000                  47.0000000000                   0.0000000000 
                 12.5000000000                  47.5000000000                   0.0000000000 
                 12.5000000000                  48.0000000000                   0.0000000000 
                 12.5000000000                  48.5000000000                   0.0000000000 
                 12.5000000000                  49.0000000000                   0.0000000000 
                 12.5000000000                  49.5000000000                   0.0000000000 
                 12.5000000000                  50.0000000000                   0.0000000000 
                 13.0000000000                   0.0000000000                   0.0000000000 
                 13.0000000000                   0.5000000000                   0.0000000000 
                 13.0000000000                   1.0000000000                   0.0000000000 
                 13.0000000000                   1.5000000000                   0.0000000000 
                 13.0000000000                   2.0000000000                   0.0000000000 
                 13.0000000000                   2.5000000000                   0.0000000000 
                 13.0000000000                   3.0000000000                   0.0000000000 
                 13.0000000000                   3.5000000000                   0.0000000000 
                 13.0000000000                   4.0000000000                   0.0000000000 
                 13.0000000000                   4.5000000000                   0.0000000000 
                 13.0000000000                   5.0000000000                   0.0000000000 
                 13.0000000000                   5.5000000000                  -0.0000000000 
                 13.0000000000                   6.0000000000                   0.0000000000 
                 13.0000000000                   6.5000000000                  -0.0000000000 
                 13.0000000000                   7.0000000000                   0.0000000000 
                 13.0000000000                   7.5000000000                  -0.0000000000 
                 13.0000000000                   8.0000000000                   0.0000000000 
                 13.0000000000                   8.5000000000                  -0.0000000000 
                 13.0000000000                   9.0000000000                   0.0000000000 
                 13.0000000000                   9.5000000000                  -0.0000000000 
                 13.0000000000                  10.0000000000                   0.0000000000 
                 13.0000000000                  10.5000000000                  -0.0000000000 
                 13.0000000000                  11.0000000000                   0.0000000000 
                 13.0000000000                  11.5000000000                  -0.0000000000 
                 13.0000000000                  12.0000000000                   0.0000000000 
                 13.0000000000                  12.5000000000                   0.0000000000 
                 13.0000000000                  13.0000000000                   0.0000000000 
                 13.0000000000                  13.5000000000                   0.0000000000 
                 13.0000000000                  14.0000000000                   0.0000000001 
                 13.0000000000                  14.5000000000                   0.0000000004 
                 13.0000000000                  15.0000000000                   0.0000000003 
                 13.0000000000                  15.5000000000                   0.0000000039 
                 13.0000000000                  16.0000000000                  -0.0000000000 
                 13.0000000000                  16.5000000000                   0.0000000288 
                 13.0000000000                  17.0000000000                  -0.0000000012 
                 13.0000000000                  17.5000000000                   0.0000001711 
                 13.0000000000                  18.0000000000                   0.0000001180 
                 13.0000000000                  18.5000000000                   0.0000005098 
                 13.0000000000                  19.0000000000                   0.0000024582 
                 13.0000000000                  19.5000000000                   0.0000003029 
                 13.0000000000                  20.0000000000                   0.0000216955 
                 13.0000000000                  20.5000000000                   0.0000180614 
                 13.0000000000                  21.0000000000                   0.0000270152 
                 13.0000000000                  21.5000000000                   0.0003357820 
                 13.0000000000                  22.0000000000                   0.0006062346 
                 13.0000000000                  22.5000000000                   0.0004389427 
                 13.0000000000                  23.0000000000                   0.0002679735 
                 13.0000000000                  23.5000000000                   0.0002910655 
                 13.0000000000                  24.0000000000                   0.0003146286 
                 13.0000000000                  24.5000000000                   0.0003430891 
                 13.0000000000                  25.0000000000                   0.0003806897 
                 13.0000000000                  25.5000000000                   0.0003624066 
                 13.0000000000                  26.0000000000                   0.0003520888 
                 13.0000000000                  26.5000000000                   0.0003435132 
                 13.0000000000                  27.0000000000                   0.0003527715 
                 13.0000000000                  27.5000000000                   0.0003850562 
                 13.0000000000                  28.0000000000                   0.0004024151 
                 13.0000000000                  28.5000000000                   0.0004347210 
                 13.0000000000                  29.0000000000                   0.0004263377 
                 13.0000000000                  29.5000000000                   0.0003408626 
                 13.0000000000                  30.0000000000                   0.0001935591 
                 13.0000000000                  30.5000000000                   0.0000539784 
                 13.0000000000                  31.0000000000                  -0.0000021961 
                 13.0000000000                  31.5000000000                   0.0000249441 
                 13.0000000000                  32.0000000000                   0.0000307937 
                 13.0000000000                  32.5000000000                   0.0000021356 
                 13.0000000000                  33.0000000000                   0.0000009717 
                 13.0000000000                  33.5000000000                   0.0000017609 
                 13.0000000000                  34.0000000000                  -0.0000000263 
                 13.0000000000                  34.5000000000                   0.0000002035 
                 13.0000000000                  35.0000000000                   0.0000000246 
                 13.0000000000                  35.5000000000                   0.0000000248 
                 13.0000000000                  36.0000000000                   0.0000000082 
                 13.0000000000                  36.5000000000                   0.0000000007 
                 13.0000000000                  37.0000000000                   0.0000000034 
                 13.0000000000                  37.5000000000                   0.0000000001 
                 13.0000000000                  38.0000000000                   0.0000000013 
                 13.0000000000                  38.5000000000                  -0.0000000003 
                 13.0000000000                  39.0000000000                   0.0000000001 
                 13.0000000000                  39.5000000000                   0.0000000001 
                 13.0000000000                  40.0000000000                   0.0000000001 
                 13.0000000000                  40.5000000000                   0.0000000003 
                 13.0000000000                  41.0000000000                   0.0000000001 
                 13.0000000000                  41.5000000000                   0.0000000001 
                 13.0000000000                  42.0000000000                   0.0000000000 
                 13.0000000000                  42.5000000000                   0.0000000000 
                 13.0000000000                  43.0000000000                   0.0000000000 
                 13.0000000000                  43.5000000000                   0.0000000000 
                 13.0000000000                  44.0000000000                   0.0000000000 
                 13.0000000000                  44.5000000000                   0.0000000000 
                 13.0000000000                  45.0000000000                   0.0000000000 
                 13.0000000000                  45.5000000000                   0.0000000000 
                 13.0000000000                  46.0000000000                  -0.0000000000 
                 13.0000000000                  46.5000000000                   0.0000000000 
                 13.0000000000                  47.0000000000                  -0.0000000000 
                 13.0000000000                  47.5000000000                   0.0000000000 
                 13.0000000000                  48.0000000000                  -0.0000000000 
                 13.0000000000                  48.5000000000                   0.0000000000 
                 13.0000000000                  49.0000000000                  -0.0000000000 
                 13.0000000000                  49.5000000000                   0.0000000000 
                 13.0000000000                  50.0000000000                   0.0000000000 
                 13.5000000000                   0.0000000000                   0.0000000000 
                 13.5000000000                   0.5000000000                   0.0000000000 
                 13.5000000000                   1.0000000000                  -0.0000000000 
                 13.5000000000                   1.5000000000                   0.0000000000 
                 13.5000000000                   2.0000000000                  -0.0000000000 
                 13.5000000000                   2.5000000000                   0.0000000000 
                 13.5000000000                   3.0000000000                  -0.0000000000 
                 13.5000000000                   3.5000000000                   0.0000000000 
                 13.5000000000                   4.0000000000                  -0.0000000000 
                 13.5000000000                   4.5000000000                   0.0000000000 
                 13.5000000000                   5.0000000000                  -0.0000000000 
                 13.5000000000                   5.5000000000                   0.0000000000 
                 13.5000000000                   6.0000000000                   0.0000000000 
                 13.5000000000                   6.5000000000                   0.0000000000 
                 13.5000000000                   7.0000000000                   0.0000000000 
                 13.5000000000                   7.5000000000                   0.0000000000 
                 13.5000000000                   8.0000000000                   0.0000000000 
                 13.5000000000                   8.5000000000                   0.0000000000 
                 13.5000000000                   9.0000000000                   0.0000000000 
                 13.5000000000                   9.5000000000                   0.0000000000 
                 13.5000000000                  10.0000000000                   0.0000000000 
                 13.5000000000                  10.5000000000                   0.0000000000 
                 13.5000000000                  11.0000000000                   0.0000000000 
                 13.5000000000                  11.5000000000                   0.0000000000 
                 13.5000000000                  12.0000000000                   0.0000000000 
                 13.5000000000                  12.5000000000                   0.0000000000 
                 13.5000000000                  13.0000000000                   0.0000000001 
                 13.5000000000                  13.5000000000                   0.0000000000 
                 13.5000000000                  14.0000000000                   0.0000000005 
                 13.5000000000                  14.5000000000                  -0.0000000000 
                 13.5000000000                  15.0000000000                   0.0000000034 
                 13.5000000000                  15.5000000000                  -0.0000000003 
                 13.5000000000                  16.0000000000                   0.0000000203 
                 13.5000000000                  16.5000000000                   0.0000000056 
                 13.5000000000                  17.0000000000                   0.0000001001 
                 13.5000000000                  17.5000000000                   0.0000002013 
                 13.5000000000                  18.0000000000                   0.0000002225 
                 13.5000000000                  18.5000000000                   0.0000027567 
                 13.5000000000                  19.0000000000                  -0.0000000632 
                 13.5000000000                  19.5000000000                   0.0000175325 
                 13.5000000000                  20.0000000000                   0.0000167846 
                 13.5000000000                  20.5000000000                   0.0000341918 
                 13.5000000000                  21.0000000000                   0.0004561651 
                 13.5000000000                  21.5000000000                   0.0006431465 
                 13.5000000000                  22.0000000000                   0.0001838629 
                 13.5000000000                  22.5000000000                   0.0001766584 
                 13.5000000000                  23.0000000000                   0.0003631791 
                 13.5000000000                  23.5000000000                   0.0002398563 
                 13.5000000000                  24.0000000000                   0.0001418068 
                 13.5000000000                  24.5000000000                   0.0000626643 
                 13.5000000000                  25.0000000000                   0.0000387798 
                 13.5000000000                  25.5000000000                   0.0000584049 
                 13.5000000000                  26.0000000000                   0.0000702882 
                 13.5000000000                  26.5000000000                   0.0000584861 
                 13.5000000000                  27.0000000000                   0.0000432529 
                 13.5000000000                  27.5000000000                   0.0000468924 
                 13.5000000000                  28.0000000000                   0.0000644879 
                 13.5000000000                  28.5000000000                   0.0000555115 
                 13.5000000000                  29.0000000000                   0.0000681891 
                 13.5000000000                  29.5000000000                   0.0002023628 
                 13.5000000000                  30.0000000000                   0.0003807802 
                 13.5000000000                  30.5000000000                   0.0004493698 
                 13.5000000000                  31.0000000000                   0.0002914770 
                 13.5000000000                  31.5000000000                   0.0000545634 
                 13.5000000000                  32.0000000000                   0.0000023791 
                 13.5000000000                  32.5000000000                   0.0000300934 
                 13.5000000000                  33.0000000000                   0.0000085327 
                 13.5000000000                  33.5000000000                  -0.0000002274 
                 13.5000000000                  34.0000000000                   0.0000019549 
                 13.5000000000                  34.5000000000                  -0.0000000535 
                 13.5000000000                  35.0000000000                   0.0000002192 
                 13.5000000000                  35.5000000000                   0.0000000188 
                 13.5000000000                  36.0000000000                   0.0000000326 
                 13.5000000000                  36.5000000000                   0.0000000143 
                 13.5000000000                  37.0000000000                   0.0000000006 
                 13.5000000000                  37.5000000000                   0.0000000041 
                 13.5000000000                  38.0000000000                   0.0000000013 
                 13.5000000000                  38.5000000000                   0.0000000048 
                 13.5000000000                  39.0000000000                   0.0000000009 
                 13.5000000000                  39.5000000000                   0.0000000008 
                 13.5000000000                  40.0000000000                   0.0000000009 
                 13.5000000000                  40.5000000000                  -0.0000000000 
                 13.5000000000                  41.0000000000                   0.0000000001 
                 13.5000000000                  41.5000000000                   0.0000000000 
                 13.5000000000                  42.0000000000                  -0.0000000000 
                 13.5000000000                  42.5000000000                   0.0000000000 
                 13.5000000000                  43.0000000000                  -0.0000000000 
                 13.5000000000                  43.5000000000                   0.0000000000 
                 13.5000000000                  44.0000000000                   0.0000000000 
                 13.5000000000                  44.5000000000                   0.0000000000 
                 13.5000000000                  45.0000000000                   0.0000000000 
                 13.5000000000                  45.5000000000                   0.0000000000 
                 13.5000000000                  46.0000000000                   0.0000000000 
                 13.5000000000                  46.5000000000                   0.0000000000 
                 13.5000000000                  47.0000000000                   0.0000000000 
                 13.5000000000                  47.5000000000                   0.0000000000 
                 13.5000000000                  48.0000000000                   0.0000000000 
                 13.5000000000                  48.5000000000                   0.0000000000 
                 13.5000000000                  49.0000000000                   0.0000000000 
                 13.5000000000                  49.5000000000                   0.0000000000 
                 13.5000000000                  50.0000000000                   0.0000000000 
                 14.0000000000                   0.0000000000                   0.0000000000 
                 14.0000000000                   0.5000000000                   0.0000000000 
                 14.0000000000                   1.0000000000                   0.0000000000 
                 14.0000000000                   1.5000000000                   0.0000000000 
                 14.0000000000                   2.0000000000                   0.0000000000 
                 14.0000000000                   2.5000000000                   0.0000000000 
                 14.0000000000                   3.0000000000                   0.0000000000 
                 14.0000000000                   3.5000000000                   0.0000000000 
                 14.0000000000                   4.0000000000                   0.0000000000 
                 14.0000000000                   4.5000000000                   0.0000000000 
                 14.0000000000                   5.0000000000                   0.0000000000 
                 14.0000000000                   5.5000000000                   0.0000000000 
                 14.0000000000                   6.0000000000                   0.0000000000 
                 14.0000000000                   6.5000000000                   0.0000000000 
                 14.0000000000                   7.0000000000                   0.0000000000 
                 14.0000000000                   7.5000000000                   0.0000000000 
                 14.0000000000                   8.0000000000                   0.0000000000 
                 14.0000000000                   8.5000000000                   0.0000000000 
                 14.0000000000                   9.0000000000                   0.0000000000 
                 14.0000000000                   9.5000000000                   0.0000000000 
                 14.0000000000                  10.0000000000                   0.0000000000 
                 14.0000000000                  10.5000000000                   0.0000000000 
                 14.0000000000                  11.0000000000                  -0.0000000000 
                 14.0000000000                  11.5000000000                   0.0000000000 
                 14.0000000000                  12.0000000000                  -0.0000000000 
                 14.0000000000                  12.5000000000                   0.0000000001 
                 14.0000000000                  13.0000000000                  -0.0000000000 
                 14.0000000000                  13.5000000000                   0.0000000003 
                 14.0000000000                  14.0000000000                   0.0000000000 
                 14.0000000000                  14.5000000000                   0.0000000019 
                 14.0000000000                  15.0000000000                   0.0000000013 
                 14.0000000000                  15.5000000000                   0.0000000100 
                 14.0000000000                  16.0000000000                   0.0000000213 
                 14.0000000000                  16.5000000000                   0.0000000342 
                 14.0000000000                  17.0000000000                   0.0000002412 
                 14.0000000000                  17.5000000000                   0.0000000128 
                 14.0000000000                  18.0000000000                   0.0000022751 
                 14.0000000000                  18.5000000000                   0.0000001088 
                 14.0000000000                  19.0000000000                   0.0000117815 
                 14.0000000000                  19.5000000000                   0.0000216249 
                 14.0000000000                  20.0000000000                   0.0000163953 
                 14.0000000000                  20.5000000000                   0.0003921714 
                 14.0000000000                  21.0000000000                   0.0004839941 
                 14.0000000000                  21.5000000000                   0.0001245688 
                 14.0000000000                  22.0000000000                   0.0020488117 
                 14.0000000000                  22.5000000000                   0.0054347618 
                 14.0000000000                  23.0000000000                   0.0063064675 
                 14.0000000000                  23.5000000000                   0.0055551235 
                 14.0000000000                  24.0000000000                   0.0048684587 
                 14.0000000000                  24.5000000000                   0.0035145509 
                 14.0000000000                  25.0000000000                   0.0028802526 
                 14.0000000000                  25.5000000000                   0.0037187135 
                 14.0000000000                  26.0000000000                   0.0044096487 
                 14.0000000000                  26.5000000000                   0.0042559765 
                 14.0000000000                  27.0000000000                   0.0036115693 
                 14.0000000000                  27.5000000000                   0.0036870660 
                 14.0000000000                  28.0000000000                   0.0045212523 
                 14.0000000000                  28.5000000000                   0.0043666174 
                 14.0000000000                  29.0000000000                   0.0029305022 
                 14.0000000000                  29.5000000000                   0.0013888684 
                 14.0000000000                  30.0000000000                   0.0003937292 
                 14.0000000000                  30.5000000000                   0.0000373721 
                 14.0000000000                  31.0000000000                   0.0003090093 
                 14.0000000000                  31.5000000000                   0.0005146076 
                 14.0000000000                  32.0000000000                   0.0002037582 
                 14.0000000000                  32.5000000000                  -0.0000009114 
                 14.0000000000                  33.0000000000                   0.0000276504 
                 14.0000000000                  33.5000000000                   0.0000120667 
                 14.0000000000                  34.0000000000                  -0.0000001587 
                 14.0000000000                  34.5000000000                   0.0000020888 
                 14.0000000000                  35.0000000000                   0.0000000169 
                 14.0000000000                  35.5000000000                   0.0000002925 
                 14.0000000000                  36.0000000000                   0.0000000394 
                 14.0000000000                  36.5000000000                   0.0000000189 
                 14.0000000000                  37.0000000000                   0.0000000202 
                 14.0000000000                  37.5000000000                   0.0000000008 
                 14.0000000000                  38.0000000000                   0.0000000083 
                 14.0000000000                  38.5000000000                  -0.0000000020 
                 14.0000000000                  39.0000000000                   0.0000000006 
                 14.0000000000                  39.5000000000                   0.0000000005 
                 14.0000000000                  40.0000000000                   0.0000000004 
                 14.0000000000                  40.5000000000                   0.0000000013 
                 14.0000000000                  41.0000000000                   0.0000000003 
                 14.0000000000                  41.5000000000                   0.0000000003 
                 14.0000000000                  42.0000000000                   0.0000000001 
                 14.0000000000                  42.5000000000                   0.0000000000 
                 14.0000000000                  43.0000000000                   0.0000000000 
                 14.0000000000                  43.5000000000                  -0.0000000000 
                 14.0000000000                  44.0000000000                   0.0000000000 
                 14.0000000000                  44.5000000000                   0.0000000000 
                 14.0000000000                  45.0000000000                   0.0000000000 
                 14.0000000000                  45.5000000000                   0.0000000000 
                 14.0000000000                  46.0000000000                  -0.0000000000 
                 14.0000000000                  46.5000000000                   0.0000000000 
                 14.0000000000                  47.0000000000                  -0.0000000000 
                 14.0000000000                  47.5000000000                   0.0000000000 
                 14.0000000000                  48.0000000000                  -0.0000000000 
                 14.0000000000                  48.5000000000                   0.0000000000 
                 14.0000000000                  49.0000000000                  -0.0000000000 
                 14.0000000000                  49.5000000000                   0.0000000000 
                 14.0000000000                  50.0000000000                   0.0000000000 
                 14.5000000000                   0.0000000000                   0.0000000000 
                 14.5000000000                   0.5000000000                  -0.0000000000 
                 14.5000000000                   1.0000000000                   0.0000000000 
                 14.5000000000                   1.5000000000                  -0.0000000000 
                 14.5000000000                   2.0000000000                   0.0000000000 
                 14.5000000000                   2.5000000000                  -0.0000000000 
                 14.5000000000                   3.0000000000                   0.0000000000 
                 14.5000000000                   3.5000000000                  -0.0000000000 
                 14.5000000000                   4.0000000000                   0.0000000000 
                 14.5000000000                   4.5000000000                  -0.0000000000 
                 14.5000000000                   5.0000000000                   0.0000000000 
                 14.5000000000                   5.5000000000                  -0.0000000000 
                 14.5000000000                   6.0000000000                   0.0000000000 
                 14.5000000000                   6.5000000000                  -0.0000000000 
                 14.5000000000                   7.0000000000                   0.0000000000 
                 14.5000000000                   7.5000000000                  -0.0000000000 
                 14.5000000000                   8.0000000000                   0.0000000000 
                 14.5000000000                   8.5000000000                  -0.0000000000 
                 14.5000000000                   9.0000000000                   0.0000000000 
                 14.5000000000                   9.5000000000                   0.0000000000 
                 14.5000000000                  10.0000000000                   0.0000000000 
                 14.5000000000                  10.5000000000                   0.0000000000 
                 14.5000000000                  11.0000000000                   0.0000000000 
                 14.5000000000                  11.5000000000                   0.0000000000 
                 14.5000000000                  12.0000000000                   0.0000000000 
                 14.5000000000                  12.5000000000                   0.0000000000 
                 14.5000000000                  13.0000000000                   0.0000000002 
                 14.5000000000                  13.5000000000                   0.0000000002 
                 14.5000000000                  14.0000000000                   0.0000000010 
                 14.5000000000                  14.5000000000                   0.0000000021 
                 14.5000000000                  15.0000000000                   0.0000000031 
                 14.5000000000                  15.5000000000                   0.0000000215 
                 14.5000000000                  16.0000000000                   0.0000000026 
                 14.5000000000                  16.5000000000                   0.0000002047 
                 14.5000000000                  17.0000000000                  -0.0000000246 
                 14.5000000000                  17.5000000000                   0.0000016200 
                 14.5000000000                  18.0000000000                   0.0000007181 
                 14.5000000000                  18.5000000000                   0.0000075108 
                 14.5000000000                  19.0000000000                   0.0000236912 
                 14.5000000000                  19.5000000000                   0.0000035267 
                 14.5000000000                  20.0000000000                   0.0002810373 
                 14.5000000000                  20.5000000000                   0.0003416690 
                 14.5000000000                  21.0000000000                   0.0001787154 
                 14.5000000000                  21.5000000000                   0.0041014731 
                 14.5000000000                  22.0000000000                   0.0123711716 
                 14.5000000000                  22.5000000000                   0.0183892868 
                 14.5000000000                  23.0000000000                   0.0195555976 
                 14.5000000000                  23.5000000000                   0.0191021081 
                 14.5000000000                  24.0000000000                   0.0184281935 
                 14.5000000000                  24.5000000000                   0.0164096982 
                 14.5000000000                  25.0000000000                   0.0158470397 
                 14.5000000000                  25.5000000000                   0.0175856538 
                 14.5000000000                  26.0000000000                   0.0194660916 
                 14.5000000000                  26.5000000000                   0.0195041011 
                 14.5000000000                  27.0000000000                   0.0181860153 
                 14.5000000000                  27.5000000000                   0.0195054846 
                 14.5000000000                  28.0000000000                   0.0219375515 
                 14.5000000000                  28.5000000000                   0.0219478595 
                 14.5000000000                  29.0000000000                   0.0191298196 
                 14.5000000000                  29.5000000000                   0.0144310495 
                 14.5000000000                  30.0000000000                   0.0091526342 
                 14.5000000000                  30.5000000000                   0.0042155936 
                 14.5000000000                  31.0000000000                   0.0008927632 
                 14.5000000000                  31.5000000000                   0.0000993310 
                 14.5000000000                  32.0000000000                   0.0005407900 
                 14.5000000000                  32.5000000000                   0.0003430620 
                 14.5000000000                  33.0000000000                   0.0000073710 
                 14.5000000000                  33.5000000000                   0.0000263577 
                 14.5000000000                  34.0000000000                   0.0000132085 
                 14.5000000000                  34.5000000000                  -0.0000003927 
                 14.5000000000                  35.0000000000                   0.0000024365 
                 14.5000000000                  35.5000000000                  -0.0000000559 
                 14.5000000000                  36.0000000000                   0.0000003929 
                 14.5000000000                  36.5000000000                   0.0000000491 
                 14.5000000000                  37.0000000000                   0.0000000280 
                 14.5000000000                  37.5000000000                   0.0000000215 
                 14.5000000000                  38.0000000000                   0.0000000090 
                 14.5000000000                  38.5000000000                   0.0000000272 
                 14.5000000000                  39.0000000000                   0.0000000046 
                 14.5000000000                  39.5000000000                   0.0000000043 
                 14.5000000000                  40.0000000000                   0.0000000050 
                 14.5000000000                  40.5000000000                  -0.0000000002 
                 14.5000000000                  41.0000000000                   0.0000000004 
                 14.5000000000                  41.5000000000                   0.0000000001 
                 14.5000000000                  42.0000000000                  -0.0000000000 
                 14.5000000000                  42.5000000000                   0.0000000000 
                 14.5000000000                  43.0000000000                  -0.0000000000 
                 14.5000000000                  43.5000000000                   0.0000000000 
                 14.5000000000                  44.0000000000                   0.0000000000 
                 14.5000000000                  44.5000000000                   0.0000000000 
                 14.5000000000                  45.0000000000                   0.0000000000 
                 14.5000000000                  45.5000000000                   0.0000000000 
                 14.5000000000                  46.0000000000                   0.0000000000 
                 14.5000000000                  46.5000000000                   0.0000000000 
                 14.5000000000                  47.0000000000                   0.0000000000 
                 14.5000000000                  47.5000000000                   0.0000000000 
                 14.5000000000                  48.0000000000                   0.0000000000 
                 14.5000000000                  48.5000000000                   0.0000000000 
                 14.5000000000                  49.0000000000                   0.0000000000 
                 14.5000000000                  49.5000000000                   0.0000000000 
                 14.5000000000                  50.0000000000                   0.0000000000 
                 15.0000000000                   0.0000000000                   0.0000000000 
                 15.0000000000                   0.5000000000                   0.0000000000 
                 15.0000000000                   1.0000000000                  -0.0000000000 
                 15.0000000000                   1.5000000000                   0.0000000000 
                 15.0000000000                   2.0000000000                   0.0000000000 
                 15.0000000000                   2.5000000000                   0.0000000000 
                 15.0000000000                   3.0000000000                   0.0000000000 
                 15.0000000000                   3.5000000000                   0.0000000000 
                 15.0000000000                   4.0000000000                   0.0000000000 
                 15.0000000000                   4.5000000000                   0.0000000000 
                 15.0000000000                   5.0000000000                   0.0000000000 
                 15.0000000000                   5.5000000000                   0.0000000000 
                 15.0000000000                   6.0000000000                   0.0000000000 
                 15.0000000000                   6.5000000000                   0.0000000000 
                 15.0000000000                   7.0000000000                   0.0000000000 
                 15.0000000000                   7.5000000000                   0.0000000000 
                 15.0000000000                   8.0000000000                   0.0000000000 
                 15.0000000000                   8.5000000000                   0.0000000000 
                 15.0000000000                   9.0000000000                   0.0000000000 
                 15.0000000000                   9.5000000000                   0.0000000000 
                 15.0000000000                  10.0000000000                   0.0000000000 
                 15.0000000000                  10.5000000000                   0.0000000000 
                 15.0000000000                  11.0000000000                   0.0000000000 
                 15.0000000000                  11.5000000000                   0.0000000000 
                 15.0000000000                  12.0000000000                   0.0000000001 
                 15.0000000000                  12.5000000000                   0.0000000000 
                 15.0000000000                  13.0000000000                   0.0000000006 
                 15.0000000000                  13.5000000000                  -0.0000000000 
                 15.0000000000                  14.0000000000                   0.0000000037 
                 15.0000000000                  14.5000000000                  -0.0000000007 
                 15.0000000000                  15.0000000000                   0.0000000269 
                 15.0000000000                  15.5000000000                  -0.0000000030 
                 15.0000000000                  16.0000000000                   0.0000001749 
                 15.0000000000                  16.5000000000                   0.0000000310 
                 15.0000000000                  17.0000000000                   0.0000009541 
                 15.0000000000                  17.5000000000                   0.0000012975 
                 15.0000000000                  18.0000000000                   0.0000031484 
                 15.0000000000                  18.5000000000                   0.0000252644 
                 15.0000000000                  19.0000000000                   0.0000013292 
                 15.0000000000                  19.5000000000                   0.0001848799 
                 15.0000000000                  20.0000000000                   0.0003010818 
                 15.0000000000                  20.5000000000                   0.0001326322 
                 15.0000000000                  21.0000000000                   0.0045872147 
                 15.0000000000                  21.5000000000                   0.0157652944 
                 15.0000000000                  22.0000000000                   0.0259872586 
                 15.0000000000                  22.5000000000                   0.0313574075 
                 15.0000000000                  23.0000000000                   0.0337352381 
                 15.0000000000                  23.5000000000                   0.0347510789 
                 15.0000000000                  24.0000000000                   0.0350333973 
                 15.0000000000                  24.5000000000                   0.0343751100 
                 15.0000000000                  25.0000000000                   0.0350103885 
                 15.0000000000                  25.5000000000                   0.0362601145 
                 15.0000000000                  26.0000000000                   0.0381509785 
                 15.0000000000                  26.5000000000                   0.0379663208 
                 15.0000000000                  27.0000000000                   0.0366197392 
                 15.0000000000                  27.5000000000                   0.0412528777 
                 15.0000000000                  28.0000000000                   0.0450357839 
                 15.0000000000                  28.5000000000                   0.0444475638 
                 15.0000000000                  29.0000000000                   0.0424632292 
                 15.0000000000                  29.5000000000                   0.0377942103 
                 15.0000000000                  30.0000000000                   0.0304356192 
                 15.0000000000                  30.5000000000                   0.0213456486 
                 15.0000000000                  31.0000000000                   0.0116442308 
                 15.0000000000                  31.5000000000                   0.0033965504 
                 15.0000000000                  32.0000000000                   0.0001837835 
                 15.0000000000                  32.5000000000                   0.0005563781 
                 15.0000000000                  33.0000000000                   0.0004111358 
                 15.0000000000                  33.5000000000                   0.0000071280 
                 15.0000000000                  34.0000000000                   0.0000306376 
                 15.0000000000                  34.5000000000                   0.0000122299 
                 15.0000000000                  35.0000000000                   0.0000002488 
                 15.0000000000                  35.5000000000                   0.0000031370 
                 15.0000000000                  36.0000000000                  -0.0000000917 
                 15.0000000000                  36.5000000000                   0.0000004114 
                 15.0000000000                  37.0000000000                   0.0000000419 
                 15.0000000000                  37.5000000000                   0.0000000400 
                 15.0000000000                  38.0000000000                   0.0000000414 
                 15.0000000000                  38.5000000000                  -0.0000000110 
                 15.0000000000                  39.0000000000                   0.0000000035 
                 15.0000000000                  39.5000000000                   0.0000000031 
                 15.0000000000                  40.0000000000                   0.0000000017 
                 15.0000000000                  40.5000000000                   0.0000000062 
                 15.0000000000                  41.0000000000                   0.0000000012 
                 15.0000000000                  41.5000000000                   0.0000000011 
                 15.0000000000                  42.0000000000                   0.0000000006 
                 15.0000000000                  42.5000000000                   0.0000000001 
                 15.0000000000                  43.0000000000                   0.0000000002 
                 15.0000000000                  43.5000000000                  -0.0000000000 
                 15.0000000000                  44.0000000000                   0.0000000000 
                 15.0000000000                  44.5000000000                   0.0000000000 
                 15.0000000000                  45.0000000000                   0.0000000000 
                 15.0000000000                  45.5000000000                   0.0000000000 
                 15.0000000000                  46.0000000000                  -0.0000000000 
                 15.0000000000                  46.5000000000                   0.0000000000 
                 15.0000000000                  47.0000000000                  -0.0000000000 
                 15.0000000000                  47.5000000000                   0.0000000000 
                 15.0000000000                  48.0000000000                  -0.0000000000 
                 15.0000000000                  48.5000000000                   0.0000000000 
                 15.0000000000                  49.0000000000                  -0.0000000000 
                 15.0000000000                  49.5000000000                   0.0000000000 
                 15.0000000000                  50.0000000000                   0.0000000000 
                 15.5000000000                   0.0000000000                   0.0000000000 
                 15.5000000000                   0.5000000000                   0.0000000000 
                 15.5000000000                   1.0000000000                   0.0000000000 
                 15.5000000000                   1.5000000000                   0.0000000000 
                 15.5000000000                   2.0000000000                   0.0000000000 
                 15.5000000000                   2.5000000000                   0.0000000000 
                 15.5000000000                   3.0000000000                   0.0000000000 
                 15.5000000000                   3.5000000000                   0.0000000000 
                 15.5000000000                   4.0000000000                  -0.0000000000 
                 15.5000000000                   4.5000000000                   0.0000000000 
                 15.5000000000                   5.0000000000                  -0.0000000000 
                 15.5000000000                   5.5000000000                   0.0000000000 
                 15.5000000000                   6.0000000000                  -0.0000000000 
                 15.5000000000                   6.5000000000                   0.0000000000 
                 15.5000000000                   7.0000000000                  -0.0000000000 
                 15.5000000000                   7.5000000000                   0.0000000000 
                 15.5000000000                   8.0000000000                  -0.0000000000 
                 15.5000000000                   8.5000000000                   0.0000000000 
                 15.5000000000                   9.0000000000                  -0.0000000000 
                 15.5000000000                   9.5000000000                   0.0000000000 
                 15.5000000000                  10.0000000000                  -0.0000000000 
                 15.5000000000                  10.5000000000                   0.0000000000 
                 15.5000000000                  11.0000000000                  -0.0000000000 
                 15.5000000000                  11.5000000000                   0.0000000001 
                 15.5000000000                  12.0000000000                  -0.0000000000 
                 15.5000000000                  12.5000000000                   0.0000000006 
                 15.5000000000                  13.0000000000                   0.0000000001 
                 15.5000000000                  13.5000000000                   0.0000000030 
                 15.5000000000                  14.0000000000                   0.0000000014 
                 15.5000000000                  14.5000000000                   0.0000000153 
                 15.5000000000                  15.0000000000                   0.0000000152 
                 15.5000000000                  15.5000000000                   0.0000000752 
                 15.5000000000                  16.0000000000                   0.0000001944 
                 15.5000000000                  16.5000000000                   0.0000002875 
                 15.5000000000                  17.0000000000                   0.0000021853 
                 15.5000000000                  17.5000000000                   0.0000003813 
                 15.5000000000                  18.0000000000                   0.0000219166 
                 15.5000000000                  18.5000000000                   0.0000077745 
                 15.5000000000                  19.0000000000                   0.0000976059 
                 15.5000000000                  19.5000000000                   0.0003263998 
                 15.5000000000                  20.0000000000                   0.0000394969 
                 15.5000000000                  20.5000000000                   0.0033810669 
                 15.5000000000                  21.0000000000                   0.0150917756 
                 15.5000000000                  21.5000000000                   0.0284696144 
                 15.5000000000                  22.0000000000                   0.0369377767 
                 15.5000000000                  22.5000000000                   0.0429350853 
                 15.5000000000                  23.0000000000                   0.0473541385 
                 15.5000000000                  23.5000000000                   0.0498455113 
                 15.5000000000                  24.0000000000                   0.0511749441 
                 15.5000000000                  24.5000000000                   0.0517957279 
                 15.5000000000                  25.0000000000                   0.0530965439 
                 15.5000000000                  25.5000000000                   0.0530655911 
                 15.5000000000                  26.0000000000                   0.0534496685 
                 15.5000000000                  26.5000000000                   0.0511669375 
                 15.5000000000                  27.0000000000                   0.0498675956 
                 15.5000000000                  27.5000000000                   0.0575707655 
                 15.5000000000                  28.0000000000                   0.0617444232 
                 15.5000000000                  28.5000000000                   0.0601481698 
                 15.5000000000                  29.0000000000                   0.0578483057 
                 15.5000000000                  29.5000000000                   0.0537580066 
                 15.5000000000                  30.0000000000                   0.0482165413 
                 15.5000000000                  30.5000000000                   0.0408090520 
                 15.5000000000                  31.0000000000                   0.0310919425 
                 15.5000000000                  31.5000000000                   0.0179536961 
                 15.5000000000                  32.0000000000                   0.0052481483 
                 15.5000000000                  32.5000000000                   0.0002558703 
                 15.5000000000                  33.0000000000                   0.0006320667 
                 15.5000000000                  33.5000000000                   0.0003925383 
                 15.5000000000                  34.0000000000                  -0.0000005039 
                 15.5000000000                  34.5000000000                   0.0000430355 
                 15.5000000000                  35.0000000000                   0.0000083669 
                 15.5000000000                  35.5000000000                   0.0000013436 
                 15.5000000000                  36.0000000000                   0.0000033651 
                 15.5000000000                  36.5000000000                  -0.0000000290 
                 15.5000000000                  37.0000000000                   0.0000004910 
                 15.5000000000                  37.5000000000                   0.0000000454 
                 15.5000000000                  38.0000000000                   0.0000000807 
                 15.5000000000                  38.5000000000                   0.0000001538 
                 15.5000000000                  39.0000000000                   0.0000000255 
                 15.5000000000                  39.5000000000                   0.0000000205 
                 15.5000000000                  40.0000000000                   0.0000000282 
                 15.5000000000                  40.5000000000                  -0.0000000000 
                 15.5000000000                  41.0000000000                   0.0000000019 
                 15.5000000000                  41.5000000000                   0.0000000009 
                 15.5000000000                  42.0000000000                  -0.0000000002 
                 15.5000000000                  42.5000000000                   0.0000000003 
                 15.5000000000                  43.0000000000                  -0.0000000000 
                 15.5000000000                  43.5000000000                   0.0000000000 
                 15.5000000000                  44.0000000000                   0.0000000000 
                 15.5000000000                  44.5000000000                   0.0000000000 
                 15.5000000000                  45.0000000000                   0.0000000000 
                 15.5000000000                  45.5000000000                   0.0000000000 
                 15.5000000000                  46.0000000000                   0.0000000000 
                 15.5000000000                  46.5000000000                   0.0000000000 
                 15.5000000000                  47.0000000000                   0.0000000000 
                 15.5000000000                  47.5000000000                   0.0000000000 
                 15.5000000000                  48.0000000000                   0.0000000000 
                 15.5000000000                  48.5000000000                   0.0000000000 
                 15.5000000000                  49.0000000000                   0.0000000000 
                 15.5000000000                  49.5000000000                   0.0000000000 
                 15.5000000000                  50.0000000000                   0.0000000000 
                 16.0000000000                   0.0000000000                   0.0000000000 
                 16.0000000000                   0.5000000000                   0.0000000000 
                 16.0000000000                   1.0000000000                   0.0000000000 
                 16.0000000000                   1.5000000000                  -0.0000000000 
                 16.0000000000                   2.0000000000                   0.0000000000 
                 16.0000000000                   2.5000000000                  -0.0000000000 
                 16.0000000000                   3.0000000000                   0.0000000000 
                 16.0000000000                   3.5000000000                   0.0000000000 
                 16.0000000000                   4.0000000000                   0.0000000000 
                 16.0000000000                   4.5000000000                   0.0000000000 
                 16.0000000000                   5.0000000000                   0.0000000000 
                 16.0000000000                   5.5000000000                   0.0000000000 
                 16.0000000000                   6.0000000000                   0.0000000000 
                 16.0000000000                   6.5000000000                   0.0000000000 
                 16.0000000000                   7.0000000000                   0.0000000000 
                 16.0000000000                   7.5000000000                   0.0000000000 
                 16.0000000000                   8.0000000000                   0.0000000000 
                 16.0000000000                   8.5000000000                   0.0000000000 
                 16.0000000000                   9.0000000000                   0.0000000000 
                 16.0000000000                   9.5000000000                   0.0000000000 
                 16.0000000000                  10.0000000000                   0.0000000000 
                 16.0000000000                  10.5000000000                   0.0000000000 
                 16.0000000000                  11.0000000000                   0.0000000000 
                 16.0000000000                  11.5000000000                   0.0000000002 
                 16.0000000000                  12.0000000000                   0.0000000001 
                 16.0000000000                  12.5000000000                   0.0000000013 
                 16.0000000000                  13.0000000000                   0.0000000003 
                 16.0000000000                  13.5000000000                   0.0000000084 
                 16.0000000000                  14.0000000000                   0.0000000001 
                 16.0000000000                  14.5000000000                   0.0000000481 
                 16.0000000000                  15.0000000000                  -0.0000000018 
                 16.0000000000                  15.5000000000                   0.0000002865 
                 16.0000000000                  16.0000000000                   0.0000000127 
                 16.0000000000                  16.5000000000                   0.0000015799 
                 16.0000000000                  17.0000000000                   0.0000007939 
                 16.0000000000                  17.5000000000                   0.0000081353 
                 16.0000000000                  18.0000000000                   0.0000186189 
                 16.0000000000                  18.5000000000                   0.0000212603 
                 16.0000000000                  19.0000000000                   0.0002997675 
                 16.0000000000                  19.5000000000                   0.0001130595 
                 16.0000000000                  20.0000000000                   0.0013308573 
                 16.0000000000                  20.5000000000                   0.0105856522 
                 16.0000000000                  21.0000000000                   0.0259981740 
                 16.0000000000                  21.5000000000                   0.0388020612 
                 16.0000000000                  22.0000000000                   0.0479888525 
                 16.0000000000                  22.5000000000                   0.0559036287 
                 16.0000000000                  23.0000000000                   0.0620044497 
                 16.0000000000                  23.5000000000                   0.0663596617 
                 16.0000000000                  24.0000000000                   0.0689922787 
                 16.0000000000                  24.5000000000                   0.0702867029 
                 16.0000000000                  25.0000000000                   0.0716467881 
                 16.0000000000                  25.5000000000                   0.0699998707 
                 16.0000000000                  26.0000000000                   0.0680699614 
                 16.0000000000                  26.5000000000                   0.0627134979 
                 16.0000000000                  27.0000000000                   0.0609785739 
                 16.0000000000                  27.5000000000                   0.0703428805 
                 16.0000000000                  28.0000000000                   0.0744685100 
                 16.0000000000                  28.5000000000                   0.0740670554 
                 16.0000000000                  29.0000000000                   0.0711127383 
                 16.0000000000                  29.5000000000                   0.0632036667 
                 16.0000000000                  30.0000000000                   0.0556176787 
                 16.0000000000                  30.5000000000                   0.0494015562 
                 16.0000000000                  31.0000000000                   0.0429486551 
                 16.0000000000                  31.5000000000                   0.0334157826 
                 16.0000000000                  32.0000000000                   0.0183896964 
                 16.0000000000                  32.5000000000                   0.0043479495 
                 16.0000000000                  33.0000000000                   0.0001450127 
                 16.0000000000                  33.5000000000                   0.0007516895 
                 16.0000000000                  34.0000000000                   0.0002684421 
                 16.0000000000                  34.5000000000                   0.0000038622 
                 16.0000000000                  35.0000000000                   0.0000549187 
                 16.0000000000                  35.5000000000                   0.0000051931 
                 16.0000000000                  36.0000000000                   0.0000035475 
                 16.0000000000                  36.5000000000                   0.0000027659 
                 16.0000000000                  37.0000000000                   0.0000000135 
                 16.0000000000                  37.5000000000                   0.0000006500 
                 16.0000000000                  38.0000000000                   0.0000001429 
                 16.0000000000                  38.5000000000                  -0.0000000452 
                 16.0000000000                  39.0000000000                   0.0000000145 
                 16.0000000000                  39.5000000000                   0.0000000220 
                 16.0000000000                  40.0000000000                   0.0000000058 
                 16.0000000000                  40.5000000000                   0.0000000277 
                 16.0000000000                  41.0000000000                   0.0000000060 
                 16.0000000000                  41.5000000000                   0.0000000031 
                 16.0000000000                  42.0000000000                   0.0000000034 
                 16.0000000000                  42.5000000000                  -0.0000000001 
                 16.0000000000                  43.0000000000                   0.0000000009 
                 16.0000000000                  43.5000000000                  -0.0000000000 
                 16.0000000000                  44.0000000000                   0.0000000001 
                 16.0000000000                  44.5000000000                   0.0000000000 
                 16.0000000000                  45.0000000000                   0.0000000000 
                 16.0000000000                  45.5000000000                   0.0000000000 
                 16.0000000000                  46.0000000000                  -0.0000000000 
                 16.0000000000                  46.5000000000                   0.0000000000 
                 16.0000000000                  47.0000000000                  -0.0000000000 
                 16.0000000000                  47.5000000000                   0.0000000000 
                 16.0000000000                  48.0000000000                  -0.0000000000 
                 16.0000000000                  48.5000000000                   0.0000000000 
                 16.0000000000                  49.0000000000                  -0.0000000000 
                 16.0000000000                  49.5000000000                   0.0000000000 
                 16.0000000000                  50.0000000000                   0.0000000000 
                 16.5000000000                   0.0000000000                   0.0000000000 
                 16.5000000000                   0.5000000000                   0.0000000000 
                 16.5000000000                   1.0000000000                   0.0000000000 
                 16.5000000000                   1.5000000000                   0.0000000000 
                 16.5000000000                   2.0000000000                   0.0000000000 
                 16.5000000000                   2.5000000000                   0.0000000000 
                 16.5000000000                   3.0000000000                   0.0000000000 
                 16.5000000000                   3.5000000000                   0.0000000000 
                 16.5000000000                   4.0000000000                   0.0000000000 
                 16.5000000000                   4.5000000000                   0.0000000000 
                 16.5000000000                   5.0000000000                   0.0000000000 
                 16.5000000000                   5.5000000000                   0.0000000000 
                 16.5000000000                   6.0000000000                   0.0000000000 
                 16.5000000000                   6.5000000000                  -0.0000000000 
                 16.5000000000                   7.0000000000                   0.0000000000 
                 16.5000000000                   7.5000000000                  -0.0000000000 
                 16.5000000000                   8.0000000000                   0.0000000000 
                 16.5000000000                   8.5000000000                  -0.0000000000 
                 16.5000000000                   9.0000000000                   0.0000000000 
                 16.5000000000                   9.5000000000                  -0.0000000000 
                 16.5000000000                  10.0000000000                   0.0000000000 
                 16.5000000000                  10.5000000000                  -0.0000000000 
                 16.5000000000                  11.0000000000                   0.0000000002 
                 16.5000000000                  11.5000000000                  -0.0000000000 
                 16.5000000000                  12.0000000000                   0.0000000012 
                 16.5000000000                  12.5000000000                   0.0000000004 
                 16.5000000000                  13.0000000000                   0.0000000059 
                 16.5000000000                  13.5000000000                   0.0000000059 
                 16.5000000000                  14.0000000000                   0.0000000235 
                 16.5000000000                  14.5000000000                   0.0000000557 
                 16.5000000000                  15.0000000000                   0.0000000795 
                 16.5000000000                  15.5000000000                   0.0000004972 
                 16.5000000000                  16.0000000000                   0.0000002331 
                 16.5000000000                  16.5000000000                   0.0000036698 
                 16.5000000000                  17.0000000000                   0.0000006748 
                 16.5000000000                  17.5000000000                   0.0000174245 
                 16.5000000000                  18.0000000000                   0.0000097541 
                 16.5000000000                  18.5000000000                   0.0001027714 
                 16.5000000000                  19.0000000000                   0.0003005410 
                 16.5000000000                  19.5000000000                   0.0000718757 
                 16.5000000000                  20.0000000000                   0.0041084579 
                 16.5000000000                  20.5000000000                   0.0175507975 
                 16.5000000000                  21.0000000000                   0.0347287913 
                 16.5000000000                  21.5000000000                   0.0491144407 
                 16.5000000000                  22.0000000000                   0.0606732771 
                 16.5000000000                  22.5000000000                   0.0701026569 
                 16.5000000000                  23.0000000000                   0.0777493285 
                 16.5000000000                  23.5000000000                   0.0845213749 
                 16.5000000000                  24.0000000000                   0.0891873032 
                 16.5000000000                  24.5000000000                   0.0914196594 
                 16.5000000000                  25.0000000000                   0.0925980661 
                 16.5000000000                  25.5000000000                   0.0885261659 
                 16.5000000000                  26.0000000000                   0.0824601332 
                 16.5000000000                  26.5000000000                   0.0738778859 
                 16.5000000000                  27.0000000000                   0.0702041261 
                 16.5000000000                  27.5000000000                   0.0795637006 
                 16.5000000000                  28.0000000000                   0.0854204260 
                 16.5000000000                  28.5000000000                   0.0872323489 
                 16.5000000000                  29.0000000000                   0.0864393724 
                 16.5000000000                  29.5000000000                   0.0775293509 
                 16.5000000000                  30.0000000000                   0.0656454295 
                 16.5000000000                  30.5000000000                   0.0552904954 
                 16.5000000000                  31.0000000000                   0.0466997887 
                 16.5000000000                  31.5000000000                   0.0386090681 
                 16.5000000000                  32.0000000000                   0.0279662211 
                 16.5000000000                  32.5000000000                   0.0127129736 
                 16.5000000000                  33.0000000000                   0.0017356875 
                 16.5000000000                  33.5000000000                   0.0002809269 
                 16.5000000000                  34.0000000000                   0.0007188883 
                 16.5000000000                  34.5000000000                   0.0001053252 
                 16.5000000000                  35.0000000000                   0.0000323461 
                 16.5000000000                  35.5000000000                   0.0000436045 
                 16.5000000000                  36.0000000000                   0.0000020047 
                 16.5000000000                  36.5000000000                   0.0000068644 
                 16.5000000000                  37.0000000000                   0.0000025355 
                 16.5000000000                  37.5000000000                   0.0000000506 
                 16.5000000000                  38.0000000000                   0.0000010166 
                 16.5000000000                  38.5000000000                   0.0000007459 
                 16.5000000000                  39.0000000000                   0.0000001582 
                 16.5000000000                  39.5000000000                   0.0000000765 
                 16.5000000000                  40.0000000000                   0.0000001511 
                 16.5000000000                  40.5000000000                   0.0000000081 
                 16.5000000000                  41.0000000000                   0.0000000080 
                 16.5000000000                  41.5000000000                   0.0000000069 
                 16.5000000000                  42.0000000000                  -0.0000000005 
                 16.5000000000                  42.5000000000                   0.0000000015 
                 16.5000000000                  43.0000000000                   0.0000000001 
                 16.5000000000                  43.5000000000                   0.0000000002 
                 16.5000000000                  44.0000000000                   0.0000000001 
                 16.5000000000                  44.5000000000                   0.0000000000 
                 16.5000000000                  45.0000000000                   0.0000000000 
                 16.5000000000                  45.5000000000                   0.0000000000 
                 16.5000000000                  46.0000000000                   0.0000000000 
                 16.5000000000                  46.5000000000                   0.0000000000 
                 16.5000000000                  47.0000000000                   0.0000000000 
                 16.5000000000                  47.5000000000                   0.0000000000 
                 16.5000000000                  48.0000000000                   0.0000000000 
                 16.5000000000                  48.5000000000                   0.0000000000 
                 16.5000000000                  49.0000000000                   0.0000000000 
                 16.5000000000                  49.5000000000                  -0.0000000000 
                 16.5000000000                  50.0000000000                   0.0000000000 
                 17.0000000000                   0.0000000000                   0.0000000000 
                 17.0000000000                   0.5000000000                   0.0000000000 
                 17.0000000000                   1.0000000000                   0.0000000000 
                 17.0000000000                   1.5000000000                   0.0000000000 
                 17.0000000000                   2.0000000000                   0.0000000000 
                 17.0000000000                   2.5000000000                   0.0000000000 
                 17.0000000000                   3.0000000000                   0.0000000000 
                 17.0000000000                   3.5000000000                   0.0000000000 
                 17.0000000000                   4.0000000000                   0.0000000000 
                 17.0000000000                   4.5000000000                   0.0000000000 
                 17.0000000000                   5.0000000000                   0.0000000000 
                 17.0000000000                   5.5000000000                   0.0000000000 
                 17.0000000000                   6.0000000000                   0.0000000000 
                 17.0000000000                   6.5000000000                   0.0000000000 
                 17.0000000000                   7.0000000000                   0.0000000000 
                 17.0000000000                   7.5000000000                   0.0000000000 
                 17.0000000000                   8.0000000000                   0.0000000000 
                 17.0000000000                   8.5000000000                   0.0000000000 
                 17.0000000000                   9.0000000000                   0.0000000000 
                 17.0000000000                   9.5000000000                   0.0000000000 
                 17.0000000000                  10.0000000000                   0.0000000000 
                 17.0000000000                  10.5000000000                   0.0000000000 
                 17.0000000000                  11.0000000000                   0.0000000002 
                 17.0000000000                  11.5000000000                   0.0000000002 
                 17.0000000000                  12.0000000000                   0.0000000018 
                 17.0000000000                  12.5000000000                   0.0000000003 
                 17.0000000000                  13.0000000000                   0.0000000113 
                 17.0000000000                  13.5000000000                  -0.0000000000 
                 17.0000000000                  14.0000000000                   0.0000000658 
                 17.0000000000                  14.5000000000                   0.0000000057 
                 17.0000000000                  15.0000000000                   0.0000003469 
                 17.0000000000                  15.5000000000                   0.0000003088 
                 17.0000000000                  16.0000000000                   0.0000012723 
                 17.0000000000                  16.5000000000                   0.0000050936 
                 17.0000000000                  17.0000000000                   0.0000018041 
                 17.0000000000                  17.5000000000                   0.0000505529 
                 17.0000000000                  18.0000000000                   0.0000272260 
                 17.0000000000                  18.5000000000                   0.0001439589 
                 17.0000000000                  19.0000000000                   0.0003088065 
                 17.0000000000                  19.5000000000                   0.0002951152 
                 17.0000000000                  20.0000000000                   0.0061605440 
                 17.0000000000                  20.5000000000                   0.0224278966 
                 17.0000000000                  21.0000000000                   0.0423246586 
                 17.0000000000                  21.5000000000                   0.0598797836 
                 17.0000000000                  22.0000000000                   0.0745440695 
                 17.0000000000                  22.5000000000                   0.0862648842 
                 17.0000000000                  23.0000000000                   0.0957475609 
                 17.0000000000                  23.5000000000                   0.1047309245 
                 17.0000000000                  24.0000000000                   0.1118661334 
                 17.0000000000                  24.5000000000                   0.1150941395 
                 17.0000000000                  25.0000000000                   0.1160658747 
                 17.0000000000                  25.5000000000                   0.1114064510 
                 17.0000000000                  26.0000000000                   0.1027169810 
                 17.0000000000                  26.5000000000                   0.0926474790 
                 17.0000000000                  27.0000000000                   0.0877213938 
                 17.0000000000                  27.5000000000                   0.0935399891 
                 17.0000000000                  28.0000000000                   0.0984398975 
                 17.0000000000                  28.5000000000                   0.0996312523 
                 17.0000000000                  29.0000000000                   0.0971261273 
                 17.0000000000                  29.5000000000                   0.0883365888 
                 17.0000000000                  30.0000000000                   0.0770349992 
                 17.0000000000                  30.5000000000                   0.0651051149 
                 17.0000000000                  31.0000000000                   0.0526765817 
                 17.0000000000                  31.5000000000                   0.0410461770 
                 17.0000000000                  32.0000000000                   0.0305670732 
                 17.0000000000                  32.5000000000                   0.0180103722 
                 17.0000000000                  33.0000000000                   0.0052608220 
                 17.0000000000                  33.5000000000                   0.0001594306 
                 17.0000000000                  34.0000000000                   0.0005837761 
                 17.0000000000                  34.5000000000                   0.0003776270 
                 17.0000000000                  35.0000000000                   0.0000133869 
                 17.0000000000                  35.5000000000                   0.0000592519 
                 17.0000000000                  36.0000000000                   0.0000168679 
                 17.0000000000                  36.5000000000                   0.0000016817 
                 17.0000000000                  37.0000000000                   0.0000101925 
                 17.0000000000                  37.5000000000                   0.0000022923 
                 17.0000000000                  38.0000000000                   0.0000001876 
                 17.0000000000                  38.5000000000                   0.0000000043 
                 17.0000000000                  39.0000000000                  -0.0000000689 
                 17.0000000000                  39.5000000000                   0.0000001735 
                 17.0000000000                  40.0000000000                   0.0000000112 
                 17.0000000000                  40.5000000000                   0.0000001016 
                 17.0000000000                  41.0000000000                   0.0000000320 
                 17.0000000000                  41.5000000000                   0.0000000033 
                 17.0000000000                  42.0000000000                   0.0000000141 
                 17.0000000000                  42.5000000000                  -0.0000000005 
                 17.0000000000                  43.0000000000                   0.0000000028 
                 17.0000000000                  43.5000000000                   0.0000000002 
                 17.0000000000                  44.0000000000                   0.0000000003 
                 17.0000000000                  44.5000000000                   0.0000000001 
                 17.0000000000                  45.0000000000                  -0.0000000000 
                 17.0000000000                  45.5000000000                   0.0000000000 
                 17.0000000000                  46.0000000000                  -0.0000000000 
                 17.0000000000                  46.5000000000                   0.0000000000 
                 17.0000000000                  47.0000000000                  -0.0000000000 
                 17.0000000000                  47.5000000000                   0.0000000000 
                 17.0000000000                  48.0000000000                  -0.0000000000 
                 17.0000000000                  48.5000000000                   0.0000000000 
                 17.0000000000                  49.0000000000                  -0.0000000000 
                 17.0000000000                  49.5000000000                   0.0000000000 
                 17.0000000000                  50.0000000000                   0.0000000000 
                 17.5000000000                   0.0000000000                   0.0000000000 
                 17.5000000000                   0.5000000000                   0.0000000000 
                 17.5000000000                   1.0000000000                   0.0000000000 
                 17.5000000000                   1.5000000000                   0.0000000000 
                 17.5000000000                   2.0000000000                   0.0000000000 
                 17.5000000000                   2.5000000000                   0.0000000000 
                 17.5000000000                   3.0000000000                   0.0000000000 
                 17.5000000000                   3.5000000000                   0.0000000000 
                 17.5000000000                   4.0000000000                   0.0000000000 
                 17.5000000000                   4.5000000000                   0.0000000000 
                 17.5000000000                   5.0000000000                   0.0000000000 
                 17.5000000000                   5.5000000000                   0.0000000000 
                 17.5000000000                   6.0000000000                   0.0000000000 
                 17.5000000000                   6.5000000000                   0.0000000000 
                 17.5000000000                   7.0000000000                   0.0000000000 
                 17.5000000000                   7.5000000000                   0.0000000000 
                 17.5000000000                   8.0000000000                   0.0000000000 
                 17.5000000000                   8.5000000000                   0.0000000000 
                 17.5000000000                   9.0000000000                   0.0000000000 
                 17.5000000000                   9.5000000000                   0.0000000000 
                 17.5000000000                  10.0000000000                   0.0000000000 
                 17.5000000000                  10.5000000000                   0.0000000001 
                 17.5000000000                  11.0000000000                   0.0000000001 
                 17.5000000000                  11.5000000000                   0.0000000003 
                 17.5000000000                  12.0000000000                   0.0000000011 
                 17.5000000000                  12.5000000000                   0.0000000014 
                 17.5000000000                  13.0000000000                   0.0000000087 
                 17.5000000000                  13.5000000000                   0.0000000084 
                 17.5000000000                  14.0000000000                   0.0000000501 
                 17.5000000000                  14.5000000000                   0.0000000365 
                 17.5000000000                  15.0000000000                   0.0000002809 
                 17.5000000000                  15.5000000000                   0.0000002670 
                 17.5000000000                  16.0000000000                   0.0000017069 
                 17.5000000000                  16.5000000000                   0.0000020394 
                 17.5000000000                  17.0000000000                   0.0000128639 
                 17.5000000000                  17.5000000000                   0.0000453910 
                 17.5000000000                  18.0000000000                  -0.0000018179 
                 17.5000000000                  18.5000000000                   0.0003921427 
                 17.5000000000                  19.0000000000                   0.0006064401 
                 17.5000000000                  19.5000000000                   0.0003769510 
                 17.5000000000                  20.0000000000                   0.0074927307 
                 17.5000000000                  20.5000000000                   0.0262043200 
                 17.5000000000                  21.0000000000                   0.0487926203 
                 17.5000000000                  21.5000000000                   0.0701951308 
                 17.5000000000                  22.0000000000                   0.0895136228 
                 17.5000000000                  22.5000000000                   0.1053126601 
                 17.5000000000                  23.0000000000                   0.1176514910 
                 17.5000000000                  23.5000000000                   0.1287103736 
                 17.5000000000                  24.0000000000                   0.1384805178 
                 17.5000000000                  24.5000000000                   0.1435232933 
                 17.5000000000                  25.0000000000                   0.1444477605 
                 17.5000000000                  25.5000000000                   0.1410715006 
                 17.5000000000                  26.0000000000                   0.1328045234 
                 17.5000000000                  26.5000000000                   0.1234808533 
                 17.5000000000                  27.0000000000                   0.1187812244 
                 17.5000000000                  27.5000000000                   0.1192489454 
                 17.5000000000                  28.0000000000                   0.1184304947 
                 17.5000000000                  28.5000000000                   0.1157918866 
                 17.5000000000                  29.0000000000                   0.1092421867 
                 17.5000000000                  29.5000000000                   0.0962681196 
                 17.5000000000                  30.0000000000                   0.0828669267 
                 17.5000000000                  30.5000000000                   0.0712801166 
                 17.5000000000                  31.0000000000                   0.0588011439 
                 17.5000000000                  31.5000000000                   0.0455687965 
                 17.5000000000                  32.0000000000                   0.0334090081 
                 17.5000000000                  32.5000000000                   0.0209197372 
                 17.5000000000                  33.0000000000                   0.0078473284 
                 17.5000000000                  33.5000000000                   0.0006553349 
                 17.5000000000                  34.0000000000                   0.0004856922 
                 17.5000000000                  34.5000000000                   0.0006700248 
                 17.5000000000                  35.0000000000                   0.0000367717 
                 17.5000000000                  35.5000000000                   0.0000613719 
                 17.5000000000                  36.0000000000                   0.0000841283 
                 17.5000000000                  36.5000000000                   0.0000059892 
                 17.5000000000                  37.0000000000                   0.0000063350 
                 17.5000000000                  37.5000000000                   0.0000087836 
                 17.5000000000                  38.0000000000                   0.0000016253 
                 17.5000000000                  38.5000000000                   0.0000034144 
                 17.5000000000                  39.0000000000                   0.0000013448 
                 17.5000000000                  39.5000000000                   0.0000001238 
                 17.5000000000                  40.0000000000                   0.0000007067 
                 17.5000000000                  40.5000000000                   0.0000000843 
                 17.5000000000                  41.0000000000                   0.0000000255 
                 17.5000000000                  41.5000000000                   0.0000000388 
                 17.5000000000                  42.0000000000                   0.0000000013 
                 17.5000000000                  42.5000000000                   0.0000000067 
                 17.5000000000                  43.0000000000                   0.0000000011 
                 17.5000000000                  43.5000000000                   0.0000000010 
                 17.5000000000                  44.0000000000                   0.0000000002 
                 17.5000000000                  44.5000000000                   0.0000000002 
                 17.5000000000                  45.0000000000                   0.0000000000 
                 17.5000000000                  45.5000000000                   0.0000000000 
                 17.5000000000                  46.0000000000                   0.0000000000 
                 17.5000000000                  46.5000000000                   0.0000000000 
                 17.5000000000                  47.0000000000                   0.0000000000 
                 17.5000000000                  47.5000000000                   0.0000000000 
                 17.5000000000                  48.0000000000                   0.0000000000 
                 17.5000000000                  48.5000000000                   0.0000000000 
                 17.5000000000                  49.0000000000                   0.0000000000 
                 17.5000000000                  49.5000000000                  -0.0000000000 
                 17.5000000000                  50.0000000000                   0.0000000000 
                 18.0000000000                   0.0000000000                   0.0000000000 
                 18.0000000000                   0.5000000000                   0.0000000000 
                 18.0000000000                   1.0000000000                   0.0000000000 
                 18.0000000000                   1.5000000000                   0.0000000000 
                 18.0000000000                   2.0000000000                   0.0000000000 
                 18.0000000000                   2.5000000000                   0.0000000000 
                 18.0000000000                   3.0000000000                   0.0000000000 
                 18.0000000000                   3.5000000000                   0.0000000000 
                 18.0000000000                   4.0000000000                   0.0000000000 
                 18.0000000000                   4.5000000000                   0.0000000000 
                 18.0000000000                   5.0000000000                   0.0000000000 
                 18.0000000000                   5.5000000000                   0.0000000000 
                 18.0000000000                   6.0000000000                   0.0000000000 
                 18.0000000000                   6.5000000000                   0.0000000000 
                 18.0000000000                   7.0000000000                   0.0000000000 
                 18.0000000000                   7.5000000000                   0.0000000000 
                 18.0000000000                   8.0000000000                  -0.0000000000 
                 18.0000000000                   8.5000000000                   0.0000000000 
                 18.0000000000                   9.0000000000                  -0.0000000000 
                 18.0000000000                   9.5000000000                   0.0000000000 
                 18.0000000000                  10.0000000000                  -0.0000000000 
                 18.0000000000                  10.5000000000                   0.0000000002 
                 18.0000000000                  11.0000000000                  -0.0000000000 
                 18.0000000000                  11.5000000000                   0.0000000010 
                 18.0000000000                  12.0000000000                   0.0000000004 
                 18.0000000000                  12.5000000000                   0.0000000036 
                 18.0000000000                  13.0000000000                   0.0000000075 
                 18.0000000000                  13.5000000000                   0.0000000049 
                 18.0000000000                  14.0000000000                   0.0000000855 
                 18.0000000000                  14.5000000000                  -0.0000000168 
                 18.0000000000                  15.0000000000                   0.0000005440 
                 18.0000000000                  15.5000000000                  -0.0000000234 
                 18.0000000000                  16.0000000000                   0.0000016053 
                 18.0000000000                  16.5000000000                   0.0000051720 
                 18.0000000000                  17.0000000000                   0.0000010452 
                 18.0000000000                  17.5000000000                   0.0000207739 
                 18.0000000000                  18.0000000000                   0.0002109518 
                 18.0000000000                  18.5000000000                   0.0006834364 
                 18.0000000000                  19.0000000000                   0.0002558891 
                 18.0000000000                  19.5000000000                   0.0008307363 
                 18.0000000000                  20.0000000000                   0.0101943576 
                 18.0000000000                  20.5000000000                   0.0300763808 
                 18.0000000000                  21.0000000000                   0.0542771508 
                 18.0000000000                  21.5000000000                   0.0797738288 
                 18.0000000000                  22.0000000000                   0.1054137991 
                 18.0000000000                  22.5000000000                   0.1279727944 
                 18.0000000000                  23.0000000000                   0.1452759532 
                 18.0000000000                  23.5000000000                   0.1588583704 
                 18.0000000000                  24.0000000000                   0.1709826066 
                 18.0000000000                  24.5000000000                   0.1788924288 
                 18.0000000000                  25.0000000000                   0.1797211513 
                 18.0000000000                  25.5000000000                   0.1771829536 
                 18.0000000000                  26.0000000000                   0.1696828104 
                 18.0000000000                  26.5000000000                   0.1616150847 
                 18.0000000000                  27.0000000000                   0.1562407679 
                 18.0000000000                  27.5000000000                   0.1497372143 
                 18.0000000000                  28.0000000000                   0.1427832360 
                 18.0000000000                  28.5000000000                   0.1333362807 
                 18.0000000000                  29.0000000000                   0.1215205944 
                 18.0000000000                  29.5000000000                   0.1069197787 
                 18.0000000000                  30.0000000000                   0.0907207524 
                 18.0000000000                  30.5000000000                   0.0757095212 
                 18.0000000000                  31.0000000000                   0.0617162906 
                 18.0000000000                  31.5000000000                   0.0482030131 
                 18.0000000000                  32.0000000000                   0.0362160614 
                 18.0000000000                  32.5000000000                   0.0245794870 
                 18.0000000000                  33.0000000000                   0.0112440771 
                 18.0000000000                  33.5000000000                   0.0015350755 
                 18.0000000000                  34.0000000000                   0.0003020938 
                 18.0000000000                  34.5000000000                   0.0014518201 
                 18.0000000000                  35.0000000000                   0.0005535082 
                 18.0000000000                  35.5000000000                  -0.0000110331 
                 18.0000000000                  36.0000000000                   0.0001101167 
                 18.0000000000                  36.5000000000                   0.0000515376 
                 18.0000000000                  37.0000000000                   0.0000029834 
                 18.0000000000                  37.5000000000                   0.0000103003 
                 18.0000000000                  38.0000000000                   0.0000061092 
                 18.0000000000                  38.5000000000                  -0.0000004223 
                 18.0000000000                  39.0000000000                   0.0000006886 
                 18.0000000000                  39.5000000000                   0.0000007707 
                 18.0000000000                  40.0000000000                   0.0000001318 
                 18.0000000000                  40.5000000000                   0.0000002578 
                 18.0000000000                  41.0000000000                   0.0000001291 
                 18.0000000000                  41.5000000000                   0.0000000066 
                 18.0000000000                  42.0000000000                   0.0000000360 
                 18.0000000000                  42.5000000000                   0.0000000018 
                 18.0000000000                  43.0000000000                   0.0000000057 
                 18.0000000000                  43.5000000000                   0.0000000008 
                 18.0000000000                  44.0000000000                   0.0000000006 
                 18.0000000000                  44.5000000000                   0.0000000002 
                 18.0000000000                  45.0000000000                   0.0000000000 
                 18.0000000000                  45.5000000000                   0.0000000001 
                 18.0000000000                  46.0000000000                   0.0000000000 
                 18.0000000000                  46.5000000000                   0.0000000000 
                 18.0000000000                  47.0000000000                  -0.0000000000 
                 18.0000000000                  47.5000000000                   0.0000000000 
                 18.0000000000                  48.0000000000                  -0.0000000000 
                 18.0000000000                  48.5000000000                   0.0000000000 
                 18.0000000000                  49.0000000000                  -0.0000000000 
                 18.0000000000                  49.5000000000                   0.0000000000 
                 18.0000000000                  50.0000000000                   0.0000000000 
                 18.5000000000                   0.0000000000                   0.0000000000 
                 18.5000000000                   0.5000000000                   0.0000000000 
                 18.5000000000                   1.0000000000                   0.0000000000 
                 18.5000000000                   1.5000000000                   0.0000000000 
                 18.5000000000                   2.0000000000                   0.0000000000 
                 18.5000000000                   2.5000000000                   0.0000000000 
                 18.5000000000                   3.0000000000                   0.0000000000 
                 18.5000000000                   3.5000000000                   0.0000000000 
                 18.5000000000                   4.0000000000                   0.0000000000 
                 18.5000000000                   4.5000000000                   0.0000000000 
                 18.5000000000                   5.0000000000                   0.0000000000 
                 18.5000000000                   5.5000000000                   0.0000000000 
                 18.5000000000                   6.0000000000                   0.0000000000 
                 18.5000000000                   6.5000000000                   0.0000000000 
                 18.5000000000                   7.0000000000                   0.0000000000 
                 18.5000000000                   7.5000000000                   0.0000000000 
                 18.5000000000                   8.0000000000                   0.0000000000 
                 18.5000000000                   8.5000000000                   0.0000000000 
                 18.5000000000                   9.0000000000                   0.0000000000 
                 18.5000000000                   9.5000000000                  -0.0000000000 
                 18.5000000000                  10.0000000000                   0.0000000001 
                 18.5000000000                  10.5000000000                  -0.0000000000 
                 18.5000000000                  11.0000000000                   0.0000000007 
                 18.5000000000                  11.5000000000                   0.0000000003 
                 18.5000000000                  12.0000000000                   0.0000000026 
                 18.5000000000                  12.5000000000                   0.0000000098 
                 18.5000000000                  13.0000000000                   0.0000000093 
                 18.5000000000                  13.5000000000                   0.0000001020 
                 18.5000000000                  14.0000000000                   0.0000000094 
                 18.5000000000                  14.5000000000                   0.0000005671 
                 18.5000000000                  15.0000000000                   0.0000001950 
                 18.5000000000                  15.5000000000                   0.0000017627 
                 18.5000000000                  16.0000000000                   0.0000086442 
                 18.5000000000                  16.5000000000                  -0.0000011030 
                 18.5000000000                  17.0000000000                   0.0000691676 
                 18.5000000000                  17.5000000000                   0.0001957510 
                 18.5000000000                  18.0000000000                   0.0001681921 
                 18.5000000000                  18.5000000000                   0.0000397093 
                 18.5000000000                  19.0000000000                   0.0004594396 
                 18.5000000000                  19.5000000000                   0.0049487755 
                 18.5000000000                  20.0000000000                   0.0172697743 
                 18.5000000000                  20.5000000000                   0.0369905886 
                 18.5000000000                  21.0000000000                   0.0614890062 
                 18.5000000000                  21.5000000000                   0.0902061323 
                 18.5000000000                  22.0000000000                   0.1235728147 
                 18.5000000000                  22.5000000000                   0.1571481277 
                 18.5000000000                  23.0000000000                   0.1836233997 
                 18.5000000000                  23.5000000000                   0.2010595609 
                 18.5000000000                  24.0000000000                   0.2142983612 
                 18.5000000000                  24.5000000000                   0.2243454354 
                 18.5000000000                  25.0000000000                   0.2242269321 
                 18.5000000000                  25.5000000000                   0.2225756708 
                 18.5000000000                  26.0000000000                   0.2182257303 
                 18.5000000000                  26.5000000000                   0.2131248008 
                 18.5000000000                  27.0000000000                   0.2078028597 
                 18.5000000000                  27.5000000000                   0.1912145259 
                 18.5000000000                  28.0000000000                   0.1728862564 
                 18.5000000000                  28.5000000000                   0.1531287795 
                 18.5000000000                  29.0000000000                   0.1318842012 
                 18.5000000000                  29.5000000000                   0.1137454711 
                 18.5000000000                  30.0000000000                   0.0976166617 
                 18.5000000000                  30.5000000000                   0.0814681520 
                 18.5000000000                  31.0000000000                   0.0654731787 
                 18.5000000000                  31.5000000000                   0.0506541906 
                 18.5000000000                  32.0000000000                   0.0381226262 
                 18.5000000000                  32.5000000000                   0.0279499992 
                 18.5000000000                  33.0000000000                   0.0171816170 
                 18.5000000000                  33.5000000000                   0.0061232391 
                 18.5000000000                  34.0000000000                   0.0003431617 
                 18.5000000000                  34.5000000000                   0.0007666039 
                 18.5000000000                  35.0000000000                   0.0014381160 
                 18.5000000000                  35.5000000000                   0.0004160031 
                 18.5000000000                  36.0000000000                   0.0000182323 
                 18.5000000000                  36.5000000000                   0.0000970033 
                 18.5000000000                  37.0000000000                   0.0000164825 
                 18.5000000000                  37.5000000000                  -0.0000017396 
                 18.5000000000                  38.0000000000                   0.0000106550 
                 18.5000000000                  38.5000000000                   0.0000136485 
                 18.5000000000                  39.0000000000                   0.0000050788 
                 18.5000000000                  39.5000000000                   0.0000005131 
                 18.5000000000                  40.0000000000                   0.0000019880 
                 18.5000000000                  40.5000000000                   0.0000004347 
                 18.5000000000                  41.0000000000                   0.0000000329 
                 18.5000000000                  41.5000000000                   0.0000001092 
                 18.5000000000                  42.0000000000                   0.0000000151 
                 18.5000000000                  42.5000000000                   0.0000000177 
                 18.5000000000                  43.0000000000                   0.0000000034 
                 18.5000000000                  43.5000000000                   0.0000000029 
                 18.5000000000                  44.0000000000                   0.0000000004 
                 18.5000000000                  44.5000000000                   0.0000000005 
                 18.5000000000                  45.0000000000                   0.0000000000 
                 18.5000000000                  45.5000000000                   0.0000000001 
                 18.5000000000                  46.0000000000                   0.0000000000 
                 18.5000000000                  46.5000000000                   0.0000000000 
                 18.5000000000                  47.0000000000                   0.0000000000 
                 18.5000000000                  47.5000000000                   0.0000000000 
                 18.5000000000                  48.0000000000                   0.0000000000 
                 18.5000000000                  48.5000000000                   0.0000000000 
                 18.5000000000                  49.0000000000                   0.0000000000 
                 18.5000000000                  49.5000000000                  -0.0000000000 
                 18.5000000000                  50.0000000000                   0.0000000000 
                 19.0000000000                   0.0000000000                   0.0000000000 
                 19.0000000000                   0.5000000000                   0.0000000000 
                 19.0000000000                   1.0000000000                   0.0000000000 
                 19.0000000000                   1.5000000000                   0.0000000000 
                 19.0000000000                   2.0000000000                  -0.0000000000 
                 19.0000000000                   2.5000000000                   0.0000000000 
                 19.0000000000                   3.0000000000                  -0.0000000000 
                 19.0000000000                   3.5000000000                   0.0000000000 
                 19.0000000000                   4.0000000000                  -0.0000000000 
                 19.0000000000                   4.5000000000                   0.0000000000 
                 19.0000000000                   5.0000000000                  -0.0000000000 
                 19.0000000000                   5.5000000000                   0.0000000000 
                 19.0000000000                   6.0000000000                  -0.0000000000 
                 19.0000000000                   6.5000000000                   0.0000000000 
                 19.0000000000                   7.0000000000                  -0.0000000000 
                 19.0000000000                   7.5000000000                   0.0000000000 
                 19.0000000000                   8.0000000000                  -0.0000000000 
                 19.0000000000                   8.5000000000                   0.0000000000 
                 19.0000000000                   9.0000000000                   0.0000000000 
                 19.0000000000                   9.5000000000                   0.0000000001 
                 19.0000000000                  10.0000000000                   0.0000000001 
                 19.0000000000                  10.5000000000                   0.0000000005 
                 19.0000000000                  11.0000000000                   0.0000000017 
                 19.0000000000                  11.5000000000                   0.0000000015 
                 19.0000000000                  12.0000000000                   0.0000000163 
                 19.0000000000                  12.5000000000                   0.0000000004 
                 19.0000000000                  13.0000000000                   0.0000001167 
                 19.0000000000                  13.5000000000                  -0.0000000211 
                 19.0000000000                  14.0000000000                   0.0000006778 
                 19.0000000000                  14.5000000000                   0.0000005613 
                 19.0000000000                  15.0000000000                   0.0000020142 
                 19.0000000000                  15.5000000000                   0.0000097721 
                 19.0000000000                  16.0000000000                  -0.0000015627 
                 19.0000000000                  16.5000000000                   0.0000906718 
                 19.0000000000                  17.0000000000                   0.0001451948 
                 19.0000000000                  17.5000000000                   0.0000169849 
                 19.0000000000                  18.0000000000                   0.0007563750 
                 19.0000000000                  18.5000000000                   0.0031116611 
                 19.0000000000                  19.0000000000                   0.0077111566 
                 19.0000000000                  19.5000000000                   0.0164362047 
                 19.0000000000                  20.0000000000                   0.0300943004 
                 19.0000000000                  20.5000000000                   0.0486757528 
                 19.0000000000                  21.0000000000                   0.0715837867 
                 19.0000000000                  21.5000000000                   0.1002221547 
                 19.0000000000                  22.0000000000                   0.1379279531 
                 19.0000000000                  22.5000000000                   0.1820892022 
                 19.0000000000                  23.0000000000                   0.2206707508 
                 19.0000000000                  23.5000000000                   0.2461761903 
                 19.0000000000                  24.0000000000                   0.2628647576 
                 19.0000000000                  24.5000000000                   0.2784809391 
                 19.0000000000                  25.0000000000                   0.2798488697 
                 19.0000000000                  25.5000000000                   0.2759209141 
                 19.0000000000                  26.0000000000                   0.2729464226 
                 19.0000000000                  26.5000000000                   0.2676520771 
                 19.0000000000                  27.0000000000                   0.2598098295 
                 19.0000000000                  27.5000000000                   0.2343781812 
                 19.0000000000                  28.0000000000                   0.2036128615 
                 19.0000000000                  28.5000000000                   0.1736842722 
                 19.0000000000                  29.0000000000                   0.1450242987 
                 19.0000000000                  29.5000000000                   0.1214607590 
                 19.0000000000                  30.0000000000                   0.1022168580 
                 19.0000000000                  30.5000000000                   0.0855117856 
                 19.0000000000                  31.0000000000                   0.0698488726 
                 19.0000000000                  31.5000000000                   0.0555328788 
                 19.0000000000                  32.0000000000                   0.0427504331 
                 19.0000000000                  32.5000000000                   0.0325130100 
                 19.0000000000                  33.0000000000                   0.0242304883 
                 19.0000000000                  33.5000000000                   0.0152662652 
                 19.0000000000                  34.0000000000                   0.0062019740 
                 19.0000000000                  34.5000000000                   0.0008305010 
                 19.0000000000                  35.0000000000                   0.0004457093 
                 19.0000000000                  35.5000000000                   0.0009094280 
                 19.0000000000                  36.0000000000                   0.0002111346 
                 19.0000000000                  36.5000000000                  -0.0000104934 
                 19.0000000000                  37.0000000000                   0.0000734382 
                 19.0000000000                  37.5000000000                   0.0000179326 
                 19.0000000000                  38.0000000000                   0.0000065636 
                 19.0000000000                  38.5000000000                   0.0000051255 
                 19.0000000000                  39.0000000000                   0.0000004888 
                 19.0000000000                  39.5000000000                   0.0000020669 
                 19.0000000000                  40.0000000000                   0.0000009432 
                 19.0000000000                  40.5000000000                   0.0000003222 
                 19.0000000000                  41.0000000000                   0.0000003495 
                 19.0000000000                  41.5000000000                   0.0000000372 
                 19.0000000000                  42.0000000000                   0.0000000678 
                 19.0000000000                  42.5000000000                   0.0000000102 
                 19.0000000000                  43.0000000000                   0.0000000088 
                 19.0000000000                  43.5000000000                   0.0000000020 
                 19.0000000000                  44.0000000000                   0.0000000011 
                 19.0000000000                  44.5000000000                   0.0000000004 
                 19.0000000000                  45.0000000000                   0.0000000001 
                 19.0000000000                  45.5000000000                   0.0000000001 
                 19.0000000000                  46.0000000000                   0.0000000000 
                 19.0000000000                  46.5000000000                   0.0000000000 
                 19.0000000000                  47.0000000000                   0.0000000000 
                 19.0000000000                  47.5000000000                   0.0000000000 
                 19.0000000000                  48.0000000000                  -0.0000000000 
                 19.0000000000                  48.5000000000                   0.0000000000 
                 19.0000000000                  49.0000000000                  -0.0000000000 
                 19.0000000000                  49.5000000000                   0.0000000000 
                 19.0000000000                  50.0000000000                   0.0000000000 
                 19.5000000000                   0.0000000000                   0.0000000000 
                 19.5000000000                   0.5000000000                  -0.0000000000 
                 19.5000000000                   1.0000000000                   0.0000000000 
                 19.5000000000                   1.5000000000                  -0.0000000000 
                 19.5000000000                   2.0000000000                   0.0000000000 
                 19.5000000000                   2.5000000000                  -0.0000000000 
                 19.5000000000                   3.0000000000                   0.0000000000 
                 19.5000000000                   3.5000000000                  -0.0000000000 
                 19.5000000000                   4.0000000000                   0.0000000000 
                 19.5000000000                   4.5000000000                  -0.0000000000 
                 19.5000000000                   5.0000000000                   0.0000000000 
                 19.5000000000                   5.5000000000                   0.0000000000 
                 19.5000000000                   6.0000000000                   0.0000000000 
                 19.5000000000                   6.5000000000                   0.0000000000 
                 19.5000000000                   7.0000000000                   0.0000000000 
                 19.5000000000                   7.5000000000                   0.0000000000 
                 19.5000000000                   8.0000000000                   0.0000000000 
                 19.5000000000                   8.5000000000                   0.0000000000 
                 19.5000000000                   9.0000000000                   0.0000000001 
                 19.5000000000                   9.5000000000                   0.0000000003 
                 19.5000000000                  10.0000000000                   0.0000000002 
                 19.5000000000                  10.5000000000                   0.0000000025 
                 19.5000000000                  11.0000000000                   0.0000000002 
                 19.5000000000                  11.5000000000                   0.0000000187 
                 19.5000000000                  12.0000000000                  -0.0000000038 
                 19.5000000000                  12.5000000000                   0.0000001319 
                 19.5000000000                  13.0000000000                   0.0000000172 
                 19.5000000000                  13.5000000000                   0.0000006827 
                 19.5000000000                  14.0000000000                   0.0000011189 
                 19.5000000000                  14.5000000000                   0.0000011321 
                 19.5000000000                  15.0000000000                   0.0000141313 
                 19.5000000000                  15.5000000000                  -0.0000010122 
                 19.5000000000                  16.0000000000                   0.0000964804 
                 19.5000000000                  16.5000000000                   0.0001611321 
                 19.5000000000                  17.0000000000                   0.0000815697 
                 19.5000000000                  17.5000000000                   0.0025648158 
                 19.5000000000                  18.0000000000                   0.0091844829 
                 19.5000000000                  18.5000000000                   0.0169831976 
                 19.5000000000                  19.0000000000                   0.0246942441 
                 19.5000000000                  19.5000000000                   0.0339845364 
                 19.5000000000                  20.0000000000                   0.0464124623 
                 19.5000000000                  20.5000000000                   0.0632100624 
                 19.5000000000                  21.0000000000                   0.0842346905 
                 19.5000000000                  21.5000000000                   0.1103842223 
                 19.5000000000                  22.0000000000                   0.1455577397 
                 19.5000000000                  22.5000000000                   0.1929309025 
                 19.5000000000                  23.0000000000                   0.2420228759 
                 19.5000000000                  23.5000000000                   0.2823074138 
                 19.5000000000                  24.0000000000                   0.3099073583 
                 19.5000000000                  24.5000000000                   0.3400797250 
                 19.5000000000                  25.0000000000                   0.3509134754 
                 19.5000000000                  25.5000000000                   0.3407309652 
                 19.5000000000                  26.0000000000                   0.3313194589 
                 19.5000000000                  26.5000000000                   0.3185937113 
                 19.5000000000                  27.0000000000                   0.3028226809 
                 19.5000000000                  27.5000000000                   0.2699813988 
                 19.5000000000                  28.0000000000                   0.2311244893 
                 19.5000000000                  28.5000000000                   0.1931840673 
                 19.5000000000                  29.0000000000                   0.1582115000 
                 19.5000000000                  29.5000000000                   0.1311711502 
                 19.5000000000                  30.0000000000                   0.1092916548 
                 19.5000000000                  30.5000000000                   0.0911774151 
                 19.5000000000                  31.0000000000                   0.0756681869 
                 19.5000000000                  31.5000000000                   0.0625271873 
                 19.5000000000                  32.0000000000                   0.0512323650 
                 19.5000000000                  32.5000000000                   0.0409005631 
                 19.5000000000                  33.0000000000                   0.0327397328 
                 19.5000000000                  33.5000000000                   0.0251063140 
                 19.5000000000                  34.0000000000                   0.0167209373 
                 19.5000000000                  34.5000000000                   0.0082020187 
                 19.5000000000                  35.0000000000                   0.0017211440 
                 19.5000000000                  35.5000000000                   0.0001199675 
                 19.5000000000                  36.0000000000                   0.0006313821 
                 19.5000000000                  36.5000000000                   0.0002669367 
                 19.5000000000                  37.0000000000                  -0.0000012605 
                 19.5000000000                  37.5000000000                   0.0000310349 
                 19.5000000000                  38.0000000000                   0.0000052453 
                 19.5000000000                  38.5000000000                   0.0000323007 
                 19.5000000000                  39.0000000000                   0.0000212826 
                 19.5000000000                  39.5000000000                   0.0000006672 
                 19.5000000000                  40.0000000000                   0.0000046757 
                 19.5000000000                  40.5000000000                   0.0000014695 
                 19.5000000000                  41.0000000000                   0.0000002878 
                 19.5000000000                  41.5000000000                   0.0000002829 
                 19.5000000000                  42.0000000000                   0.0000000471 
                 19.5000000000                  42.5000000000                   0.0000000394 
                 19.5000000000                  43.0000000000                   0.0000000067 
                 19.5000000000                  43.5000000000                   0.0000000060 
                 19.5000000000                  44.0000000000                   0.0000000009 
                 19.5000000000                  44.5000000000                   0.0000000009 
                 19.5000000000                  45.0000000000                   0.0000000001 
                 19.5000000000                  45.5000000000                   0.0000000002 
                 19.5000000000                  46.0000000000                   0.0000000000 
                 19.5000000000                  46.5000000000                   0.0000000000 
                 19.5000000000                  47.0000000000                   0.0000000000 
                 19.5000000000                  47.5000000000                   0.0000000000 
                 19.5000000000                  48.0000000000                   0.0000000000 
                 19.5000000000                  48.5000000000                   0.0000000000 
                 19.5000000000                  49.0000000000                   0.0000000000 
                 19.5000000000                  49.5000000000                  -0.0000000000 
                 19.5000000000                  50.0000000000                   0.0000000000 
                 20.0000000000                   0.0000000000                   0.0000000000 
                 20.0000000000                   0.5000000000                   0.0000000000 
                 20.0000000000                   1.0000000000                   0.0000000000 
                 20.0000000000                   1.5000000000                   0.0000000000 
                 20.0000000000                   2.0000000000                   0.0000000000 
                 20.0000000000                   2.5000000000                   0.0000000000 
                 20.0000000000                   3.0000000000                   0.0000000000 
                 20.0000000000                   3.5000000000                   0.0000000000 
                 20.0000000000                   4.0000000000                   0.0000000000 
                 20.0000000000                   4.5000000000                   0.0000000000 
                 20.0000000000                   5.0000000000                   0.0000000000 
                 20.0000000000                   5.5000000000                   0.0000000000 
                 20.0000000000                   6.0000000000                   0.0000000000 
                 20.0000000000                   6.5000000000                   0.0000000000 
                 20.0000000000                   7.0000000000                   0.0000000000 
                 20.0000000000                   7.5000000000                  -0.0000000000 
                 20.0000000000                   8.0000000000                   0.0000000001 
                 20.0000000000                   8.5000000000                  -0.0000000000 
                 20.0000000000                   9.0000000000                   0.0000000006 
                 20.0000000000                   9.5000000000                  -0.0000000001 
                 20.0000000000                  10.0000000000                   0.0000000035 
                 20.0000000000                  10.5000000000                  -0.0000000006 
                 20.0000000000                  11.0000000000                   0.0000000217 
                 20.0000000000                  11.5000000000                   0.0000000032 
                 20.0000000000                  12.0000000000                   0.0000001180 
                 20.0000000000                  12.5000000000                   0.0000001202 
                 20.0000000000                  13.0000000000                   0.0000003694 
                 20.0000000000                  13.5000000000                   0.0000020155 
                 20.0000000000                  14.0000000000                   0.0000002812 
                 20.0000000000                  14.5000000000                   0.0000180734 
                 20.0000000000                  15.0000000000                   0.0000045277 
                 20.0000000000                  15.5000000000                   0.0000746121 
                 20.0000000000                  16.0000000000                   0.0002520414 
                 20.0000000000                  16.5000000000                   0.0000291047 
                 20.0000000000                  17.0000000000                   0.0029118108 
                 20.0000000000                  17.5000000000                   0.0130405736 
                 20.0000000000                  18.0000000000                   0.0258631979 
                 20.0000000000                  18.5000000000                   0.0362640010 
                 20.0000000000                  19.0000000000                   0.0448181691 
                 20.0000000000                  19.5000000000                   0.0534173618 
                 20.0000000000                  20.0000000000                   0.0645496961 
                 20.0000000000                  20.5000000000                   0.0799211283 
                 20.0000000000                  21.0000000000                   0.1001241086 
                 20.0000000000                  21.5000000000                   0.1247309943 
                 20.0000000000                  22.0000000000                   0.1548603477 
                 20.0000000000                  22.5000000000                   0.2000347503 
                 20.0000000000                  23.0000000000                   0.2572161171 
                 20.0000000000                  23.5000000000                   0.3178168801 
                 20.0000000000                  24.0000000000                   0.3636756999 
                 20.0000000000                  24.5000000000                   0.4165005317 
                 20.0000000000                  25.0000000000                   0.4462096807 
                 20.0000000000                  25.5000000000                   0.4308906657 
                 20.0000000000                  26.0000000000                   0.4099932557 
                 20.0000000000                  26.5000000000                   0.3865298653 
                 20.0000000000                  27.0000000000                   0.3605470550 
                 20.0000000000                  27.5000000000                   0.3166040165 
                 20.0000000000                  28.0000000000                   0.2658211246 
                 20.0000000000                  28.5000000000                   0.2177947681 
                 20.0000000000                  29.0000000000                   0.1746305376 
                 20.0000000000                  29.5000000000                   0.1422163016 
                 20.0000000000                  30.0000000000                   0.1181846254 
                 20.0000000000                  30.5000000000                   0.1000072755 
                 20.0000000000                  31.0000000000                   0.0856127009 
                 20.0000000000                  31.5000000000                   0.0729695144 
                 20.0000000000                  32.0000000000                   0.0628286778 
                 20.0000000000                  32.5000000000                   0.0533487935 
                 20.0000000000                  33.0000000000                   0.0442931742 
                 20.0000000000                  33.5000000000                   0.0348426293 
                 20.0000000000                  34.0000000000                   0.0249510556 
                 20.0000000000                  34.5000000000                   0.0168111765 
                 20.0000000000                  35.0000000000                   0.0088772603 
                 20.0000000000                  35.5000000000                   0.0022564161 
                 20.0000000000                  36.0000000000                  -0.0000515217 
                 20.0000000000                  36.5000000000                   0.0002440348 
                 20.0000000000                  37.0000000000                   0.0002062269 
                 20.0000000000                  37.5000000000                   0.0000200675 
                 20.0000000000                  38.0000000000                   0.0000296104 
                 20.0000000000                  38.5000000000                   0.0000296365 
                 20.0000000000                  39.0000000000                   0.0000077801 
                 20.0000000000                  39.5000000000                   0.0000050160 
                 20.0000000000                  40.0000000000                   0.0000041472 
                 20.0000000000                  40.5000000000                   0.0000017638 
                 20.0000000000                  41.0000000000                   0.0000003796 
                 20.0000000000                  41.5000000000                   0.0000002264 
                 20.0000000000                  42.0000000000                   0.0000000517 
                 20.0000000000                  42.5000000000                   0.0000000248 
                 20.0000000000                  43.0000000000                   0.0000000102 
                 20.0000000000                  43.5000000000                   0.0000000029 
                 20.0000000000                  44.0000000000                   0.0000000018 
                 20.0000000000                  44.5000000000                   0.0000000004 
                 20.0000000000                  45.0000000000                   0.0000000003 
                 20.0000000000                  45.5000000000                   0.0000000000 
                 20.0000000000                  46.0000000000                   0.0000000001 
                 20.0000000000                  46.5000000000                   0.0000000000 
                 20.0000000000                  47.0000000000                   0.0000000000 
                 20.0000000000                  47.5000000000                   0.0000000000 
                 20.0000000000                  48.0000000000                   0.0000000000 
                 20.0000000000                  48.5000000000                   0.0000000000 
                 20.0000000000                  49.0000000000                   0.0000000000 
                 20.0000000000                  49.5000000000                  -0.0000000000 
                 20.0000000000                  50.0000000000                   0.0000000000 
                 20.5000000000                   0.0000000000                   0.0000000000 
                 20.5000000000                   0.5000000000                   0.0000000000 
                 20.5000000000                   1.0000000000                  -0.0000000000 
                 20.5000000000                   1.5000000000                   0.0000000000 
                 20.5000000000                   2.0000000000                  -0.0000000000 
                 20.5000000000                   2.5000000000                   0.0000000000 
                 20.5000000000                   3.0000000000                  -0.0000000000 
                 20.5000000000                   3.5000000000                   0.0000000000 
                 20.5000000000                   4.0000000000                  -0.0000000000 
                 20.5000000000                   4.5000000000                   0.0000000000 
                 20.5000000000                   5.0000000000                  -0.0000000000 
                 20.5000000000                   5.5000000000                   0.0000000000 
                 20.5000000000                   6.0000000000                  -0.0000000000 
                 20.5000000000                   6.5000000000                   0.0000000000 
                 20.5000000000                   7.0000000000                  -0.0000000000 
                 20.5000000000                   7.5000000000                   0.0000000001 
                 20.5000000000                   8.0000000000                   0.0000000000 
                 20.5000000000                   8.5000000000                   0.0000000005 
                 20.5000000000                   9.0000000000                   0.0000000002 
                 20.5000000000                   9.5000000000                   0.0000000025 
                 20.5000000000                  10.0000000000                   0.0000000019 
                 20.5000000000                  10.5000000000                   0.0000000112 
                 20.5000000000                  11.0000000000                   0.0000000218 
                 20.5000000000                  11.5000000000                   0.0000000397 
                 20.5000000000                  12.0000000000                   0.0000002529 
                 20.5000000000                  12.5000000000                   0.0000000563 
                 20.5000000000                  13.0000000000                   0.0000024664 
                 20.5000000000                  13.5000000000                   0.0000003245 
                 20.5000000000                  14.0000000000                   0.0000136314 
                 20.5000000000                  14.5000000000                   0.0000196723 
                 20.5000000000                  15.0000000000                   0.0000267084 
                 20.5000000000                  15.5000000000                   0.0003114076 
                 20.5000000000                  16.0000000000                   0.0000855357 
                 20.5000000000                  16.5000000000                   0.0014006408 
                 20.5000000000                  17.0000000000                   0.0108978222 
                 20.5000000000                  17.5000000000                   0.0267042209 
                 20.5000000000                  18.0000000000                   0.0409942714 
                 20.5000000000                  18.5000000000                   0.0531888523 
                 20.5000000000                  19.0000000000                   0.0640830931 
                 20.5000000000                  19.5000000000                   0.0736232707 
                 20.5000000000                  20.0000000000                   0.0842881282 
                 20.5000000000                  20.5000000000                   0.0972013896 
                 20.5000000000                  21.0000000000                   0.1149619774 
                 20.5000000000                  21.5000000000                   0.1386277020 
                 20.5000000000                  22.0000000000                   0.1644601866 
                 20.5000000000                  22.5000000000                   0.2020553252 
                 20.5000000000                  23.0000000000                   0.2604693910 
                 20.5000000000                  23.5000000000                   0.3471988645 
                 20.5000000000                  24.0000000000                   0.4269321296 
                 20.5000000000                  24.5000000000                   0.5279917274 
                 20.5000000000                  25.0000000000                   0.6060913690 
                 20.5000000000                  25.5000000000                   0.5868103756 
                 20.5000000000                  26.0000000000                   0.5390060332 
                 20.5000000000                  26.5000000000                   0.4973275762 
                 20.5000000000                  27.0000000000                   0.4518768805 
                 20.5000000000                  27.5000000000                   0.3850885796 
                 20.5000000000                  28.0000000000                   0.3139072318 
                 20.5000000000                  28.5000000000                   0.2513588861 
                 20.5000000000                  29.0000000000                   0.1993317352 
                 20.5000000000                  29.5000000000                   0.1617596329 
                 20.5000000000                  30.0000000000                   0.1348687925 
                 20.5000000000                  30.5000000000                   0.1146594411 
                 20.5000000000                  31.0000000000                   0.0994359737 
                 20.5000000000                  31.5000000000                   0.0866824262 
                 20.5000000000                  32.0000000000                   0.0761785015 
                 20.5000000000                  32.5000000000                   0.0672319387 
                 20.5000000000                  33.0000000000                   0.0580677607 
                 20.5000000000                  33.5000000000                   0.0447010975 
                 20.5000000000                  34.0000000000                   0.0299773515 
                 20.5000000000                  34.5000000000                   0.0193218533 
                 20.5000000000                  35.0000000000                   0.0108538911 
                 20.5000000000                  35.5000000000                   0.0055120711 
                 20.5000000000                  36.0000000000                   0.0024219524 
                 20.5000000000                  36.5000000000                   0.0004738263 
                 20.5000000000                  37.0000000000                   0.0001954355 
                 20.5000000000                  37.5000000000                   0.0001884291 
                 20.5000000000                  38.0000000000                   0.0000076590 
                 20.5000000000                  38.5000000000                   0.0000480771 
                 20.5000000000                  39.0000000000                   0.0000485913 
                 20.5000000000                  39.5000000000                   0.0000025829 
                 20.5000000000                  40.0000000000                   0.0000077377 
                 20.5000000000                  40.5000000000                   0.0000023927 
                 20.5000000000                  41.0000000000                   0.0000005333 
                 20.5000000000                  41.5000000000                   0.0000003269 
                 20.5000000000                  42.0000000000                   0.0000000426 
                 20.5000000000                  42.5000000000                   0.0000000611 
                 20.5000000000                  43.0000000000                   0.0000000053 
                 20.5000000000                  43.5000000000                   0.0000000115 
                 20.5000000000                  44.0000000000                   0.0000000007 
                 20.5000000000                  44.5000000000                   0.0000000021 
                 20.5000000000                  45.0000000000                   0.0000000001 
                 20.5000000000                  45.5000000000                   0.0000000004 
                 20.5000000000                  46.0000000000                   0.0000000000 
                 20.5000000000                  46.5000000000                   0.0000000001 
                 20.5000000000                  47.0000000000                   0.0000000000 
                 20.5000000000                  47.5000000000                   0.0000000000 
                 20.5000000000                  48.0000000000                   0.0000000000 
                 20.5000000000                  48.5000000000                   0.0000000000 
                 20.5000000000                  49.0000000000                   0.0000000000 
                 20.5000000000                  49.5000000000                   0.0000000000 
                 20.5000000000                  50.0000000000                   0.0000000000 
                 21.0000000000                   0.0000000000                   0.0000000000 
                 21.0000000000                   0.5000000000                   0.0000000000 
                 21.0000000000                   1.0000000000                   0.0000000000 
                 21.0000000000                   1.5000000000                   0.0000000000 
                 21.0000000000                   2.0000000000                   0.0000000000 
                 21.0000000000                   2.5000000000                   0.0000000000 
                 21.0000000000                   3.0000000000                   0.0000000000 
                 21.0000000000                   3.5000000000                   0.0000000000 
                 21.0000000000                   4.0000000000                   0.0000000000 
                 21.0000000000                   4.5000000000                   0.0000000000 
                 21.0000000000                   5.0000000000                   0.0000000000 
                 21.0000000000                   5.5000000000                   0.0000000000 
                 21.0000000000                   6.0000000000                   0.0000000000 
                 21.0000000000                   6.5000000000                   0.0000000000 
                 21.0000000000                   7.0000000000                   0.0000000000 
                 21.0000000000                   7.5000000000                   0.0000000001 
                 21.0000000000                   8.0000000000                   0.0000000001 
                 21.0000000000                   8.5000000000                   0.0000000008 
                 21.0000000000                   9.0000000000                   0.0000000004 
                 21.0000000000                   9.5000000000                   0.0000000058 
                 21.0000000000                  10.0000000000                   0.0000000005 
                 21.0000000000                  10.5000000000                   0.0000000402 
                 21.0000000000                  11.0000000000                  -0.0000000032 
                 21.0000000000                  11.5000000000                   0.0000002822 
                 21.0000000000                  12.0000000000                   0.0000000295 
                 21.0000000000                  12.5000000000                   0.0000016937 
                 21.0000000000                  13.0000000000                   0.0000018882 
                 21.0000000000                  13.5000000000                   0.0000050881 
                 21.0000000000                  14.0000000000                   0.0000310231 
                 21.0000000000                  14.5000000000                   0.0000036120 
                 21.0000000000                  15.0000000000                   0.0002096529 
                 21.0000000000                  15.5000000000                   0.0003221896 
                 21.0000000000                  16.0000000000                   0.0002256057 
                 21.0000000000                  16.5000000000                   0.0057226341 
                 21.0000000000                  17.0000000000                   0.0199785525 
                 21.0000000000                  17.5000000000                   0.0363891161 
                 21.0000000000                  18.0000000000                   0.0518210762 
                 21.0000000000                  18.5000000000                   0.0681171121 
                 21.0000000000                  19.0000000000                   0.0831602856 
                 21.0000000000                  19.5000000000                   0.0952808766 
                 21.0000000000                  20.0000000000                   0.1067726748 
                 21.0000000000                  20.5000000000                   0.1173907780 
                 21.0000000000                  21.0000000000                   0.1321636753 
                 21.0000000000                  21.5000000000                   0.1559651178 
                 21.0000000000                  22.0000000000                   0.1813293939 
                 21.0000000000                  22.5000000000                   0.2133710273 
                 21.0000000000                  23.0000000000                   0.2681148409 
                 21.0000000000                  23.5000000000                   0.3762402073 
                 21.0000000000                  24.0000000000                   0.4958071389 
                 21.0000000000                  24.5000000000                   0.6599931263 
                 21.0000000000                  25.0000000000                   0.8029800273 
                 21.0000000000                  25.5000000000                   0.7674901216 
                 21.0000000000                  26.0000000000                   0.6796865837 
                 21.0000000000                  26.5000000000                   0.6207288902 
                 21.0000000000                  27.0000000000                   0.5457013552 
                 21.0000000000                  27.5000000000                   0.4549415394 
                 21.0000000000                  28.0000000000                   0.3669342353 
                 21.0000000000                  28.5000000000                   0.2934452862 
                 21.0000000000                  29.0000000000                   0.2360122245 
                 21.0000000000                  29.5000000000                   0.1931409691 
                 21.0000000000                  30.0000000000                   0.1616182499 
                 21.0000000000                  30.5000000000                   0.1371019174 
                 21.0000000000                  31.0000000000                   0.1174356273 
                 21.0000000000                  31.5000000000                   0.1001934854 
                 21.0000000000                  32.0000000000                   0.0853770940 
                 21.0000000000                  32.5000000000                   0.0730999111 
                 21.0000000000                  33.0000000000                   0.0635859542 
                 21.0000000000                  33.5000000000                   0.0496914304 
                 21.0000000000                  34.0000000000                   0.0317871095 
                 21.0000000000                  34.5000000000                   0.0210941683 
                 21.0000000000                  35.0000000000                   0.0133137270 
                 21.0000000000                  35.5000000000                   0.0072881055 
                 21.0000000000                  36.0000000000                   0.0040700901 
                 21.0000000000                  36.5000000000                   0.0011453540 
                 21.0000000000                  37.0000000000                   0.0001354613 
                 21.0000000000                  37.5000000000                   0.0001775641 
                 21.0000000000                  38.0000000000                   0.0001120007 
                 21.0000000000                  38.5000000000                   0.0000627209 
                 21.0000000000                  39.0000000000                   0.0000468878 
                 21.0000000000                  39.5000000000                   0.0000134988 
                 21.0000000000                  40.0000000000                   0.0000097195 
                 21.0000000000                  40.5000000000                   0.0000037087 
                 21.0000000000                  41.0000000000                   0.0000000690 
                 21.0000000000                  41.5000000000                   0.0000005781 
                 21.0000000000                  42.0000000000                  -0.0000000027 
                 21.0000000000                  42.5000000000                   0.0000000848 
                 21.0000000000                  43.0000000000                   0.0000000047 
                 21.0000000000                  43.5000000000                   0.0000000121 
                 21.0000000000                  44.0000000000                   0.0000000017 
                 21.0000000000                  44.5000000000                   0.0000000016 
                 21.0000000000                  45.0000000000                   0.0000000004 
                 21.0000000000                  45.5000000000                   0.0000000002 
                 21.0000000000                  46.0000000000                   0.0000000001 
                 21.0000000000                  46.5000000000                   0.0000000000 
                 21.0000000000                  47.0000000000                   0.0000000000 
                 21.0000000000                  47.5000000000                   0.0000000000 
                 21.0000000000                  48.0000000000                   0.0000000000 
                 21.0000000000                  48.5000000000                   0.0000000000 
                 21.0000000000                  49.0000000000                   0.0000000000 
                 21.0000000000                  49.5000000000                  -0.0000000000 
                 21.0000000000                  50.0000000000                   0.0000000000 
                 21.5000000000                   0.0000000000                   0.0000000000 
                 21.5000000000                   0.5000000000                   0.0000000000 
                 21.5000000000                   1.0000000000                   0.0000000000 
                 21.5000000000                   1.5000000000                  -0.0000000000 
                 21.5000000000                   2.0000000000                   0.0000000000 
                 21.5000000000                   2.5000000000                  -0.0000000000 
                 21.5000000000                   3.0000000000                   0.0000000000 
                 21.5000000000                   3.5000000000                  -0.0000000000 
                 21.5000000000                   4.0000000000                   0.0000000000 
                 21.5000000000                   4.5000000000                  -0.0000000000 
                 21.5000000000                   5.0000000000                   0.0000000000 
                 21.5000000000                   5.5000000000                  -0.0000000000 
                 21.5000000000                   6.0000000000                   0.0000000000 
                 21.5000000000                   6.5000000000                  -0.0000000000 
                 21.5000000000                   7.0000000000                   0.0000000002 
                 21.5000000000                   7.5000000000                  -0.0000000000 
                 21.5000000000                   8.0000000000                   0.0000000009 
                 21.5000000000                   8.5000000000                   0.0000000000 
                 21.5000000000                   9.0000000000                   0.0000000047 
                 21.5000000000                   9.5000000000                   0.0000000012 
                 21.5000000000                  10.0000000000                   0.0000000244 
                 21.5000000000                  10.5000000000                   0.0000000164 
                 21.5000000000                  11.0000000000                   0.0000001177 
                 21.5000000000                  11.5000000000                   0.0000002617 
                 21.5000000000                  12.0000000000                   0.0000004007 
                 21.5000000000                  12.5000000000                   0.0000033628 
                 21.5000000000                  13.0000000000                   0.0000003869 
                 21.5000000000                  13.5000000000                   0.0000205307 
                 21.5000000000                  14.0000000000                   0.0000173323 
                 21.5000000000                  14.5000000000                   0.0000563488 
                 21.5000000000                  15.0000000000                   0.0003796321 
                 21.5000000000                  15.5000000000                   0.0000901623 
                 21.5000000000                  16.0000000000                   0.0016784645 
                 21.5000000000                  16.5000000000                   0.0112827641 
                 21.5000000000                  17.0000000000                   0.0268921040 
                 21.5000000000                  17.5000000000                   0.0432930417 
                 21.5000000000                  18.0000000000                   0.0612333140 
                 21.5000000000                  18.5000000000                   0.0821397502 
                 21.5000000000                  19.0000000000                   0.1027199112 
                 21.5000000000                  19.5000000000                   0.1193424827 
                 21.5000000000                  20.0000000000                   0.1340819894 
                 21.5000000000                  20.5000000000                   0.1456387414 
                 21.5000000000                  21.0000000000                   0.1605329472 
                 21.5000000000                  21.5000000000                   0.1878589756 
                 21.5000000000                  22.0000000000                   0.2174921017 
                 21.5000000000                  22.5000000000                   0.2533176099 
                 21.5000000000                  23.0000000000                   0.3096531717 
                 21.5000000000                  23.5000000000                   0.4208674286 
                 21.5000000000                  24.0000000000                   0.5478152216 
                 21.5000000000                  24.5000000000                   0.7071072052 
                 21.5000000000                  25.0000000000                   0.8217646808 
                 21.5000000000                  25.5000000000                   0.7538843224 
                 21.5000000000                  26.0000000000                   0.6720992245 
                 21.5000000000                  26.5000000000                   0.6186211828 
                 21.5000000000                  27.0000000000                   0.5332376757 
                 21.5000000000                  27.5000000000                   0.4643899068 
                 21.5000000000                  28.0000000000                   0.3992212381 
                 21.5000000000                  28.5000000000                   0.3349810317 
                 21.5000000000                  29.0000000000                   0.2812917238 
                 21.5000000000                  29.5000000000                   0.2328814923 
                 21.5000000000                  30.0000000000                   0.1937946257 
                 21.5000000000                  30.5000000000                   0.1637583454 
                 21.5000000000                  31.0000000000                   0.1386307324 
                 21.5000000000                  31.5000000000                   0.1114441469 
                 21.5000000000                  32.0000000000                   0.0870160522 
                 21.5000000000                  32.5000000000                   0.0693099626 
                 21.5000000000                  33.0000000000                   0.0549429078 
                 21.5000000000                  33.5000000000                   0.0430932121 
                 21.5000000000                  34.0000000000                   0.0311298487 
                 21.5000000000                  34.5000000000                   0.0193452712 
                 21.5000000000                  35.0000000000                   0.0108971070 
                 21.5000000000                  35.5000000000                   0.0077695828 
                 21.5000000000                  36.0000000000                   0.0068414559 
                 21.5000000000                  36.5000000000                   0.0037190289 
                 21.5000000000                  37.0000000000                   0.0008136473 
                 21.5000000000                  37.5000000000                   0.0000579415 
                 21.5000000000                  38.0000000000                   0.0001840762 
                 21.5000000000                  38.5000000000                   0.0001306773 
                 21.5000000000                  39.0000000000                   0.0000453881 
                 21.5000000000                  39.5000000000                   0.0000080895 
                 21.5000000000                  40.0000000000                   0.0000070207 
                 21.5000000000                  40.5000000000                   0.0000018681 
                 21.5000000000                  41.0000000000                   0.0000005045 
                 21.5000000000                  41.5000000000                   0.0000002923 
                 21.5000000000                  42.0000000000                   0.0000000523 
                 21.5000000000                  42.5000000000                   0.0000000466 
                 21.5000000000                  43.0000000000                   0.0000000062 
                 21.5000000000                  43.5000000000                   0.0000000080 
                 21.5000000000                  44.0000000000                   0.0000000007 
                 21.5000000000                  44.5000000000                   0.0000000015 
                 21.5000000000                  45.0000000000                   0.0000000001 
                 21.5000000000                  45.5000000000                   0.0000000003 
                 21.5000000000                  46.0000000000                   0.0000000000 
                 21.5000000000                  46.5000000000                   0.0000000000 
                 21.5000000000                  47.0000000000                   0.0000000000 
                 21.5000000000                  47.5000000000                   0.0000000000 
                 21.5000000000                  48.0000000000                   0.0000000000 
                 21.5000000000                  48.5000000000                   0.0000000000 
                 21.5000000000                  49.0000000000                   0.0000000000 
                 21.5000000000                  49.5000000000                  -0.0000000000 
                 21.5000000000                  50.0000000000                   0.0000000000 
                 22.0000000000                   0.0000000000                   0.0000000000 
                 22.0000000000                   0.5000000000                   0.0000000000 
                 22.0000000000                   1.0000000000                   0.0000000000 
                 22.0000000000                   1.5000000000                   0.0000000000 
                 22.0000000000                   2.0000000000                   0.0000000000 
                 22.0000000000                   2.5000000000                   0.0000000000 
                 22.0000000000                   3.0000000000                   0.0000000000 
                 22.0000000000                   3.5000000000                   0.0000000000 
                 22.0000000000                   4.0000000000                   0.0000000000 
                 22.0000000000                   4.5000000000                   0.0000000000 
                 22.0000000000                   5.0000000000                   0.0000000000 
                 22.0000000000                   5.5000000000                   0.0000000000 
                 22.0000000000                   6.0000000000                   0.0000000000 
                 22.0000000000                   6.5000000000                   0.0000000000 
                 22.0000000000                   7.0000000000                   0.0000000002 
                 22.0000000000                   7.5000000000                   0.0000000001 
                 22.0000000000                   8.0000000000                   0.0000000010 
                 22.0000000000                   8.5000000000                   0.0000000004 
                 22.0000000000                   9.0000000000                   0.0000000067 
                 22.0000000000                   9.5000000000                   0.0000000012 
                 22.0000000000                  10.0000000000                   0.0000000422 
                 22.0000000000                  10.5000000000                   0.0000000003 
                 22.0000000000                  11.0000000000                   0.0000002685 
                 22.0000000000                  11.5000000000                   0.0000000437 
                 22.0000000000                  12.0000000000                   0.0000014695 
                 22.0000000000                  12.5000000000                   0.0000026704 
                 22.0000000000                  13.0000000000                   0.0000025279 
                 22.0000000000                  13.5000000000                   0.0000276300 
                 22.0000000000                  14.0000000000                   0.0000008265 
                 22.0000000000                  14.5000000000                   0.0001498559 
                 22.0000000000                  15.0000000000                   0.0003488268 
                 22.0000000000                  15.5000000000                   0.0000829992 
                 22.0000000000                  16.0000000000                   0.0037696049 
                 22.0000000000                  16.5000000000                   0.0155587654 
                 22.0000000000                  17.0000000000                   0.0313196633 
                 22.0000000000                  17.5000000000                   0.0484181318 
                 22.0000000000                  18.0000000000                   0.0687386444 
                 22.0000000000                  18.5000000000                   0.0940522744 
                 22.0000000000                  19.0000000000                   0.1209276867 
                 22.0000000000                  19.5000000000                   0.1431436065 
                 22.0000000000                  20.0000000000                   0.1620276805 
                 22.0000000000                  20.5000000000                   0.1752110463 
                 22.0000000000                  21.0000000000                   0.1913840998 
                 22.0000000000                  21.5000000000                   0.2247852681 
                 22.0000000000                  22.0000000000                   0.2610701377 
                 22.0000000000                  22.5000000000                   0.3026738415 
                 22.0000000000                  23.0000000000                   0.3623038899 
                 22.0000000000                  23.5000000000                   0.4615031940 
                 22.0000000000                  24.0000000000                   0.5587026535 
                 22.0000000000                  24.5000000000                   0.6453439438 
                 22.0000000000                  25.0000000000                   0.6706912000 
                 22.0000000000                  25.5000000000                   0.5997804350 
                 22.0000000000                  26.0000000000                   0.5584872196 
                 22.0000000000                  26.5000000000                   0.5147128052 
                 22.0000000000                  27.0000000000                   0.4475349164 
                 22.0000000000                  27.5000000000                   0.4309036342 
                 22.0000000000                  28.0000000000                   0.4118815411 
                 22.0000000000                  28.5000000000                   0.3717702651 
                 22.0000000000                  29.0000000000                   0.3305357463 
                 22.0000000000                  29.5000000000                   0.2762757209 
                 22.0000000000                  30.0000000000                   0.2260792781 
                 22.0000000000                  30.5000000000                   0.1887410591 
                 22.0000000000                  31.0000000000                   0.1585226535 
                 22.0000000000                  31.5000000000                   0.1212874964 
                 22.0000000000                  32.0000000000                   0.0859694168 
                 22.0000000000                  32.5000000000                   0.0621815755 
                 22.0000000000                  33.0000000000                   0.0457956863 
                 22.0000000000                  33.5000000000                   0.0341606156 
                 22.0000000000                  34.0000000000                   0.0249263070 
                 22.0000000000                  34.5000000000                   0.0197128224 
                 22.0000000000                  35.0000000000                   0.0146700782 
                 22.0000000000                  35.5000000000                   0.0089808457 
                 22.0000000000                  36.0000000000                   0.0078425688 
                 22.0000000000                  36.5000000000                   0.0061051392 
                 22.0000000000                  37.0000000000                   0.0019522073 
                 22.0000000000                  37.5000000000                  -0.0000321831 
                 22.0000000000                  38.0000000000                   0.0004527582 
                 22.0000000000                  38.5000000000                   0.0004359067 
                 22.0000000000                  39.0000000000                   0.0000471045 
                 22.0000000000                  39.5000000000                   0.0000321214 
                 22.0000000000                  40.0000000000                   0.0000131585 
                 22.0000000000                  40.5000000000                   0.0000009619 
                 22.0000000000                  41.0000000000                   0.0000022349 
                 22.0000000000                  41.5000000000                   0.0000000225 
                 22.0000000000                  42.0000000000                   0.0000003639 
                 22.0000000000                  42.5000000000                   0.0000000153 
                 22.0000000000                  43.0000000000                   0.0000000590 
                 22.0000000000                  43.5000000000                   0.0000000054 
                 22.0000000000                  44.0000000000                   0.0000000091 
                 22.0000000000                  44.5000000000                   0.0000000014 
                 22.0000000000                  45.0000000000                   0.0000000014 
                 22.0000000000                  45.5000000000                   0.0000000003 
                 22.0000000000                  46.0000000000                   0.0000000002 
                 22.0000000000                  46.5000000000                   0.0000000001 
                 22.0000000000                  47.0000000000                   0.0000000000 
                 22.0000000000                  47.5000000000                   0.0000000000 
                 22.0000000000                  48.0000000000                   0.0000000000 
                 22.0000000000                  48.5000000000                   0.0000000000 
                 22.0000000000                  49.0000000000                  -0.0000000000 
                 22.0000000000                  49.5000000000                   0.0000000000 
                 22.0000000000                  50.0000000000                   0.0000000000 
                 22.5000000000                   0.0000000000                   0.0000000000 
                 22.5000000000                   0.5000000000                   0.0000000000 
                 22.5000000000                   1.0000000000                  -0.0000000000 
                 22.5000000000                   1.5000000000                   0.0000000000 
                 22.5000000000                   2.0000000000                  -0.0000000000 
                 22.5000000000                   2.5000000000                   0.0000000000 
                 22.5000000000                   3.0000000000                  -0.0000000000 
                 22.5000000000                   3.5000000000                   0.0000000000 
                 22.5000000000                   4.0000000000                  -0.0000000000 
                 22.5000000000                   4.5000000000                   0.0000000000 
                 22.5000000000                   5.0000000000                   0.0000000000 
                 22.5000000000                   5.5000000000                   0.0000000000 
                 22.5000000000                   6.0000000000                   0.0000000000 
                 22.5000000000                   6.5000000000                   0.0000000001 
                 22.5000000000                   7.0000000000                   0.0000000001 
                 22.5000000000                   7.5000000000                   0.0000000003 
                 22.5000000000                   8.0000000000                   0.0000000005 
                 22.5000000000                   8.5000000000                   0.0000000014 
                 22.5000000000                   9.0000000000                   0.0000000042 
                 22.5000000000                   9.5000000000                   0.0000000058 
                 22.5000000000                  10.0000000000                   0.0000000336 
                 22.5000000000                  10.5000000000                   0.0000000197 
                 22.5000000000                  11.0000000000                   0.0000002780 
                 22.5000000000                  11.5000000000                   0.0000000611 
                 22.5000000000                  12.0000000000                   0.0000018846 
                 22.5000000000                  12.5000000000                   0.0000016668 
                 22.5000000000                  13.0000000000                   0.0000034875 
                 22.5000000000                  13.5000000000                   0.0000250323 
                 22.5000000000                  14.0000000000                   0.0000014666 
                 22.5000000000                  14.5000000000                   0.0001892482 
                 22.5000000000                  15.0000000000                   0.0002762046 
                 22.5000000000                  15.5000000000                   0.0001974011 
                 22.5000000000                  16.0000000000                   0.0048957592 
                 22.5000000000                  16.5000000000                   0.0173075686 
                 22.5000000000                  17.0000000000                   0.0331702677 
                 22.5000000000                  17.5000000000                   0.0512027046 
                 22.5000000000                  18.0000000000                   0.0735056411 
                 22.5000000000                  18.5000000000                   0.1024836836 
                 22.5000000000                  19.0000000000                   0.1348614545 
                 22.5000000000                  19.5000000000                   0.1630798301 
                 22.5000000000                  20.0000000000                   0.1877041634 
                 22.5000000000                  20.5000000000                   0.2033187649 
                 22.5000000000                  21.0000000000                   0.2204429283 
                 22.5000000000                  21.5000000000                   0.2608858361 
                 22.5000000000                  22.0000000000                   0.3075799973 
                 22.5000000000                  22.5000000000                   0.3565382449 
                 22.5000000000                  23.0000000000                   0.4128036820 
                 22.5000000000                  23.5000000000                   0.4761913635 
                 22.5000000000                  24.0000000000                   0.5111833924 
                 22.5000000000                  24.5000000000                   0.5161410197 
                 22.5000000000                  25.0000000000                   0.4889346622 
                 22.5000000000                  25.5000000000                   0.4424708921 
                 22.5000000000                  26.0000000000                   0.4261453367 
                 22.5000000000                  26.5000000000                   0.3904923585 
                 22.5000000000                  27.0000000000                   0.3496871916 
                 22.5000000000                  27.5000000000                   0.3670972265 
                 22.5000000000                  28.0000000000                   0.3838636871 
                 22.5000000000                  28.5000000000                   0.3887428121 
                 22.5000000000                  29.0000000000                   0.3777044616 
                 22.5000000000                  29.5000000000                   0.3199410412 
                 22.5000000000                  30.0000000000                   0.2562537405 
                 22.5000000000                  30.5000000000                   0.2090906986 
                 22.5000000000                  31.0000000000                   0.1732442575 
                 22.5000000000                  31.5000000000                   0.1257723777 
                 22.5000000000                  32.0000000000                   0.0808895821 
                 22.5000000000                  32.5000000000                   0.0529206820 
                 22.5000000000                  33.0000000000                   0.0314438956 
                 22.5000000000                  33.5000000000                   0.0210030713 
                 22.5000000000                  34.0000000000                   0.0201013752 
                 22.5000000000                  34.5000000000                   0.0171093479 
                 22.5000000000                  35.0000000000                   0.0137007747 
                 22.5000000000                  35.5000000000                   0.0105873180 
                 22.5000000000                  36.0000000000                   0.0078408266 
                 22.5000000000                  36.5000000000                   0.0061066285 
                 22.5000000000                  37.0000000000                   0.0032272743 
                 22.5000000000                  37.5000000000                   0.0005455978 
                 22.5000000000                  38.0000000000                   0.0004371011 
                 22.5000000000                  38.5000000000                   0.0005088339 
                 22.5000000000                  39.0000000000                   0.0000699973 
                 22.5000000000                  39.5000000000                   0.0000399149 
                 22.5000000000                  40.0000000000                   0.0000138130 
                 22.5000000000                  40.5000000000                   0.0000008026 
                 22.5000000000                  41.0000000000                   0.0000027447 
                 22.5000000000                  41.5000000000                  -0.0000001004 
                 22.5000000000                  42.0000000000                   0.0000004782 
                 22.5000000000                  42.5000000000                  -0.0000000171 
                 22.5000000000                  43.0000000000                   0.0000000782 
                 22.5000000000                  43.5000000000                  -0.0000000011 
                 22.5000000000                  44.0000000000                   0.0000000121 
                 22.5000000000                  44.5000000000                   0.0000000002 
                 22.5000000000                  45.0000000000                   0.0000000018 
                 22.5000000000                  45.5000000000                   0.0000000001 
                 22.5000000000                  46.0000000000                   0.0000000003 
                 22.5000000000                  46.5000000000                   0.0000000000 
                 22.5000000000                  47.0000000000                   0.0000000000 
                 22.5000000000                  47.5000000000                   0.0000000000 
                 22.5000000000                  48.0000000000                   0.0000000000 
                 22.5000000000                  48.5000000000                   0.0000000000 
                 22.5000000000                  49.0000000000                   0.0000000000 
                 22.5000000000                  49.5000000000                   0.0000000000 
                 22.5000000000                  50.0000000000                   0.0000000000 
                 23.0000000000                   0.0000000000                   0.0000000000 
                 23.0000000000                   0.5000000000                   0.0000000000 
                 23.0000000000                   1.0000000000                   0.0000000000 
                 23.0000000000                   1.5000000000                   0.0000000000 
                 23.0000000000                   2.0000000000                   0.0000000000 
                 23.0000000000                   2.5000000000                   0.0000000000 
                 23.0000000000                   3.0000000000                   0.0000000000 
                 23.0000000000                   3.5000000000                   0.0000000000 
                 23.0000000000                   4.0000000000                   0.0000000000 
                 23.0000000000                   4.5000000000                   0.0000000000 
                 23.0000000000                   5.0000000000                   0.0000000000 
                 23.0000000000                   5.5000000000                   0.0000000000 
                 23.0000000000                   6.0000000000                   0.0000000000 
                 23.0000000000                   6.5000000000                   0.0000000000 
                 23.0000000000                   7.0000000000                   0.0000000001 
                 23.0000000000                   7.5000000000                   0.0000000002 
                 23.0000000000                   8.0000000000                   0.0000000005 
                 23.0000000000                   8.5000000000                   0.0000000009 
                 23.0000000000                   9.0000000000                   0.0000000042 
                 23.0000000000                   9.5000000000                   0.0000000036 
                 23.0000000000                  10.0000000000                   0.0000000310 
                 23.0000000000                  10.5000000000                   0.0000000119 
                 23.0000000000                  11.0000000000                   0.0000002507 
                 23.0000000000                  11.5000000000                   0.0000000823 
                 23.0000000000                  12.0000000000                   0.0000016437 
                 23.0000000000                  12.5000000000                   0.0000017941 
                 23.0000000000                  13.0000000000                   0.0000020876 
                 23.0000000000                  13.5000000000                   0.0000242747 
                 23.0000000000                  14.0000000000                  -0.0000004653 
                 23.0000000000                  14.5000000000                   0.0001635752 
                 23.0000000000                  15.0000000000                   0.0003311997 
                 23.0000000000                  15.5000000000                   0.0001115135 
                 23.0000000000                  16.0000000000                   0.0038470821 
                 23.0000000000                  16.5000000000                   0.0150697081 
                 23.0000000000                  17.0000000000                   0.0303741103 
                 23.0000000000                  17.5000000000                   0.0484257636 
                 23.0000000000                  18.0000000000                   0.0711279203 
                 23.0000000000                  18.5000000000                   0.1015035804 
                 23.0000000000                  19.0000000000                   0.1365869985 
                 23.0000000000                  19.5000000000                   0.1686007125 
                 23.0000000000                  20.0000000000                   0.1988583909 
                 23.0000000000                  20.5000000000                   0.2205345216 
                 23.0000000000                  21.0000000000                   0.2434553794 
                 23.0000000000                  21.5000000000                   0.2921370815 
                 23.0000000000                  22.0000000000                   0.3513405622 
                 23.0000000000                  22.5000000000                   0.4127111485 
                 23.0000000000                  23.0000000000                   0.4567704410 
                 23.0000000000                  23.5000000000                   0.4721685103 
                 23.0000000000                  24.0000000000                   0.4549590882 
                 23.0000000000                  24.5000000000                   0.4219033806 
                 23.0000000000                  25.0000000000                   0.3800927057 
                 23.0000000000                  25.5000000000                   0.3447227919 
                 23.0000000000                  26.0000000000                   0.3384296921 
                 23.0000000000                  26.5000000000                   0.3166573079 
                 23.0000000000                  27.0000000000                   0.2926069510 
                 23.0000000000                  27.5000000000                   0.3097533876 
                 23.0000000000                  28.0000000000                   0.3293576923 
                 23.0000000000                  28.5000000000                   0.3490236344 
                 23.0000000000                  29.0000000000                   0.3577983143 
                 23.0000000000                  29.5000000000                   0.3175663375 
                 23.0000000000                  30.0000000000                   0.2635522959 
                 23.0000000000                  30.5000000000                   0.2194735453 
                 23.0000000000                  31.0000000000                   0.1814977142 
                 23.0000000000                  31.5000000000                   0.1296921153 
                 23.0000000000                  32.0000000000                   0.0792688560 
                 23.0000000000                  32.5000000000                   0.0487693824 
                 23.0000000000                  33.0000000000                   0.0290509151 
                 23.0000000000                  33.5000000000                   0.0193536052 
                 23.0000000000                  34.0000000000                   0.0153775562 
                 23.0000000000                  34.5000000000                   0.0116433216 
                 23.0000000000                  35.0000000000                   0.0110369645 
                 23.0000000000                  35.5000000000                   0.0111333946 
                 23.0000000000                  36.0000000000                   0.0096547170 
                 23.0000000000                  36.5000000000                   0.0072385718 
                 23.0000000000                  37.0000000000                   0.0041553694 
                 23.0000000000                  37.5000000000                   0.0009152562 
                 23.0000000000                  38.0000000000                   0.0002485206 
                 23.0000000000                  38.5000000000                   0.0006573906 
                 23.0000000000                  39.0000000000                   0.0001482602 
                 23.0000000000                  39.5000000000                   0.0000025945 
                 23.0000000000                  40.0000000000                   0.0000219268 
                 23.0000000000                  40.5000000000                  -0.0000010150 
                 23.0000000000                  41.0000000000                   0.0000034813 
                 23.0000000000                  41.5000000000                  -0.0000000393 
                 23.0000000000                  42.0000000000                   0.0000005258 
                 23.0000000000                  42.5000000000                   0.0000000151 
                 23.0000000000                  43.0000000000                   0.0000000755 
                 23.0000000000                  43.5000000000                   0.0000000068 
                 23.0000000000                  44.0000000000                   0.0000000100 
                 23.0000000000                  44.5000000000                   0.0000000020 
                 23.0000000000                  45.0000000000                   0.0000000012 
                 23.0000000000                  45.5000000000                   0.0000000005 
                 23.0000000000                  46.0000000000                   0.0000000001 
                 23.0000000000                  46.5000000000                   0.0000000001 
                 23.0000000000                  47.0000000000                   0.0000000000 
                 23.0000000000                  47.5000000000                   0.0000000000 
                 23.0000000000                  48.0000000000                   0.0000000000 
                 23.0000000000                  48.5000000000                   0.0000000000 
                 23.0000000000                  49.0000000000                  -0.0000000000 
                 23.0000000000                  49.5000000000                   0.0000000000 
                 23.0000000000                  50.0000000000                   0.0000000000 
                 23.5000000000                   0.0000000000                   0.0000000000 
                 23.5000000000                   0.5000000000                   0.0000000000 
                 23.5000000000                   1.0000000000                   0.0000000000 
                 23.5000000000                   1.5000000000                   0.0000000000 
                 23.5000000000                   2.0000000000                   0.0000000000 
                 23.5000000000                   2.5000000000                   0.0000000000 
                 23.5000000000                   3.0000000000                   0.0000000000 
                 23.5000000000                   3.5000000000                   0.0000000000 
                 23.5000000000                   4.0000000000                   0.0000000000 
                 23.5000000000                   4.5000000000                   0.0000000000 
                 23.5000000000                   5.0000000000                   0.0000000000 
                 23.5000000000                   5.5000000000                   0.0000000000 
                 23.5000000000                   6.0000000000                   0.0000000000 
                 23.5000000000                   6.5000000000                   0.0000000000 
                 23.5000000000                   7.0000000000                   0.0000000001 
                 23.5000000000                   7.5000000000                   0.0000000001 
                 23.5000000000                   8.0000000000                   0.0000000007 
                 23.5000000000                   8.5000000000                   0.0000000003 
                 23.5000000000                   9.0000000000                   0.0000000047 
                 23.5000000000                   9.5000000000                   0.0000000010 
                 23.5000000000                  10.0000000000                   0.0000000294 
                 23.5000000000                  10.5000000000                   0.0000000023 
                 23.5000000000                  11.0000000000                   0.0000002035 
                 23.5000000000                  11.5000000000                   0.0000001076 
                 23.5000000000                  12.0000000000                   0.0000012105 
                 23.5000000000                  12.5000000000                   0.0000021814 
                 23.5000000000                  13.0000000000                   0.0000007428 
                 23.5000000000                  13.5000000000                   0.0000207974 
                 23.5000000000                  14.0000000000                   0.0000035354 
                 23.5000000000                  14.5000000000                   0.0000855774 
                 23.5000000000                  15.0000000000                   0.0003629635 
                 23.5000000000                  15.5000000000                   0.0000729164 
                 23.5000000000                  16.0000000000                   0.0014662391 
                 23.5000000000                  16.5000000000                   0.0084449245 
                 23.5000000000                  17.0000000000                   0.0200662014 
                 23.5000000000                  17.5000000000                   0.0353499954 
                 23.5000000000                  18.0000000000                   0.0557992617 
                 23.5000000000                  18.5000000000                   0.0846947893 
                 23.5000000000                  19.0000000000                   0.1195811169 
                 23.5000000000                  19.5000000000                   0.1533623493 
                 23.5000000000                  20.0000000000                   0.1888926575 
                 23.5000000000                  20.5000000000                   0.2211188674 
                 23.5000000000                  21.0000000000                   0.2565195741 
                 23.5000000000                  21.5000000000                   0.3157562711 
                 23.5000000000                  22.0000000000                   0.3878078594 
                 23.5000000000                  22.5000000000                   0.4633593556 
                 23.5000000000                  23.0000000000                   0.4990859950 
                 23.5000000000                  23.5000000000                   0.5066508957 
                 23.5000000000                  24.0000000000                   0.4928620866 
                 23.5000000000                  24.5000000000                   0.4664991812 
                 23.5000000000                  25.0000000000                   0.4213760899 
                 23.5000000000                  25.5000000000                   0.3815982057 
                 23.5000000000                  26.0000000000                   0.3792056646 
                 23.5000000000                  26.5000000000                   0.3655958043 
                 23.5000000000                  27.0000000000                   0.3446522119 
                 23.5000000000                  27.5000000000                   0.3151378302 
                 23.5000000000                  28.0000000000                   0.2868058504 
                 23.5000000000                  28.5000000000                   0.2614644059 
                 23.5000000000                  29.0000000000                   0.2413917601 
                 23.5000000000                  29.5000000000                   0.2250649415 
                 23.5000000000                  30.0000000000                   0.1982791828 
                 23.5000000000                  30.5000000000                   0.1712275921 
                 23.5000000000                  31.0000000000                   0.1457591068 
                 23.5000000000                  31.5000000000                   0.1049309043 
                 23.5000000000                  32.0000000000                   0.0682857829 
                 23.5000000000                  32.5000000000                   0.0459079661 
                 23.5000000000                  33.0000000000                   0.0280450676 
                 23.5000000000                  33.5000000000                   0.0167544617 
                 23.5000000000                  34.0000000000                   0.0143306787 
                 23.5000000000                  34.5000000000                   0.0160943379 
                 23.5000000000                  35.0000000000                   0.0144893490 
                 23.5000000000                  35.5000000000                   0.0100878565 
                 23.5000000000                  36.0000000000                   0.0080116320 
                 23.5000000000                  36.5000000000                   0.0063562774 
                 23.5000000000                  37.0000000000                   0.0029783519 
                 23.5000000000                  37.5000000000                   0.0002992275 
                 23.5000000000                  38.0000000000                   0.0005274815 
                 23.5000000000                  38.5000000000                   0.0006988728 
                 23.5000000000                  39.0000000000                   0.0000591095 
                 23.5000000000                  39.5000000000                   0.0000287438 
                 23.5000000000                  40.0000000000                   0.0000156073 
                 23.5000000000                  40.5000000000                   0.0000009705 
                 23.5000000000                  41.0000000000                   0.0000032093 
                 23.5000000000                  41.5000000000                  -0.0000000439 
                 23.5000000000                  42.0000000000                   0.0000006009 
                 23.5000000000                  42.5000000000                  -0.0000000194 
                 23.5000000000                  43.0000000000                   0.0000001060 
                 23.5000000000                  43.5000000000                  -0.0000000021 
                 23.5000000000                  44.0000000000                   0.0000000176 
                 23.5000000000                  44.5000000000                   0.0000000001 
                 23.5000000000                  45.0000000000                   0.0000000028 
                 23.5000000000                  45.5000000000                   0.0000000001 
                 23.5000000000                  46.0000000000                   0.0000000004 
                 23.5000000000                  46.5000000000                   0.0000000000 
                 23.5000000000                  47.0000000000                   0.0000000001 
                 23.5000000000                  47.5000000000                   0.0000000000 
                 23.5000000000                  48.0000000000                   0.0000000000 
                 23.5000000000                  48.5000000000                   0.0000000000 
                 23.5000000000                  49.0000000000                  -0.0000000000 
                 23.5000000000                  49.5000000000                   0.0000000000 
                 23.5000000000                  50.0000000000                   0.0000000000 
                 24.0000000000                   0.0000000000                   0.0000000000 
                 24.0000000000                   0.5000000000                   0.0000000000 
                 24.0000000000                   1.0000000000                   0.0000000000 
                 24.0000000000                   1.5000000000                   0.0000000000 
                 24.0000000000                   2.0000000000                   0.0000000000 
                 24.0000000000                   2.5000000000                   0.0000000000 
                 24.0000000000                   3.0000000000                   0.0000000000 
                 24.0000000000                   3.5000000000                   0.0000000000 
                 24.0000000000                   4.0000000000                   0.0000000000 
                 24.0000000000                   4.5000000000                   0.0000000000 
                 24.0000000000                   5.0000000000                   0.0000000000 
                 24.0000000000                   5.5000000000                   0.0000000000 
                 24.0000000000                   6.0000000000                   0.0000000000 
                 24.0000000000                   6.5000000000                   0.0000000000 
                 24.0000000000                   7.0000000000                   0.0000000001 
                 24.0000000000                   7.5000000000                   0.0000000000 
                 24.0000000000                   8.0000000000                   0.0000000006 
                 24.0000000000                   8.5000000000                   0.0000000000 
                 24.0000000000                   9.0000000000                   0.0000000036 
                 24.0000000000                   9.5000000000                  -0.0000000002 
                 24.0000000000                  10.0000000000                   0.0000000205 
                 24.0000000000                  10.5000000000                  -0.0000000015 
                 24.0000000000                  11.0000000000                   0.0000001238 
                 24.0000000000                  11.5000000000                   0.0000001612 
                 24.0000000000                  12.0000000000                   0.0000006481 
                 24.0000000000                  12.5000000000                   0.0000021669 
                 24.0000000000                  13.0000000000                   0.0000000481 
                 24.0000000000                  13.5000000000                   0.0000121167 
                 24.0000000000                  14.0000000000                   0.0000176584 
                 24.0000000000                  14.5000000000                   0.0000143738 
                 24.0000000000                  15.0000000000                   0.0002335082 
                 24.0000000000                  15.5000000000                   0.0002424028 
                 24.0000000000                  16.0000000000                   0.0001154106 
                 24.0000000000                  16.5000000000                   0.0024794494 
                 24.0000000000                  17.0000000000                   0.0092633287 
                 24.0000000000                  17.5000000000                   0.0209537678 
                 24.0000000000                  18.0000000000                   0.0384261844 
                 24.0000000000                  18.5000000000                   0.0644255849 
                 24.0000000000                  19.0000000000                   0.0968145015 
                 24.0000000000                  19.5000000000                   0.1299776617 
                 24.0000000000                  20.0000000000                   0.1684564020 
                 24.0000000000                  20.5000000000                   0.2100719780 
                 24.0000000000                  21.0000000000                   0.2582635486 
                 24.0000000000                  21.5000000000                   0.3284000409 
                 24.0000000000                  22.0000000000                   0.4149759584 
                 24.0000000000                  22.5000000000                   0.4988014779 
                 24.0000000000                  23.0000000000                   0.5253301172 
                 24.0000000000                  23.5000000000                   0.5321067560 
                 24.0000000000                  24.0000000000                   0.5268441763 
                 24.0000000000                  24.5000000000                   0.5145576201 
                 24.0000000000                  25.0000000000                   0.4681456006 
                 24.0000000000                  25.5000000000                   0.4204623454 
                 24.0000000000                  26.0000000000                   0.4152873186 
                 24.0000000000                  26.5000000000                   0.4067830800 
                 24.0000000000                  27.0000000000                   0.3901213175 
                 24.0000000000                  27.5000000000                   0.3159273967 
                 24.0000000000                  28.0000000000                   0.2406222389 
                 24.0000000000                  28.5000000000                   0.1980101429 
                 24.0000000000                  29.0000000000                   0.1613361366 
                 24.0000000000                  29.5000000000                   0.1425127579 
                 24.0000000000                  30.0000000000                   0.1392570948 
                 24.0000000000                  30.5000000000                   0.1258359306 
                 24.0000000000                  31.0000000000                   0.1087591604 
                 24.0000000000                  31.5000000000                   0.0861674033 
                 24.0000000000                  32.0000000000                   0.0567544843 
                 24.0000000000                  32.5000000000                   0.0356463317 
                 24.0000000000                  33.0000000000                   0.0224647535 
                 24.0000000000                  33.5000000000                   0.0176356372 
                 24.0000000000                  34.0000000000                   0.0198372407 
                 24.0000000000                  34.5000000000                   0.0176992715 
                 24.0000000000                  35.0000000000                   0.0132235996 
                 24.0000000000                  35.5000000000                   0.0112931566 
                 24.0000000000                  36.0000000000                   0.0093389996 
                 24.0000000000                  36.5000000000                   0.0056638854 
                 24.0000000000                  37.0000000000                   0.0016129554 
                 24.0000000000                  37.5000000000                   0.0001002802 
                 24.0000000000                  38.0000000000                   0.0006935744 
                 24.0000000000                  38.5000000000                   0.0003653560 
                 24.0000000000                  39.0000000000                  -0.0000000730 
                 24.0000000000                  39.5000000000                   0.0000435611 
                 24.0000000000                  40.0000000000                   0.0000010699 
                 24.0000000000                  40.5000000000                   0.0000051580 
                 24.0000000000                  41.0000000000                   0.0000005847 
                 24.0000000000                  41.5000000000                   0.0000006079 
                 24.0000000000                  42.0000000000                   0.0000001759 
                 24.0000000000                  42.5000000000                   0.0000000615 
                 24.0000000000                  43.0000000000                   0.0000000429 
                 24.0000000000                  43.5000000000                   0.0000000052 
                 24.0000000000                  44.0000000000                   0.0000000092 
                 24.0000000000                  44.5000000000                   0.0000000002 
                 24.0000000000                  45.0000000000                   0.0000000018 
                 24.0000000000                  45.5000000000                  -0.0000000000 
                 24.0000000000                  46.0000000000                   0.0000000003 
                 24.0000000000                  46.5000000000                  -0.0000000000 
                 24.0000000000                  47.0000000000                   0.0000000001 
                 24.0000000000                  47.5000000000                  -0.0000000000 
                 24.0000000000                  48.0000000000                   0.0000000000 
                 24.0000000000                  48.5000000000                   0.0000000000 
                 24.0000000000                  49.0000000000                   0.0000000000 
                 24.0000000000                  49.5000000000                   0.0000000000 
                 24.0000000000                  50.0000000000                   0.0000000000 
                 24.5000000000                   0.0000000000                   0.0000000000 
                 24.5000000000                   0.5000000000                   0.0000000000 
                 24.5000000000                   1.0000000000                   0.0000000000 
                 24.5000000000                   1.5000000000                  -0.0000000000 
                 24.5000000000                   2.0000000000                   0.0000000000 
                 24.5000000000                   2.5000000000                  -0.0000000000 
                 24.5000000000                   3.0000000000                   0.0000000000 
                 24.5000000000                   3.5000000000                  -0.0000000000 
                 24.5000000000                   4.0000000000                   0.0000000000 
                 24.5000000000                   4.5000000000                  -0.0000000000 
                 24.5000000000                   5.0000000000                   0.0000000000 
                 24.5000000000                   5.5000000000                  -0.0000000000 
                 24.5000000000                   6.0000000000                   0.0000000000 
                 24.5000000000                   6.5000000000                   0.0000000000 
                 24.5000000000                   7.0000000000                   0.0000000001 
                 24.5000000000                   7.5000000000                   0.0000000000 
                 24.5000000000                   8.0000000000                   0.0000000003 
                 24.5000000000                   8.5000000000                   0.0000000001 
                 24.5000000000                   9.0000000000                   0.0000000018 
                 24.5000000000                   9.5000000000                   0.0000000011 
                 24.5000000000                  10.0000000000                   0.0000000093 
                 24.5000000000                  10.5000000000                   0.0000000113 
                 24.5000000000                  11.0000000000                   0.0000000447 
                 24.5000000000                  11.5000000000                   0.0000001987 
                 24.5000000000                  12.0000000000                   0.0000002091 
                 24.5000000000                  12.5000000000                   0.0000016392 
                 24.5000000000                  13.0000000000                   0.0000009341 
                 24.5000000000                  13.5000000000                   0.0000037383 
                 24.5000000000                  14.0000000000                   0.0000229728 
                 24.5000000000                  14.5000000000                   0.0000059547 
                 24.5000000000                  15.0000000000                   0.0000794312 
                 24.5000000000                  15.5000000000                   0.0002998616 
                 24.5000000000                  16.0000000000                   0.0001475478 
                 24.5000000000                  16.5000000000                   0.0003038647 
                 24.5000000000                  17.0000000000                   0.0030574051 
                 24.5000000000                  17.5000000000                   0.0107125312 
                 24.5000000000                  18.0000000000                   0.0247239662 
                 24.5000000000                  18.5000000000                   0.0471061776 
                 24.5000000000                  19.0000000000                   0.0758974527 
                 24.5000000000                  19.5000000000                   0.1065161015 
                 24.5000000000                  20.0000000000                   0.1443628778 
                 24.5000000000                  20.5000000000                   0.1906986011 
                 24.5000000000                  21.0000000000                   0.2480409862 
                 24.5000000000                  21.5000000000                   0.3264697078 
                 24.5000000000                  22.0000000000                   0.4274058277 
                 24.5000000000                  22.5000000000                   0.5191005030 
                 24.5000000000                  23.0000000000                   0.5439951794 
                 24.5000000000                  23.5000000000                   0.5597073532 
                 24.5000000000                  24.0000000000                   0.5659276472 
                 24.5000000000                  24.5000000000                   0.5728388999 
                 24.5000000000                  25.0000000000                   0.5256456152 
                 24.5000000000                  25.5000000000                   0.4703183481 
                 24.5000000000                  26.0000000000                   0.4649608103 
                 24.5000000000                  26.5000000000                   0.4719557794 
                 24.5000000000                  27.0000000000                   0.4518811615 
                 24.5000000000                  27.5000000000                   0.3294769630 
                 24.5000000000                  28.0000000000                   0.2253357322 
                 24.5000000000                  28.5000000000                   0.1600154797 
                 24.5000000000                  29.0000000000                   0.1166781557 
                 24.5000000000                  29.5000000000                   0.0993426040 
                 24.5000000000                  30.0000000000                   0.0896419488 
                 24.5000000000                  30.5000000000                   0.0898303602 
                 24.5000000000                  31.0000000000                   0.0835826111 
                 24.5000000000                  31.5000000000                   0.0613038122 
                 24.5000000000                  32.0000000000                   0.0446066975 
                 24.5000000000                  32.5000000000                   0.0352281282 
                 24.5000000000                  33.0000000000                   0.0282996480 
                 24.5000000000                  33.5000000000                   0.0243797169 
                 24.5000000000                  34.0000000000                   0.0188660479 
                 24.5000000000                  34.5000000000                   0.0144569013 
                 24.5000000000                  35.0000000000                   0.0136645808 
                 24.5000000000                  35.5000000000                   0.0126010345 
                 24.5000000000                  36.0000000000                   0.0107894882 
                 24.5000000000                  36.5000000000                   0.0067787539 
                 24.5000000000                  37.0000000000                   0.0015049914 
                 24.5000000000                  37.5000000000                   0.0001260127 
                 24.5000000000                  38.0000000000                   0.0006419538 
                 24.5000000000                  38.5000000000                   0.0001571047 
                 24.5000000000                  39.0000000000                   0.0000081079 
                 24.5000000000                  39.5000000000                   0.0000272943 
                 24.5000000000                  40.0000000000                  -0.0000008993 
                 24.5000000000                  40.5000000000                   0.0000046647 
                 24.5000000000                  41.0000000000                  -0.0000001212 
                 24.5000000000                  41.5000000000                   0.0000007789 
                 24.5000000000                  42.0000000000                  -0.0000000077 
                 24.5000000000                  42.5000000000                   0.0000001201 
                 24.5000000000                  43.0000000000                   0.0000000026 
                 24.5000000000                  43.5000000000                   0.0000000164 
                 24.5000000000                  44.0000000000                   0.0000000014 
                 24.5000000000                  44.5000000000                   0.0000000019 
                 24.5000000000                  45.0000000000                   0.0000000004 
                 24.5000000000                  45.5000000000                   0.0000000002 
                 24.5000000000                  46.0000000000                   0.0000000001 
                 24.5000000000                  46.5000000000                   0.0000000000 
                 24.5000000000                  47.0000000000                   0.0000000000 
                 24.5000000000                  47.5000000000                  -0.0000000000 
                 24.5000000000                  48.0000000000                   0.0000000000 
                 24.5000000000                  48.5000000000                   0.0000000000 
                 24.5000000000                  49.0000000000                   0.0000000000 
                 24.5000000000                  49.5000000000                  -0.0000000000 
                 24.5000000000                  50.0000000000                   0.0000000000 
                 25.0000000000                   0.0000000000                   0.0000000000 
                 25.0000000000                   0.5000000000                   0.0000000000 
                 25.0000000000                   1.0000000000                   0.0000000000 
                 25.0000000000                   1.5000000000                   0.0000000000 
                 25.0000000000                   2.0000000000                   0.0000000000 
                 25.0000000000                   2.5000000000                   0.0000000000 
                 25.0000000000                   3.0000000000                   0.0000000000 
                 25.0000000000                   3.5000000000                   0.0000000000 
                 25.0000000000                   4.0000000000                   0.0000000000 
                 25.0000000000                   4.5000000000                   0.0000000000 
                 25.0000000000                   5.0000000000                   0.0000000000 
                 25.0000000000                   5.5000000000                   0.0000000000 
                 25.0000000000                   6.0000000000                   0.0000000000 
                 25.0000000000                   6.5000000000                   0.0000000000 
                 25.0000000000                   7.0000000000                   0.0000000000 
                 25.0000000000                   7.5000000000                   0.0000000001 
                 25.0000000000                   8.0000000000                   0.0000000001 
                 25.0000000000                   8.5000000000                   0.0000000006 
                 25.0000000000                   9.0000000000                   0.0000000002 
                 25.0000000000                   9.5000000000                   0.0000000038 
                 25.0000000000                  10.0000000000                   0.0000000005 
                 25.0000000000                  10.5000000000                   0.0000000243 
                 25.0000000000                  11.0000000000                  -0.0000000008 
                 25.0000000000                  11.5000000000                   0.0000001775 
                 25.0000000000                  12.0000000000                   0.0000001036 
                 25.0000000000                  12.5000000000                   0.0000008193 
                 25.0000000000                  13.0000000000                   0.0000022769 
                 25.0000000000                  13.5000000000                   0.0000003970 
                 25.0000000000                  14.0000000000                   0.0000160869 
                 25.0000000000                  14.5000000000                   0.0000185781 
                 25.0000000000                  15.0000000000                   0.0000164749 
                 25.0000000000                  15.5000000000                   0.0001829362 
                 25.0000000000                  16.0000000000                   0.0002273830 
                 25.0000000000                  16.5000000000                  -0.0000163016 
                 25.0000000000                  17.0000000000                   0.0008625470 
                 25.0000000000                  17.5000000000                   0.0056776517 
                 25.0000000000                  18.0000000000                   0.0167501697 
                 25.0000000000                  18.5000000000                   0.0358832771 
                 25.0000000000                  19.0000000000                   0.0609128193 
                 25.0000000000                  19.5000000000                   0.0881319823 
                 25.0000000000                  20.0000000000                   0.1231239972 
                 25.0000000000                  20.5000000000                   0.1701734207 
                 25.0000000000                  21.0000000000                   0.2318391821 
                 25.0000000000                  21.5000000000                   0.3125116849 
                 25.0000000000                  22.0000000000                   0.4199751359 
                 25.0000000000                  22.5000000000                   0.5198438490 
                 25.0000000000                  23.0000000000                   0.5539807196 
                 25.0000000000                  23.5000000000                   0.5881104935 
                 25.0000000000                  24.0000000000                   0.6120483333 
                 25.0000000000                  24.5000000000                   0.6380095777 
                 25.0000000000                  25.0000000000                   0.5966892170 
                 25.0000000000                  25.5000000000                   0.5524270082 
                 25.0000000000                  26.0000000000                   0.5643694537 
                 25.0000000000                  26.5000000000                   0.6039426997 
                 25.0000000000                  27.0000000000                   0.5768340186 
                 25.0000000000                  27.5000000000                   0.3883424830 
                 25.0000000000                  28.0000000000                   0.2348371369 
                 25.0000000000                  28.5000000000                   0.1401221541 
                 25.0000000000                  29.0000000000                   0.0745438208 
                 25.0000000000                  29.5000000000                   0.0499747118 
                 25.0000000000                  30.0000000000                   0.0573275985 
                 25.0000000000                  30.5000000000                   0.0487795915 
                 25.0000000000                  31.0000000000                   0.0338827658 
                 25.0000000000                  31.5000000000                   0.0368116522 
                 25.0000000000                  32.0000000000                   0.0395107217 
                 25.0000000000                  32.5000000000                   0.0353172658 
                 25.0000000000                  33.0000000000                   0.0294792250 
                 25.0000000000                  33.5000000000                   0.0219509237 
                 25.0000000000                  34.0000000000                   0.0176269935 
                 25.0000000000                  34.5000000000                   0.0182254706 
                 25.0000000000                  35.0000000000                   0.0159679737 
                 25.0000000000                  35.5000000000                   0.0119737757 
                 25.0000000000                  36.0000000000                   0.0107330715 
                 25.0000000000                  36.5000000000                   0.0065785267 
                 25.0000000000                  37.0000000000                   0.0011832072 
                 25.0000000000                  37.5000000000                   0.0001239048 
                 25.0000000000                  38.0000000000                   0.0004329076 
                 25.0000000000                  38.5000000000                   0.0000670479 
                 25.0000000000                  39.0000000000                   0.0000106102 
                 25.0000000000                  39.5000000000                   0.0000143580 
                 25.0000000000                  40.0000000000                  -0.0000006739 
                 25.0000000000                  40.5000000000                   0.0000025414 
                 25.0000000000                  41.0000000000                  -0.0000000724 
                 25.0000000000                  41.5000000000                   0.0000004396 
                 25.0000000000                  42.0000000000                   0.0000000011 
                 25.0000000000                  42.5000000000                   0.0000000714 
                 25.0000000000                  43.0000000000                   0.0000000030 
                 25.0000000000                  43.5000000000                   0.0000000105 
                 25.0000000000                  44.0000000000                   0.0000000011 
                 25.0000000000                  44.5000000000                   0.0000000013 
                 25.0000000000                  45.0000000000                   0.0000000003 
                 25.0000000000                  45.5000000000                   0.0000000001 
                 25.0000000000                  46.0000000000                   0.0000000001 
                 25.0000000000                  46.5000000000                   0.0000000000 
                 25.0000000000                  47.0000000000                   0.0000000000 
                 25.0000000000                  47.5000000000                  -0.0000000000 
                 25.0000000000                  48.0000000000                   0.0000000000 
                 25.0000000000                  48.5000000000                   0.0000000000 
                 25.0000000000                  49.0000000000                   0.0000000000 
                 25.0000000000                  49.5000000000                  -0.0000000000 
                 25.0000000000                  50.0000000000                   0.0000000000 
                 25.5000000000                   0.0000000000                   0.0000000000 
                 25.5000000000                   0.5000000000                   0.0000000000 
                 25.5000000000                   1.0000000000                  -0.0000000000 
                 25.5000000000                   1.5000000000                   0.0000000000 
                 25.5000000000                   2.0000000000                  -0.0000000000 
                 25.5000000000                   2.5000000000                   0.0000000000 
                 25.5000000000                   3.0000000000                  -0.0000000000 
                 25.5000000000                   3.5000000000                   0.0000000000 
                 25.5000000000                   4.0000000000                  -0.0000000000 
                 25.5000000000                   4.5000000000                   0.0000000000 
                 25.5000000000                   5.0000000000                  -0.0000000000 
                 25.5000000000                   5.5000000000                   0.0000000000 
                 25.5000000000                   6.0000000000                  -0.0000000000 
                 25.5000000000                   6.5000000000                   0.0000000000 
                 25.5000000000                   7.0000000000                   0.0000000000 
                 25.5000000000                   7.5000000000                   0.0000000001 
                 25.5000000000                   8.0000000000                   0.0000000000 
                 25.5000000000                   8.5000000000                   0.0000000005 
                 25.5000000000                   9.0000000000                   0.0000000001 
                 25.5000000000                   9.5000000000                   0.0000000024 
                 25.5000000000                  10.0000000000                   0.0000000009 
                 25.5000000000                  10.5000000000                   0.0000000123 
                 25.5000000000                  11.0000000000                   0.0000000105 
                 25.5000000000                  11.5000000000                   0.0000000620 
                 25.5000000000                  12.0000000000                   0.0000001881 
                 25.5000000000                  12.5000000000                   0.0000001820 
                 25.5000000000                  13.0000000000                   0.0000020216 
                 25.5000000000                  13.5000000000                   0.0000007875 
                 25.5000000000                  14.0000000000                   0.0000083816 
                 25.5000000000                  14.5000000000                   0.0000205756 
                 25.5000000000                  15.0000000000                   0.0000074647 
                 25.5000000000                  15.5000000000                   0.0000935623 
                 25.5000000000                  16.0000000000                   0.0001860500 
                 25.5000000000                  16.5000000000                   0.0000626779 
                 25.5000000000                  17.0000000000                   0.0006475458 
                 25.5000000000                  17.5000000000                   0.0043416350 
                 25.5000000000                  18.0000000000                   0.0134016738 
                 25.5000000000                  18.5000000000                   0.0286807809 
                 25.5000000000                  19.0000000000                   0.0484941250 
                 25.5000000000                  19.5000000000                   0.0718532373 
                 25.5000000000                  20.0000000000                   0.1033886194 
                 25.5000000000                  20.5000000000                   0.1493555188 
                 25.5000000000                  21.0000000000                   0.2123736104 
                 25.5000000000                  21.5000000000                   0.2892898950 
                 25.5000000000                  22.0000000000                   0.3933284201 
                 25.5000000000                  22.5000000000                   0.4997508471 
                 25.5000000000                  23.0000000000                   0.5448755620 
                 25.5000000000                  23.5000000000                   0.5875807646 
                 25.5000000000                  24.0000000000                   0.6226265854 
                 25.5000000000                  24.5000000000                   0.6524933508 
                 25.5000000000                  25.0000000000                   0.6206378613 
                 25.5000000000                  25.5000000000                   0.5655763331 
                 25.5000000000                  26.0000000000                   0.5690835621 
                 25.5000000000                  26.5000000000                   0.5866714693 
                 25.5000000000                  27.0000000000                   0.5367246696 
                 25.5000000000                  27.5000000000                   0.3600369840 
                 25.5000000000                  28.0000000000                   0.2158164503 
                 25.5000000000                  28.5000000000                   0.1163791025 
                 25.5000000000                  29.0000000000                   0.0603607237 
                 25.5000000000                  29.5000000000                   0.0621934702 
                 25.5000000000                  30.0000000000                   0.0450711315 
                 25.5000000000                  30.5000000000                   0.0371001990 
                 25.5000000000                  31.0000000000                   0.0495909675 
                 25.5000000000                  31.5000000000                   0.0425628060 
                 25.5000000000                  32.0000000000                   0.0347195860 
                 25.5000000000                  32.5000000000                   0.0324241930 
                 25.5000000000                  33.0000000000                   0.0294217662 
                 25.5000000000                  33.5000000000                   0.0266072134 
                 25.5000000000                  34.0000000000                   0.0231932147 
                 25.5000000000                  34.5000000000                   0.0203638526 
                 25.5000000000                  35.0000000000                   0.0162907280 
                 25.5000000000                  35.5000000000                   0.0126482904 
                 25.5000000000                  36.0000000000                   0.0114304191 
                 25.5000000000                  36.5000000000                   0.0074948577 
                 25.5000000000                  37.0000000000                   0.0016358228 
                 25.5000000000                  37.5000000000                   0.0000751333 
                 25.5000000000                  38.0000000000                   0.0003616980 
                 25.5000000000                  38.5000000000                   0.0000335984 
                 25.5000000000                  39.0000000000                   0.0000225921 
                 25.5000000000                  39.5000000000                   0.0000091336 
                 25.5000000000                  40.0000000000                   0.0000014553 
                 25.5000000000                  40.5000000000                   0.0000019615 
                 25.5000000000                  41.0000000000                   0.0000000762 
                 25.5000000000                  41.5000000000                   0.0000003960 
                 25.5000000000                  42.0000000000                  -0.0000000080 
                 25.5000000000                  42.5000000000                   0.0000000739 
                 25.5000000000                  43.0000000000                  -0.0000000015 
                 25.5000000000                  43.5000000000                   0.0000000124 
                 25.5000000000                  44.0000000000                   0.0000000002 
                 25.5000000000                  44.5000000000                   0.0000000019 
                 25.5000000000                  45.0000000000                   0.0000000002 
                 25.5000000000                  45.5000000000                   0.0000000003 
                 25.5000000000                  46.0000000000                   0.0000000000 
                 25.5000000000                  46.5000000000                   0.0000000000 
                 25.5000000000                  47.0000000000                   0.0000000000 
                 25.5000000000                  47.5000000000                   0.0000000000 
                 25.5000000000                  48.0000000000                   0.0000000000 
                 25.5000000000                  48.5000000000                   0.0000000000 
                 25.5000000000                  49.0000000000                   0.0000000000 
                 25.5000000000                  49.5000000000                  -0.0000000000 
                 25.5000000000                  50.0000000000                   0.0000000000 
                 26.0000000000                   0.0000000000                   0.0000000000 
                 26.0000000000                   0.5000000000                   0.0000000000 
                 26.0000000000                   1.0000000000                   0.0000000000 
                 26.0000000000                   1.5000000000                   0.0000000000 
                 26.0000000000                   2.0000000000                   0.0000000000 
                 26.0000000000                   2.5000000000                   0.0000000000 
                 26.0000000000                   3.0000000000                   0.0000000000 
                 26.0000000000                   3.5000000000                   0.0000000000 
                 26.0000000000                   4.0000000000                   0.0000000000 
                 26.0000000000                   4.5000000000                   0.0000000000 
                 26.0000000000                   5.0000000000                   0.0000000000 
                 26.0000000000                   5.5000000000                   0.0000000000 
                 26.0000000000                   6.0000000000                   0.0000000000 
                 26.0000000000                   6.5000000000                   0.0000000000 
                 26.0000000000                   7.0000000000                   0.0000000000 
                 26.0000000000                   7.5000000000                   0.0000000000 
                 26.0000000000                   8.0000000000                   0.0000000001 
                 26.0000000000                   8.5000000000                   0.0000000000 
                 26.0000000000                   9.0000000000                   0.0000000006 
                 26.0000000000                   9.5000000000                   0.0000000000 
                 26.0000000000                  10.0000000000                   0.0000000036 
                 26.0000000000                  10.5000000000                  -0.0000000001 
                 26.0000000000                  11.0000000000                   0.0000000233 
                 26.0000000000                  11.5000000000                  -0.0000000019 
                 26.0000000000                  12.0000000000                   0.0000001531 
                 26.0000000000                  12.5000000000                   0.0000000317 
                 26.0000000000                  13.0000000000                   0.0000008614 
                 26.0000000000                  13.5000000000                   0.0000016500 
                 26.0000000000                  14.0000000000                   0.0000022081 
                 26.0000000000                  14.5000000000                   0.0000182660 
                 26.0000000000                  15.0000000000                   0.0000085688 
                 26.0000000000                  15.5000000000                   0.0000463565 
                 26.0000000000                  16.0000000000                   0.0002256263 
                 26.0000000000                  16.5000000000                   0.0001213507 
                 26.0000000000                  17.0000000000                   0.0000871883 
                 26.0000000000                  17.5000000000                   0.0024676339 
                 26.0000000000                  18.0000000000                   0.0093333662 
                 26.0000000000                  18.5000000000                   0.0203038972 
                 26.0000000000                  19.0000000000                   0.0350382872 
                 26.0000000000                  19.5000000000                   0.0551756630 
                 26.0000000000                  20.0000000000                   0.0834000391 
                 26.0000000000                  20.5000000000                   0.1267267099 
                 26.0000000000                  21.0000000000                   0.1870809029 
                 26.0000000000                  21.5000000000                   0.2550520248 
                 26.0000000000                  22.0000000000                   0.3445960128 
                 26.0000000000                  22.5000000000                   0.4496699065 
                 26.0000000000                  23.0000000000                   0.5059816961 
                 26.0000000000                  23.5000000000                   0.5603877460 
                 26.0000000000                  24.0000000000                   0.6055434757 
                 26.0000000000                  24.5000000000                   0.6257768115 
                 26.0000000000                  25.0000000000                   0.5927004962 
                 26.0000000000                  25.5000000000                   0.5221314051 
                 26.0000000000                  26.0000000000                   0.5084470526 
                 26.0000000000                  26.5000000000                   0.4712986227 
                 26.0000000000                  27.0000000000                   0.3947271576 
                 26.0000000000                  27.5000000000                   0.2957584957 
                 26.0000000000                  28.0000000000                   0.1792492817 
                 26.0000000000                  28.5000000000                   0.1153344806 
                 26.0000000000                  29.0000000000                   0.0879231089 
                 26.0000000000                  29.5000000000                   0.0436680967 
                 26.0000000000                  30.0000000000                   0.0464751880 
                 26.0000000000                  30.5000000000                   0.0647242420 
                 26.0000000000                  31.0000000000                   0.0416068329 
                 26.0000000000                  31.5000000000                   0.0363464145 
                 26.0000000000                  32.0000000000                   0.0417435032 
                 26.0000000000                  32.5000000000                   0.0387110632 
                 26.0000000000                  33.0000000000                   0.0363717667 
                 26.0000000000                  33.5000000000                   0.0311022621 
                 26.0000000000                  34.0000000000                   0.0234587022 
                 26.0000000000                  34.5000000000                   0.0184883477 
                 26.0000000000                  35.0000000000                   0.0158430997 
                 26.0000000000                  35.5000000000                   0.0131564804 
                 26.0000000000                  36.0000000000                   0.0139139733 
                 26.0000000000                  36.5000000000                   0.0083491194 
                 26.0000000000                  37.0000000000                   0.0010287251 
                 26.0000000000                  37.5000000000                   0.0002705302 
                 26.0000000000                  38.0000000000                   0.0002613201 
                 26.0000000000                  38.5000000000                   0.0000021658 
                 26.0000000000                  39.0000000000                   0.0000362393 
                 26.0000000000                  39.5000000000                   0.0000006468 
                 26.0000000000                  40.0000000000                   0.0000052022 
                 26.0000000000                  40.5000000000                   0.0000003442 
                 26.0000000000                  41.0000000000                   0.0000007490 
                 26.0000000000                  41.5000000000                   0.0000001172 
                 26.0000000000                  42.0000000000                   0.0000000962 
                 26.0000000000                  42.5000000000                   0.0000000325 
                 26.0000000000                  43.0000000000                   0.0000000120 
                 26.0000000000                  43.5000000000                   0.0000000076 
                 26.0000000000                  44.0000000000                   0.0000000014 
                 26.0000000000                  44.5000000000                   0.0000000016 
                 26.0000000000                  45.0000000000                   0.0000000002 
                 26.0000000000                  45.5000000000                   0.0000000003 
                 26.0000000000                  46.0000000000                   0.0000000000 
                 26.0000000000                  46.5000000000                   0.0000000001 
                 26.0000000000                  47.0000000000                   0.0000000000 
                 26.0000000000                  47.5000000000                   0.0000000000 
                 26.0000000000                  48.0000000000                   0.0000000000 
                 26.0000000000                  48.5000000000                   0.0000000000 
                 26.0000000000                  49.0000000000                   0.0000000000 
                 26.0000000000                  49.5000000000                  -0.0000000000 
                 26.0000000000                  50.0000000000                   0.0000000000 
                 26.5000000000                   0.0000000000                   0.0000000000 
                 26.5000000000                   0.5000000000                   0.0000000000 
                 26.5000000000                   1.0000000000                   0.0000000000 
                 26.5000000000                   1.5000000000                   0.0000000000 
                 26.5000000000                   2.0000000000                   0.0000000000 
                 26.5000000000                   2.5000000000                   0.0000000000 
                 26.5000000000                   3.0000000000                   0.0000000000 
                 26.5000000000                   3.5000000000                   0.0000000000 
                 26.5000000000                   4.0000000000                   0.0000000000 
                 26.5000000000                   4.5000000000                   0.0000000000 
                 26.5000000000                   5.0000000000                   0.0000000000 
                 26.5000000000                   5.5000000000                   0.0000000000 
                 26.5000000000                   6.0000000000                   0.0000000000 
                 26.5000000000                   6.5000000000                   0.0000000000 
                 26.5000000000                   7.0000000000                   0.0000000000 
                 26.5000000000                   7.5000000000                   0.0000000000 
                 26.5000000000                   8.0000000000                   0.0000000001 
                 26.5000000000                   8.5000000000                   0.0000000001 
                 26.5000000000                   9.0000000000                   0.0000000003 
                 26.5000000000                   9.5000000000                   0.0000000003 
                 26.5000000000                  10.0000000000                   0.0000000014 
                 26.5000000000                  10.5000000000                   0.0000000022 
                 26.5000000000                  11.0000000000                   0.0000000062 
                 26.5000000000                  11.5000000000                   0.0000000178 
                 26.5000000000                  12.0000000000                   0.0000000247 
                 26.5000000000                  12.5000000000                   0.0000001664 
                 26.5000000000                  13.0000000000                   0.0000000653 
                 26.5000000000                  13.5000000000                   0.0000016133 
                 26.5000000000                  14.0000000000                   0.0000006912 
                 26.5000000000                  14.5000000000                   0.0000085024 
                 26.5000000000                  15.0000000000                   0.0000188555 
                 26.5000000000                  15.5000000000                   0.0000060138 
                 26.5000000000                  16.0000000000                   0.0001304332 
                 26.5000000000                  16.5000000000                   0.0002039353 
                 26.5000000000                  17.0000000000                   0.0000407357 
                 26.5000000000                  17.5000000000                   0.0013069722 
                 26.5000000000                  18.0000000000                   0.0059738227 
                 26.5000000000                  18.5000000000                   0.0134134355 
                 26.5000000000                  19.0000000000                   0.0241501946 
                 26.5000000000                  19.5000000000                   0.0412650709 
                 26.5000000000                  20.0000000000                   0.0662136693 
                 26.5000000000                  20.5000000000                   0.1061975117 
                 26.5000000000                  21.0000000000                   0.1621572088 
                 26.5000000000                  21.5000000000                   0.2201909262 
                 26.5000000000                  22.0000000000                   0.2920007380 
                 26.5000000000                  22.5000000000                   0.3813684186 
                 26.5000000000                  23.0000000000                   0.4517119552 
                 26.5000000000                  23.5000000000                   0.5255673796 
                 26.5000000000                  24.0000000000                   0.5781804602 
                 26.5000000000                  24.5000000000                   0.6112522627 
                 26.5000000000                  25.0000000000                   0.5877737671 
                 26.5000000000                  25.5000000000                   0.4963336838 
                 26.5000000000                  26.0000000000                   0.4449991831 
                 26.5000000000                  26.5000000000                   0.3638838734 
                 26.5000000000                  27.0000000000                   0.2715575509 
                 26.5000000000                  27.5000000000                   0.1856423621 
                 26.5000000000                  28.0000000000                   0.1469300488 
                 26.5000000000                  28.5000000000                   0.1294090552 
                 26.5000000000                  29.0000000000                   0.0536721839 
                 26.5000000000                  29.5000000000                   0.0656816987 
                 26.5000000000                  30.0000000000                   0.0826809207 
                 26.5000000000                  30.5000000000                   0.0362899693 
                 26.5000000000                  31.0000000000                   0.0403258866 
                 26.5000000000                  31.5000000000                   0.0531931641 
                 26.5000000000                  32.0000000000                   0.0425692096 
                 26.5000000000                  32.5000000000                   0.0359546042 
                 26.5000000000                  33.0000000000                   0.0296911965 
                 26.5000000000                  33.5000000000                   0.0251934612 
                 26.5000000000                  34.0000000000                   0.0200925998 
                 26.5000000000                  34.5000000000                   0.0190611071 
                 26.5000000000                  35.0000000000                   0.0153424811 
                 26.5000000000                  35.5000000000                   0.0146210887 
                 26.5000000000                  36.0000000000                   0.0147478179 
                 26.5000000000                  36.5000000000                   0.0046091801 
                 26.5000000000                  37.0000000000                   0.0001526457 
                 26.5000000000                  37.5000000000                   0.0004717077 
                 26.5000000000                  38.0000000000                   0.0000363839 
                 26.5000000000                  38.5000000000                   0.0000338352 
                 26.5000000000                  39.0000000000                   0.0000112148 
                 26.5000000000                  39.5000000000                   0.0000035915 
                 26.5000000000                  40.0000000000                   0.0000025229 
                 26.5000000000                  40.5000000000                   0.0000004432 
                 26.5000000000                  41.0000000000                   0.0000005189 
                 26.5000000000                  41.5000000000                   0.0000000525 
                 26.5000000000                  42.0000000000                   0.0000000983 
                 26.5000000000                  42.5000000000                   0.0000000054 
                 26.5000000000                  43.0000000000                   0.0000000171 
                 26.5000000000                  43.5000000000                   0.0000000005 
                 26.5000000000                  44.0000000000                   0.0000000028 
                 26.5000000000                  44.5000000000                   0.0000000001 
                 26.5000000000                  45.0000000000                   0.0000000004 
                 26.5000000000                  45.5000000000                   0.0000000000 
                 26.5000000000                  46.0000000000                   0.0000000001 
                 26.5000000000                  46.5000000000                   0.0000000000 
                 26.5000000000                  47.0000000000                   0.0000000000 
                 26.5000000000                  47.5000000000                   0.0000000000 
                 26.5000000000                  48.0000000000                   0.0000000000 
                 26.5000000000                  48.5000000000                   0.0000000000 
                 26.5000000000                  49.0000000000                  -0.0000000000 
                 26.5000000000                  49.5000000000                   0.0000000000 
                 26.5000000000                  50.0000000000                   0.0000000000 
                 27.0000000000                   0.0000000000                   0.0000000000 
                 27.0000000000                   0.5000000000                   0.0000000000 
                 27.0000000000                   1.0000000000                  -0.0000000000 
                 27.0000000000                   1.5000000000                   0.0000000000 
                 27.0000000000                   2.0000000000                  -0.0000000000 
                 27.0000000000                   2.5000000000                   0.0000000000 
                 27.0000000000                   3.0000000000                  -0.0000000000 
                 27.0000000000                   3.5000000000                   0.0000000000 
                 27.0000000000                   4.0000000000                  -0.0000000000 
                 27.0000000000                   4.5000000000                   0.0000000000 
                 27.0000000000                   5.0000000000                  -0.0000000000 
                 27.0000000000                   5.5000000000                   0.0000000000 
                 27.0000000000                   6.0000000000                  -0.0000000000 
                 27.0000000000                   6.5000000000                   0.0000000000 
                 27.0000000000                   7.0000000000                  -0.0000000000 
                 27.0000000000                   7.5000000000                   0.0000000000 
                 27.0000000000                   8.0000000000                  -0.0000000000 
                 27.0000000000                   8.5000000000                   0.0000000001 
                 27.0000000000                   9.0000000000                   0.0000000000 
                 27.0000000000                   9.5000000000                   0.0000000005 
                 27.0000000000                  10.0000000000                   0.0000000001 
                 27.0000000000                  10.5000000000                   0.0000000028 
                 27.0000000000                  11.0000000000                   0.0000000007 
                 27.0000000000                  11.5000000000                   0.0000000155 
                 27.0000000000                  12.0000000000                   0.0000000079 
                 27.0000000000                  12.5000000000                   0.0000000830 
                 27.0000000000                  13.0000000000                   0.0000000960 
                 27.0000000000                  13.5000000000                   0.0000003712 
                 27.0000000000                  14.0000000000                   0.0000016724 
                 27.0000000000                  14.5000000000                   0.0000006112 
                 27.0000000000                  15.0000000000                   0.0000142195 
                 27.0000000000                  15.5000000000                   0.0000100501 
                 27.0000000000                  16.0000000000                   0.0000328172 
                 27.0000000000                  16.5000000000                   0.0001880765 
                 27.0000000000                  17.0000000000                   0.0000790771 
                 27.0000000000                  17.5000000000                   0.0002846548 
                 27.0000000000                  18.0000000000                   0.0029673707 
                 27.0000000000                  18.5000000000                   0.0078571831 
                 27.0000000000                  19.0000000000                   0.0155960683 
                 27.0000000000                  19.5000000000                   0.0303747352 
                 27.0000000000                  20.0000000000                   0.0525550514 
                 27.0000000000                  20.5000000000                   0.0884101614 
                 27.0000000000                  21.0000000000                   0.1378699954 
                 27.0000000000                  21.5000000000                   0.1842198193 
                 27.0000000000                  22.0000000000                   0.2361185728 
                 27.0000000000                  22.5000000000                   0.2931387830 
                 27.0000000000                  23.0000000000                   0.3530521641 
                 27.0000000000                  23.5000000000                   0.4383376099 
                 27.0000000000                  24.0000000000                   0.4992485871 
                 27.0000000000                  24.5000000000                   0.5401181836 
                 27.0000000000                  25.0000000000                   0.5256080451 
                 27.0000000000                  25.5000000000                   0.4318140084 
                 27.0000000000                  26.0000000000                   0.3483447679 
                 27.0000000000                  26.5000000000                   0.2532002400 
                 27.0000000000                  27.0000000000                   0.1299170219 
                 27.0000000000                  27.5000000000                   0.1137957597 
                 27.0000000000                  28.0000000000                   0.1241644765 
                 27.0000000000                  28.5000000000                   0.0499320766 
                 27.0000000000                  29.0000000000                   0.0793443582 
                 27.0000000000                  29.5000000000                   0.0978618323 
                 27.0000000000                  30.0000000000                   0.0408119758 
                 27.0000000000                  30.5000000000                   0.0636811843 
                 27.0000000000                  31.0000000000                   0.0671928415 
                 27.0000000000                  31.5000000000                   0.0396625482 
                 27.0000000000                  32.0000000000                   0.0383383261 
                 27.0000000000                  32.5000000000                   0.0334764653 
                 27.0000000000                  33.0000000000                   0.0310243763 
                 27.0000000000                  33.5000000000                   0.0284045507 
                 27.0000000000                  34.0000000000                   0.0235295788 
                 27.0000000000                  34.5000000000                   0.0189646528 
                 27.0000000000                  35.0000000000                   0.0154136966 
                 27.0000000000                  35.5000000000                   0.0149184368 
                 27.0000000000                  36.0000000000                   0.0078035636 
                 27.0000000000                  36.5000000000                   0.0006622172 
                 27.0000000000                  37.0000000000                   0.0004630522 
                 27.0000000000                  37.5000000000                   0.0001509132 
                 27.0000000000                  38.0000000000                   0.0000090896 
                 27.0000000000                  38.5000000000                   0.0000299539 
                 27.0000000000                  39.0000000000                   0.0000005460 
                 27.0000000000                  39.5000000000                   0.0000051881 
                 27.0000000000                  40.0000000000                  -0.0000000049 
                 27.0000000000                  40.5000000000                   0.0000008675 
                 27.0000000000                  41.0000000000                  -0.0000000085 
                 27.0000000000                  41.5000000000                   0.0000001412 
                 27.0000000000                  42.0000000000                  -0.0000000010 
                 27.0000000000                  42.5000000000                   0.0000000223 
                 27.0000000000                  43.0000000000                   0.0000000005 
                 27.0000000000                  43.5000000000                   0.0000000033 
                 27.0000000000                  44.0000000000                   0.0000000003 
                 27.0000000000                  44.5000000000                   0.0000000005 
                 27.0000000000                  45.0000000000                   0.0000000001 
                 27.0000000000                  45.5000000000                   0.0000000001 
                 27.0000000000                  46.0000000000                   0.0000000000 
                 27.0000000000                  46.5000000000                   0.0000000000 
                 27.0000000000                  47.0000000000                   0.0000000000 
                 27.0000000000                  47.5000000000                   0.0000000000 
                 27.0000000000                  48.0000000000                   0.0000000000 
                 27.0000000000                  48.5000000000                  -0.0000000000 
                 27.0000000000                  49.0000000000                   0.0000000000 
                 27.0000000000                  49.5000000000                  -0.0000000000 
                 27.0000000000                  50.0000000000                   0.0000000000 
                 27.5000000000                   0.0000000000                   0.0000000000 
                 27.5000000000                   0.5000000000                   0.0000000000 
                 27.5000000000                   1.0000000000                   0.0000000000 
                 27.5000000000                   1.5000000000                   0.0000000000 
                 27.5000000000                   2.0000000000                   0.0000000000 
                 27.5000000000                   2.5000000000                   0.0000000000 
                 27.5000000000                   3.0000000000                   0.0000000000 
                 27.5000000000                   3.5000000000                   0.0000000000 
                 27.5000000000                   4.0000000000                   0.0000000000 
                 27.5000000000                   4.5000000000                   0.0000000000 
                 27.5000000000                   5.0000000000                   0.0000000000 
                 27.5000000000                   5.5000000000                   0.0000000000 
                 27.5000000000                   6.0000000000                   0.0000000000 
                 27.5000000000                   6.5000000000                   0.0000000000 
                 27.5000000000                   7.0000000000                   0.0000000000 
                 27.5000000000                   7.5000000000                   0.0000000000 
                 27.5000000000                   8.0000000000                   0.0000000000 
                 27.5000000000                   8.5000000000                   0.0000000000 
                 27.5000000000                   9.0000000000                   0.0000000001 
                 27.5000000000                   9.5000000000                   0.0000000000 
                 27.5000000000                  10.0000000000                   0.0000000007 
                 27.5000000000                  10.5000000000                  -0.0000000000 
                 27.5000000000                  11.0000000000                   0.0000000043 
                 27.5000000000                  11.5000000000                  -0.0000000003 
                 27.5000000000                  12.0000000000                   0.0000000261 
                 27.5000000000                  12.5000000000                  -0.0000000016 
                 27.5000000000                  13.0000000000                   0.0000001621 
                 27.5000000000                  13.5000000000                   0.0000000187 
                 27.5000000000                  14.0000000000                   0.0000009229 
                 27.5000000000                  14.5000000000                   0.0000010000 
                 27.5000000000                  15.0000000000                   0.0000035735 
                 27.5000000000                  15.5000000000                   0.0000202382 
                 27.5000000000                  16.0000000000                   0.0000050239 
                 27.5000000000                  16.5000000000                   0.0000986160 
                 27.5000000000                  17.0000000000                   0.0002051815 
                 27.5000000000                  17.5000000000                   0.0000398738 
                 27.5000000000                  18.0000000000                   0.0012699890 
                 27.5000000000                  18.5000000000                   0.0048928444 
                 27.5000000000                  19.0000000000                   0.0111049832 
                 27.5000000000                  19.5000000000                   0.0234699556 
                 27.5000000000                  20.0000000000                   0.0425014562 
                 27.5000000000                  20.5000000000                   0.0728500059 
                 27.5000000000                  21.0000000000                   0.1124457075 
                 27.5000000000                  21.5000000000                   0.1430637906 
                 27.5000000000                  22.0000000000                   0.1700517855 
                 27.5000000000                  22.5000000000                   0.1921578794 
                 27.5000000000                  23.0000000000                   0.2160660743 
                 27.5000000000                  23.5000000000                   0.2693386823 
                 27.5000000000                  24.0000000000                   0.3168016637 
                 27.5000000000                  24.5000000000                   0.3426720462 
                 27.5000000000                  25.0000000000                   0.3423693582 
                 27.5000000000                  25.5000000000                   0.2694596249 
                 27.5000000000                  26.0000000000                   0.2462914241 
                 27.5000000000                  26.5000000000                   0.1664753954 
                 27.5000000000                  27.0000000000                   0.0902048712 
                 27.5000000000                  27.5000000000                   0.1329528909 
                 27.5000000000                  28.0000000000                   0.0668799643 
                 27.5000000000                  28.5000000000                   0.0940019309 
                 27.5000000000                  29.0000000000                   0.1123709154 
                 27.5000000000                  29.5000000000                   0.0418841175 
                 27.5000000000                  30.0000000000                   0.0901659442 
                 27.5000000000                  30.5000000000                   0.0775467959 
                 27.5000000000                  31.0000000000                   0.0420646040 
                 27.5000000000                  31.5000000000                   0.0621100786 
                 27.5000000000                  32.0000000000                   0.0564750181 
                 27.5000000000                  32.5000000000                   0.0531625969 
                 27.5000000000                  33.0000000000                   0.0541523720 
                 27.5000000000                  33.5000000000                   0.0427675826 
                 27.5000000000                  34.0000000000                   0.0307886650 
                 27.5000000000                  34.5000000000                   0.0241813108 
                 27.5000000000                  35.0000000000                   0.0179226621 
                 27.5000000000                  35.5000000000                   0.0077471771 
                 27.5000000000                  36.0000000000                   0.0009054150 
                 27.5000000000                  36.5000000000                   0.0004507324 
                 27.5000000000                  37.0000000000                   0.0002491794 
                 27.5000000000                  37.5000000000                  -0.0000034054 
                 27.5000000000                  38.0000000000                   0.0000368625 
                 27.5000000000                  38.5000000000                  -0.0000009801 
                 27.5000000000                  39.0000000000                   0.0000058477 
                 27.5000000000                  39.5000000000                  -0.0000000683 
                 27.5000000000                  40.0000000000                   0.0000009323 
                 27.5000000000                  40.5000000000                   0.0000000143 
                 27.5000000000                  41.0000000000                   0.0000001428 
                 27.5000000000                  41.5000000000                   0.0000000082 
                 27.5000000000                  42.0000000000                   0.0000000202 
                 27.5000000000                  42.5000000000                   0.0000000028 
                 27.5000000000                  43.0000000000                   0.0000000025 
                 27.5000000000                  43.5000000000                   0.0000000008 
                 27.5000000000                  44.0000000000                   0.0000000002 
                 27.5000000000                  44.5000000000                   0.0000000002 
                 27.5000000000                  45.0000000000                   0.0000000000 
                 27.5000000000                  45.5000000000                   0.0000000000 
                 27.5000000000                  46.0000000000                   0.0000000000 
                 27.5000000000                  46.5000000000                   0.0000000000 
                 27.5000000000                  47.0000000000                  -0.0000000000 
                 27.5000000000                  47.5000000000                   0.0000000000 
                 27.5000000000                  48.0000000000                  -0.0000000000 
                 27.5000000000                  48.5000000000                   0.0000000000 
                 27.5000000000                  49.0000000000                   0.0000000000 
                 27.5000000000                  49.5000000000                   0.0000000000 
                 27.5000000000                  50.0000000000                   0.0000000000 
                 28.0000000000                   0.0000000000                   0.0000000000 
                 28.0000000000                   0.5000000000                   0.0000000000 
                 28.0000000000                   1.0000000000                   0.0000000000 
                 28.0000000000                   1.5000000000                   0.0000000000 
                 28.0000000000                   2.0000000000                   0.0000000000 
                 28.0000000000                   2.5000000000                   0.0000000000 
                 28.0000000000                   3.0000000000                   0.0000000000 
                 28.0000000000                   3.5000000000                   0.0000000000 
                 28.0000000000                   4.0000000000                   0.0000000000 
                 28.0000000000                   4.5000000000                   0.0000000000 
                 28.0000000000                   5.0000000000                   0.0000000000 
                 28.0000000000                   5.5000000000                   0.0000000000 
                 28.0000000000                   6.0000000000                   0.0000000000 
                 28.0000000000                   6.5000000000                   0.0000000000 
                 28.0000000000                   7.0000000000                   0.0000000000 
                 28.0000000000                   7.5000000000                   0.0000000000 
                 28.0000000000                   8.0000000000                   0.0000000000 
                 28.0000000000                   8.5000000000                   0.0000000000 
                 28.0000000000                   9.0000000000                   0.0000000000 
                 28.0000000000                   9.5000000000                   0.0000000001 
                 28.0000000000                  10.0000000000                   0.0000000002 
                 28.0000000000                  10.5000000000                   0.0000000004 
                 28.0000000000                  11.0000000000                   0.0000000009 
                 28.0000000000                  11.5000000000                   0.0000000032 
                 28.0000000000                  12.0000000000                   0.0000000038 
                 28.0000000000                  12.5000000000                   0.0000000237 
                 28.0000000000                  13.0000000000                   0.0000000102 
                 28.0000000000                  13.5000000000                   0.0000001669 
                 28.0000000000                  14.0000000000                   0.0000000075 
                 28.0000000000                  14.5000000000                   0.0000013787 
                 28.0000000000                  15.0000000000                   0.0000002059 
                 28.0000000000                  15.5000000000                   0.0000098854 
                 28.0000000000                  16.0000000000                   0.0000168163 
                 28.0000000000                  16.5000000000                   0.0000144234 
                 28.0000000000                  17.0000000000                   0.0001508215 
                 28.0000000000                  17.5000000000                   0.0001281250 
                 28.0000000000                  18.0000000000                   0.0002186969 
                 28.0000000000                  18.5000000000                   0.0022071665 
                 28.0000000000                  19.0000000000                   0.0072165100 
                 28.0000000000                  19.5000000000                   0.0173841911 
                 28.0000000000                  20.0000000000                   0.0335169679 
                 28.0000000000                  20.5000000000                   0.0591096372 
                 28.0000000000                  21.0000000000                   0.0912428805 
                 28.0000000000                  21.5000000000                   0.1124312749 
                 28.0000000000                  22.0000000000                   0.1268727971 
                 28.0000000000                  22.5000000000                   0.1350483341 
                 28.0000000000                  23.0000000000                   0.1391719792 
                 28.0000000000                  23.5000000000                   0.1618835146 
                 28.0000000000                  24.0000000000                   0.1808217609 
                 28.0000000000                  24.5000000000                   0.2039322394 
                 28.0000000000                  25.0000000000                   0.1865126296 
                 28.0000000000                  25.5000000000                   0.1635348456 
                 28.0000000000                  26.0000000000                   0.1691099871 
                 28.0000000000                  26.5000000000                   0.0811915285 
                 28.0000000000                  27.0000000000                   0.1121971877 
                 28.0000000000                  27.5000000000                   0.0926055288 
                 28.0000000000                  28.0000000000                   0.0790012555 
                 28.0000000000                  28.5000000000                   0.1298505236 
                 28.0000000000                  29.0000000000                   0.0615155503 
                 28.0000000000                  29.5000000000                   0.1009851555 
                 28.0000000000                  30.0000000000                   0.0804658202 
                 28.0000000000                  30.5000000000                   0.0468603703 
                 28.0000000000                  31.0000000000                   0.0780384392 
                 28.0000000000                  31.5000000000                   0.0743798498 
                 28.0000000000                  32.0000000000                   0.0843484717 
                 28.0000000000                  32.5000000000                   0.0890638672 
                 28.0000000000                  33.0000000000                   0.0735401344 
                 28.0000000000                  33.5000000000                   0.0551552763 
                 28.0000000000                  34.0000000000                   0.0363191615 
                 28.0000000000                  34.5000000000                   0.0212914687 
                 28.0000000000                  35.0000000000                   0.0070482173 
                 28.0000000000                  35.5000000000                   0.0003777847 
                 28.0000000000                  36.0000000000                   0.0005052440 
                 28.0000000000                  36.5000000000                   0.0003190406 
                 28.0000000000                  37.0000000000                  -0.0000114735 
                 28.0000000000                  37.5000000000                   0.0000465257 
                 28.0000000000                  38.0000000000                  -0.0000004507 
                 28.0000000000                  38.5000000000                   0.0000067881 
                 28.0000000000                  39.0000000000                   0.0000002115 
                 28.0000000000                  39.5000000000                   0.0000009315 
                 28.0000000000                  40.0000000000                   0.0000000912 
                 28.0000000000                  40.5000000000                   0.0000001126 
                 28.0000000000                  41.0000000000                   0.0000000279 
                 28.0000000000                  41.5000000000                   0.0000000105 
                 28.0000000000                  42.0000000000                   0.0000000074 
                 28.0000000000                  42.5000000000                   0.0000000004 
                 28.0000000000                  43.0000000000                   0.0000000017 
                 28.0000000000                  43.5000000000                  -0.0000000000 
                 28.0000000000                  44.0000000000                   0.0000000003 
                 28.0000000000                  44.5000000000                  -0.0000000000 
                 28.0000000000                  45.0000000000                   0.0000000001 
                 28.0000000000                  45.5000000000                  -0.0000000000 
                 28.0000000000                  46.0000000000                   0.0000000000 
                 28.0000000000                  46.5000000000                   0.0000000000 
                 28.0000000000                  47.0000000000                   0.0000000000 
                 28.0000000000                  47.5000000000                   0.0000000000 
                 28.0000000000                  48.0000000000                   0.0000000000 
                 28.0000000000                  48.5000000000                   0.0000000000 
                 28.0000000000                  49.0000000000                  -0.0000000000 
                 28.0000000000                  49.5000000000                   0.0000000000 
                 28.0000000000                  50.0000000000                   0.0000000000 
                 28.5000000000                   0.0000000000                   0.0000000000 
                 28.5000000000                   0.5000000000                   0.0000000000 
                 28.5000000000                   1.0000000000                  -0.0000000000 
                 28.5000000000                   1.5000000000                   0.0000000000 
                 28.5000000000                   2.0000000000                  -0.0000000000 
                 28.5000000000                   2.5000000000                   0.0000000000 
                 28.5000000000                   3.0000000000                  -0.0000000000 
                 28.5000000000                   3.5000000000                   0.0000000000 
                 28.5000000000                   4.0000000000                  -0.0000000000 
                 28.5000000000                   4.5000000000                   0.0000000000 
                 28.5000000000                   5.0000000000                  -0.0000000000 
                 28.5000000000                   5.5000000000                   0.0000000000 
                 28.5000000000                   6.0000000000                  -0.0000000000 
                 28.5000000000                   6.5000000000                   0.0000000000 
                 28.5000000000                   7.0000000000                   0.0000000000 
                 28.5000000000                   7.5000000000                   0.0000000000 
                 28.5000000000                   8.0000000000                   0.0000000000 
                 28.5000000000                   8.5000000000                   0.0000000000 
                 28.5000000000                   9.0000000000                   0.0000000000 
                 28.5000000000                   9.5000000000                   0.0000000001 
                 28.5000000000                  10.0000000000                   0.0000000000 
                 28.5000000000                  10.5000000000                   0.0000000003 
                 28.5000000000                  11.0000000000                   0.0000000001 
                 28.5000000000                  11.5000000000                   0.0000000017 
                 28.5000000000                  12.0000000000                   0.0000000010 
                 28.5000000000                  12.5000000000                   0.0000000088 
                 28.5000000000                  13.0000000000                   0.0000000092 
                 28.5000000000                  13.5000000000                   0.0000000420 
                 28.5000000000                  14.0000000000                   0.0000000820 
                 28.5000000000                  14.5000000000                   0.0000001639 
                 28.5000000000                  15.0000000000                   0.0000011020 
                 28.5000000000                  15.5000000000                   0.0000005002 
                 28.5000000000                  16.0000000000                   0.0000124717 
                 28.5000000000                  16.5000000000                   0.0000088138 
                 28.5000000000                  17.0000000000                   0.0000290011 
                 28.5000000000                  17.5000000000                   0.0001615047 
                 28.5000000000                  18.0000000000                   0.0000699097 
                 28.5000000000                  18.5000000000                   0.0004285245 
                 28.5000000000                  19.0000000000                   0.0033251248 
                 28.5000000000                  19.5000000000                   0.0111257802 
                 28.5000000000                  20.0000000000                   0.0247425096 
                 28.5000000000                  20.5000000000                   0.0467227534 
                 28.5000000000                  21.0000000000                   0.0740439940 
                 28.5000000000                  21.5000000000                   0.0910930325 
                 28.5000000000                  22.0000000000                   0.1003615183 
                 28.5000000000                  22.5000000000                   0.1001451600 
                 28.5000000000                  23.0000000000                   0.0939383629 
                 28.5000000000                  23.5000000000                   0.1036559304 
                 28.5000000000                  24.0000000000                   0.1160313630 
                 28.5000000000                  24.5000000000                   0.1111807151 
                 28.5000000000                  25.0000000000                   0.1116158083 
                 28.5000000000                  25.5000000000                   0.1568786056 
                 28.5000000000                  26.0000000000                   0.0413690733 
                 28.5000000000                  26.5000000000                   0.0728961882 
                 28.5000000000                  27.0000000000                   0.1535147457 
                 28.5000000000                  27.5000000000                   0.0568800027 
                 28.5000000000                  28.0000000000                   0.0981194126 
                 28.5000000000                  28.5000000000                   0.0898891852 
                 28.5000000000                  29.0000000000                   0.0979511034 
                 28.5000000000                  29.5000000000                   0.0897580249 
                 28.5000000000                  30.0000000000                   0.0639325992 
                 28.5000000000                  30.5000000000                   0.0887196305 
                 28.5000000000                  31.0000000000                   0.0586055624 
                 28.5000000000                  31.5000000000                   0.0749720598 
                 28.5000000000                  32.0000000000                   0.1213272047 
                 28.5000000000                  32.5000000000                   0.1337392608 
                 28.5000000000                  33.0000000000                   0.1254957367 
                 28.5000000000                  33.5000000000                   0.0893856590 
                 28.5000000000                  34.0000000000                   0.0499875117 
                 28.5000000000                  34.5000000000                   0.0201427490 
                 28.5000000000                  35.0000000000                   0.0028910328 
                 28.5000000000                  35.5000000000                   0.0002277021 
                 28.5000000000                  36.0000000000                   0.0006904502 
                 28.5000000000                  36.5000000000                   0.0000557818 
                 28.5000000000                  37.0000000000                   0.0000354577 
                 28.5000000000                  37.5000000000                   0.0000189415 
                 28.5000000000                  38.0000000000                   0.0000002536 
                 28.5000000000                  38.5000000000                   0.0000038225 
                 28.5000000000                  39.0000000000                  -0.0000000362 
                 28.5000000000                  39.5000000000                   0.0000006932 
                 28.5000000000                  40.0000000000                  -0.0000000011 
                 28.5000000000                  40.5000000000                   0.0000001131 
                 28.5000000000                  41.0000000000                   0.0000000027 
                 28.5000000000                  41.5000000000                   0.0000000161 
                 28.5000000000                  42.0000000000                   0.0000000019 
                 28.5000000000                  42.5000000000                   0.0000000019 
                 28.5000000000                  43.0000000000                   0.0000000006 
                 28.5000000000                  43.5000000000                   0.0000000002 
                 28.5000000000                  44.0000000000                   0.0000000002 
                 28.5000000000                  44.5000000000                   0.0000000000 
                 28.5000000000                  45.0000000000                   0.0000000000 
                 28.5000000000                  45.5000000000                   0.0000000000 
                 28.5000000000                  46.0000000000                   0.0000000000 
                 28.5000000000                  46.5000000000                   0.0000000000 
                 28.5000000000                  47.0000000000                   0.0000000000 
                 28.5000000000                  47.5000000000                   0.0000000000 
                 28.5000000000                  48.0000000000                   0.0000000000 
                 28.5000000000                  48.5000000000                   0.0000000000 
                 28.5000000000                  49.0000000000                  -0.0000000000 
                 28.5000000000                  49.5000000000                   0.0000000000 
                 28.5000000000                  50.0000000000                   0.0000000000 
                 29.0000000000                   0.0000000000                   0.0000000000 
                 29.0000000000                   0.5000000000                   0.0000000000 
                 29.0000000000                   1.0000000000                   0.0000000000 
                 29.0000000000                   1.5000000000                   0.0000000000 
                 29.0000000000                   2.0000000000                   0.0000000000 
                 29.0000000000                   2.5000000000                   0.0000000000 
                 29.0000000000                   3.0000000000                   0.0000000000 
                 29.0000000000                   3.5000000000                   0.0000000000 
                 29.0000000000                   4.0000000000                   0.0000000000 
                 29.0000000000                   4.5000000000                   0.0000000000 
                 29.0000000000                   5.0000000000                   0.0000000000 
                 29.0000000000                   5.5000000000                   0.0000000000 
                 29.0000000000                   6.0000000000                   0.0000000000 
                 29.0000000000                   6.5000000000                   0.0000000000 
                 29.0000000000                   7.0000000000                   0.0000000000 
                 29.0000000000                   7.5000000000                   0.0000000000 
                 29.0000000000                   8.0000000000                   0.0000000000 
                 29.0000000000                   8.5000000000                   0.0000000000 
                 29.0000000000                   9.0000000000                   0.0000000000 
                 29.0000000000                   9.5000000000                   0.0000000000 
                 29.0000000000                  10.0000000000                   0.0000000001 
                 29.0000000000                  10.5000000000                   0.0000000000 
                 29.0000000000                  11.0000000000                   0.0000000004 
                 29.0000000000                  11.5000000000                   0.0000000001 
                 29.0000000000                  12.0000000000                   0.0000000025 
                 29.0000000000                  12.5000000000                   0.0000000007 
                 29.0000000000                  13.0000000000                   0.0000000127 
                 29.0000000000                  13.5000000000                   0.0000000053 
                 29.0000000000                  14.0000000000                   0.0000000727 
                 29.0000000000                  14.5000000000                   0.0000000599 
                 29.0000000000                  15.0000000000                   0.0000004052 
                 29.0000000000                  15.5000000000                   0.0000011390 
                 29.0000000000                  16.0000000000                   0.0000008810 
                 29.0000000000                  16.5000000000                   0.0000123499 
                 29.0000000000                  17.0000000000                   0.0000033194 
                 29.0000000000                  17.5000000000                   0.0000531578 
                 29.0000000000                  18.0000000000                   0.0001678720 
                 29.0000000000                  18.5000000000                   0.0000249461 
                 29.0000000000                  19.0000000000                   0.0007282378 
                 29.0000000000                  19.5000000000                   0.0052792137 
                 29.0000000000                  20.0000000000                   0.0159561332 
                 29.0000000000                  20.5000000000                   0.0349788100 
                 29.0000000000                  21.0000000000                   0.0592451299 
                 29.0000000000                  21.5000000000                   0.0740815250 
                 29.0000000000                  22.0000000000                   0.0791042960 
                 29.0000000000                  22.5000000000                   0.0718280788 
                 29.0000000000                  23.0000000000                   0.0592498651 
                 29.0000000000                  23.5000000000                   0.0584797289 
                 29.0000000000                  24.0000000000                   0.0648162176 
                 29.0000000000                  24.5000000000                   0.0604458150 
                 29.0000000000                  25.0000000000                   0.0942115109 
                 29.0000000000                  25.5000000000                   0.0431757235 
                 29.0000000000                  26.0000000000                   0.0320186934 
                 29.0000000000                  26.5000000000                   0.1694899573 
                 29.0000000000                  27.0000000000                   0.0795982149 
                 29.0000000000                  27.5000000000                   0.0464968212 
                 29.0000000000                  28.0000000000                   0.1209919264 
                 29.0000000000                  28.5000000000                   0.0949498114 
                 29.0000000000                  29.0000000000                   0.0877887054 
                 29.0000000000                  29.5000000000                   0.0896751327 
                 29.0000000000                  30.0000000000                   0.0960943912 
                 29.0000000000                  30.5000000000                   0.0695936172 
                 29.0000000000                  31.0000000000                   0.0758661505 
                 29.0000000000                  31.5000000000                   0.1085127928 
                 29.0000000000                  32.0000000000                   0.1502220653 
                 29.0000000000                  32.5000000000                   0.1817975177 
                 29.0000000000                  33.0000000000                   0.1663381140 
                 29.0000000000                  33.5000000000                   0.1161673725 
                 29.0000000000                  34.0000000000                   0.0631332779 
                 29.0000000000                  34.5000000000                   0.0253531045 
                 29.0000000000                  35.0000000000                   0.0045980491 
                 29.0000000000                  35.5000000000                   0.0001457514 
                 29.0000000000                  36.0000000000                   0.0005212763 
                 29.0000000000                  36.5000000000                   0.0001011448 
                 29.0000000000                  37.0000000000                   0.0000193014 
                 29.0000000000                  37.5000000000                   0.0000251697 
                 29.0000000000                  38.0000000000                   0.0000000178 
                 29.0000000000                  38.5000000000                   0.0000046734 
                 29.0000000000                  39.0000000000                   0.0000001140 
                 29.0000000000                  39.5000000000                   0.0000007702 
                 29.0000000000                  40.0000000000                   0.0000000465 
                 29.0000000000                  40.5000000000                   0.0000001160 
                 29.0000000000                  41.0000000000                   0.0000000159 
                 29.0000000000                  41.5000000000                   0.0000000152 
                 29.0000000000                  42.0000000000                   0.0000000050 
                 29.0000000000                  42.5000000000                   0.0000000015 
                 29.0000000000                  43.0000000000                   0.0000000014 
                 29.0000000000                  43.5000000000                   0.0000000001 
                 29.0000000000                  44.0000000000                   0.0000000003 
                 29.0000000000                  44.5000000000                  -0.0000000000 
                 29.0000000000                  45.0000000000                   0.0000000001 
                 29.0000000000                  45.5000000000                   0.0000000000 
                 29.0000000000                  46.0000000000                   0.0000000000 
                 29.0000000000                  46.5000000000                   0.0000000000 
                 29.0000000000                  47.0000000000                   0.0000000000 
                 29.0000000000                  47.5000000000                   0.0000000000 
                 29.0000000000                  48.0000000000                   0.0000000000 
                 29.0000000000                  48.5000000000                   0.0000000000 
                 29.0000000000                  49.0000000000                  -0.0000000000 
                 29.0000000000                  49.5000000000                   0.0000000000 
                 29.0000000000                  50.0000000000                   0.0000000000 
                 29.5000000000                   0.0000000000                   0.0000000000 
                 29.5000000000                   0.5000000000                   0.0000000000 
                 29.5000000000                   1.0000000000                   0.0000000000 
                 29.5000000000                   1.5000000000                   0.0000000000 
                 29.5000000000                   2.0000000000                   0.0000000000 
                 29.5000000000                   2.5000000000                   0.0000000000 
                 29.5000000000                   3.0000000000                   0.0000000000 
                 29.5000000000                   3.5000000000                   0.0000000000 
                 29.5000000000                   4.0000000000                   0.0000000000 
                 29.5000000000                   4.5000000000                   0.0000000000 
                 29.5000000000                   5.0000000000                   0.0000000000 
                 29.5000000000                   5.5000000000                   0.0000000000 
                 29.5000000000                   6.0000000000                   0.0000000000 
                 29.5000000000                   6.5000000000                   0.0000000000 
                 29.5000000000                   7.0000000000                   0.0000000000 
                 29.5000000000                   7.5000000000                   0.0000000000 
                 29.5000000000                   8.0000000000                   0.0000000000 
                 29.5000000000                   8.5000000000                   0.0000000000 
                 29.5000000000                   9.0000000000                   0.0000000000 
                 29.5000000000                   9.5000000000                   0.0000000000 
                 29.5000000000                  10.0000000000                   0.0000000000 
                 29.5000000000                  10.5000000000                   0.0000000001 
                 29.5000000000                  11.0000000000                  -0.0000000000 
                 29.5000000000                  11.5000000000                   0.0000000006 
                 29.5000000000                  12.0000000000                  -0.0000000000 
                 29.5000000000                  12.5000000000                   0.0000000038 
                 29.5000000000                  13.0000000000                  -0.0000000001 
                 29.5000000000                  13.5000000000                   0.0000000221 
                 29.5000000000                  14.0000000000                   0.0000000025 
                 29.5000000000                  14.5000000000                   0.0000001301 
                 29.5000000000                  15.0000000000                   0.0000000331 
                 29.5000000000                  15.5000000000                   0.0000006992 
                 29.5000000000                  16.0000000000                   0.0000010026 
                 29.5000000000                  16.5000000000                   0.0000018669 
                 29.5000000000                  17.0000000000                   0.0000132383 
                 29.5000000000                  17.5000000000                   0.0000027889 
                 29.5000000000                  18.0000000000                   0.0000919584 
                 29.5000000000                  18.5000000000                   0.0001653023 
                 29.5000000000                  19.0000000000                   0.0000035082 
                 29.5000000000                  19.5000000000                   0.0014068915 
                 29.5000000000                  20.0000000000                   0.0076757483 
                 29.5000000000                  20.5000000000                   0.0215430711 
                 29.5000000000                  21.0000000000                   0.0417127303 
                 29.5000000000                  21.5000000000                   0.0560274427 
                 29.5000000000                  22.0000000000                   0.0628278643 
                 29.5000000000                  22.5000000000                   0.0584625700 
                 29.5000000000                  23.0000000000                   0.0502211730 
                 29.5000000000                  23.5000000000                   0.0506617258 
                 29.5000000000                  24.0000000000                   0.0438762954 
                 29.5000000000                  24.5000000000                   0.0575304813 
                 29.5000000000                  25.0000000000                   0.0378829662 
                 29.5000000000                  25.5000000000                   0.0352257882 
                 29.5000000000                  26.0000000000                   0.1450958555 
                 29.5000000000                  26.5000000000                   0.0889675406 
                 29.5000000000                  27.0000000000                   0.0371009605 
                 29.5000000000                  27.5000000000                   0.1332948319 
                 29.5000000000                  28.0000000000                   0.1052705794 
                 29.5000000000                  28.5000000000                   0.0790619600 
                 29.5000000000                  29.0000000000                   0.1173185326 
                 29.5000000000                  29.5000000000                   0.0957731067 
                 29.5000000000                  30.0000000000                   0.0733480972 
                 29.5000000000                  30.5000000000                   0.1082130461 
                 29.5000000000                  31.0000000000                   0.0853951195 
                 29.5000000000                  31.5000000000                   0.0968531319 
                 29.5000000000                  32.0000000000                   0.1707742427 
                 29.5000000000                  32.5000000000                   0.1842368405 
                 29.5000000000                  33.0000000000                   0.1568480179 
                 29.5000000000                  33.5000000000                   0.1060507748 
                 29.5000000000                  34.0000000000                   0.0585011692 
                 29.5000000000                  34.5000000000                   0.0257558638 
                 29.5000000000                  35.0000000000                   0.0048179002 
                 29.5000000000                  35.5000000000                   0.0000982703 
                 29.5000000000                  36.0000000000                   0.0006182680 
                 29.5000000000                  36.5000000000                   0.0000725082 
                 29.5000000000                  37.0000000000                   0.0000399368 
                 29.5000000000                  37.5000000000                   0.0000235243 
                 29.5000000000                  38.0000000000                   0.0000009046 
                 29.5000000000                  38.5000000000                   0.0000049232 
                 29.5000000000                  39.0000000000                   0.0000000309 
                 29.5000000000                  39.5000000000                   0.0000008917 
                 29.5000000000                  40.0000000000                   0.0000000219 
                 29.5000000000                  40.5000000000                   0.0000001488 
                 29.5000000000                  41.0000000000                   0.0000000103 
                 29.5000000000                  41.5000000000                   0.0000000223 
                 29.5000000000                  42.0000000000                   0.0000000038 
                 29.5000000000                  42.5000000000                   0.0000000029 
                 29.5000000000                  43.0000000000                   0.0000000012 
                 29.5000000000                  43.5000000000                   0.0000000003 
                 29.5000000000                  44.0000000000                   0.0000000003 
                 29.5000000000                  44.5000000000                   0.0000000000 
                 29.5000000000                  45.0000000000                   0.0000000001 
                 29.5000000000                  45.5000000000                   0.0000000000 
                 29.5000000000                  46.0000000000                   0.0000000000 
                 29.5000000000                  46.5000000000                   0.0000000000 
                 29.5000000000                  47.0000000000                   0.0000000000 
                 29.5000000000                  47.5000000000                   0.0000000000 
                 29.5000000000                  48.0000000000                   0.0000000000 
                 29.5000000000                  48.5000000000                   0.0000000000 
                 29.5000000000                  49.0000000000                   0.0000000000 
                 29.5000000000                  49.5000000000                   0.0000000000 
                 29.5000000000                  50.0000000000                   0.0000000000 
                 30.0000000000                   0.0000000000                   0.0000000000 
                 30.0000000000                   0.5000000000                   0.0000000000 
                 30.0000000000                   1.0000000000                   0.0000000000 
                 30.0000000000                   1.5000000000                   0.0000000000 
                 30.0000000000                   2.0000000000                   0.0000000000 
                 30.0000000000                   2.5000000000                   0.0000000000 
                 30.0000000000                   3.0000000000                   0.0000000000 
                 30.0000000000                   3.5000000000                   0.0000000000 
                 30.0000000000                   4.0000000000                   0.0000000000 
                 30.0000000000                   4.5000000000                   0.0000000000 
                 30.0000000000                   5.0000000000                   0.0000000000 
                 30.0000000000                   5.5000000000                   0.0000000000 
                 30.0000000000                   6.0000000000                   0.0000000000 
                 30.0000000000                   6.5000000000                   0.0000000000 
                 30.0000000000                   7.0000000000                   0.0000000000 
                 30.0000000000                   7.5000000000                   0.0000000000 
                 30.0000000000                   8.0000000000                   0.0000000000 
                 30.0000000000                   8.5000000000                   0.0000000000 
                 30.0000000000                   9.0000000000                   0.0000000000 
                 30.0000000000                   9.5000000000                   0.0000000000 
                 30.0000000000                  10.0000000000                   0.0000000000 
                 30.0000000000                  10.5000000000                   0.0000000000 
                 30.0000000000                  11.0000000000                   0.0000000001 
                 30.0000000000                  11.5000000000                   0.0000000001 
                 30.0000000000                  12.0000000000                   0.0000000008 
                 30.0000000000                  12.5000000000                   0.0000000003 
                 30.0000000000                  13.0000000000                   0.0000000050 
                 30.0000000000                  13.5000000000                   0.0000000007 
                 30.0000000000                  14.0000000000                   0.0000000318 
                 30.0000000000                  14.5000000000                  -0.0000000000 
                 30.0000000000                  15.0000000000                   0.0000002092 
                 30.0000000000                  15.5000000000                  -0.0000000147 
                 30.0000000000                  16.0000000000                   0.0000012385 
                 30.0000000000                  16.5000000000                   0.0000002796 
                 30.0000000000                  17.0000000000                   0.0000064728 
                 30.0000000000                  17.5000000000                   0.0000136548 
                 30.0000000000                  18.0000000000                   0.0000157250 
                 30.0000000000                  18.5000000000                   0.0001527935 
                 30.0000000000                  19.0000000000                   0.0001264348 
                 30.0000000000                  19.5000000000                   0.0001067883 
                 30.0000000000                  20.0000000000                   0.0026604262 
                 30.0000000000                  20.5000000000                   0.0112542211 
                 30.0000000000                  21.0000000000                   0.0266612310 
                 30.0000000000                  21.5000000000                   0.0400187703 
                 30.0000000000                  22.0000000000                   0.0492178385 
                 30.0000000000                  22.5000000000                   0.0512207507 
                 30.0000000000                  23.0000000000                   0.0446560686 
                 30.0000000000                  23.5000000000                   0.0494429127 
                 30.0000000000                  24.0000000000                   0.0546810756 
                 30.0000000000                  24.5000000000                   0.0408714890 
                 30.0000000000                  25.0000000000                   0.0433853356 
                 30.0000000000                  25.5000000000                   0.1059579755 
                 30.0000000000                  26.0000000000                   0.0700375369 
                 30.0000000000                  26.5000000000                   0.0554292169 
                 30.0000000000                  27.0000000000                   0.1456747558 
                 30.0000000000                  27.5000000000                   0.1040891150 
                 30.0000000000                  28.0000000000                   0.0636869546 
                 30.0000000000                  28.5000000000                   0.1205162809 
                 30.0000000000                  29.0000000000                   0.1133754404 
                 30.0000000000                  29.5000000000                   0.0829841259 
                 30.0000000000                  30.0000000000                   0.1130123558 
                 30.0000000000                  30.5000000000                   0.0791247391 
                 30.0000000000                  31.0000000000                   0.0529384681 
                 30.0000000000                  31.5000000000                   0.1013232430 
                 30.0000000000                  32.0000000000                   0.1356813958 
                 30.0000000000                  32.5000000000                   0.1498893490 
                 30.0000000000                  33.0000000000                   0.1308874586 
                 30.0000000000                  33.5000000000                   0.0921658935 
                 30.0000000000                  34.0000000000                   0.0585600064 
                 30.0000000000                  34.5000000000                   0.0252815510 
                 30.0000000000                  35.0000000000                   0.0042713246 
                 30.0000000000                  35.5000000000                   0.0001615700 
                 30.0000000000                  36.0000000000                   0.0005223161 
                 30.0000000000                  36.5000000000                   0.0000634985 
                 30.0000000000                  37.0000000000                   0.0000319287 
                 30.0000000000                  37.5000000000                   0.0000198802 
                 30.0000000000                  38.0000000000                   0.0000008352 
                 30.0000000000                  38.5000000000                   0.0000041101 
                 30.0000000000                  39.0000000000                   0.0000001055 
                 30.0000000000                  39.5000000000                   0.0000007165 
                 30.0000000000                  40.0000000000                   0.0000000463 
                 30.0000000000                  40.5000000000                   0.0000001135 
                 30.0000000000                  41.0000000000                   0.0000000154 
                 30.0000000000                  41.5000000000                   0.0000000162 
                 30.0000000000                  42.0000000000                   0.0000000044 
                 30.0000000000                  42.5000000000                   0.0000000020 
                 30.0000000000                  43.0000000000                   0.0000000011 
                 30.0000000000                  43.5000000000                   0.0000000002 
                 30.0000000000                  44.0000000000                   0.0000000003 
                 30.0000000000                  44.5000000000                   0.0000000000 
                 30.0000000000                  45.0000000000                   0.0000000001 
                 30.0000000000                  45.5000000000                   0.0000000000 
                 30.0000000000                  46.0000000000                   0.0000000000 
                 30.0000000000                  46.5000000000                   0.0000000000 
                 30.0000000000                  47.0000000000                   0.0000000000 
                 30.0000000000                  47.5000000000                   0.0000000000 
                 30.0000000000                  48.0000000000                   0.0000000000 
                 30.0000000000                  48.5000000000                   0.0000000000 
                 30.0000000000                  49.0000000000                  -0.0000000000 
                 30.0000000000                  49.5000000000                   0.0000000000 
                 30.0000000000                  50.0000000000                   0.0000000000 
                 30.5000000000                   0.0000000000                   0.0000000000 
                 30.5000000000                   0.5000000000                   0.0000000000 
                 30.5000000000                   1.0000000000                   0.0000000000 
                 30.5000000000                   1.5000000000                   0.0000000000 
                 30.5000000000                   2.0000000000                   0.0000000000 
                 30.5000000000                   2.5000000000                   0.0000000000 
                 30.5000000000                   3.0000000000                   0.0000000000 
                 30.5000000000                   3.5000000000                   0.0000000000 
                 30.5000000000                   4.0000000000                   0.0000000000 
                 30.5000000000                   4.5000000000                   0.0000000000 
                 30.5000000000                   5.0000000000                   0.0000000000 
                 30.5000000000                   5.5000000000                   0.0000000000 
                 30.5000000000                   6.0000000000                   0.0000000000 
                 30.5000000000                   6.5000000000                   0.0000000000 
                 30.5000000000                   7.0000000000                   0.0000000000 
                 30.5000000000                   7.5000000000                   0.0000000000 
                 30.5000000000                   8.0000000000                   0.0000000000 
                 30.5000000000                   8.5000000000                   0.0000000000 
                 30.5000000000                   9.0000000000                   0.0000000000 
                 30.5000000000                   9.5000000000                   0.0000000000 
                 30.5000000000                  10.0000000000                   0.0000000000 
                 30.5000000000                  10.5000000000                   0.0000000000 
                 30.5000000000                  11.0000000000                   0.0000000001 
                 30.5000000000                  11.5000000000                   0.0000000000 
                 30.5000000000                  12.0000000000                   0.0000000005 
                 30.5000000000                  12.5000000000                   0.0000000003 
                 30.5000000000                  13.0000000000                   0.0000000028 
                 30.5000000000                  13.5000000000                   0.0000000028 
                 30.5000000000                  14.0000000000                   0.0000000132 
                 30.5000000000                  14.5000000000                   0.0000000204 
                 30.5000000000                  15.0000000000                   0.0000000562 
                 30.5000000000                  15.5000000000                   0.0000001559 
                 30.5000000000                  16.0000000000                   0.0000002375 
                 30.5000000000                  16.5000000000                   0.0000013338 
                 30.5000000000                  17.0000000000                   0.0000007927 
                 30.5000000000                  17.5000000000                   0.0000153571 
                 30.5000000000                  18.0000000000                   0.0000084363 
                 30.5000000000                  18.5000000000                   0.0000566035 
                 30.5000000000                  19.0000000000                   0.0002037633 
                 30.5000000000                  19.5000000000                   0.0000456876 
                 30.5000000000                  20.0000000000                   0.0005627506 
                 30.5000000000                  20.5000000000                   0.0050482010 
                 30.5000000000                  21.0000000000                   0.0158553746 
                 30.5000000000                  21.5000000000                   0.0280767090 
                 30.5000000000                  22.0000000000                   0.0373473098 
                 30.5000000000                  22.5000000000                   0.0450513569 
                 30.5000000000                  23.0000000000                   0.0446759526 
                 30.5000000000                  23.5000000000                   0.0434437291 
                 30.5000000000                  24.0000000000                   0.0446064728 
                 30.5000000000                  24.5000000000                   0.0457170620 
                 30.5000000000                  25.0000000000                   0.0630480758 
                 30.5000000000                  25.5000000000                   0.0433624004 
                 30.5000000000                  26.0000000000                   0.0556580447 
                 30.5000000000                  26.5000000000                   0.1336709502 
                 30.5000000000                  27.0000000000                   0.0857894211 
                 30.5000000000                  27.5000000000                   0.0558704950 
                 30.5000000000                  28.0000000000                   0.1091840637 
                 30.5000000000                  28.5000000000                   0.1093585754 
                 30.5000000000                  29.0000000000                   0.1119817678 
                 30.5000000000                  29.5000000000                   0.1214502533 
                 30.5000000000                  30.0000000000                   0.0912283616 
                 30.5000000000                  30.5000000000                   0.0708880950 
                 30.5000000000                  31.0000000000                   0.0833233838 
                 30.5000000000                  31.5000000000                   0.0734613852 
                 30.5000000000                  32.0000000000                   0.0904862345 
                 30.5000000000                  32.5000000000                   0.1067674964 
                 30.5000000000                  33.0000000000                   0.0950759452 
                 30.5000000000                  33.5000000000                   0.0853558006 
                 30.5000000000                  34.0000000000                   0.0591826430 
                 30.5000000000                  34.5000000000                   0.0264058318 
                 30.5000000000                  35.0000000000                   0.0054429329 
                 30.5000000000                  35.5000000000                   0.0000949918 
                 30.5000000000                  36.0000000000                   0.0005337675 
                 30.5000000000                  36.5000000000                   0.0000657714 
                 30.5000000000                  37.0000000000                   0.0000378090 
                 30.5000000000                  37.5000000000                   0.0000211632 
                 30.5000000000                  38.0000000000                   0.0000012959 
                 30.5000000000                  38.5000000000                   0.0000045463 
                 30.5000000000                  39.0000000000                   0.0000000130 
                 30.5000000000                  39.5000000000                   0.0000008329 
                 30.5000000000                  40.0000000000                   0.0000000257 
                 30.5000000000                  40.5000000000                   0.0000001360 
                 30.5000000000                  41.0000000000                   0.0000000127 
                 30.5000000000                  41.5000000000                   0.0000000196 
                 30.5000000000                  42.0000000000                   0.0000000042 
                 30.5000000000                  42.5000000000                   0.0000000023 
                 30.5000000000                  43.0000000000                   0.0000000011 
                 30.5000000000                  43.5000000000                   0.0000000002 
                 30.5000000000                  44.0000000000                   0.0000000003 
                 30.5000000000                  44.5000000000                   0.0000000000 
                 30.5000000000                  45.0000000000                   0.0000000001 
                 30.5000000000                  45.5000000000                  -0.0000000000 
                 30.5000000000                  46.0000000000                   0.0000000000 
                 30.5000000000                  46.5000000000                   0.0000000000 
                 30.5000000000                  47.0000000000                   0.0000000000 
                 30.5000000000                  47.5000000000                   0.0000000000 
                 30.5000000000                  48.0000000000                   0.0000000000 
                 30.5000000000                  48.5000000000                   0.0000000000 
                 30.5000000000                  49.0000000000                   0.0000000000 
                 30.5000000000                  49.5000000000                   0.0000000000 
                 30.5000000000                  50.0000000000                   0.0000000000 
                 31.0000000000                   0.0000000000                   0.0000000000 
                 31.0000000000                   0.5000000000                   0.0000000000 
                 31.0000000000                   1.0000000000                   0.0000000000 
                 31.0000000000                   1.5000000000                   0.0000000000 
                 31.0000000000                   2.0000000000                   0.0000000000 
                 31.0000000000                   2.5000000000                   0.0000000000 
                 31.0000000000                   3.0000000000                   0.0000000000 
                 31.0000000000                   3.5000000000                   0.0000000000 
                 31.0000000000                   4.0000000000                   0.0000000000 
                 31.0000000000                   4.5000000000                   0.0000000000 
                 31.0000000000                   5.0000000000                   0.0000000000 
                 31.0000000000                   5.5000000000                   0.0000000000 
                 31.0000000000                   6.0000000000                   0.0000000000 
                 31.0000000000                   6.5000000000                   0.0000000000 
                 31.0000000000                   7.0000000000                   0.0000000000 
                 31.0000000000                   7.5000000000                   0.0000000000 
                 31.0000000000                   8.0000000000                   0.0000000000 
                 31.0000000000                   8.5000000000                   0.0000000000 
                 31.0000000000                   9.0000000000                   0.0000000000 
                 31.0000000000                   9.5000000000                   0.0000000000 
                 31.0000000000                  10.0000000000                   0.0000000000 
                 31.0000000000                  10.5000000000                   0.0000000000 
                 31.0000000000                  11.0000000000                   0.0000000000 
                 31.0000000000                  11.5000000000                   0.0000000002 
                 31.0000000000                  12.0000000000                   0.0000000000 
                 31.0000000000                  12.5000000000                   0.0000000011 
                 31.0000000000                  13.0000000000                   0.0000000001 
                 31.0000000000                  13.5000000000                   0.0000000061 
                 31.0000000000                  14.0000000000                  -0.0000000003 
                 31.0000000000                  14.5000000000                   0.0000000328 
                 31.0000000000                  15.0000000000                  -0.0000000017 
                 31.0000000000                  15.5000000000                   0.0000001810 
                 31.0000000000                  16.0000000000                  -0.0000000080 
                 31.0000000000                  16.5000000000                   0.0000011938 
                 31.0000000000                  17.0000000000                   0.0000001475 
                 31.0000000000                  17.5000000000                   0.0000075416 
                 31.0000000000                  18.0000000000                   0.0000180565 
                 31.0000000000                  18.5000000000                   0.0000077898 
                 31.0000000000                  19.0000000000                   0.0001263033 
                 31.0000000000                  19.5000000000                   0.0001660323 
                 31.0000000000                  20.0000000000                   0.0000306658 
                 31.0000000000                  20.5000000000                   0.0017343483 
                 31.0000000000                  21.0000000000                   0.0082586172 
                 31.0000000000                  21.5000000000                   0.0183708708 
                 31.0000000000                  22.0000000000                   0.0280589375 
                 31.0000000000                  22.5000000000                   0.0366168596 
                 31.0000000000                  23.0000000000                   0.0430044946 
                 31.0000000000                  23.5000000000                   0.0449235944 
                 31.0000000000                  24.0000000000                   0.0461694528 
                 31.0000000000                  24.5000000000                   0.0447908378 
                 31.0000000000                  25.0000000000                   0.0382833843 
                 31.0000000000                  25.5000000000                   0.0539972018 
                 31.0000000000                  26.0000000000                   0.0895259996 
                 31.0000000000                  26.5000000000                   0.0685970074 
                 31.0000000000                  27.0000000000                   0.0597537398 
                 31.0000000000                  27.5000000000                   0.1058939356 
                 31.0000000000                  28.0000000000                   0.1009468828 
                 31.0000000000                  28.5000000000                   0.1149063325 
                 31.0000000000                  29.0000000000                   0.1293719442 
                 31.0000000000                  29.5000000000                   0.1094996406 
                 31.0000000000                  30.0000000000                   0.1081603077 
                 31.0000000000                  30.5000000000                   0.0916386317 
                 31.0000000000                  31.0000000000                   0.0701146183 
                 31.0000000000                  31.5000000000                   0.0533202602 
                 31.0000000000                  32.0000000000                   0.0566777785 
                 31.0000000000                  32.5000000000                   0.0716768775 
                 31.0000000000                  33.0000000000                   0.0615242768 
                 31.0000000000                  33.5000000000                   0.0572231756 
                 31.0000000000                  34.0000000000                   0.0608212295 
                 31.0000000000                  34.5000000000                   0.0335702310 
                 31.0000000000                  35.0000000000                   0.0055919691 
                 31.0000000000                  35.5000000000                   0.0001112565 
                 31.0000000000                  36.0000000000                   0.0006127074 
                 31.0000000000                  36.5000000000                   0.0000336960 
                 31.0000000000                  37.0000000000                   0.0000542346 
                 31.0000000000                  37.5000000000                   0.0000170593 
                 31.0000000000                  38.0000000000                   0.0000035266 
                 31.0000000000                  38.5000000000                   0.0000041124 
                 31.0000000000                  39.0000000000                   0.0000002782 
                 31.0000000000                  39.5000000000                   0.0000007787 
                 31.0000000000                  40.0000000000                   0.0000000663 
                 31.0000000000                  40.5000000000                   0.0000001274 
                 31.0000000000                  41.0000000000                   0.0000000196 
                 31.0000000000                  41.5000000000                   0.0000000187 
                 31.0000000000                  42.0000000000                   0.0000000052 
                 31.0000000000                  42.5000000000                   0.0000000025 
                 31.0000000000                  43.0000000000                   0.0000000012 
                 31.0000000000                  43.5000000000                   0.0000000003 
                 31.0000000000                  44.0000000000                   0.0000000002 
                 31.0000000000                  44.5000000000                   0.0000000000 
                 31.0000000000                  45.0000000000                   0.0000000001 
                 31.0000000000                  45.5000000000                   0.0000000000 
                 31.0000000000                  46.0000000000                   0.0000000000 
                 31.0000000000                  46.5000000000                   0.0000000000 
                 31.0000000000                  47.0000000000                   0.0000000000 
                 31.0000000000                  47.5000000000                   0.0000000000 
                 31.0000000000                  48.0000000000                   0.0000000000 
                 31.0000000000                  48.5000000000                   0.0000000000 
                 31.0000000000                  49.0000000000                   0.0000000000 
                 31.0000000000                  49.5000000000                   0.0000000000 
                 31.0000000000                  50.0000000000                   0.0000000000 
                 31.5000000000                   0.0000000000                   0.0000000000 
                 31.5000000000                   0.5000000000                   0.0000000000 
                 31.5000000000                   1.0000000000                  -0.0000000000 
                 31.5000000000                   1.5000000000                   0.0000000000 
                 31.5000000000                   2.0000000000                  -0.0000000000 
                 31.5000000000                   2.5000000000                   0.0000000000 
                 31.5000000000                   3.0000000000                  -0.0000000000 
                 31.5000000000                   3.5000000000                   0.0000000000 
                 31.5000000000                   4.0000000000                  -0.0000000000 
                 31.5000000000                   4.5000000000                   0.0000000000 
                 31.5000000000                   5.0000000000                  -0.0000000000 
                 31.5000000000                   5.5000000000                   0.0000000000 
                 31.5000000000                   6.0000000000                  -0.0000000000 
                 31.5000000000                   6.5000000000                   0.0000000000 
                 31.5000000000                   7.0000000000                  -0.0000000000 
                 31.5000000000                   7.5000000000                   0.0000000000 
                 31.5000000000                   8.0000000000                  -0.0000000000 
                 31.5000000000                   8.5000000000                   0.0000000000 
                 31.5000000000                   9.0000000000                  -0.0000000000 
                 31.5000000000                   9.5000000000                   0.0000000000 
                 31.5000000000                  10.0000000000                  -0.0000000000 
                 31.5000000000                  10.5000000000                   0.0000000000 
                 31.5000000000                  11.0000000000                   0.0000000000 
                 31.5000000000                  11.5000000000                   0.0000000001 
                 31.5000000000                  12.0000000000                   0.0000000000 
                 31.5000000000                  12.5000000000                   0.0000000006 
                 31.5000000000                  13.0000000000                   0.0000000002 
                 31.5000000000                  13.5000000000                   0.0000000029 
                 31.5000000000                  14.0000000000                   0.0000000015 
                 31.5000000000                  14.5000000000                   0.0000000143 
                 31.5000000000                  15.0000000000                   0.0000000088 
                 31.5000000000                  15.5000000000                   0.0000000753 
                 31.5000000000                  16.0000000000                   0.0000000687 
                 31.5000000000                  16.5000000000                   0.0000003811 
                 31.5000000000                  17.0000000000                   0.0000011459 
                 31.5000000000                  17.5000000000                   0.0000012739 
                 31.5000000000                  18.0000000000                   0.0000170310 
                 31.5000000000                  18.5000000000                   0.0000093317 
                 31.5000000000                  19.0000000000                   0.0000353989 
                 31.5000000000                  19.5000000000                   0.0001670750 
                 31.5000000000                  20.0000000000                   0.0000552217 
                 31.5000000000                  20.5000000000                   0.0004271449 
                 31.5000000000                  21.0000000000                   0.0045089158 
                 31.5000000000                  21.5000000000                   0.0133364546 
                 31.5000000000                  22.0000000000                   0.0231176288 
                 31.5000000000                  22.5000000000                   0.0341713213 
                 31.5000000000                  23.0000000000                   0.0368172406 
                 31.5000000000                  23.5000000000                   0.0387843672 
                 31.5000000000                  24.0000000000                   0.0467652283 
                 31.5000000000                  24.5000000000                   0.0338978100 
                 31.5000000000                  25.0000000000                   0.0483307265 
                 31.5000000000                  25.5000000000                   0.0540323434 
                 31.5000000000                  26.0000000000                   0.0472381214 
                 31.5000000000                  26.5000000000                   0.0748165564 
                 31.5000000000                  27.0000000000                   0.0919479924 
                 31.5000000000                  27.5000000000                   0.0907549399 
                 31.5000000000                  28.0000000000                   0.1027758788 
                 31.5000000000                  28.5000000000                   0.1160653530 
                 31.5000000000                  29.0000000000                   0.1188323338 
                 31.5000000000                  29.5000000000                   0.1211564779 
                 31.5000000000                  30.0000000000                   0.0900995596 
                 31.5000000000                  30.5000000000                   0.0846932520 
                 31.5000000000                  31.0000000000                   0.0759822035 
                 31.5000000000                  31.5000000000                   0.0395447548 
                 31.5000000000                  32.0000000000                   0.0566832621 
                 31.5000000000                  32.5000000000                   0.0643901290 
                 31.5000000000                  33.0000000000                   0.0292532871 
                 31.5000000000                  33.5000000000                   0.0510598683 
                 31.5000000000                  34.0000000000                   0.0733725651 
                 31.5000000000                  34.5000000000                   0.0339140593 
                 31.5000000000                  35.0000000000                   0.0051723134 
                 31.5000000000                  35.5000000000                   0.0002111257 
                 31.5000000000                  36.0000000000                   0.0004794467 
                 31.5000000000                  36.5000000000                   0.0000633406 
                 31.5000000000                  37.0000000000                   0.0000415945 
                 31.5000000000                  37.5000000000                   0.0000250849 
                 31.5000000000                  38.0000000000                   0.0000022392 
                 31.5000000000                  38.5000000000                   0.0000059340 
                 31.5000000000                  39.0000000000                   0.0000001936 
                 31.5000000000                  39.5000000000                   0.0000010888 
                 31.5000000000                  40.0000000000                   0.0000000953 
                 31.5000000000                  40.5000000000                   0.0000001678 
                 31.5000000000                  41.0000000000                   0.0000000367 
                 31.5000000000                  41.5000000000                   0.0000000224 
                 31.5000000000                  42.0000000000                   0.0000000110 
                 31.5000000000                  42.5000000000                   0.0000000026 
                 31.5000000000                  43.0000000000                   0.0000000026 
                 31.5000000000                  43.5000000000                   0.0000000003 
                 31.5000000000                  44.0000000000                   0.0000000005 
                 31.5000000000                  44.5000000000                   0.0000000000 
                 31.5000000000                  45.0000000000                   0.0000000001 
                 31.5000000000                  45.5000000000                   0.0000000000 
                 31.5000000000                  46.0000000000                   0.0000000000 
                 31.5000000000                  46.5000000000                   0.0000000000 
                 31.5000000000                  47.0000000000                   0.0000000000 
                 31.5000000000                  47.5000000000                   0.0000000000 
                 31.5000000000                  48.0000000000                   0.0000000000 
                 31.5000000000                  48.5000000000                   0.0000000000 
                 31.5000000000                  49.0000000000                   0.0000000000 
                 31.5000000000                  49.5000000000                   0.0000000000 
                 31.5000000000                  50.0000000000                   0.0000000000 
                 32.0000000000                   0.0000000000                   0.0000000000 
                 32.0000000000                   0.5000000000                   0.0000000000 
                 32.0000000000                   1.0000000000                   0.0000000000 
                 32.0000000000                   1.5000000000                   0.0000000000 
                 32.0000000000                   2.0000000000                   0.0000000000 
                 32.0000000000                   2.5000000000                   0.0000000000 
                 32.0000000000                   3.0000000000                   0.0000000000 
                 32.0000000000                   3.5000000000                   0.0000000000 
                 32.0000000000                   4.0000000000                   0.0000000000 
                 32.0000000000                   4.5000000000                   0.0000000000 
                 32.0000000000                   5.0000000000                   0.0000000000 
                 32.0000000000                   5.5000000000                   0.0000000000 
                 32.0000000000                   6.0000000000                   0.0000000000 
                 32.0000000000                   6.5000000000                   0.0000000000 
                 32.0000000000                   7.0000000000                   0.0000000000 
                 32.0000000000                   7.5000000000                   0.0000000000 
                 32.0000000000                   8.0000000000                   0.0000000000 
                 32.0000000000                   8.5000000000                   0.0000000000 
                 32.0000000000                   9.0000000000                   0.0000000000 
                 32.0000000000                   9.5000000000                   0.0000000000 
                 32.0000000000                  10.0000000000                   0.0000000000 
                 32.0000000000                  10.5000000000                   0.0000000000 
                 32.0000000000                  11.0000000000                   0.0000000000 
                 32.0000000000                  11.5000000000                   0.0000000000 
                 32.0000000000                  12.0000000000                   0.0000000001 
                 32.0000000000                  12.5000000000                   0.0000000000 
                 32.0000000000                  13.0000000000                   0.0000000006 
                 32.0000000000                  13.5000000000                   0.0000000002 
                 32.0000000000                  14.0000000000                   0.0000000034 
                 32.0000000000                  14.5000000000                   0.0000000009 
                 32.0000000000                  15.0000000000                   0.0000000198 
                 32.0000000000                  15.5000000000                   0.0000000052 
                 32.0000000000                  16.0000000000                   0.0000001272 
                 32.0000000000                  16.5000000000                   0.0000000418 
                 32.0000000000                  17.0000000000                   0.0000009851 
                 32.0000000000                  17.5000000000                   0.0000010299 
                 32.0000000000                  18.0000000000                   0.0000056960 
                 32.0000000000                  18.5000000000                   0.0000197549 
                 32.0000000000                  19.0000000000                   0.0000071442 
                 32.0000000000                  19.5000000000                   0.0000763237 
                 32.0000000000                  20.0000000000                   0.0001622535 
                 32.0000000000                  20.5000000000                   0.0000376205 
                 32.0000000000                  21.0000000000                   0.0022944217 
                 32.0000000000                  21.5000000000                   0.0109285901 
                 32.0000000000                  22.0000000000                   0.0206204018 
                 32.0000000000                  22.5000000000                   0.0319214594 
                 32.0000000000                  23.0000000000                   0.0382272717 
                 32.0000000000                  23.5000000000                   0.0410560767 
                 32.0000000000                  24.0000000000                   0.0387059067 
                 32.0000000000                  24.5000000000                   0.0429350256 
                 32.0000000000                  25.0000000000                   0.0420057941 
                 32.0000000000                  25.5000000000                   0.0341718540 
                 32.0000000000                  26.0000000000                   0.0649002139 
                 32.0000000000                  26.5000000000                   0.0673423057 
                 32.0000000000                  27.0000000000                   0.0642657067 
                 32.0000000000                  27.5000000000                   0.0900456505 
                 32.0000000000                  28.0000000000                   0.0899546430 
                 32.0000000000                  28.5000000000                   0.1138006974 
                 32.0000000000                  29.0000000000                   0.1213517094 
                 32.0000000000                  29.5000000000                   0.0817629631 
                 32.0000000000                  30.0000000000                   0.1040405732 
                 32.0000000000                  30.5000000000                   0.1085740270 
                 32.0000000000                  31.0000000000                   0.0401081136 
                 32.0000000000                  31.5000000000                   0.0614072015 
                 32.0000000000                  32.0000000000                   0.0750516973 
                 32.0000000000                  32.5000000000                   0.0301507157 
                 32.0000000000                  33.0000000000                   0.0454299409 
                 32.0000000000                  33.5000000000                   0.0636880904 
                 32.0000000000                  34.0000000000                   0.0675745793 
                 32.0000000000                  34.5000000000                   0.0477886863 
                 32.0000000000                  35.0000000000                   0.0098491056 
                 32.0000000000                  35.5000000000                   0.0000497546 
                 32.0000000000                  36.0000000000                   0.0011197711 
                 32.0000000000                  36.5000000000                   0.0000587215 
                 32.0000000000                  37.0000000000                   0.0001561523 
                 32.0000000000                  37.5000000000                   0.0000268096 
                 32.0000000000                  38.0000000000                   0.0000188262 
                 32.0000000000                  38.5000000000                   0.0000075763 
                 32.0000000000                  39.0000000000                   0.0000019459 
                 32.0000000000                  39.5000000000                   0.0000017589 
                 32.0000000000                  40.0000000000                   0.0000001613 
                 32.0000000000                  40.5000000000                   0.0000003568 
                 32.0000000000                  41.0000000000                   0.0000000087 
                 32.0000000000                  41.5000000000                   0.0000000658 
                 32.0000000000                  42.0000000000                   0.0000000019 
                 32.0000000000                  42.5000000000                   0.0000000111 
                 32.0000000000                  43.0000000000                   0.0000000009 
                 32.0000000000                  43.5000000000                   0.0000000017 
                 32.0000000000                  44.0000000000                   0.0000000003 
                 32.0000000000                  44.5000000000                   0.0000000003 
                 32.0000000000                  45.0000000000                   0.0000000001 
                 32.0000000000                  45.5000000000                   0.0000000000 
                 32.0000000000                  46.0000000000                   0.0000000000 
                 32.0000000000                  46.5000000000                   0.0000000000 
                 32.0000000000                  47.0000000000                   0.0000000000 
                 32.0000000000                  47.5000000000                   0.0000000000 
                 32.0000000000                  48.0000000000                   0.0000000000 
                 32.0000000000                  48.5000000000                   0.0000000000 
                 32.0000000000                  49.0000000000                   0.0000000000 
                 32.0000000000                  49.5000000000                  -0.0000000000 
                 32.0000000000                  50.0000000000                   0.0000000000 
                 32.5000000000                   0.0000000000                   0.0000000000 
                 32.5000000000                   0.5000000000                   0.0000000000 
                 32.5000000000                   1.0000000000                   0.0000000000 
                 32.5000000000                   1.5000000000                   0.0000000000 
                 32.5000000000                   2.0000000000                   0.0000000000 
                 32.5000000000                   2.5000000000                   0.0000000000 
                 32.5000000000                   3.0000000000                   0.0000000000 
                 32.5000000000                   3.5000000000                   0.0000000000 
                 32.5000000000                   4.0000000000                   0.0000000000 
                 32.5000000000                   4.5000000000                   0.0000000000 
                 32.5000000000                   5.0000000000                   0.0000000000 
                 32.5000000000                   5.5000000000                   0.0000000000 
                 32.5000000000                   6.0000000000                   0.0000000000 
                 32.5000000000                   6.5000000000                   0.0000000000 
                 32.5000000000                   7.0000000000                   0.0000000000 
                 32.5000000000                   7.5000000000                   0.0000000000 
                 32.5000000000                   8.0000000000                   0.0000000000 
                 32.5000000000                   8.5000000000                   0.0000000000 
                 32.5000000000                   9.0000000000                   0.0000000000 
                 32.5000000000                   9.5000000000                   0.0000000000 
                 32.5000000000                  10.0000000000                   0.0000000000 
                 32.5000000000                  10.5000000000                   0.0000000000 
                 32.5000000000                  11.0000000000                   0.0000000000 
                 32.5000000000                  11.5000000000                   0.0000000000 
                 32.5000000000                  12.0000000000                   0.0000000000 
                 32.5000000000                  12.5000000000                   0.0000000001 
                 32.5000000000                  13.0000000000                   0.0000000002 
                 32.5000000000                  13.5000000000                   0.0000000004 
                 32.5000000000                  14.0000000000                   0.0000000011 
                 32.5000000000                  14.5000000000                   0.0000000022 
                 32.5000000000                  15.0000000000                   0.0000000059 
                 32.5000000000                  15.5000000000                   0.0000000143 
                 32.5000000000                  16.0000000000                   0.0000000295 
                 32.5000000000                  16.5000000000                   0.0000001198 
                 32.5000000000                  17.0000000000                   0.0000001197 
                 32.5000000000                  17.5000000000                   0.0000014396 
                 32.5000000000                  18.0000000000                   0.0000013352 
                 32.5000000000                  18.5000000000                   0.0000086782 
                 32.5000000000                  19.0000000000                   0.0000209772 
                 32.5000000000                  19.5000000000                   0.0000067561 
                 32.5000000000                  20.0000000000                   0.0001478379 
                 32.5000000000                  20.5000000000                   0.0000387842 
                 32.5000000000                  21.0000000000                   0.0007429774 
                 32.5000000000                  21.5000000000                   0.0072373667 
                 32.5000000000                  22.0000000000                   0.0187565460 
                 32.5000000000                  22.5000000000                   0.0290541505 
                 32.5000000000                  23.0000000000                   0.0322839991 
                 32.5000000000                  23.5000000000                   0.0381214224 
                 32.5000000000                  24.0000000000                   0.0395746902 
                 32.5000000000                  24.5000000000                   0.0385064742 
                 32.5000000000                  25.0000000000                   0.0347589407 
                 32.5000000000                  25.5000000000                   0.0465403362 
                 32.5000000000                  26.0000000000                   0.0472911299 
                 32.5000000000                  26.5000000000                   0.0397845786 
                 32.5000000000                  27.0000000000                   0.0725293318 
                 32.5000000000                  27.5000000000                   0.0723336795 
                 32.5000000000                  28.0000000000                   0.0925961776 
                 32.5000000000                  28.5000000000                   0.1141465285 
                 32.5000000000                  29.0000000000                   0.0751576791 
                 32.5000000000                  29.5000000000                   0.1130150851 
                 32.5000000000                  30.0000000000                   0.1175050435 
                 32.5000000000                  30.5000000000                   0.0393764072 
                 32.5000000000                  31.0000000000                   0.0619711138 
                 32.5000000000                  31.5000000000                   0.0935861245 
                 32.5000000000                  32.0000000000                   0.0210654762 
                 32.5000000000                  32.5000000000                   0.0423052676 
                 32.5000000000                  33.0000000000                   0.0862433479 
                 32.5000000000                  33.5000000000                   0.0408196983 
                 32.5000000000                  34.0000000000                   0.0714358871 
                 32.5000000000                  34.5000000000                   0.0640041720 
                 32.5000000000                  35.0000000000                   0.0066399262 
                 32.5000000000                  35.5000000000                   0.0013975283 
                 32.5000000000                  36.0000000000                   0.0012968036 
                 32.5000000000                  36.5000000000                   0.0000148520 
                 32.5000000000                  37.0000000000                   0.0002354156 
                 32.5000000000                  37.5000000000                  -0.0000015403 
                 32.5000000000                  38.0000000000                   0.0000385219 
                 32.5000000000                  38.5000000000                   0.0000011240 
                 32.5000000000                  39.0000000000                   0.0000057352 
                 32.5000000000                  39.5000000000                   0.0000005975 
                 32.5000000000                  40.0000000000                   0.0000007520 
                 32.5000000000                  40.5000000000                   0.0000001872 
                 32.5000000000                  41.0000000000                   0.0000000837 
                 32.5000000000                  41.5000000000                   0.0000000461 
                 32.5000000000                  42.0000000000                   0.0000000079 
                 32.5000000000                  42.5000000000                   0.0000000101 
                 32.5000000000                  43.0000000000                   0.0000000005 
                 32.5000000000                  43.5000000000                   0.0000000020 
                 32.5000000000                  44.0000000000                  -0.0000000000 
                 32.5000000000                  44.5000000000                   0.0000000004 
                 32.5000000000                  45.0000000000                  -0.0000000000 
                 32.5000000000                  45.5000000000                   0.0000000001 
                 32.5000000000                  46.0000000000                  -0.0000000000 
                 32.5000000000                  46.5000000000                   0.0000000000 
                 32.5000000000                  47.0000000000                   0.0000000000 
                 32.5000000000                  47.5000000000                   0.0000000000 
                 32.5000000000                  48.0000000000                   0.0000000000 
                 32.5000000000                  48.5000000000                   0.0000000000 
                 32.5000000000                  49.0000000000                   0.0000000000 
                 32.5000000000                  49.5000000000                  -0.0000000000 
                 32.5000000000                  50.0000000000                   0.0000000000 
                 33.0000000000                   0.0000000000                   0.0000000000 
                 33.0000000000                   0.5000000000                   0.0000000000 
                 33.0000000000                   1.0000000000                   0.0000000000 
                 33.0000000000                   1.5000000000                   0.0000000000 
                 33.0000000000                   2.0000000000                   0.0000000000 
                 33.0000000000                   2.5000000000                   0.0000000000 
                 33.0000000000                   3.0000000000                   0.0000000000 
                 33.0000000000                   3.5000000000                   0.0000000000 
                 33.0000000000                   4.0000000000                   0.0000000000 
                 33.0000000000                   4.5000000000                   0.0000000000 
                 33.0000000000                   5.0000000000                   0.0000000000 
                 33.0000000000                   5.5000000000                   0.0000000000 
                 33.0000000000                   6.0000000000                   0.0000000000 
                 33.0000000000                   6.5000000000                   0.0000000000 
                 33.0000000000                   7.0000000000                   0.0000000000 
                 33.0000000000                   7.5000000000                   0.0000000000 
                 33.0000000000                   8.0000000000                   0.0000000000 
                 33.0000000000                   8.5000000000                   0.0000000000 
                 33.0000000000                   9.0000000000                   0.0000000000 
                 33.0000000000                   9.5000000000                   0.0000000000 
                 33.0000000000                  10.0000000000                   0.0000000000 
                 33.0000000000                  10.5000000000                   0.0000000000 
                 33.0000000000                  11.0000000000                   0.0000000000 
                 33.0000000000                  11.5000000000                   0.0000000000 
                 33.0000000000                  12.0000000000                   0.0000000000 
                 33.0000000000                  12.5000000000                   0.0000000000 
                 33.0000000000                  13.0000000000                   0.0000000001 
                 33.0000000000                  13.5000000000                   0.0000000003 
                 33.0000000000                  14.0000000000                   0.0000000003 
                 33.0000000000                  14.5000000000                   0.0000000015 
                 33.0000000000                  15.0000000000                   0.0000000018 
                 33.0000000000                  15.5000000000                   0.0000000091 
                 33.0000000000                  16.0000000000                   0.0000000134 
                 33.0000000000                  16.5000000000                   0.0000000585 
                 33.0000000000                  17.0000000000                   0.0000001487 
                 33.0000000000                  17.5000000000                   0.0000003019 
                 33.0000000000                  18.0000000000                   0.0000018992 
                 33.0000000000                  18.5000000000                   0.0000014643 
                 33.0000000000                  19.0000000000                   0.0000133195 
                 33.0000000000                  19.5000000000                   0.0000185771 
                 33.0000000000                  20.0000000000                   0.0000480516 
                 33.0000000000                  20.5000000000                   0.0001586865 
                 33.0000000000                  21.0000000000                   0.0001303141 
                 33.0000000000                  21.5000000000                   0.0039451664 
                 33.0000000000                  22.0000000000                   0.0149363712 
                 33.0000000000                  22.5000000000                   0.0261639498 
                 33.0000000000                  23.0000000000                   0.0330717286 
                 33.0000000000                  23.5000000000                   0.0318315190 
                 33.0000000000                  24.0000000000                   0.0353003607 
                 33.0000000000                  24.5000000000                   0.0344865999 
                 33.0000000000                  25.0000000000                   0.0334097923 
                 33.0000000000                  25.5000000000                   0.0378075027 
                 33.0000000000                  26.0000000000                   0.0348901444 
                 33.0000000000                  26.5000000000                   0.0500901789 
                 33.0000000000                  27.0000000000                   0.0570909660 
                 33.0000000000                  27.5000000000                   0.0685537023 
                 33.0000000000                  28.0000000000                   0.0886610547 
                 33.0000000000                  28.5000000000                   0.0728934070 
                 33.0000000000                  29.0000000000                   0.1015640047 
                 33.0000000000                  29.5000000000                   0.1058816912 
                 33.0000000000                  30.0000000000                   0.0336216041 
                 33.0000000000                  30.5000000000                   0.0689121735 
                 33.0000000000                  31.0000000000                   0.1007940220 
                 33.0000000000                  31.5000000000                   0.0294288292 
                 33.0000000000                  32.0000000000                   0.0293310933 
                 33.0000000000                  32.5000000000                   0.0970067666 
                 33.0000000000                  33.0000000000                   0.0466716548 
                 33.0000000000                  33.5000000000                   0.0297974176 
                 33.0000000000                  34.0000000000                   0.0906280022 
                 33.0000000000                  34.5000000000                   0.0412249836 
                 33.0000000000                  35.0000000000                   0.0007856090 
                 33.0000000000                  35.5000000000                   0.0029334424 
                 33.0000000000                  36.0000000000                   0.0003284990 
                 33.0000000000                  36.5000000000                   0.0002382274 
                 33.0000000000                  37.0000000000                   0.0000918313 
                 33.0000000000                  37.5000000000                   0.0000196572 
                 33.0000000000                  38.0000000000                   0.0000203056 
                 33.0000000000                  38.5000000000                   0.0000013949 
                 33.0000000000                  39.0000000000                   0.0000040430 
                 33.0000000000                  39.5000000000                   0.0000000273 
                 33.0000000000                  40.0000000000                   0.0000007424 
                 33.0000000000                  40.5000000000                  -0.0000000111 
                 33.0000000000                  41.0000000000                   0.0000001251 
                 33.0000000000                  41.5000000000                  -0.0000000005 
                 33.0000000000                  42.0000000000                   0.0000000195 
                 33.0000000000                  42.5000000000                   0.0000000007 
                 33.0000000000                  43.0000000000                   0.0000000028 
                 33.0000000000                  43.5000000000                   0.0000000003 
                 33.0000000000                  44.0000000000                   0.0000000004 
                 33.0000000000                  44.5000000000                   0.0000000001 
                 33.0000000000                  45.0000000000                   0.0000000000 
                 33.0000000000                  45.5000000000                   0.0000000000 
                 33.0000000000                  46.0000000000                   0.0000000000 
                 33.0000000000                  46.5000000000                   0.0000000000 
                 33.0000000000                  47.0000000000                   0.0000000000 
                 33.0000000000                  47.5000000000                   0.0000000000 
                 33.0000000000                  48.0000000000                   0.0000000000 
                 33.0000000000                  48.5000000000                   0.0000000000 
                 33.0000000000                  49.0000000000                  -0.0000000000 
                 33.0000000000                  49.5000000000                   0.0000000000 
                 33.0000000000                  50.0000000000                   0.0000000000 
                 33.5000000000                   0.0000000000                   0.0000000000 
                 33.5000000000                   0.5000000000                   0.0000000000 
                 33.5000000000                   1.0000000000                   0.0000000000 
                 33.5000000000                   1.5000000000                   0.0000000000 
                 33.5000000000                   2.0000000000                   0.0000000000 
                 33.5000000000                   2.5000000000                   0.0000000000 
                 33.5000000000                   3.0000000000                   0.0000000000 
                 33.5000000000                   3.5000000000                   0.0000000000 
                 33.5000000000                   4.0000000000                   0.0000000000 
                 33.5000000000                   4.5000000000                   0.0000000000 
                 33.5000000000                   5.0000000000                   0.0000000000 
                 33.5000000000                   5.5000000000                   0.0000000000 
                 33.5000000000                   6.0000000000                   0.0000000000 
                 33.5000000000                   6.5000000000                   0.0000000000 
                 33.5000000000                   7.0000000000                   0.0000000000 
                 33.5000000000                   7.5000000000                   0.0000000000 
                 33.5000000000                   8.0000000000                   0.0000000000 
                 33.5000000000                   8.5000000000                   0.0000000000 
                 33.5000000000                   9.0000000000                   0.0000000000 
                 33.5000000000                   9.5000000000                   0.0000000000 
                 33.5000000000                  10.0000000000                   0.0000000000 
                 33.5000000000                  10.5000000000                   0.0000000000 
                 33.5000000000                  11.0000000000                   0.0000000000 
                 33.5000000000                  11.5000000000                   0.0000000000 
                 33.5000000000                  12.0000000000                   0.0000000000 
                 33.5000000000                  12.5000000000                   0.0000000000 
                 33.5000000000                  13.0000000000                   0.0000000001 
                 33.5000000000                  13.5000000000                   0.0000000002 
                 33.5000000000                  14.0000000000                   0.0000000005 
                 33.5000000000                  14.5000000000                   0.0000000013 
                 33.5000000000                  15.0000000000                   0.0000000025 
                 33.5000000000                  15.5000000000                   0.0000000081 
                 33.5000000000                  16.0000000000                   0.0000000128 
                 33.5000000000                  16.5000000000                   0.0000000591 
                 33.5000000000                  17.0000000000                   0.0000000630 
                 33.5000000000                  17.5000000000                   0.0000004967 
                 33.5000000000                  18.0000000000                   0.0000002480 
                 33.5000000000                  18.5000000000                   0.0000043939 
                 33.5000000000                  19.0000000000                   0.0000006920 
                 33.5000000000                  19.5000000000                   0.0000304330 
                 33.5000000000                  20.0000000000                   0.0000069919 
                 33.5000000000                  20.5000000000                   0.0001833133 
                 33.5000000000                  21.0000000000                   0.0000844588 
                 33.5000000000                  21.5000000000                   0.0018974907 
                 33.5000000000                  22.0000000000                   0.0122116241 
                 33.5000000000                  22.5000000000                   0.0252515749 
                 33.5000000000                  23.0000000000                   0.0323041209 
                 33.5000000000                  23.5000000000                   0.0332308043 
                 33.5000000000                  24.0000000000                   0.0378614915 
                 33.5000000000                  24.5000000000                   0.0343621414 
                 33.5000000000                  25.0000000000                   0.0289005842 
                 33.5000000000                  25.5000000000                   0.0349859037 
                 33.5000000000                  26.0000000000                   0.0405120350 
                 33.5000000000                  26.5000000000                   0.0415035688 
                 33.5000000000                  27.0000000000                   0.0487930333 
                 33.5000000000                  27.5000000000                   0.0572538100 
                 33.5000000000                  28.0000000000                   0.0622183940 
                 33.5000000000                  28.5000000000                   0.0904346861 
                 33.5000000000                  29.0000000000                   0.0839514211 
                 33.5000000000                  29.5000000000                   0.0373981082 
                 33.5000000000                  30.0000000000                   0.0786286971 
                 33.5000000000                  30.5000000000                   0.1022649979 
                 33.5000000000                  31.0000000000                   0.0282712650 
                 33.5000000000                  31.5000000000                   0.0325294944 
                 33.5000000000                  32.0000000000                   0.0877527646 
                 33.5000000000                  32.5000000000                   0.0545100535 
                 33.5000000000                  33.0000000000                   0.0050554588 
                 33.5000000000                  33.5000000000                   0.0547344571 
                 33.5000000000                  34.0000000000                   0.0635606911 
                 33.5000000000                  34.5000000000                   0.0104370650 
                 33.5000000000                  35.0000000000                   0.0027222164 
                 33.5000000000                  35.5000000000                   0.0015456181 
                 33.5000000000                  36.0000000000                   0.0000058271 
                 33.5000000000                  36.5000000000                   0.0002396000 
                 33.5000000000                  37.0000000000                  -0.0000026819 
                 33.5000000000                  37.5000000000                   0.0000359952 
                 33.5000000000                  38.0000000000                  -0.0000000029 
                 33.5000000000                  38.5000000000                   0.0000049814 
                 33.5000000000                  39.0000000000                   0.0000002351 
                 33.5000000000                  39.5000000000                   0.0000006430 
                 33.5000000000                  40.0000000000                   0.0000000991 
                 33.5000000000                  40.5000000000                   0.0000000722 
                 33.5000000000                  41.0000000000                   0.0000000281 
                 33.5000000000                  41.5000000000                   0.0000000072 
                 33.5000000000                  42.0000000000                   0.0000000067 
                 33.5000000000                  42.5000000000                   0.0000000007 
                 33.5000000000                  43.0000000000                   0.0000000014 
                 33.5000000000                  43.5000000000                   0.0000000000 
                 33.5000000000                  44.0000000000                   0.0000000003 
                 33.5000000000                  44.5000000000                  -0.0000000000 
                 33.5000000000                  45.0000000000                   0.0000000000 
                 33.5000000000                  45.5000000000                  -0.0000000000 
                 33.5000000000                  46.0000000000                   0.0000000000 
                 33.5000000000                  46.5000000000                  -0.0000000000 
                 33.5000000000                  47.0000000000                   0.0000000000 
                 33.5000000000                  47.5000000000                  -0.0000000000 
                 33.5000000000                  48.0000000000                   0.0000000000 
                 33.5000000000                  48.5000000000                  -0.0000000000 
                 33.5000000000                  49.0000000000                   0.0000000000 
                 33.5000000000                  49.5000000000                  -0.0000000000 
                 33.5000000000                  50.0000000000                   0.0000000000 
                 34.0000000000                   0.0000000000                   0.0000000000 
                 34.0000000000                   0.5000000000                   0.0000000000 
                 34.0000000000                   1.0000000000                   0.0000000000 
                 34.0000000000                   1.5000000000                   0.0000000000 
                 34.0000000000                   2.0000000000                   0.0000000000 
                 34.0000000000                   2.5000000000                   0.0000000000 
                 34.0000000000                   3.0000000000                   0.0000000000 
                 34.0000000000                   3.5000000000                   0.0000000000 
                 34.0000000000                   4.0000000000                   0.0000000000 
                 34.0000000000                   4.5000000000                   0.0000000000 
                 34.0000000000                   5.0000000000                   0.0000000000 
                 34.0000000000                   5.5000000000                   0.0000000000 
                 34.0000000000                   6.0000000000                   0.0000000000 
                 34.0000000000                   6.5000000000                   0.0000000000 
                 34.0000000000                   7.0000000000                   0.0000000000 
                 34.0000000000                   7.5000000000                   0.0000000000 
                 34.0000000000                   8.0000000000                   0.0000000000 
                 34.0000000000                   8.5000000000                   0.0000000000 
                 34.0000000000                   9.0000000000                   0.0000000000 
                 34.0000000000                   9.5000000000                   0.0000000000 
                 34.0000000000                  10.0000000000                   0.0000000000 
                 34.0000000000                  10.5000000000                   0.0000000000 
                 34.0000000000                  11.0000000000                   0.0000000000 
                 34.0000000000                  11.5000000000                   0.0000000000 
                 34.0000000000                  12.0000000000                   0.0000000000 
                 34.0000000000                  12.5000000000                   0.0000000000 
                 34.0000000000                  13.0000000000                   0.0000000000 
                 34.0000000000                  13.5000000000                   0.0000000003 
                 34.0000000000                  14.0000000000                   0.0000000002 
                 34.0000000000                  14.5000000000                   0.0000000014 
                 34.0000000000                  15.0000000000                   0.0000000012 
                 34.0000000000                  15.5000000000                   0.0000000082 
                 34.0000000000                  16.0000000000                   0.0000000093 
                 34.0000000000                  16.5000000000                   0.0000000502 
                 34.0000000000                  17.0000000000                   0.0000000779 
                 34.0000000000                  17.5000000000                   0.0000002942 
                 34.0000000000                  18.0000000000                   0.0000006152 
                 34.0000000000                  18.5000000000                   0.0000014238 
                 34.0000000000                  19.0000000000                   0.0000040955 
                 34.0000000000                  19.5000000000                   0.0000077957 
                 34.0000000000                  20.0000000000                   0.0000269196 
                 34.0000000000                  20.5000000000                   0.0000490320 
                 34.0000000000                  21.0000000000                   0.0002531250 
                 34.0000000000                  21.5000000000                   0.0003491762 
                 34.0000000000                  22.0000000000                   0.0079342937 
                 34.0000000000                  22.5000000000                   0.0278605921 
                 34.0000000000                  23.0000000000                   0.0338503784 
                 34.0000000000                  23.5000000000                   0.0321540388 
                 34.0000000000                  24.0000000000                   0.0353833484 
                 34.0000000000                  24.5000000000                   0.0297534127 
                 34.0000000000                  25.0000000000                   0.0258671060 
                 34.0000000000                  25.5000000000                   0.0279907686 
                 34.0000000000                  26.0000000000                   0.0313813590 
                 34.0000000000                  26.5000000000                   0.0368955796 
                 34.0000000000                  27.0000000000                   0.0361401767 
                 34.0000000000                  27.5000000000                   0.0451715184 
                 34.0000000000                  28.0000000000                   0.0762392157 
                 34.0000000000                  28.5000000000                   0.0647652906 
                 34.0000000000                  29.0000000000                   0.0391353792 
                 34.0000000000                  29.5000000000                   0.0838319871 
                 34.0000000000                  30.0000000000                   0.0920722979 
                 34.0000000000                  30.5000000000                   0.0218798335 
                 34.0000000000                  31.0000000000                   0.0309725353 
                 34.0000000000                  31.5000000000                   0.0787122690 
                 34.0000000000                  32.0000000000                   0.0446412063 
                 34.0000000000                  32.5000000000                   0.0028511164 
                 34.0000000000                  33.0000000000                   0.0317223576 
                 34.0000000000                  33.5000000000                   0.0501879765 
                 34.0000000000                  34.0000000000                   0.0167234308 
                 34.0000000000                  34.5000000000                   0.0029929039 
                 34.0000000000                  35.0000000000                   0.0029090300 
                 34.0000000000                  35.5000000000                   0.0000187336 
                 34.0000000000                  36.0000000000                   0.0002164316 
                 34.0000000000                  36.5000000000                   0.0000181199 
                 34.0000000000                  37.0000000000                   0.0000241528 
                 34.0000000000                  37.5000000000                   0.0000062639 
                 34.0000000000                  38.0000000000                   0.0000023856 
                 34.0000000000                  38.5000000000                   0.0000015821 
                 34.0000000000                  39.0000000000                   0.0000002361 
                 34.0000000000                  39.5000000000                   0.0000003411 
                 34.0000000000                  40.0000000000                   0.0000000214 
                 34.0000000000                  40.5000000000                   0.0000000650 
                 34.0000000000                  41.0000000000                   0.0000000011 
                 34.0000000000                  41.5000000000                   0.0000000108 
                 34.0000000000                  42.0000000000                  -0.0000000001 
                 34.0000000000                  42.5000000000                   0.0000000017 
                 34.0000000000                  43.0000000000                  -0.0000000000 
                 34.0000000000                  43.5000000000                   0.0000000003 
                 34.0000000000                  44.0000000000                  -0.0000000000 
                 34.0000000000                  44.5000000000                   0.0000000000 
                 34.0000000000                  45.0000000000                  -0.0000000000 
                 34.0000000000                  45.5000000000                   0.0000000000 
                 34.0000000000                  46.0000000000                   0.0000000000 
                 34.0000000000                  46.5000000000                   0.0000000000 
                 34.0000000000                  47.0000000000                   0.0000000000 
                 34.0000000000                  47.5000000000                   0.0000000000 
                 34.0000000000                  48.0000000000                   0.0000000000 
                 34.0000000000                  48.5000000000                   0.0000000000 
                 34.0000000000                  49.0000000000                   0.0000000000 
                 34.0000000000                  49.5000000000                  -0.0000000000 
                 34.0000000000                  50.0000000000                   0.0000000000 
                 34.5000000000                   0.0000000000                   0.0000000000 
                 34.5000000000                   0.5000000000                   0.0000000000 
                 34.5000000000                   1.0000000000                   0.0000000000 
                 34.5000000000                   1.5000000000                   0.0000000000 
                 34.5000000000                   2.0000000000                   0.0000000000 
                 34.5000000000                   2.5000000000                   0.0000000000 
                 34.5000000000                   3.0000000000                   0.0000000000 
                 34.5000000000                   3.5000000000                   0.0000000000 
                 34.5000000000                   4.0000000000                   0.0000000000 
                 34.5000000000                   4.5000000000                   0.0000000000 
                 34.5000000000                   5.0000000000                   0.0000000000 
                 34.5000000000                   5.5000000000                   0.0000000000 
                 34.5000000000                   6.0000000000                   0.0000000000 
                 34.5000000000                   6.5000000000                   0.0000000000 
                 34.5000000000                   7.0000000000                   0.0000000000 
                 34.5000000000                   7.5000000000                   0.0000000000 
                 34.5000000000                   8.0000000000                   0.0000000000 
                 34.5000000000                   8.5000000000                   0.0000000000 
                 34.5000000000                   9.0000000000                   0.0000000000 
                 34.5000000000                   9.5000000000                   0.0000000000 
                 34.5000000000                  10.0000000000                   0.0000000000 
                 34.5000000000                  10.5000000000                   0.0000000000 
                 34.5000000000                  11.0000000000                   0.0000000000 
                 34.5000000000                  11.5000000000                   0.0000000000 
                 34.5000000000                  12.0000000000                   0.0000000000 
                 34.5000000000                  12.5000000000                   0.0000000000 
                 34.5000000000                  13.0000000000                   0.0000000001 
                 34.5000000000                  13.5000000000                   0.0000000001 
                 34.5000000000                  14.0000000000                   0.0000000004 
                 34.5000000000                  14.5000000000                   0.0000000007 
                 34.5000000000                  15.0000000000                   0.0000000023 
                 34.5000000000                  15.5000000000                   0.0000000034 
                 34.5000000000                  16.0000000000                   0.0000000153 
                 34.5000000000                  16.5000000000                   0.0000000181 
                 34.5000000000                  17.0000000000                   0.0000001060 
                 34.5000000000                  17.5000000000                   0.0000000962 
                 34.5000000000                  18.0000000000                   0.0000006469 
                 34.5000000000                  18.5000000000                   0.0000004913 
                 34.5000000000                  19.0000000000                   0.0000033161 
                 34.5000000000                  19.5000000000                   0.0000024860 
                 34.5000000000                  20.0000000000                   0.0000192769 
                 34.5000000000                  20.5000000000                   0.0000112890 
                 34.5000000000                  21.0000000000                   0.0001398954 
                 34.5000000000                  21.5000000000                   0.0000986741 
                 34.5000000000                  22.0000000000                   0.0016692780 
                 34.5000000000                  22.5000000000                   0.0154668823 
                 34.5000000000                  23.0000000000                   0.0315124334 
                 34.5000000000                  23.5000000000                   0.0298448310 
                 34.5000000000                  24.0000000000                   0.0276343658 
                 34.5000000000                  24.5000000000                   0.0275056805 
                 34.5000000000                  25.0000000000                   0.0207460691 
                 34.5000000000                  25.5000000000                   0.0202586403 
                 34.5000000000                  26.0000000000                   0.0289410629 
                 34.5000000000                  26.5000000000                   0.0272957422 
                 34.5000000000                  27.0000000000                   0.0299396836 
                 34.5000000000                  27.5000000000                   0.0557946779 
                 34.5000000000                  28.0000000000                   0.0455592707 
                 34.5000000000                  28.5000000000                   0.0323357399 
                 34.5000000000                  29.0000000000                   0.0771180520 
                 34.5000000000                  29.5000000000                   0.0742436798 
                 34.5000000000                  30.0000000000                   0.0151164958 
                 34.5000000000                  30.5000000000                   0.0277351971 
                 34.5000000000                  31.0000000000                   0.0668356878 
                 34.5000000000                  31.5000000000                   0.0350705506 
                 34.5000000000                  32.0000000000                   0.0021995541 
                 34.5000000000                  32.5000000000                   0.0259043159 
                 34.5000000000                  33.0000000000                   0.0386852089 
                 34.5000000000                  33.5000000000                   0.0135890051 
                 34.5000000000                  34.0000000000                   0.0020313918 
                 34.5000000000                  34.5000000000                   0.0032090563 
                 34.5000000000                  35.0000000000                   0.0002577361 
                 34.5000000000                  35.5000000000                   0.0001391479 
                 34.5000000000                  36.0000000000                   0.0000913136 
                 34.5000000000                  36.5000000000                   0.0000134196 
                 34.5000000000                  37.0000000000                   0.0000165189 
                 34.5000000000                  37.5000000000                   0.0000009659 
                 34.5000000000                  38.0000000000                   0.0000027119 
                 34.5000000000                  38.5000000000                   0.0000000322 
                 34.5000000000                  39.0000000000                   0.0000004435 
                 34.5000000000                  39.5000000000                  -0.0000000009 
                 34.5000000000                  40.0000000000                   0.0000000730 
                 34.5000000000                  40.5000000000                   0.0000000001 
                 34.5000000000                  41.0000000000                   0.0000000112 
                 34.5000000000                  41.5000000000                   0.0000000003 
                 34.5000000000                  42.0000000000                   0.0000000016 
                 34.5000000000                  42.5000000000                   0.0000000001 
                 34.5000000000                  43.0000000000                   0.0000000002 
                 34.5000000000                  43.5000000000                   0.0000000000 
                 34.5000000000                  44.0000000000                   0.0000000000 
                 34.5000000000                  44.5000000000                   0.0000000000 
                 34.5000000000                  45.0000000000                   0.0000000000 
                 34.5000000000                  45.5000000000                   0.0000000000 
                 34.5000000000                  46.0000000000                   0.0000000000 
                 34.5000000000                  46.5000000000                   0.0000000000 
                 34.5000000000                  47.0000000000                   0.0000000000 
                 34.5000000000                  47.5000000000                   0.0000000000 
                 34.5000000000                  48.0000000000                   0.0000000000 
                 34.5000000000                  48.5000000000                   0.0000000000 
                 34.5000000000                  49.0000000000                  -0.0000000000 
                 34.5000000000                  49.5000000000                   0.0000000000 
                 34.5000000000                  50.0000000000                   0.0000000000 
                 35.0000000000                   0.0000000000                   0.0000000000 
                 35.0000000000                   0.5000000000                   0.0000000000 
                 35.0000000000                   1.0000000000                   0.0000000000 
                 35.0000000000                   1.5000000000                   0.0000000000 
                 35.0000000000                   2.0000000000                   0.0000000000 
                 35.0000000000                   2.5000000000                   0.0000000000 
                 35.0000000000                   3.0000000000                   0.0000000000 
                 35.0000000000                   3.5000000000                   0.0000000000 
                 35.0000000000                   4.0000000000                   0.0000000000 
                 35.0000000000                   4.5000000000                   0.0000000000 
                 35.0000000000                   5.0000000000                   0.0000000000 
                 35.0000000000                   5.5000000000                   0.0000000000 
                 35.0000000000                   6.0000000000                   0.0000000000 
                 35.0000000000                   6.5000000000                   0.0000000000 
                 35.0000000000                   7.0000000000                   0.0000000000 
                 35.0000000000                   7.5000000000                   0.0000000000 
                 35.0000000000                   8.0000000000                   0.0000000000 
                 35.0000000000                   8.5000000000                   0.0000000000 
                 35.0000000000                   9.0000000000                   0.0000000000 
                 35.0000000000                   9.5000000000                   0.0000000000 
                 35.0000000000                  10.0000000000                   0.0000000000 
                 35.0000000000                  10.5000000000                   0.0000000000 
                 35.0000000000                  11.0000000000                   0.0000000000 
                 35.0000000000                  11.5000000000                   0.0000000000 
                 35.0000000000                  12.0000000000                   0.0000000000 
                 35.0000000000                  12.5000000000                   0.0000000000 
                 35.0000000000                  13.0000000000                   0.0000000000 
                 35.0000000000                  13.5000000000                   0.0000000002 
                 35.0000000000                  14.0000000000                   0.0000000000 
                 35.0000000000                  14.5000000000                   0.0000000010 
                 35.0000000000                  15.0000000000                   0.0000000002 
                 35.0000000000                  15.5000000000                   0.0000000057 
                 35.0000000000                  16.0000000000                   0.0000000009 
                 35.0000000000                  16.5000000000                   0.0000000367 
                 35.0000000000                  17.0000000000                   0.0000000040 
                 35.0000000000                  17.5000000000                   0.0000002094 
                 35.0000000000                  18.0000000000                   0.0000000079 
                 35.0000000000                  18.5000000000                   0.0000010523 
                 35.0000000000                  19.0000000000                   0.0000000466 
                 35.0000000000                  19.5000000000                   0.0000051551 
                 35.0000000000                  20.0000000000                   0.0000004083 
                 35.0000000000                  20.5000000000                   0.0000249573 
                 35.0000000000                  21.0000000000                  -0.0000005592 
                 35.0000000000                  21.5000000000                   0.0001715387 
                 35.0000000000                  22.0000000000                  -0.0000558693 
                 35.0000000000                  22.5000000000                   0.0019213704 
                 35.0000000000                  23.0000000000                   0.0106477539 
                 35.0000000000                  23.5000000000                   0.0155191436 
                 35.0000000000                  24.0000000000                   0.0161939438 
                 35.0000000000                  24.5000000000                   0.0160219152 
                 35.0000000000                  25.0000000000                   0.0131501163 
                 35.0000000000                  25.5000000000                   0.0171468793 
                 35.0000000000                  26.0000000000                   0.0198799214 
                 35.0000000000                  26.5000000000                   0.0202858037 
                 35.0000000000                  27.0000000000                   0.0361600703 
                 35.0000000000                  27.5000000000                   0.0280418708 
                 35.0000000000                  28.0000000000                   0.0183328729 
                 35.0000000000                  28.5000000000                   0.0597643765 
                 35.0000000000                  29.0000000000                   0.0565175447 
                 35.0000000000                  29.5000000000                   0.0100691970 
                 35.0000000000                  30.0000000000                   0.0264051390 
                 35.0000000000                  30.5000000000                   0.0541270014 
                 35.0000000000                  31.0000000000                   0.0256498823 
                 35.0000000000                  31.5000000000                   0.0012874007 
                 35.0000000000                  32.0000000000                   0.0223782704 
                 35.0000000000                  32.5000000000                   0.0323672589 
                 35.0000000000                  33.0000000000                   0.0098018798 
                 35.0000000000                  33.5000000000                   0.0007690034 
                 35.0000000000                  34.0000000000                   0.0031913110 
                 35.0000000000                  34.5000000000                   0.0006005868 
                 35.0000000000                  35.0000000000                   0.0000411306 
                 35.0000000000                  35.5000000000                   0.0001405200 
                 35.0000000000                  36.0000000000                  -0.0000015812 
                 35.0000000000                  36.5000000000                   0.0000226866 
                 35.0000000000                  37.0000000000                  -0.0000001128 
                 35.0000000000                  37.5000000000                   0.0000035827 
                 35.0000000000                  38.0000000000                   0.0000000065 
                 35.0000000000                  38.5000000000                   0.0000005524 
                 35.0000000000                  39.0000000000                   0.0000000095 
                 35.0000000000                  39.5000000000                   0.0000000840 
                 35.0000000000                  40.0000000000                   0.0000000040 
                 35.0000000000                  40.5000000000                   0.0000000119 
                 35.0000000000                  41.0000000000                   0.0000000011 
                 35.0000000000                  41.5000000000                   0.0000000014 
                 35.0000000000                  42.0000000000                   0.0000000002 
                 35.0000000000                  42.5000000000                   0.0000000002 
                 35.0000000000                  43.0000000000                   0.0000000001 
                 35.0000000000                  43.5000000000                   0.0000000000 
                 35.0000000000                  44.0000000000                   0.0000000000 
                 35.0000000000                  44.5000000000                   0.0000000000 
                 35.0000000000                  45.0000000000                   0.0000000000 
                 35.0000000000                  45.5000000000                   0.0000000000 
                 35.0000000000                  46.0000000000                   0.0000000000 
                 35.0000000000                  46.5000000000                   0.0000000000 
                 35.0000000000                  47.0000000000                   0.0000000000 
                 35.0000000000                  47.5000000000                   0.0000000000 
                 35.0000000000                  48.0000000000                   0.0000000000 
                 35.0000000000                  48.5000000000                   0.0000000000 
                 35.0000000000                  49.0000000000                   0.0000000000 
                 35.0000000000                  49.5000000000                  -0.0000000000 
                 35.0000000000                  50.0000000000                   0.0000000000 
                 35.5000000000                   0.0000000000                   0.0000000000 
                 35.5000000000                   0.5000000000                   0.0000000000 
                 35.5000000000                   1.0000000000                   0.0000000000 
                 35.5000000000                   1.5000000000                   0.0000000000 
                 35.5000000000                   2.0000000000                   0.0000000000 
                 35.5000000000                   2.5000000000                   0.0000000000 
                 35.5000000000                   3.0000000000                   0.0000000000 
                 35.5000000000                   3.5000000000                   0.0000000000 
                 35.5000000000                   4.0000000000                   0.0000000000 
                 35.5000000000                   4.5000000000                   0.0000000000 
                 35.5000000000                   5.0000000000                   0.0000000000 
                 35.5000000000                   5.5000000000                   0.0000000000 
                 35.5000000000                   6.0000000000                   0.0000000000 
                 35.5000000000                   6.5000000000                   0.0000000000 
                 35.5000000000                   7.0000000000                   0.0000000000 
                 35.5000000000                   7.5000000000                   0.0000000000 
                 35.5000000000                   8.0000000000                   0.0000000000 
                 35.5000000000                   8.5000000000                   0.0000000000 
                 35.5000000000                   9.0000000000                   0.0000000000 
                 35.5000000000                   9.5000000000                   0.0000000000 
                 35.5000000000                  10.0000000000                   0.0000000000 
                 35.5000000000                  10.5000000000                   0.0000000000 
                 35.5000000000                  11.0000000000                  -0.0000000000 
                 35.5000000000                  11.5000000000                   0.0000000000 
                 35.5000000000                  12.0000000000                  -0.0000000000 
                 35.5000000000                  12.5000000000                   0.0000000000 
                 35.5000000000                  13.0000000000                   0.0000000000 
                 35.5000000000                  13.5000000000                   0.0000000000 
                 35.5000000000                  14.0000000000                   0.0000000000 
                 35.5000000000                  14.5000000000                   0.0000000002 
                 35.5000000000                  15.0000000000                   0.0000000001 
                 35.5000000000                  15.5000000000                   0.0000000014 
                 35.5000000000                  16.0000000000                   0.0000000006 
                 35.5000000000                  16.5000000000                   0.0000000090 
                 35.5000000000                  17.0000000000                   0.0000000053 
                 35.5000000000                  17.5000000000                   0.0000000426 
                 35.5000000000                  18.0000000000                   0.0000000419 
                 35.5000000000                  18.5000000000                   0.0000001896 
                 35.5000000000                  19.0000000000                   0.0000001939 
                 35.5000000000                  19.5000000000                   0.0000009332 
                 35.5000000000                  20.0000000000                   0.0000009600 
                 35.5000000000                  20.5000000000                   0.0000046235 
                 35.5000000000                  21.0000000000                   0.0000071793 
                 35.5000000000                  21.5000000000                   0.0000199702 
                 35.5000000000                  22.0000000000                   0.0001154634 
                 35.5000000000                  22.5000000000                   0.0000397708 
                 35.5000000000                  23.0000000000                   0.0001002529 
                 35.5000000000                  23.5000000000                   0.0017202929 
                 35.5000000000                  24.0000000000                   0.0029522959 
                 35.5000000000                  24.5000000000                   0.0026487487 
                 35.5000000000                  25.0000000000                   0.0049964181 
                 35.5000000000                  25.5000000000                   0.0073841289 
                 35.5000000000                  26.0000000000                   0.0058209805 
                 35.5000000000                  26.5000000000                   0.0158129432 
                 35.5000000000                  27.0000000000                   0.0173497965 
                 35.5000000000                  27.5000000000                   0.0094417362 
                 35.5000000000                  28.0000000000                   0.0398082229 
                 35.5000000000                  28.5000000000                   0.0421114472 
                 35.5000000000                  29.0000000000                   0.0096897344 
                 35.5000000000                  29.5000000000                   0.0266955252 
                 35.5000000000                  30.0000000000                   0.0427834547 
                 35.5000000000                  30.5000000000                   0.0171477793 
                 35.5000000000                  31.0000000000                   0.0007941711 
                 35.5000000000                  31.5000000000                   0.0164839436 
                 35.5000000000                  32.0000000000                   0.0237241694 
                 35.5000000000                  32.5000000000                   0.0073277377 
                 35.5000000000                  33.0000000000                   0.0005518916 
                 35.5000000000                  33.5000000000                   0.0028666376 
                 35.5000000000                  34.0000000000                   0.0008271143 
                 35.5000000000                  34.5000000000                  -0.0000121420 
                 35.5000000000                  35.0000000000                   0.0001425517 
                 35.5000000000                  35.5000000000                  -0.0000008891 
                 35.5000000000                  36.0000000000                   0.0000242685 
                 35.5000000000                  36.5000000000                  -0.0000000044 
                 35.5000000000                  37.0000000000                   0.0000036677 
                 35.5000000000                  37.5000000000                   0.0000000057 
                 35.5000000000                  38.0000000000                   0.0000005211 
                 35.5000000000                  38.5000000000                   0.0000000055 
                 35.5000000000                  39.0000000000                   0.0000000742 
                 35.5000000000                  39.5000000000                   0.0000000032 
                 35.5000000000                  40.0000000000                   0.0000000103 
                 35.5000000000                  40.5000000000                   0.0000000012 
                 35.5000000000                  41.0000000000                   0.0000000012 
                 35.5000000000                  41.5000000000                   0.0000000003 
                 35.5000000000                  42.0000000000                   0.0000000001 
                 35.5000000000                  42.5000000000                   0.0000000001 
                 35.5000000000                  43.0000000000                   0.0000000000 
                 35.5000000000                  43.5000000000                   0.0000000000 
                 35.5000000000                  44.0000000000                   0.0000000000 
                 35.5000000000                  44.5000000000                   0.0000000000 
                 35.5000000000                  45.0000000000                   0.0000000000 
                 35.5000000000                  45.5000000000                   0.0000000000 
                 35.5000000000                  46.0000000000                  -0.0000000000 
                 35.5000000000                  46.5000000000                   0.0000000000 
                 35.5000000000                  47.0000000000                  -0.0000000000 
                 35.5000000000                  47.5000000000                   0.0000000000 
                 35.5000000000                  48.0000000000                  -0.0000000000 
                 35.5000000000                  48.5000000000                   0.0000000000 
                 35.5000000000                  49.0000000000                  -0.0000000000 
                 35.5000000000                  49.5000000000                   0.0000000000 
                 35.5000000000                  50.0000000000                   0.0000000000 
                 36.0000000000                   0.0000000000                   0.0000000000 
                 36.0000000000                   0.5000000000                   0.0000000000 
                 36.0000000000                   1.0000000000                   0.0000000000 
                 36.0000000000                   1.5000000000                   0.0000000000 
                 36.0000000000                   2.0000000000                   0.0000000000 
                 36.0000000000                   2.5000000000                   0.0000000000 
                 36.0000000000                   3.0000000000                   0.0000000000 
                 36.0000000000                   3.5000000000                   0.0000000000 
                 36.0000000000                   4.0000000000                   0.0000000000 
                 36.0000000000                   4.5000000000                   0.0000000000 
                 36.0000000000                   5.0000000000                   0.0000000000 
                 36.0000000000                   5.5000000000                   0.0000000000 
                 36.0000000000                   6.0000000000                   0.0000000000 
                 36.0000000000                   6.5000000000                   0.0000000000 
                 36.0000000000                   7.0000000000                   0.0000000000 
                 36.0000000000                   7.5000000000                   0.0000000000 
                 36.0000000000                   8.0000000000                   0.0000000000 
                 36.0000000000                   8.5000000000                   0.0000000000 
                 36.0000000000                   9.0000000000                   0.0000000000 
                 36.0000000000                   9.5000000000                   0.0000000000 
                 36.0000000000                  10.0000000000                   0.0000000000 
                 36.0000000000                  10.5000000000                   0.0000000000 
                 36.0000000000                  11.0000000000                   0.0000000000 
                 36.0000000000                  11.5000000000                   0.0000000000 
                 36.0000000000                  12.0000000000                   0.0000000000 
                 36.0000000000                  12.5000000000                   0.0000000000 
                 36.0000000000                  13.0000000000                   0.0000000000 
                 36.0000000000                  13.5000000000                   0.0000000000 
                 36.0000000000                  14.0000000000                   0.0000000000 
                 36.0000000000                  14.5000000000                   0.0000000001 
                 36.0000000000                  15.0000000000                   0.0000000002 
                 36.0000000000                  15.5000000000                   0.0000000005 
                 36.0000000000                  16.0000000000                   0.0000000009 
                 36.0000000000                  16.5000000000                   0.0000000027 
                 36.0000000000                  17.0000000000                   0.0000000044 
                 36.0000000000                  17.5000000000                   0.0000000162 
                 36.0000000000                  18.0000000000                   0.0000000165 
                 36.0000000000                  18.5000000000                   0.0000000902 
                 36.0000000000                  19.0000000000                   0.0000000707 
                 36.0000000000                  19.5000000000                   0.0000004347 
                 36.0000000000                  20.0000000000                   0.0000003175 
                 36.0000000000                  20.5000000000                   0.0000020844 
                 36.0000000000                  21.0000000000                   0.0000010662 
                 36.0000000000                  21.5000000000                   0.0000133844 
                 36.0000000000                  22.0000000000                  -0.0000023169 
                 36.0000000000                  22.5000000000                   0.0002292100 
                 36.0000000000                  23.0000000000                   0.0005351342 
                 36.0000000000                  23.5000000000                   0.0001798434 
                 36.0000000000                  24.0000000000                   0.0000226328 
                 36.0000000000                  24.5000000000                  -0.0000485517 
                 36.0000000000                  25.0000000000                   0.0007722937 
                 36.0000000000                  25.5000000000                   0.0004412051 
                 36.0000000000                  26.0000000000                   0.0016275666 
                 36.0000000000                  26.5000000000                   0.0054219840 
                 36.0000000000                  27.0000000000                   0.0016238628 
                 36.0000000000                  27.5000000000                   0.0189453291 
                 36.0000000000                  28.0000000000                   0.0283668671 
                 36.0000000000                  28.5000000000                   0.0082622180 
                 36.0000000000                  29.0000000000                   0.0234985219 
                 36.0000000000                  29.5000000000                   0.0347812659 
                 36.0000000000                  30.0000000000                   0.0110259569 
                 36.0000000000                  30.5000000000                   0.0010078581 
                 36.0000000000                  31.0000000000                   0.0093927719 
                 36.0000000000                  31.5000000000                   0.0127463368 
                 36.0000000000                  32.0000000000                   0.0044022584 
                 36.0000000000                  32.5000000000                   0.0010934932 
                 36.0000000000                  33.0000000000                   0.0027689667 
                 36.0000000000                  33.5000000000                   0.0007793025 
                 36.0000000000                  34.0000000000                  -0.0000158564 
                 36.0000000000                  34.5000000000                   0.0001378479 
                 36.0000000000                  35.0000000000                  -0.0000001801 
                 36.0000000000                  35.5000000000                   0.0000229650 
                 36.0000000000                  36.0000000000                   0.0000001939 
                 36.0000000000                  36.5000000000                   0.0000034528 
                 36.0000000000                  37.0000000000                   0.0000001610 
                 36.0000000000                  37.5000000000                   0.0000005110 
                 36.0000000000                  38.0000000000                   0.0000000459 
                 36.0000000000                  38.5000000000                   0.0000000750 
                 36.0000000000                  39.0000000000                   0.0000000110 
                 36.0000000000                  39.5000000000                   0.0000000104 
                 36.0000000000                  40.0000000000                   0.0000000026 
                 36.0000000000                  40.5000000000                   0.0000000012 
                 36.0000000000                  41.0000000000                   0.0000000006 
                 36.0000000000                  41.5000000000                   0.0000000001 
                 36.0000000000                  42.0000000000                   0.0000000001 
                 36.0000000000                  42.5000000000                   0.0000000000 
                 36.0000000000                  43.0000000000                   0.0000000000 
                 36.0000000000                  43.5000000000                  -0.0000000000 
                 36.0000000000                  44.0000000000                   0.0000000000 
                 36.0000000000                  44.5000000000                  -0.0000000000 
                 36.0000000000                  45.0000000000                   0.0000000000 
                 36.0000000000                  45.5000000000                  -0.0000000000 
                 36.0000000000                  46.0000000000                   0.0000000000 
                 36.0000000000                  46.5000000000                  -0.0000000000 
                 36.0000000000                  47.0000000000                   0.0000000000 
                 36.0000000000                  47.5000000000                   0.0000000000 
                 36.0000000000                  48.0000000000                   0.0000000000 
                 36.0000000000                  48.5000000000                  -0.0000000000 
                 36.0000000000                  49.0000000000                   0.0000000000 
                 36.0000000000                  49.5000000000                  -0.0000000000 
                 36.0000000000                  50.0000000000                   0.0000000000 
                 36.5000000000                   0.0000000000                   0.0000000000 
                 36.5000000000                   0.5000000000                   0.0000000000 
                 36.5000000000                   1.0000000000                  -0.0000000000 
                 36.5000000000                   1.5000000000                   0.0000000000 
                 36.5000000000                   2.0000000000                  -0.0000000000 
                 36.5000000000                   2.5000000000                   0.0000000000 
                 36.5000000000                   3.0000000000                  -0.0000000000 
                 36.5000000000                   3.5000000000                   0.0000000000 
                 36.5000000000                   4.0000000000                  -0.0000000000 
                 36.5000000000                   4.5000000000                   0.0000000000 
                 36.5000000000                   5.0000000000                  -0.0000000000 
                 36.5000000000                   5.5000000000                   0.0000000000 
                 36.5000000000                   6.0000000000                  -0.0000000000 
                 36.5000000000                   6.5000000000                   0.0000000000 
                 36.5000000000                   7.0000000000                  -0.0000000000 
                 36.5000000000                   7.5000000000                   0.0000000000 
                 36.5000000000                   8.0000000000                  -0.0000000000 
                 36.5000000000                   8.5000000000                   0.0000000000 
                 36.5000000000                   9.0000000000                  -0.0000000000 
                 36.5000000000                   9.5000000000                   0.0000000000 
                 36.5000000000                  10.0000000000                  -0.0000000000 
                 36.5000000000                  10.5000000000                   0.0000000000 
                 36.5000000000                  11.0000000000                  -0.0000000000 
                 36.5000000000                  11.5000000000                   0.0000000000 
                 36.5000000000                  12.0000000000                  -0.0000000000 
                 36.5000000000                  12.5000000000                   0.0000000000 
                 36.5000000000                  13.0000000000                  -0.0000000000 
                 36.5000000000                  13.5000000000                   0.0000000000 
                 36.5000000000                  14.0000000000                  -0.0000000000 
                 36.5000000000                  14.5000000000                   0.0000000001 
                 36.5000000000                  15.0000000000                  -0.0000000000 
                 36.5000000000                  15.5000000000                   0.0000000003 
                 36.5000000000                  16.0000000000                   0.0000000000 
                 36.5000000000                  16.5000000000                   0.0000000020 
                 36.5000000000                  17.0000000000                   0.0000000002 
                 36.5000000000                  17.5000000000                   0.0000000096 
                 36.5000000000                  18.0000000000                   0.0000000030 
                 36.5000000000                  18.5000000000                   0.0000000418 
                 36.5000000000                  19.0000000000                   0.0000000140 
                 36.5000000000                  19.5000000000                   0.0000002139 
                 36.5000000000                  20.0000000000                   0.0000000571 
                 36.5000000000                  20.5000000000                   0.0000010644 
                 36.5000000000                  21.0000000000                   0.0000005353 
                 36.5000000000                  21.5000000000                   0.0000048403 
                 36.5000000000                  22.0000000000                   0.0000126753 
                 36.5000000000                  22.5000000000                  -0.0000027684 
                 36.5000000000                  23.0000000000                   0.0000873812 
                 36.5000000000                  23.5000000000                   0.0002471099 
                 36.5000000000                  24.0000000000                   0.0003791329 
                 36.5000000000                  24.5000000000                   0.0002469602 
                 36.5000000000                  25.0000000000                   0.0001768420 
                 36.5000000000                  25.5000000000                   0.0001304746 
                 36.5000000000                  26.0000000000                   0.0012564950 
                 36.5000000000                  26.5000000000                   0.0001107704 
                 36.5000000000                  27.0000000000                   0.0032390856 
                 36.5000000000                  27.5000000000                   0.0102998454 
                 36.5000000000                  28.0000000000                   0.0034849344 
                 36.5000000000                  28.5000000000                   0.0110684438 
                 36.5000000000                  29.0000000000                   0.0209298812 
                 36.5000000000                  29.5000000000                   0.0061933319 
                 36.5000000000                  30.0000000000                   0.0009937540 
                 36.5000000000                  30.5000000000                   0.0051454246 
                 36.5000000000                  31.0000000000                   0.0040954114 
                 36.5000000000                  31.5000000000                   0.0007839112 
                 36.5000000000                  32.0000000000                   0.0010811663 
                 36.5000000000                  32.5000000000                   0.0022247490 
                 36.5000000000                  33.0000000000                   0.0005632972 
                 36.5000000000                  33.5000000000                   0.0000003119 
                 36.5000000000                  34.0000000000                   0.0001336396 
                 36.5000000000                  34.5000000000                   0.0000011244 
                 36.5000000000                  35.0000000000                   0.0000195963 
                 36.5000000000                  35.5000000000                   0.0000013212 
                 36.5000000000                  36.0000000000                   0.0000031828 
                 36.5000000000                  36.5000000000                   0.0000003256 
                 36.5000000000                  37.0000000000                   0.0000004404 
                 36.5000000000                  37.5000000000                   0.0000000656 
                 36.5000000000                  38.0000000000                   0.0000000563 
                 36.5000000000                  38.5000000000                   0.0000000126 
                 36.5000000000                  39.0000000000                   0.0000000071 
                 36.5000000000                  39.5000000000                   0.0000000027 
                 36.5000000000                  40.0000000000                   0.0000000008 
                 36.5000000000                  40.5000000000                   0.0000000006 
                 36.5000000000                  41.0000000000                   0.0000000000 
                 36.5000000000                  41.5000000000                   0.0000000001 
                 36.5000000000                  42.0000000000                  -0.0000000000 
                 36.5000000000                  42.5000000000                   0.0000000000 
                 36.5000000000                  43.0000000000                  -0.0000000000 
                 36.5000000000                  43.5000000000                   0.0000000000 
                 36.5000000000                  44.0000000000                  -0.0000000000 
                 36.5000000000                  44.5000000000                   0.0000000000 
                 36.5000000000                  45.0000000000                  -0.0000000000 
                 36.5000000000                  45.5000000000                   0.0000000000 
                 36.5000000000                  46.0000000000                  -0.0000000000 
                 36.5000000000                  46.5000000000                   0.0000000000 
                 36.5000000000                  47.0000000000                  -0.0000000000 
                 36.5000000000                  47.5000000000                   0.0000000000 
                 36.5000000000                  48.0000000000                  -0.0000000000 
                 36.5000000000                  48.5000000000                   0.0000000000 
                 36.5000000000                  49.0000000000                  -0.0000000000 
                 36.5000000000                  49.5000000000                   0.0000000000 
                 36.5000000000                  50.0000000000                   0.0000000000 
                 37.0000000000                   0.0000000000                   0.0000000000 
                 37.0000000000                   0.5000000000                   0.0000000000 
                 37.0000000000                   1.0000000000                   0.0000000000 
                 37.0000000000                   1.5000000000                   0.0000000000 
                 37.0000000000                   2.0000000000                   0.0000000000 
                 37.0000000000                   2.5000000000                   0.0000000000 
                 37.0000000000                   3.0000000000                   0.0000000000 
                 37.0000000000                   3.5000000000                   0.0000000000 
                 37.0000000000                   4.0000000000                   0.0000000000 
                 37.0000000000                   4.5000000000                   0.0000000000 
                 37.0000000000                   5.0000000000                   0.0000000000 
                 37.0000000000                   5.5000000000                   0.0000000000 
                 37.0000000000                   6.0000000000                   0.0000000000 
                 37.0000000000                   6.5000000000                   0.0000000000 
                 37.0000000000                   7.0000000000                   0.0000000000 
                 37.0000000000                   7.5000000000                   0.0000000000 
                 37.0000000000                   8.0000000000                   0.0000000000 
                 37.0000000000                   8.5000000000                   0.0000000000 
                 37.0000000000                   9.0000000000                   0.0000000000 
                 37.0000000000                   9.5000000000                   0.0000000000 
                 37.0000000000                  10.0000000000                   0.0000000000 
                 37.0000000000                  10.5000000000                   0.0000000000 
                 37.0000000000                  11.0000000000                   0.0000000000 
                 37.0000000000                  11.5000000000                   0.0000000000 
                 37.0000000000                  12.0000000000                   0.0000000000 
                 37.0000000000                  12.5000000000                   0.0000000000 
                 37.0000000000                  13.0000000000                   0.0000000000 
                 37.0000000000                  13.5000000000                   0.0000000000 
                 37.0000000000                  14.0000000000                   0.0000000000 
                 37.0000000000                  14.5000000000                   0.0000000000 
                 37.0000000000                  15.0000000000                   0.0000000000 
                 37.0000000000                  15.5000000000                   0.0000000001 
                 37.0000000000                  16.0000000000                   0.0000000001 
                 37.0000000000                  16.5000000000                   0.0000000005 
                 37.0000000000                  17.0000000000                   0.0000000004 
                 37.0000000000                  17.5000000000                   0.0000000025 
                 37.0000000000                  18.0000000000                   0.0000000016 
                 37.0000000000                  18.5000000000                   0.0000000142 
                 37.0000000000                  19.0000000000                   0.0000000081 
                 37.0000000000                  19.5000000000                   0.0000000699 
                 37.0000000000                  20.0000000000                   0.0000000467 
                 37.0000000000                  20.5000000000                   0.0000003419 
                 37.0000000000                  21.0000000000                   0.0000002260 
                 37.0000000000                  21.5000000000                   0.0000018251 
                 37.0000000000                  22.0000000000                   0.0000005275 
                 37.0000000000                  22.5000000000                   0.0000332875 
                 37.0000000000                  23.0000000000                   0.0000315483 
                 37.0000000000                  23.5000000000                   0.0000014319 
                 37.0000000000                  24.0000000000                   0.0000131710 
                 37.0000000000                  24.5000000000                   0.0000154050 
                 37.0000000000                  25.0000000000                   0.0000549280 
                 37.0000000000                  25.5000000000                   0.0002199776 
                 37.0000000000                  26.0000000000                   0.0001197573 
                 37.0000000000                  26.5000000000                   0.0002771565 
                 37.0000000000                  27.0000000000                   0.0017401301 
                 37.0000000000                  27.5000000000                   0.0004443076 
                 37.0000000000                  28.0000000000                   0.0032702385 
                 37.0000000000                  28.5000000000                   0.0071548266 
                 37.0000000000                  29.0000000000                   0.0022087200 
                 37.0000000000                  29.5000000000                   0.0010164412 
                 37.0000000000                  30.0000000000                   0.0026732076 
                 37.0000000000                  30.5000000000                   0.0010001532 
                 37.0000000000                  31.0000000000                  -0.0001243317 
                 37.0000000000                  31.5000000000                   0.0008428676 
                 37.0000000000                  32.0000000000                   0.0013752841 
                 37.0000000000                  32.5000000000                   0.0002554122 
                 37.0000000000                  33.0000000000                   0.0000382600 
                 37.0000000000                  33.5000000000                   0.0001189623 
                 37.0000000000                  34.0000000000                   0.0000003196 
                 37.0000000000                  34.5000000000                   0.0000180316 
                 37.0000000000                  35.0000000000                   0.0000013887 
                 37.0000000000                  35.5000000000                   0.0000028953 
                 37.0000000000                  36.0000000000                   0.0000003377 
                 37.0000000000                  36.5000000000                   0.0000004063 
                 37.0000000000                  37.0000000000                   0.0000000886 
                 37.0000000000                  37.5000000000                   0.0000000569 
                 37.0000000000                  38.0000000000                   0.0000000196 
                 37.0000000000                  38.5000000000                   0.0000000082 
                 37.0000000000                  39.0000000000                   0.0000000040 
                 37.0000000000                  39.5000000000                   0.0000000011 
                 37.0000000000                  40.0000000000                   0.0000000008 
                 37.0000000000                  40.5000000000                   0.0000000001 
                 37.0000000000                  41.0000000000                   0.0000000002 
                 37.0000000000                  41.5000000000                   0.0000000000 
                 37.0000000000                  42.0000000000                   0.0000000000 
                 37.0000000000                  42.5000000000                  -0.0000000000 
                 37.0000000000                  43.0000000000                   0.0000000000 
                 37.0000000000                  43.5000000000                  -0.0000000000 
                 37.0000000000                  44.0000000000                   0.0000000000 
                 37.0000000000                  44.5000000000                  -0.0000000000 
                 37.0000000000                  45.0000000000                   0.0000000000 
                 37.0000000000                  45.5000000000                  -0.0000000000 
                 37.0000000000                  46.0000000000                   0.0000000000 
                 37.0000000000                  46.5000000000                  -0.0000000000 
                 37.0000000000                  47.0000000000                   0.0000000000 
                 37.0000000000                  47.5000000000                  -0.0000000000 
                 37.0000000000                  48.0000000000                   0.0000000000 
                 37.0000000000                  48.5000000000                  -0.0000000000 
                 37.0000000000                  49.0000000000                   0.0000000000 
                 37.0000000000                  49.5000000000                  -0.0000000000 
                 37.0000000000                  50.0000000000                   0.0000000000 
                 37.5000000000                   0.0000000000                   0.0000000000 
                 37.5000000000                   0.5000000000                   0.0000000000 
                 37.5000000000                   1.0000000000                  -0.0000000000 
                 37.5000000000                   1.5000000000                   0.0000000000 
                 37.5000000000                   2.0000000000                  -0.0000000000 
                 37.5000000000                   2.5000000000                   0.0000000000 
                 37.5000000000                   3.0000000000                  -0.0000000000 
                 37.5000000000                   3.5000000000                   0.0000000000 
                 37.5000000000                   4.0000000000                  -0.0000000000 
                 37.5000000000                   4.5000000000                   0.0000000000 
                 37.5000000000                   5.0000000000                  -0.0000000000 
                 37.5000000000                   5.5000000000                   0.0000000000 
                 37.5000000000                   6.0000000000                  -0.0000000000 
                 37.5000000000                   6.5000000000                   0.0000000000 
                 37.5000000000                   7.0000000000                  -0.0000000000 
                 37.5000000000                   7.5000000000                   0.0000000000 
                 37.5000000000                   8.0000000000                  -0.0000000000 
                 37.5000000000                   8.5000000000                   0.0000000000 
                 37.5000000000                   9.0000000000                  -0.0000000000 
                 37.5000000000                   9.5000000000                   0.0000000000 
                 37.5000000000                  10.0000000000                  -0.0000000000 
                 37.5000000000                  10.5000000000                   0.0000000000 
                 37.5000000000                  11.0000000000                  -0.0000000000 
                 37.5000000000                  11.5000000000                   0.0000000000 
                 37.5000000000                  12.0000000000                  -0.0000000000 
                 37.5000000000                  12.5000000000                   0.0000000000 
                 37.5000000000                  13.0000000000                   0.0000000000 
                 37.5000000000                  13.5000000000                   0.0000000000 
                 37.5000000000                  14.0000000000                   0.0000000000 
                 37.5000000000                  14.5000000000                   0.0000000000 
                 37.5000000000                  15.0000000000                  -0.0000000000 
                 37.5000000000                  15.5000000000                   0.0000000001 
                 37.5000000000                  16.0000000000                   0.0000000000 
                 37.5000000000                  16.5000000000                   0.0000000004 
                 37.5000000000                  17.0000000000                   0.0000000000 
                 37.5000000000                  17.5000000000                   0.0000000019 
                 37.5000000000                  18.0000000000                   0.0000000004 
                 37.5000000000                  18.5000000000                   0.0000000083 
                 37.5000000000                  19.0000000000                   0.0000000023 
                 37.5000000000                  19.5000000000                   0.0000000415 
                 37.5000000000                  20.0000000000                   0.0000000109 
                 37.5000000000                  20.5000000000                   0.0000002030 
                 37.5000000000                  21.0000000000                   0.0000000810 
                 37.5000000000                  21.5000000000                   0.0000009546 
                 37.5000000000                  22.0000000000                   0.0000015809 
                 37.5000000000                  22.5000000000                   0.0000002115 
                 37.5000000000                  23.0000000000                   0.0000217563 
                 37.5000000000                  23.5000000000                   0.0000358136 
                 37.5000000000                  24.0000000000                   0.0000412567 
                 37.5000000000                  24.5000000000                   0.0000255472 
                 37.5000000000                  25.0000000000                   0.0000006960 
                 37.5000000000                  25.5000000000                   0.0000134630 
                 37.5000000000                  26.0000000000                   0.0000085975 
                 37.5000000000                  26.5000000000                   0.0002313889 
                 37.5000000000                  27.0000000000                  -0.0000478390 
                 37.5000000000                  27.5000000000                   0.0009869779 
                 37.5000000000                  28.0000000000                   0.0018492666 
                 37.5000000000                  28.5000000000                   0.0004342833 
                 37.5000000000                  29.0000000000                   0.0011264712 
                 37.5000000000                  29.5000000000                   0.0014284512 
                 37.5000000000                  30.0000000000                   0.0001067160 
                 37.5000000000                  30.5000000000                   0.0001095029 
                 37.5000000000                  31.0000000000                   0.0005116651 
                 37.5000000000                  31.5000000000                   0.0004021953 
                 37.5000000000                  32.0000000000                   0.0000499045 
                 37.5000000000                  32.5000000000                   0.0001196204 
                 37.5000000000                  33.0000000000                   0.0000998458 
                 37.5000000000                  33.5000000000                   0.0000009250 
                 37.5000000000                  34.0000000000                   0.0000183426 
                 37.5000000000                  34.5000000000                   0.0000013066 
                 37.5000000000                  35.0000000000                   0.0000026392 
                 37.5000000000                  35.5000000000                   0.0000004615 
                 37.5000000000                  36.0000000000                   0.0000004263 
                 37.5000000000                  36.5000000000                   0.0000001014 
                 37.5000000000                  37.0000000000                   0.0000000562 
                 37.5000000000                  37.5000000000                   0.0000000199 
                 37.5000000000                  38.0000000000                   0.0000000068 
                 37.5000000000                  38.5000000000                   0.0000000037 
                 37.5000000000                  39.0000000000                   0.0000000008 
                 37.5000000000                  39.5000000000                   0.0000000007 
                 37.5000000000                  40.0000000000                   0.0000000001 
                 37.5000000000                  40.5000000000                   0.0000000001 
                 37.5000000000                  41.0000000000                  -0.0000000000 
                 37.5000000000                  41.5000000000                   0.0000000000 
                 37.5000000000                  42.0000000000                  -0.0000000000 
                 37.5000000000                  42.5000000000                   0.0000000000 
                 37.5000000000                  43.0000000000                  -0.0000000000 
                 37.5000000000                  43.5000000000                   0.0000000000 
                 37.5000000000                  44.0000000000                  -0.0000000000 
                 37.5000000000                  44.5000000000                   0.0000000000 
                 37.5000000000                  45.0000000000                  -0.0000000000 
                 37.5000000000                  45.5000000000                   0.0000000000 
                 37.5000000000                  46.0000000000                  -0.0000000000 
                 37.5000000000                  46.5000000000                   0.0000000000 
                 37.5000000000                  47.0000000000                  -0.0000000000 
                 37.5000000000                  47.5000000000                   0.0000000000 
                 37.5000000000                  48.0000000000                  -0.0000000000 
                 37.5000000000                  48.5000000000                   0.0000000000 
                 37.5000000000                  49.0000000000                  -0.0000000000 
                 37.5000000000                  49.5000000000                   0.0000000000 
                 37.5000000000                  50.0000000000                   0.0000000000 
                 38.0000000000                   0.0000000000                   0.0000000000 
                 38.0000000000                   0.5000000000                   0.0000000000 
                 38.0000000000                   1.0000000000                   0.0000000000 
                 38.0000000000                   1.5000000000                   0.0000000000 
                 38.0000000000                   2.0000000000                   0.0000000000 
                 38.0000000000                   2.5000000000                   0.0000000000 
                 38.0000000000                   3.0000000000                   0.0000000000 
                 38.0000000000                   3.5000000000                   0.0000000000 
                 38.0000000000                   4.0000000000                   0.0000000000 
                 38.0000000000                   4.5000000000                   0.0000000000 
                 38.0000000000                   5.0000000000                   0.0000000000 
                 38.0000000000                   5.5000000000                   0.0000000000 
                 38.0000000000                   6.0000000000                   0.0000000000 
                 38.0000000000                   6.5000000000                   0.0000000000 
                 38.0000000000                   7.0000000000                   0.0000000000 
                 38.0000000000                   7.5000000000                   0.0000000000 
                 38.0000000000                   8.0000000000                   0.0000000000 
                 38.0000000000                   8.5000000000                   0.0000000000 
                 38.0000000000                   9.0000000000                   0.0000000000 
                 38.0000000000                   9.5000000000                   0.0000000000 
                 38.0000000000                  10.0000000000                   0.0000000000 
                 38.0000000000                  10.5000000000                   0.0000000000 
                 38.0000000000                  11.0000000000                   0.0000000000 
                 38.0000000000                  11.5000000000                   0.0000000000 
                 38.0000000000                  12.0000000000                   0.0000000000 
                 38.0000000000                  12.5000000000                   0.0000000000 
                 38.0000000000                  13.0000000000                   0.0000000000 
                 38.0000000000                  13.5000000000                   0.0000000000 
                 38.0000000000                  14.0000000000                   0.0000000000 
                 38.0000000000                  14.5000000000                   0.0000000000 
                 38.0000000000                  15.0000000000                   0.0000000000 
                 38.0000000000                  15.5000000000                   0.0000000000 
                 38.0000000000                  16.0000000000                   0.0000000000 
                 38.0000000000                  16.5000000000                   0.0000000001 
                 38.0000000000                  17.0000000000                   0.0000000002 
                 38.0000000000                  17.5000000000                   0.0000000003 
                 38.0000000000                  18.0000000000                   0.0000000007 
                 38.0000000000                  18.5000000000                   0.0000000016 
                 38.0000000000                  19.0000000000                   0.0000000035 
                 38.0000000000                  19.5000000000                   0.0000000066 
                 38.0000000000                  20.0000000000                   0.0000000194 
                 38.0000000000                  20.5000000000                   0.0000000268 
                 38.0000000000                  21.0000000000                   0.0000001036 
                 38.0000000000                  21.5000000000                   0.0000000935 
                 38.0000000000                  22.0000000000                   0.0000004846 
                 38.0000000000                  22.5000000000                   0.0000038641 
                 38.0000000000                  23.0000000000                   0.0000021094 
                 38.0000000000                  23.5000000000                  -0.0000003046 
                 38.0000000000                  24.0000000000                   0.0000091482 
                 38.0000000000                  24.5000000000                   0.0000031954 
                 38.0000000000                  25.0000000000                   0.0000146608 
                 38.0000000000                  25.5000000000                   0.0000130665 
                 38.0000000000                  26.0000000000                   0.0000494026 
                 38.0000000000                  26.5000000000                   0.0000007436 
                 38.0000000000                  27.0000000000                   0.0002046659 
                 38.0000000000                  27.5000000000                   0.0003006902 
                 38.0000000000                  28.0000000000                   0.0000756772 
                 38.0000000000                  28.5000000000                   0.0006715484 
                 38.0000000000                  29.0000000000                   0.0005814951 
                 38.0000000000                  29.5000000000                  -0.0000130569 
                 38.0000000000                  30.0000000000                   0.0002042509 
                 38.0000000000                  30.5000000000                   0.0002226459 
                 38.0000000000                  31.0000000000                   0.0000247332 
                 38.0000000000                  31.5000000000                   0.0000407988 
                 38.0000000000                  32.0000000000                   0.0001580107 
                 38.0000000000                  32.5000000000                   0.0000628284 
                 38.0000000000                  33.0000000000                   0.0000005315 
                 38.0000000000                  33.5000000000                   0.0000171521 
                 38.0000000000                  34.0000000000                   0.0000006351 
                 38.0000000000                  34.5000000000                   0.0000026042 
                 38.0000000000                  35.0000000000                   0.0000003566 
                 38.0000000000                  35.5000000000                   0.0000004201 
                 38.0000000000                  36.0000000000                   0.0000000802 
                 38.0000000000                  36.5000000000                   0.0000000592 
                 38.0000000000                  37.0000000000                   0.0000000195 
                 38.0000000000                  37.5000000000                   0.0000000086 
                 38.0000000000                  38.0000000000                   0.0000000043 
                 38.0000000000                  38.5000000000                   0.0000000013 
                 38.0000000000                  39.0000000000                   0.0000000008 
                 38.0000000000                  39.5000000000                   0.0000000002 
                 38.0000000000                  40.0000000000                   0.0000000002 
                 38.0000000000                  40.5000000000                   0.0000000000 
                 38.0000000000                  41.0000000000                   0.0000000000 
                 38.0000000000                  41.5000000000                   0.0000000000 
                 38.0000000000                  42.0000000000                   0.0000000000 
                 38.0000000000                  42.5000000000                   0.0000000000 
                 38.0000000000                  43.0000000000                   0.0000000000 
                 38.0000000000                  43.5000000000                  -0.0000000000 
                 38.0000000000                  44.0000000000                   0.0000000000 
                 38.0000000000                  44.5000000000                  -0.0000000000 
                 38.0000000000                  45.0000000000                   0.0000000000 
                 38.0000000000                  45.5000000000                  -0.0000000000 
                 38.0000000000                  46.0000000000                   0.0000000000 
                 38.0000000000                  46.5000000000                  -0.0000000000 
                 38.0000000000                  47.0000000000                   0.0000000000 
                 38.0000000000                  47.5000000000                  -0.0000000000 
                 38.0000000000                  48.0000000000                   0.0000000000 
                 38.0000000000                  48.5000000000                  -0.0000000000 
                 38.0000000000                  49.0000000000                   0.0000000000 
                 38.0000000000                  49.5000000000                  -0.0000000000 
                 38.0000000000                  50.0000000000                   0.0000000000 
                 38.5000000000                   0.0000000000                   0.0000000000 
                 38.5000000000                   0.5000000000                   0.0000000000 
                 38.5000000000                   1.0000000000                  -0.0000000000 
                 38.5000000000                   1.5000000000                   0.0000000000 
                 38.5000000000                   2.0000000000                  -0.0000000000 
                 38.5000000000                   2.5000000000                   0.0000000000 
                 38.5000000000                   3.0000000000                  -0.0000000000 
                 38.5000000000                   3.5000000000                   0.0000000000 
                 38.5000000000                   4.0000000000                  -0.0000000000 
                 38.5000000000                   4.5000000000                   0.0000000000 
                 38.5000000000                   5.0000000000                  -0.0000000000 
                 38.5000000000                   5.5000000000                   0.0000000000 
                 38.5000000000                   6.0000000000                  -0.0000000000 
                 38.5000000000                   6.5000000000                   0.0000000000 
                 38.5000000000                   7.0000000000                  -0.0000000000 
                 38.5000000000                   7.5000000000                   0.0000000000 
                 38.5000000000                   8.0000000000                  -0.0000000000 
                 38.5000000000                   8.5000000000                   0.0000000000 
                 38.5000000000                   9.0000000000                  -0.0000000000 
                 38.5000000000                   9.5000000000                   0.0000000000 
                 38.5000000000                  10.0000000000                  -0.0000000000 
                 38.5000000000                  10.5000000000                   0.0000000000 
                 38.5000000000                  11.0000000000                  -0.0000000000 
                 38.5000000000                  11.5000000000                   0.0000000000 
                 38.5000000000                  12.0000000000                  -0.0000000000 
                 38.5000000000                  12.5000000000                   0.0000000000 
                 38.5000000000                  13.0000000000                  -0.0000000000 
                 38.5000000000                  13.5000000000                   0.0000000000 
                 38.5000000000                  14.0000000000                  -0.0000000000 
                 38.5000000000                  14.5000000000                   0.0000000000 
                 38.5000000000                  15.0000000000                  -0.0000000000 
                 38.5000000000                  15.5000000000                   0.0000000000 
                 38.5000000000                  16.0000000000                  -0.0000000000 
                 38.5000000000                  16.5000000000                   0.0000000001 
                 38.5000000000                  17.0000000000                   0.0000000000 
                 38.5000000000                  17.5000000000                   0.0000000004 
                 38.5000000000                  18.0000000000                   0.0000000000 
                 38.5000000000                  18.5000000000                   0.0000000019 
                 38.5000000000                  19.0000000000                   0.0000000002 
                 38.5000000000                  19.5000000000                   0.0000000093 
                 38.5000000000                  20.0000000000                   0.0000000010 
                 38.5000000000                  20.5000000000                   0.0000000444 
                 38.5000000000                  21.0000000000                   0.0000000071 
                 38.5000000000                  21.5000000000                   0.0000002114 
                 38.5000000000                  22.0000000000                   0.0000001548 
                 38.5000000000                  22.5000000000                   0.0000002591 
                 38.5000000000                  23.0000000000                   0.0000040729 
                 38.5000000000                  23.5000000000                   0.0000053787 
                 38.5000000000                  24.0000000000                   0.0000030127 
                 38.5000000000                  24.5000000000                   0.0000025982 
                 38.5000000000                  25.0000000000                   0.0000000050 
                 38.5000000000                  25.5000000000                   0.0000063899 
                 38.5000000000                  26.0000000000                  -0.0000017866 
                 38.5000000000                  26.5000000000                   0.0000303673 
                 38.5000000000                  27.0000000000                   0.0000191662 
                 38.5000000000                  27.5000000000                   0.0000597014 
                 38.5000000000                  28.0000000000                   0.0002767027 
                 38.5000000000                  28.5000000000                   0.0001285644 
                 38.5000000000                  29.0000000000                   0.0000525565 
                 38.5000000000                  29.5000000000                   0.0001850515 
                 38.5000000000                  30.0000000000                   0.0000605241 
                 38.5000000000                  30.5000000000                  -0.0000019639 
                 38.5000000000                  31.0000000000                   0.0000571845 
                 38.5000000000                  31.5000000000                   0.0000811387 
                 38.5000000000                  32.0000000000                   0.0000161965 
                 38.5000000000                  32.5000000000                   0.0000078729 
                 38.5000000000                  33.0000000000                   0.0000156987 
                 38.5000000000                  33.5000000000                   0.0000006442 
                 38.5000000000                  34.0000000000                   0.0000027681 
                 38.5000000000                  34.5000000000                   0.0000003434 
                 38.5000000000                  35.0000000000                   0.0000003995 
                 38.5000000000                  35.5000000000                   0.0000001021 
                 38.5000000000                  36.0000000000                   0.0000000661 
                 38.5000000000                  36.5000000000                   0.0000000207 
                 38.5000000000                  37.0000000000                   0.0000000093 
                 38.5000000000                  37.5000000000                   0.0000000040 
                 38.5000000000                  38.0000000000                   0.0000000013 
                 38.5000000000                  38.5000000000                   0.0000000008 
                 38.5000000000                  39.0000000000                   0.0000000002 
                 38.5000000000                  39.5000000000                   0.0000000002 
                 38.5000000000                  40.0000000000                   0.0000000000 
                 38.5000000000                  40.5000000000                   0.0000000000 
                 38.5000000000                  41.0000000000                   0.0000000000 
                 38.5000000000                  41.5000000000                   0.0000000000 
                 38.5000000000                  42.0000000000                   0.0000000000 
                 38.5000000000                  42.5000000000                   0.0000000000 
                 38.5000000000                  43.0000000000                   0.0000000000 
                 38.5000000000                  43.5000000000                   0.0000000000 
                 38.5000000000                  44.0000000000                   0.0000000000 
                 38.5000000000                  44.5000000000                   0.0000000000 
                 38.5000000000                  45.0000000000                  -0.0000000000 
                 38.5000000000                  45.5000000000                   0.0000000000 
                 38.5000000000                  46.0000000000                  -0.0000000000 
                 38.5000000000                  46.5000000000                   0.0000000000 
                 38.5000000000                  47.0000000000                  -0.0000000000 
                 38.5000000000                  47.5000000000                   0.0000000000 
                 38.5000000000                  48.0000000000                  -0.0000000000 
                 38.5000000000                  48.5000000000                   0.0000000000 
                 38.5000000000                  49.0000000000                  -0.0000000000 
                 38.5000000000                  49.5000000000                   0.0000000000 
                 38.5000000000                  50.0000000000                   0.0000000000 
                 39.0000000000                   0.0000000000                   0.0000000000 
                 39.0000000000                   0.5000000000                   0.0000000000 
                 39.0000000000                   1.0000000000                   0.0000000000 
                 39.0000000000                   1.5000000000                   0.0000000000 
                 39.0000000000                   2.0000000000                   0.0000000000 
                 39.0000000000                   2.5000000000                   0.0000000000 
                 39.0000000000                   3.0000000000                   0.0000000000 
                 39.0000000000                   3.5000000000                   0.0000000000 
                 39.0000000000                   4.0000000000                   0.0000000000 
                 39.0000000000                   4.5000000000                   0.0000000000 
                 39.0000000000                   5.0000000000                   0.0000000000 
                 39.0000000000                   5.5000000000                   0.0000000000 
                 39.0000000000                   6.0000000000                   0.0000000000 
                 39.0000000000                   6.5000000000                   0.0000000000 
                 39.0000000000                   7.0000000000                   0.0000000000 
                 39.0000000000                   7.5000000000                   0.0000000000 
                 39.0000000000                   8.0000000000                   0.0000000000 
                 39.0000000000                   8.5000000000                   0.0000000000 
                 39.0000000000                   9.0000000000                   0.0000000000 
                 39.0000000000                   9.5000000000                   0.0000000000 
                 39.0000000000                  10.0000000000                   0.0000000000 
                 39.0000000000                  10.5000000000                   0.0000000000 
                 39.0000000000                  11.0000000000                   0.0000000000 
                 39.0000000000                  11.5000000000                   0.0000000000 
                 39.0000000000                  12.0000000000                   0.0000000000 
                 39.0000000000                  12.5000000000                   0.0000000000 
                 39.0000000000                  13.0000000000                   0.0000000000 
                 39.0000000000                  13.5000000000                   0.0000000000 
                 39.0000000000                  14.0000000000                   0.0000000000 
                 39.0000000000                  14.5000000000                   0.0000000000 
                 39.0000000000                  15.0000000000                   0.0000000000 
                 39.0000000000                  15.5000000000                   0.0000000000 
                 39.0000000000                  16.0000000000                   0.0000000000 
                 39.0000000000                  16.5000000000                   0.0000000000 
                 39.0000000000                  17.0000000000                   0.0000000000 
                 39.0000000000                  17.5000000000                   0.0000000000 
                 39.0000000000                  18.0000000000                   0.0000000002 
                 39.0000000000                  18.5000000000                   0.0000000002 
                 39.0000000000                  19.0000000000                   0.0000000008 
                 39.0000000000                  19.5000000000                   0.0000000007 
                 39.0000000000                  20.0000000000                   0.0000000041 
                 39.0000000000                  20.5000000000                   0.0000000017 
                 39.0000000000                  21.0000000000                   0.0000000221 
                 39.0000000000                  21.5000000000                  -0.0000000022 
                 39.0000000000                  22.0000000000                   0.0000001210 
                 39.0000000000                  22.5000000000                   0.0000004219 
                 39.0000000000                  23.0000000000                   0.0000000999 
                 39.0000000000                  23.5000000000                   0.0000001367 
                 39.0000000000                  24.0000000000                   0.0000022659 
                 39.0000000000                  24.5000000000                   0.0000011119 
                 39.0000000000                  25.0000000000                   0.0000021207 
                 39.0000000000                  25.5000000000                   0.0000008395 
                 39.0000000000                  26.0000000000                   0.0000072541 
                 39.0000000000                  26.5000000000                   0.0000038598 
                 39.0000000000                  27.0000000000                   0.0000231364 
                 39.0000000000                  27.5000000000                   0.0000657295 
                 39.0000000000                  28.0000000000                   0.0000101074 
                 39.0000000000                  28.5000000000                   0.0000684577 
                 39.0000000000                  29.0000000000                   0.0001065490 
                 39.0000000000                  29.5000000000                   0.0000063911 
                 39.0000000000                  30.0000000000                   0.0000173205 
                 39.0000000000                  30.5000000000                   0.0000388785 
                 39.0000000000                  31.0000000000                   0.0000137916 
                 39.0000000000                  31.5000000000                   0.0000015737 
                 39.0000000000                  32.0000000000                   0.0000188047 
                 39.0000000000                  32.5000000000                   0.0000114282 
                 39.0000000000                  33.0000000000                   0.0000001506 
                 39.0000000000                  33.5000000000                   0.0000027065 
                 39.0000000000                  34.0000000000                   0.0000001782 
                 39.0000000000                  34.5000000000                   0.0000004070 
                 39.0000000000                  35.0000000000                   0.0000000757 
                 39.0000000000                  35.5000000000                   0.0000000684 
                 39.0000000000                  36.0000000000                   0.0000000161 
                 39.0000000000                  36.5000000000                   0.0000000107 
                 39.0000000000                  37.0000000000                   0.0000000037 
                 39.0000000000                  37.5000000000                   0.0000000017 
                 39.0000000000                  38.0000000000                   0.0000000008 
                 39.0000000000                  38.5000000000                   0.0000000003 
                 39.0000000000                  39.0000000000                   0.0000000002 
                 39.0000000000                  39.5000000000                   0.0000000000 
                 39.0000000000                  40.0000000000                   0.0000000000 
                 39.0000000000                  40.5000000000                   0.0000000000 
                 39.0000000000                  41.0000000000                   0.0000000000 
                 39.0000000000                  41.5000000000                   0.0000000000 
                 39.0000000000                  42.0000000000                   0.0000000000 
                 39.0000000000                  42.5000000000                   0.0000000000 
                 39.0000000000                  43.0000000000                   0.0000000000 
                 39.0000000000                  43.5000000000                   0.0000000000 
                 39.0000000000                  44.0000000000                   0.0000000000 
                 39.0000000000                  44.5000000000                   0.0000000000 
                 39.0000000000                  45.0000000000                   0.0000000000 
                 39.0000000000                  45.5000000000                   0.0000000000 
                 39.0000000000                  46.0000000000                   0.0000000000 
                 39.0000000000                  46.5000000000                  -0.0000000000 
                 39.0000000000                  47.0000000000                   0.0000000000 
                 39.0000000000                  47.5000000000                  -0.0000000000 
                 39.0000000000                  48.0000000000                   0.0000000000 
                 39.0000000000                  48.5000000000                  -0.0000000000 
                 39.0000000000                  49.0000000000                   0.0000000000 
                 39.0000000000                  49.5000000000                  -0.0000000000 
                 39.0000000000                  50.0000000000                   0.0000000000 
                 39.5000000000                   0.0000000000                   0.0000000000 
                 39.5000000000                   0.5000000000                   0.0000000000 
                 39.5000000000                   1.0000000000                  -0.0000000000 
                 39.5000000000                   1.5000000000                   0.0000000000 
                 39.5000000000                   2.0000000000                  -0.0000000000 
                 39.5000000000                   2.5000000000                   0.0000000000 
                 39.5000000000                   3.0000000000                  -0.0000000000 
                 39.5000000000                   3.5000000000                   0.0000000000 
                 39.5000000000                   4.0000000000                  -0.0000000000 
                 39.5000000000                   4.5000000000                   0.0000000000 
                 39.5000000000                   5.0000000000                  -0.0000000000 
                 39.5000000000                   5.5000000000                   0.0000000000 
                 39.5000000000                   6.0000000000                  -0.0000000000 
                 39.5000000000                   6.5000000000                   0.0000000000 
                 39.5000000000                   7.0000000000                  -0.0000000000 
                 39.5000000000                   7.5000000000                   0.0000000000 
                 39.5000000000                   8.0000000000                  -0.0000000000 
                 39.5000000000                   8.5000000000                   0.0000000000 
                 39.5000000000                   9.0000000000                  -0.0000000000 
                 39.5000000000                   9.5000000000                   0.0000000000 
                 39.5000000000                  10.0000000000                  -0.0000000000 
                 39.5000000000                  10.5000000000                   0.0000000000 
                 39.5000000000                  11.0000000000                  -0.0000000000 
                 39.5000000000                  11.5000000000                   0.0000000000 
                 39.5000000000                  12.0000000000                  -0.0000000000 
                 39.5000000000                  12.5000000000                   0.0000000000 
                 39.5000000000                  13.0000000000                   0.0000000000 
                 39.5000000000                  13.5000000000                   0.0000000000 
                 39.5000000000                  14.0000000000                   0.0000000000 
                 39.5000000000                  14.5000000000                   0.0000000000 
                 39.5000000000                  15.0000000000                  -0.0000000000 
                 39.5000000000                  15.5000000000                   0.0000000000 
                 39.5000000000                  16.0000000000                   0.0000000000 
                 39.5000000000                  16.5000000000                   0.0000000000 
                 39.5000000000                  17.0000000000                   0.0000000000 
                 39.5000000000                  17.5000000000                   0.0000000001 
                 39.5000000000                  18.0000000000                   0.0000000000 
                 39.5000000000                  18.5000000000                   0.0000000004 
                 39.5000000000                  19.0000000000                   0.0000000000 
                 39.5000000000                  19.5000000000                   0.0000000019 
                 39.5000000000                  20.0000000000                   0.0000000003 
                 39.5000000000                  20.5000000000                   0.0000000086 
                 39.5000000000                  21.0000000000                   0.0000000015 
                 39.5000000000                  21.5000000000                   0.0000000402 
                 39.5000000000                  22.0000000000                   0.0000000183 
                 39.5000000000                  22.5000000000                   0.0000000824 
                 39.5000000000                  23.0000000000                   0.0000007300 
                 39.5000000000                  23.5000000000                   0.0000007894 
                 39.5000000000                  24.0000000000                   0.0000001176 
                 39.5000000000                  24.5000000000                   0.0000001872 
                 39.5000000000                  25.0000000000                   0.0000001528 
                 39.5000000000                  25.5000000000                   0.0000013089 
                 39.5000000000                  26.0000000000                   0.0000002128 
                 39.5000000000                  26.5000000000                   0.0000038821 
                 39.5000000000                  27.0000000000                   0.0000064322 
                 39.5000000000                  27.5000000000                   0.0000021410 
                 39.5000000000                  28.0000000000                   0.0000405429 
                 39.5000000000                  28.5000000000                   0.0000340838 
                 39.5000000000                  29.0000000000                   0.0000036938 
                 39.5000000000                  29.5000000000                   0.0000233249 
                 39.5000000000                  30.0000000000                   0.0000167194 
                 39.5000000000                  30.5000000000                   0.0000008238 
                 39.5000000000                  31.0000000000                   0.0000058002 
                 39.5000000000                  31.5000000000                   0.0000137611 
                 39.5000000000                  32.0000000000                   0.0000039740 
                 39.5000000000                  32.5000000000                   0.0000008382 
                 39.5000000000                  33.0000000000                   0.0000026098 
                 39.5000000000                  33.5000000000                   0.0000001559 
                 39.5000000000                  34.0000000000                   0.0000004436 
                 39.5000000000                  34.5000000000                   0.0000000730 
                 39.5000000000                  35.0000000000                   0.0000000653 
                 39.5000000000                  35.5000000000                   0.0000000205 
                 39.5000000000                  36.0000000000                   0.0000000115 
                 39.5000000000                  36.5000000000                   0.0000000039 
                 39.5000000000                  37.0000000000                   0.0000000019 
                 39.5000000000                  37.5000000000                   0.0000000007 
                 39.5000000000                  38.0000000000                   0.0000000003 
                 39.5000000000                  38.5000000000                   0.0000000001 
                 39.5000000000                  39.0000000000                   0.0000000000 
                 39.5000000000                  39.5000000000                   0.0000000000 
                 39.5000000000                  40.0000000000                   0.0000000000 
                 39.5000000000                  40.5000000000                   0.0000000000 
                 39.5000000000                  41.0000000000                   0.0000000000 
                 39.5000000000                  41.5000000000                   0.0000000000 
                 39.5000000000                  42.0000000000                   0.0000000000 
                 39.5000000000                  42.5000000000                   0.0000000000 
                 39.5000000000                  43.0000000000                   0.0000000000 
                 39.5000000000                  43.5000000000                   0.0000000000 
                 39.5000000000                  44.0000000000                   0.0000000000 
                 39.5000000000                  44.5000000000                   0.0000000000 
                 39.5000000000                  45.0000000000                   0.0000000000 
                 39.5000000000                  45.5000000000                   0.0000000000 
                 39.5000000000                  46.0000000000                   0.0000000000 
                 39.5000000000                  46.5000000000                   0.0000000000 
                 39.5000000000                  47.0000000000                  -0.0000000000 
                 39.5000000000                  47.5000000000                   0.0000000000 
                 39.5000000000                  48.0000000000                  -0.0000000000 
                 39.5000000000                  48.5000000000                   0.0000000000 
                 39.5000000000                  49.0000000000                  -0.0000000000 
                 39.5000000000                  49.5000000000                   0.0000000000 
                 39.5000000000                  50.0000000000                   0.0000000000 
                 40.0000000000                   0.0000000000                   0.0000000000 
                 40.0000000000                   0.5000000000                   0.0000000000 
                 40.0000000000                   1.0000000000                   0.0000000000 
                 40.0000000000                   1.5000000000                   0.0000000000 
                 40.0000000000                   2.0000000000                   0.0000000000 
                 40.0000000000                   2.5000000000                   0.0000000000 
                 40.0000000000                   3.0000000000                   0.0000000000 
                 40.0000000000                   3.5000000000                   0.0000000000 
                 40.0000000000                   4.0000000000                   0.0000000000 
                 40.0000000000                   4.5000000000                   0.0000000000 
                 40.0000000000                   5.0000000000                   0.0000000000 
                 40.0000000000                   5.5000000000                   0.0000000000 
                 40.0000000000                   6.0000000000                   0.0000000000 
                 40.0000000000                   6.5000000000                   0.0000000000 
                 40.0000000000                   7.0000000000                   0.0000000000 
                 40.0000000000                   7.5000000000                   0.0000000000 
                 40.0000000000                   8.0000000000                   0.0000000000 
                 40.0000000000                   8.5000000000                   0.0000000000 
                 40.0000000000                   9.0000000000                   0.0000000000 
                 40.0000000000                   9.5000000000                   0.0000000000 
                 40.0000000000                  10.0000000000                   0.0000000000 
                 40.0000000000                  10.5000000000                   0.0000000000 
                 40.0000000000                  11.0000000000                   0.0000000000 
                 40.0000000000                  11.5000000000                   0.0000000000 
                 40.0000000000                  12.0000000000                   0.0000000000 
                 40.0000000000                  12.5000000000                   0.0000000000 
                 40.0000000000                  13.0000000000                   0.0000000000 
                 40.0000000000                  13.5000000000                   0.0000000000 
                 40.0000000000                  14.0000000000                   0.0000000000 
                 40.0000000000                  14.5000000000                   0.0000000000 
                 40.0000000000                  15.0000000000                   0.0000000000 
                 40.0000000000                  15.5000000000                   0.0000000000 
                 40.0000000000                  16.0000000000                   0.0000000000 
                 40.0000000000                  16.5000000000                   0.0000000000 
                 40.0000000000                  17.0000000000                   0.0000000000 
                 40.0000000000                  17.5000000000                   0.0000000000 
                 40.0000000000                  18.0000000000                   0.0000000000 
                 40.0000000000                  18.5000000000                   0.0000000000 
                 40.0000000000                  19.0000000000                   0.0000000001 
                 40.0000000000                  19.5000000000                   0.0000000001 
                 40.0000000000                  20.0000000000                   0.0000000007 
                 40.0000000000                  20.5000000000                   0.0000000001 
                 40.0000000000                  21.0000000000                   0.0000000038 
                 40.0000000000                  21.5000000000                  -0.0000000009 
                 40.0000000000                  22.0000000000                   0.0000000235 
                 40.0000000000                  22.5000000000                   0.0000000418 
                 40.0000000000                  23.0000000000                  -0.0000000084 
                 40.0000000000                  23.5000000000                   0.0000000554 
                 40.0000000000                  24.0000000000                   0.0000004457 
                 40.0000000000                  24.5000000000                   0.0000002670 
                 40.0000000000                  25.0000000000                   0.0000002636 
                 40.0000000000                  25.5000000000                   0.0000000922 
                 40.0000000000                  26.0000000000                   0.0000010237 
                 40.0000000000                  26.5000000000                   0.0000011867 
                 40.0000000000                  27.0000000000                   0.0000023710 
                 40.0000000000                  27.5000000000                   0.0000129386 
                 40.0000000000                  28.0000000000                   0.0000056491 
                 40.0000000000                  28.5000000000                   0.0000082823 
                 40.0000000000                  29.0000000000                   0.0000189337 
                 40.0000000000                  29.5000000000                   0.0000048380 
                 40.0000000000                  30.0000000000                   0.0000010349 
                 40.0000000000                  30.5000000000                   0.0000053486 
                 40.0000000000                  31.0000000000                   0.0000032782 
                 40.0000000000                  31.5000000000                  -0.0000002253 
                 40.0000000000                  32.0000000000                   0.0000022577 
                 40.0000000000                  32.5000000000                   0.0000020177 
                 40.0000000000                  33.0000000000                   0.0000000322 
                 40.0000000000                  33.5000000000                   0.0000004455 
                 40.0000000000                  34.0000000000                   0.0000000388 
                 40.0000000000                  34.5000000000                   0.0000000658 
                 40.0000000000                  35.0000000000                   0.0000000153 
                 40.0000000000                  35.5000000000                   0.0000000117 
                 40.0000000000                  36.0000000000                   0.0000000033 
                 40.0000000000                  36.5000000000                   0.0000000021 
                 40.0000000000                  37.0000000000                   0.0000000007 
                 40.0000000000                  37.5000000000                   0.0000000004 
                 40.0000000000                  38.0000000000                   0.0000000002 
                 40.0000000000                  38.5000000000                   0.0000000001 
                 40.0000000000                  39.0000000000                   0.0000000000 
                 40.0000000000                  39.5000000000                   0.0000000000 
                 40.0000000000                  40.0000000000                   0.0000000000 
                 40.0000000000                  40.5000000000                   0.0000000000 
                 40.0000000000                  41.0000000000                   0.0000000000 
                 40.0000000000                  41.5000000000                   0.0000000000 
                 40.0000000000                  42.0000000000                   0.0000000000 
                 40.0000000000                  42.5000000000                   0.0000000000 
                 40.0000000000                  43.0000000000                   0.0000000000 
                 40.0000000000                  43.5000000000                   0.0000000000 
                 40.0000000000                  44.0000000000                   0.0000000000 
                 40.0000000000                  44.5000000000                   0.0000000000 
                 40.0000000000                  45.0000000000                   0.0000000000 
                 40.0000000000                  45.5000000000                   0.0000000000 
                 40.0000000000                  46.0000000000                   0.0000000000 
                 40.0000000000                  46.5000000000                   0.0000000000 
                 40.0000000000                  47.0000000000                   0.0000000000 
                 40.0000000000                  47.5000000000                   0.0000000000 
                 40.0000000000                  48.0000000000                   0.0000000000 
                 40.0000000000                  48.5000000000                  -0.0000000000 
                 40.0000000000                  49.0000000000                   0.0000000000 
                 40.0000000000                  49.5000000000                  -0.0000000000 
                 40.0000000000                  50.0000000000                   0.0000000000 
                 40.5000000000                   0.0000000000                   0.0000000000 
                 40.5000000000                   0.5000000000                   0.0000000000 
                 40.5000000000                   1.0000000000                  -0.0000000000 
                 40.5000000000                   1.5000000000                   0.0000000000 
                 40.5000000000                   2.0000000000                  -0.0000000000 
                 40.5000000000                   2.5000000000                   0.0000000000 
                 40.5000000000                   3.0000000000                  -0.0000000000 
                 40.5000000000                   3.5000000000                   0.0000000000 
                 40.5000000000                   4.0000000000                  -0.0000000000 
                 40.5000000000                   4.5000000000                   0.0000000000 
                 40.5000000000                   5.0000000000                  -0.0000000000 
                 40.5000000000                   5.5000000000                   0.0000000000 
                 40.5000000000                   6.0000000000                  -0.0000000000 
                 40.5000000000                   6.5000000000                   0.0000000000 
                 40.5000000000                   7.0000000000                  -0.0000000000 
                 40.5000000000                   7.5000000000                   0.0000000000 
                 40.5000000000                   8.0000000000                  -0.0000000000 
                 40.5000000000                   8.5000000000                   0.0000000000 
                 40.5000000000                   9.0000000000                  -0.0000000000 
                 40.5000000000                   9.5000000000                   0.0000000000 
                 40.5000000000                  10.0000000000                  -0.0000000000 
                 40.5000000000                  10.5000000000                   0.0000000000 
                 40.5000000000                  11.0000000000                  -0.0000000000 
                 40.5000000000                  11.5000000000                   0.0000000000 
                 40.5000000000                  12.0000000000                  -0.0000000000 
                 40.5000000000                  12.5000000000                   0.0000000000 
                 40.5000000000                  13.0000000000                  -0.0000000000 
                 40.5000000000                  13.5000000000                   0.0000000000 
                 40.5000000000                  14.0000000000                   0.0000000000 
                 40.5000000000                  14.5000000000                   0.0000000000 
                 40.5000000000                  15.0000000000                   0.0000000000 
                 40.5000000000                  15.5000000000                   0.0000000000 
                 40.5000000000                  16.0000000000                   0.0000000000 
                 40.5000000000                  16.5000000000                   0.0000000000 
                 40.5000000000                  17.0000000000                   0.0000000000 
                 40.5000000000                  17.5000000000                   0.0000000000 
                 40.5000000000                  18.0000000000                   0.0000000000 
                 40.5000000000                  18.5000000000                   0.0000000001 
                 40.5000000000                  19.0000000000                   0.0000000000 
                 40.5000000000                  19.5000000000                   0.0000000004 
                 40.5000000000                  20.0000000000                   0.0000000001 
                 40.5000000000                  20.5000000000                   0.0000000016 
                 40.5000000000                  21.0000000000                   0.0000000003 
                 40.5000000000                  21.5000000000                   0.0000000072 
                 40.5000000000                  22.0000000000                   0.0000000026 
                 40.5000000000                  22.5000000000                   0.0000000197 
                 40.5000000000                  23.0000000000                   0.0000001308 
                 40.5000000000                  23.5000000000                   0.0000001109 
                 40.5000000000                  24.0000000000                   0.0000000003 
                 40.5000000000                  24.5000000000                   0.0000000145 
                 40.5000000000                  25.0000000000                   0.0000000587 
                 40.5000000000                  25.5000000000                   0.0000002287 
                 40.5000000000                  26.0000000000                   0.0000001376 
                 40.5000000000                  26.5000000000                   0.0000003819 
                 40.5000000000                  27.0000000000                   0.0000017044 
                 40.5000000000                  27.5000000000                  -0.0000000021 
                 40.5000000000                  28.0000000000                   0.0000056576 
                 40.5000000000                  28.5000000000                   0.0000075483 
                 40.5000000000                  29.0000000000                   0.0000006185 
                 40.5000000000                  29.5000000000                   0.0000020342 
                 40.5000000000                  30.0000000000                   0.0000029752 
                 40.5000000000                  30.5000000000                   0.0000004664 
                 40.5000000000                  31.0000000000                   0.0000004889 
                 40.5000000000                  31.5000000000                   0.0000020892 
                 40.5000000000                  32.0000000000                   0.0000007648 
                 40.5000000000                  32.5000000000                   0.0000001279 
                 40.5000000000                  33.0000000000                   0.0000004520 
                 40.5000000000                  33.5000000000                   0.0000000320 
                 40.5000000000                  34.0000000000                   0.0000000747 
                 40.5000000000                  34.5000000000                   0.0000000146 
                 40.5000000000                  35.0000000000                   0.0000000112 
                 40.5000000000                  35.5000000000                   0.0000000040 
                 40.5000000000                  36.0000000000                   0.0000000021 
                 40.5000000000                  36.5000000000                   0.0000000008 
                 40.5000000000                  37.0000000000                   0.0000000004 
                 40.5000000000                  37.5000000000                   0.0000000001 
                 40.5000000000                  38.0000000000                   0.0000000001 
                 40.5000000000                  38.5000000000                   0.0000000000 
                 40.5000000000                  39.0000000000                   0.0000000000 
                 40.5000000000                  39.5000000000                   0.0000000000 
                 40.5000000000                  40.0000000000                   0.0000000000 
                 40.5000000000                  40.5000000000                   0.0000000000 
                 40.5000000000                  41.0000000000                   0.0000000000 
                 40.5000000000                  41.5000000000                   0.0000000000 
                 40.5000000000                  42.0000000000                   0.0000000000 
                 40.5000000000                  42.5000000000                   0.0000000000 
                 40.5000000000                  43.0000000000                   0.0000000000 
                 40.5000000000                  43.5000000000                   0.0000000000 
                 40.5000000000                  44.0000000000                   0.0000000000 
                 40.5000000000                  44.5000000000                   0.0000000000 
                 40.5000000000                  45.0000000000                   0.0000000000 
                 40.5000000000                  45.5000000000                   0.0000000000 
                 40.5000000000                  46.0000000000                   0.0000000000 
                 40.5000000000                  46.5000000000                   0.0000000000 
                 40.5000000000                  47.0000000000                   0.0000000000 
                 40.5000000000                  47.5000000000                   0.0000000000 
                 40.5000000000                  48.0000000000                   0.0000000000 
                 40.5000000000                  48.5000000000                   0.0000000000 
                 40.5000000000                  49.0000000000                  -0.0000000000 
                 40.5000000000                  49.5000000000                   0.0000000000 
                 40.5000000000                  50.0000000000                   0.0000000000 
                 41.0000000000                   0.0000000000                   0.0000000000 
                 41.0000000000                   0.5000000000                   0.0000000000 
                 41.0000000000                   1.0000000000                   0.0000000000 
                 41.0000000000                   1.5000000000                   0.0000000000 
                 41.0000000000                   2.0000000000                   0.0000000000 
                 41.0000000000                   2.5000000000                   0.0000000000 
                 41.0000000000                   3.0000000000                   0.0000000000 
                 41.0000000000                   3.5000000000                   0.0000000000 
                 41.0000000000                   4.0000000000                   0.0000000000 
                 41.0000000000                   4.5000000000                   0.0000000000 
                 41.0000000000                   5.0000000000                   0.0000000000 
                 41.0000000000                   5.5000000000                   0.0000000000 
                 41.0000000000                   6.0000000000                   0.0000000000 
                 41.0000000000                   6.5000000000                   0.0000000000 
                 41.0000000000                   7.0000000000                   0.0000000000 
                 41.0000000000                   7.5000000000                   0.0000000000 
                 41.0000000000                   8.0000000000                   0.0000000000 
                 41.0000000000                   8.5000000000                   0.0000000000 
                 41.0000000000                   9.0000000000                   0.0000000000 
                 41.0000000000                   9.5000000000                   0.0000000000 
                 41.0000000000                  10.0000000000                   0.0000000000 
                 41.0000000000                  10.5000000000                   0.0000000000 
                 41.0000000000                  11.0000000000                   0.0000000000 
                 41.0000000000                  11.5000000000                   0.0000000000 
                 41.0000000000                  12.0000000000                   0.0000000000 
                 41.0000000000                  12.5000000000                   0.0000000000 
                 41.0000000000                  13.0000000000                   0.0000000000 
                 41.0000000000                  13.5000000000                   0.0000000000 
                 41.0000000000                  14.0000000000                   0.0000000000 
                 41.0000000000                  14.5000000000                   0.0000000000 
                 41.0000000000                  15.0000000000                   0.0000000000 
                 41.0000000000                  15.5000000000                   0.0000000000 
                 41.0000000000                  16.0000000000                   0.0000000000 
                 41.0000000000                  16.5000000000                   0.0000000000 
                 41.0000000000                  17.0000000000                   0.0000000000 
                 41.0000000000                  17.5000000000                   0.0000000000 
                 41.0000000000                  18.0000000000                   0.0000000000 
                 41.0000000000                  18.5000000000                   0.0000000000 
                 41.0000000000                  19.0000000000                   0.0000000000 
                 41.0000000000                  19.5000000000                   0.0000000000 
                 41.0000000000                  20.0000000000                   0.0000000001 
                 41.0000000000                  20.5000000000                   0.0000000001 
                 41.0000000000                  21.0000000000                   0.0000000006 
                 41.0000000000                  21.5000000000                  -0.0000000000 
                 41.0000000000                  22.0000000000                   0.0000000040 
                 41.0000000000                  22.5000000000                   0.0000000039 
                 41.0000000000                  23.0000000000                  -0.0000000029 
                 41.0000000000                  23.5000000000                   0.0000000163 
                 41.0000000000                  24.0000000000                   0.0000000840 
                 41.0000000000                  24.5000000000                   0.0000000593 
                 41.0000000000                  25.0000000000                   0.0000000314 
                 41.0000000000                  25.5000000000                   0.0000000170 
                 41.0000000000                  26.0000000000                   0.0000001243 
                 41.0000000000                  26.5000000000                   0.0000003014 
                 41.0000000000                  27.0000000000                   0.0000001577 
                 41.0000000000                  27.5000000000                   0.0000022639 
                 41.0000000000                  28.0000000000                   0.0000016536 
                 41.0000000000                  28.5000000000                   0.0000006617 
                 41.0000000000                  29.0000000000                   0.0000024610 
                 41.0000000000                  29.5000000000                   0.0000010872 
                 41.0000000000                  30.0000000000                  -0.0000000376 
                 41.0000000000                  30.5000000000                   0.0000006278 
                 41.0000000000                  31.0000000000                   0.0000005894 
                 41.0000000000                  31.5000000000                  -0.0000000690 
                 41.0000000000                  32.0000000000                   0.0000003424 
                 41.0000000000                  32.5000000000                   0.0000003639 
                 41.0000000000                  33.0000000000                   0.0000000052 
                 41.0000000000                  33.5000000000                   0.0000000776 
                 41.0000000000                  34.0000000000                   0.0000000078 
                 41.0000000000                  34.5000000000                   0.0000000111 
                 41.0000000000                  35.0000000000                   0.0000000030 
                 41.0000000000                  35.5000000000                   0.0000000021 
                 41.0000000000                  36.0000000000                   0.0000000007 
                 41.0000000000                  36.5000000000                   0.0000000004 
                 41.0000000000                  37.0000000000                   0.0000000001 
                 41.0000000000                  37.5000000000                   0.0000000001 
                 41.0000000000                  38.0000000000                   0.0000000000 
                 41.0000000000                  38.5000000000                   0.0000000000 
                 41.0000000000                  39.0000000000                   0.0000000000 
                 41.0000000000                  39.5000000000                   0.0000000000 
                 41.0000000000                  40.0000000000                   0.0000000000 
                 41.0000000000                  40.5000000000                   0.0000000000 
                 41.0000000000                  41.0000000000                   0.0000000000 
                 41.0000000000                  41.5000000000                   0.0000000000 
                 41.0000000000                  42.0000000000                   0.0000000000 
                 41.0000000000                  42.5000000000                   0.0000000000 
                 41.0000000000                  43.0000000000                   0.0000000000 
                 41.0000000000                  43.5000000000                   0.0000000000 
                 41.0000000000                  44.0000000000                   0.0000000000 
                 41.0000000000                  44.5000000000                   0.0000000000 
                 41.0000000000                  45.0000000000                   0.0000000000 
                 41.0000000000                  45.5000000000                   0.0000000000 
                 41.0000000000                  46.0000000000                   0.0000000000 
                 41.0000000000                  46.5000000000                   0.0000000000 
                 41.0000000000                  47.0000000000                   0.0000000000 
                 41.0000000000                  47.5000000000                   0.0000000000 
                 41.0000000000                  48.0000000000                   0.0000000000 
                 41.0000000000                  48.5000000000                   0.0000000000 
                 41.0000000000                  49.0000000000                   0.0000000000 
                 41.0000000000                  49.5000000000                  -0.0000000000 
                 41.0000000000                  50.0000000000                   0.0000000000 
                 41.5000000000                   0.0000000000                   0.0000000000 
                 41.5000000000                   0.5000000000                   0.0000000000 
                 41.5000000000                   1.0000000000                  -0.0000000000 
                 41.5000000000                   1.5000000000                   0.0000000000 
                 41.5000000000                   2.0000000000                  -0.0000000000 
                 41.5000000000                   2.5000000000                   0.0000000000 
                 41.5000000000                   3.0000000000                  -0.0000000000 
                 41.5000000000                   3.5000000000                   0.0000000000 
                 41.5000000000                   4.0000000000                  -0.0000000000 
                 41.5000000000                   4.5000000000                   0.0000000000 
                 41.5000000000                   5.0000000000                  -0.0000000000 
                 41.5000000000                   5.5000000000                   0.0000000000 
                 41.5000000000                   6.0000000000                  -0.0000000000 
                 41.5000000000                   6.5000000000                   0.0000000000 
                 41.5000000000                   7.0000000000                  -0.0000000000 
                 41.5000000000                   7.5000000000                   0.0000000000 
                 41.5000000000                   8.0000000000                  -0.0000000000 
                 41.5000000000                   8.5000000000                   0.0000000000 
                 41.5000000000                   9.0000000000                  -0.0000000000 
                 41.5000000000                   9.5000000000                   0.0000000000 
                 41.5000000000                  10.0000000000                  -0.0000000000 
                 41.5000000000                  10.5000000000                   0.0000000000 
                 41.5000000000                  11.0000000000                  -0.0000000000 
                 41.5000000000                  11.5000000000                   0.0000000000 
                 41.5000000000                  12.0000000000                  -0.0000000000 
                 41.5000000000                  12.5000000000                   0.0000000000 
                 41.5000000000                  13.0000000000                  -0.0000000000 
                 41.5000000000                  13.5000000000                   0.0000000000 
                 41.5000000000                  14.0000000000                  -0.0000000000 
                 41.5000000000                  14.5000000000                   0.0000000000 
                 41.5000000000                  15.0000000000                  -0.0000000000 
                 41.5000000000                  15.5000000000                   0.0000000000 
                 41.5000000000                  16.0000000000                   0.0000000000 
                 41.5000000000                  16.5000000000                   0.0000000000 
                 41.5000000000                  17.0000000000                   0.0000000000 
                 41.5000000000                  17.5000000000                   0.0000000000 
                 41.5000000000                  18.0000000000                   0.0000000000 
                 41.5000000000                  18.5000000000                   0.0000000000 
                 41.5000000000                  19.0000000000                   0.0000000000 
                 41.5000000000                  19.5000000000                   0.0000000001 
                 41.5000000000                  20.0000000000                   0.0000000000 
                 41.5000000000                  20.5000000000                   0.0000000003 
                 41.5000000000                  21.0000000000                   0.0000000001 
                 41.5000000000                  21.5000000000                   0.0000000013 
                 41.5000000000                  22.0000000000                   0.0000000003 
                 41.5000000000                  22.5000000000                   0.0000000047 
                 41.5000000000                  23.0000000000                   0.0000000232 
                 41.5000000000                  23.5000000000                   0.0000000143 
                 41.5000000000                  24.0000000000                   0.0000000000 
                 41.5000000000                  24.5000000000                   0.0000000007 
                 41.5000000000                  25.0000000000                   0.0000000171 
                 41.5000000000                  25.5000000000                   0.0000000373 
                 41.5000000000                  26.0000000000                   0.0000000392 
                 41.5000000000                  26.5000000000                   0.0000000209 
                 41.5000000000                  27.0000000000                   0.0000003509 
                 41.5000000000                  27.5000000000                   0.0000000661 
                 41.5000000000                  28.0000000000                   0.0000007237 
                 41.5000000000                  28.5000000000                   0.0000012974 
                 41.5000000000                  29.0000000000                   0.0000001646 
                 41.5000000000                  29.5000000000                   0.0000001686 
                 41.5000000000                  30.0000000000                   0.0000004857 
                 41.5000000000                  30.5000000000                   0.0000001094 
                 41.5000000000                  31.0000000000                   0.0000000731 
                 41.5000000000                  31.5000000000                   0.0000003614 
                 41.5000000000                  32.0000000000                   0.0000001400 
                 41.5000000000                  32.5000000000                   0.0000000214 
                 41.5000000000                  33.0000000000                   0.0000000806 
                 41.5000000000                  33.5000000000                   0.0000000061 
                 41.5000000000                  34.0000000000                   0.0000000129 
                 41.5000000000                  34.5000000000                   0.0000000028 
                 41.5000000000                  35.0000000000                   0.0000000020 
                 41.5000000000                  35.5000000000                   0.0000000008 
                 41.5000000000                  36.0000000000                   0.0000000004 
                 41.5000000000                  36.5000000000                   0.0000000002 
                 41.5000000000                  37.0000000000                   0.0000000001 
                 41.5000000000                  37.5000000000                   0.0000000000 
                 41.5000000000                  38.0000000000                   0.0000000000 
                 41.5000000000                  38.5000000000                   0.0000000000 
                 41.5000000000                  39.0000000000                   0.0000000000 
                 41.5000000000                  39.5000000000                   0.0000000000 
                 41.5000000000                  40.0000000000                   0.0000000000 
                 41.5000000000                  40.5000000000                   0.0000000000 
                 41.5000000000                  41.0000000000                   0.0000000000 
                 41.5000000000                  41.5000000000                   0.0000000000 
                 41.5000000000                  42.0000000000                   0.0000000000 
                 41.5000000000                  42.5000000000                   0.0000000000 
                 41.5000000000                  43.0000000000                   0.0000000000 
                 41.5000000000                  43.5000000000                   0.0000000000 
                 41.5000000000                  44.0000000000                   0.0000000000 
                 41.5000000000                  44.5000000000                   0.0000000000 
                 41.5000000000                  45.0000000000                   0.0000000000 
                 41.5000000000                  45.5000000000                   0.0000000000 
                 41.5000000000                  46.0000000000                   0.0000000000 
                 41.5000000000                  46.5000000000                   0.0000000000 
                 41.5000000000                  47.0000000000                   0.0000000000 
                 41.5000000000                  47.5000000000                   0.0000000000 
                 41.5000000000                  48.0000000000                   0.0000000000 
                 41.5000000000                  48.5000000000                   0.0000000000 
                 41.5000000000                  49.0000000000                  -0.0000000000 
                 41.5000000000                  49.5000000000                   0.0000000000 
                 41.5000000000                  50.0000000000                   0.0000000000 
                 42.0000000000                   0.0000000000                   0.0000000000 
                 42.0000000000                   0.5000000000                   0.0000000000 
                 42.0000000000                   1.0000000000                   0.0000000000 
                 42.0000000000                   1.5000000000                   0.0000000000 
                 42.0000000000                   2.0000000000                   0.0000000000 
                 42.0000000000                   2.5000000000                   0.0000000000 
                 42.0000000000                   3.0000000000                   0.0000000000 
                 42.0000000000                   3.5000000000                   0.0000000000 
                 42.0000000000                   4.0000000000                   0.0000000000 
                 42.0000000000                   4.5000000000                   0.0000000000 
                 42.0000000000                   5.0000000000                   0.0000000000 
                 42.0000000000                   5.5000000000                   0.0000000000 
                 42.0000000000                   6.0000000000                   0.0000000000 
                 42.0000000000                   6.5000000000                   0.0000000000 
                 42.0000000000                   7.0000000000                   0.0000000000 
                 42.0000000000                   7.5000000000                   0.0000000000 
                 42.0000000000                   8.0000000000                   0.0000000000 
                 42.0000000000                   8.5000000000                   0.0000000000 
                 42.0000000000                   9.0000000000                   0.0000000000 
                 42.0000000000                   9.5000000000                   0.0000000000 
                 42.0000000000                  10.0000000000                   0.0000000000 
                 42.0000000000                  10.5000000000                   0.0000000000 
                 42.0000000000                  11.0000000000                   0.0000000000 
                 42.0000000000                  11.5000000000                   0.0000000000 
                 42.0000000000                  12.0000000000                   0.0000000000 
                 42.0000000000                  12.5000000000                   0.0000000000 
                 42.0000000000                  13.0000000000                   0.0000000000 
                 42.0000000000                  13.5000000000                   0.0000000000 
                 42.0000000000                  14.0000000000                   0.0000000000 
                 42.0000000000                  14.5000000000                   0.0000000000 
                 42.0000000000                  15.0000000000                   0.0000000000 
                 42.0000000000                  15.5000000000                   0.0000000000 
                 42.0000000000                  16.0000000000                   0.0000000000 
                 42.0000000000                  16.5000000000                   0.0000000000 
                 42.0000000000                  17.0000000000                   0.0000000000 
                 42.0000000000                  17.5000000000                   0.0000000000 
                 42.0000000000                  18.0000000000                   0.0000000000 
                 42.0000000000                  18.5000000000                   0.0000000000 
                 42.0000000000                  19.0000000000                   0.0000000000 
                 42.0000000000                  19.5000000000                   0.0000000000 
                 42.0000000000                  20.0000000000                   0.0000000000 
                 42.0000000000                  20.5000000000                   0.0000000000 
                 42.0000000000                  21.0000000000                   0.0000000001 
                 42.0000000000                  21.5000000000                   0.0000000001 
                 42.0000000000                  22.0000000000                   0.0000000006 
                 42.0000000000                  22.5000000000                   0.0000000003 
                 42.0000000000                  23.0000000000                  -0.0000000001 
                 42.0000000000                  23.5000000000                   0.0000000047 
                 42.0000000000                  24.0000000000                   0.0000000155 
                 42.0000000000                  24.5000000000                   0.0000000122 
                 42.0000000000                  25.0000000000                   0.0000000033 
                 42.0000000000                  25.5000000000                   0.0000000034 
                 42.0000000000                  26.0000000000                   0.0000000140 
                 42.0000000000                  26.5000000000                   0.0000000637 
                 42.0000000000                  27.0000000000                   0.0000000060 
                 42.0000000000                  27.5000000000                   0.0000003639 
                 42.0000000000                  28.0000000000                   0.0000003420 
                 42.0000000000                  28.5000000000                   0.0000000576 
                 42.0000000000                  29.0000000000                   0.0000003398 
                 42.0000000000                  29.5000000000                   0.0000002065 
                 42.0000000000                  30.0000000000                  -0.0000000106 
                 42.0000000000                  30.5000000000                   0.0000000987 
                 42.0000000000                  31.0000000000                   0.0000001082 
                 42.0000000000                  31.5000000000                  -0.0000000112 
                 42.0000000000                  32.0000000000                   0.0000000618 
                 42.0000000000                  32.5000000000                   0.0000000681 
                 42.0000000000                  33.0000000000                   0.0000000014 
                 42.0000000000                  33.5000000000                   0.0000000138 
                 42.0000000000                  34.0000000000                   0.0000000016 
                 42.0000000000                  34.5000000000                   0.0000000019 
                 42.0000000000                  35.0000000000                   0.0000000006 
                 42.0000000000                  35.5000000000                   0.0000000004 
                 42.0000000000                  36.0000000000                   0.0000000001 
                 42.0000000000                  36.5000000000                   0.0000000001 
                 42.0000000000                  37.0000000000                   0.0000000000 
                 42.0000000000                  37.5000000000                   0.0000000000 
                 42.0000000000                  38.0000000000                   0.0000000000 
                 42.0000000000                  38.5000000000                   0.0000000000 
                 42.0000000000                  39.0000000000                   0.0000000000 
                 42.0000000000                  39.5000000000                   0.0000000000 
                 42.0000000000                  40.0000000000                   0.0000000000 
                 42.0000000000                  40.5000000000                   0.0000000000 
                 42.0000000000                  41.0000000000                   0.0000000000 
                 42.0000000000                  41.5000000000                   0.0000000000 
                 42.0000000000                  42.0000000000                   0.0000000000 
                 42.0000000000                  42.5000000000                   0.0000000000 
                 42.0000000000                  43.0000000000                   0.0000000000 
                 42.0000000000                  43.5000000000                   0.0000000000 
                 42.0000000000                  44.0000000000                   0.0000000000 
                 42.0000000000                  44.5000000000                   0.0000000000 
                 42.0000000000                  45.0000000000                   0.0000000000 
                 42.0000000000                  45.5000000000                   0.0000000000 
                 42.0000000000                  46.0000000000                   0.0000000000 
                 42.0000000000                  46.5000000000                   0.0000000000 
                 42.0000000000                  47.0000000000                   0.0000000000 
                 42.0000000000                  47.5000000000                   0.0000000000 
                 42.0000000000                  48.0000000000                   0.0000000000 
                 42.0000000000                  48.5000000000                   0.0000000000 
                 42.0000000000                  49.0000000000                   0.0000000000 
                 42.0000000000                  49.5000000000                  -0.0000000000 
                 42.0000000000                  50.0000000000                   0.0000000000 
                 42.5000000000                   0.0000000000                   0.0000000000 
                 42.5000000000                   0.5000000000                   0.0000000000 
                 42.5000000000                   1.0000000000                  -0.0000000000 
                 42.5000000000                   1.5000000000                   0.0000000000 
                 42.5000000000                   2.0000000000                  -0.0000000000 
                 42.5000000000                   2.5000000000                   0.0000000000 
                 42.5000000000                   3.0000000000                  -0.0000000000 
                 42.5000000000                   3.5000000000                   0.0000000000 
                 42.5000000000                   4.0000000000                  -0.0000000000 
                 42.5000000000                   4.5000000000                   0.0000000000 
                 42.5000000000                   5.0000000000                  -0.0000000000 
                 42.5000000000                   5.5000000000                   0.0000000000 
                 42.5000000000                   6.0000000000                  -0.0000000000 
                 42.5000000000                   6.5000000000                   0.0000000000 
                 42.5000000000                   7.0000000000                  -0.0000000000 
                 42.5000000000                   7.5000000000                   0.0000000000 
                 42.5000000000                   8.0000000000                  -0.0000000000 
                 42.5000000000                   8.5000000000                   0.0000000000 
                 42.5000000000                   9.0000000000                  -0.0000000000 
                 42.5000000000                   9.5000000000                   0.0000000000 
                 42.5000000000                  10.0000000000                  -0.0000000000 
                 42.5000000000                  10.5000000000                   0.0000000000 
                 42.5000000000                  11.0000000000                  -0.0000000000 
                 42.5000000000                  11.5000000000                   0.0000000000 
                 42.5000000000                  12.0000000000                  -0.0000000000 
                 42.5000000000                  12.5000000000                   0.0000000000 
                 42.5000000000                  13.0000000000                  -0.0000000000 
                 42.5000000000                  13.5000000000                   0.0000000000 
                 42.5000000000                  14.0000000000                  -0.0000000000 
                 42.5000000000                  14.5000000000                   0.0000000000 
                 42.5000000000                  15.0000000000                  -0.0000000000 
                 42.5000000000                  15.5000000000                   0.0000000000 
                 42.5000000000                  16.0000000000                  -0.0000000000 
                 42.5000000000                  16.5000000000                   0.0000000000 
                 42.5000000000                  17.0000000000                   0.0000000000 
                 42.5000000000                  17.5000000000                   0.0000000000 
                 42.5000000000                  18.0000000000                   0.0000000000 
                 42.5000000000                  18.5000000000                   0.0000000000 
                 42.5000000000                  19.0000000000                   0.0000000000 
                 42.5000000000                  19.5000000000                   0.0000000000 
                 42.5000000000                  20.0000000000                   0.0000000000 
                 42.5000000000                  20.5000000000                   0.0000000001 
                 42.5000000000                  21.0000000000                   0.0000000000 
                 42.5000000000                  21.5000000000                   0.0000000002 
                 42.5000000000                  22.0000000000                   0.0000000000 
                 42.5000000000                  22.5000000000                   0.0000000011 
                 42.5000000000                  23.0000000000                   0.0000000037 
                 42.5000000000                  23.5000000000                   0.0000000016 
                 42.5000000000                  24.0000000000                   0.0000000005 
                 42.5000000000                  24.5000000000                   0.0000000001 
                 42.5000000000                  25.0000000000                   0.0000000039 
                 42.5000000000                  25.5000000000                   0.0000000061 
                 42.5000000000                  26.0000000000                   0.0000000089 
                 42.5000000000                  26.5000000000                  -0.0000000003 
                 42.5000000000                  27.0000000000                   0.0000000648 
                 42.5000000000                  27.5000000000                   0.0000000227 
                 42.5000000000                  28.0000000000                   0.0000001019 
                 42.5000000000                  28.5000000000                   0.0000002180 
                 42.5000000000                  29.0000000000                   0.0000000388 
                 42.5000000000                  29.5000000000                   0.0000000214 
                 42.5000000000                  30.0000000000                   0.0000000867 
                 42.5000000000                  30.5000000000                   0.0000000242 
                 42.5000000000                  31.0000000000                   0.0000000118 
                 42.5000000000                  31.5000000000                   0.0000000670 
                 42.5000000000                  32.0000000000                   0.0000000298 
                 42.5000000000                  32.5000000000                   0.0000000037 
                 42.5000000000                  33.0000000000                   0.0000000144 
                 42.5000000000                  33.5000000000                   0.0000000011 
                 42.5000000000                  34.0000000000                   0.0000000021 
                 42.5000000000                  34.5000000000                   0.0000000005 
                 42.5000000000                  35.0000000000                   0.0000000003 
                 42.5000000000                  35.5000000000                   0.0000000001 
                 42.5000000000                  36.0000000000                   0.0000000001 
                 42.5000000000                  36.5000000000                   0.0000000000 
                 42.5000000000                  37.0000000000                   0.0000000000 
                 42.5000000000                  37.5000000000                   0.0000000000 
                 42.5000000000                  38.0000000000                   0.0000000000 
                 42.5000000000                  38.5000000000                   0.0000000000 
                 42.5000000000                  39.0000000000                   0.0000000000 
                 42.5000000000                  39.5000000000                   0.0000000000 
                 42.5000000000                  40.0000000000                   0.0000000000 
                 42.5000000000                  40.5000000000                   0.0000000000 
                 42.5000000000                  41.0000000000                   0.0000000000 
                 42.5000000000                  41.5000000000                   0.0000000000 
                 42.5000000000                  42.0000000000                   0.0000000000 
                 42.5000000000                  42.5000000000                   0.0000000000 
                 42.5000000000                  43.0000000000                   0.0000000000 
                 42.5000000000                  43.5000000000                   0.0000000000 
                 42.5000000000                  44.0000000000                   0.0000000000 
                 42.5000000000                  44.5000000000                   0.0000000000 
                 42.5000000000                  45.0000000000                   0.0000000000 
                 42.5000000000                  45.5000000000                   0.0000000000 
                 42.5000000000                  46.0000000000                   0.0000000000 
                 42.5000000000                  46.5000000000                   0.0000000000 
                 42.5000000000                  47.0000000000                   0.0000000000 
                 42.5000000000                  47.5000000000                   0.0000000000 
                 42.5000000000                  48.0000000000                   0.0000000000 
                 42.5000000000                  48.5000000000                   0.0000000000 
                 42.5000000000                  49.0000000000                  -0.0000000000 
                 42.5000000000                  49.5000000000                   0.0000000000 
                 42.5000000000                  50.0000000000                   0.0000000000 
                 43.0000000000                   0.0000000000                   0.0000000000 
                 43.0000000000                   0.5000000000                   0.0000000000 
                 43.0000000000                   1.0000000000                   0.0000000000 
                 43.0000000000                   1.5000000000                   0.0000000000 
                 43.0000000000                   2.0000000000                   0.0000000000 
                 43.0000000000                   2.5000000000                   0.0000000000 
                 43.0000000000                   3.0000000000                   0.0000000000 
                 43.0000000000                   3.5000000000                   0.0000000000 
                 43.0000000000                   4.0000000000                   0.0000000000 
                 43.0000000000                   4.5000000000                   0.0000000000 
                 43.0000000000                   5.0000000000                   0.0000000000 
                 43.0000000000                   5.5000000000                   0.0000000000 
                 43.0000000000                   6.0000000000                   0.0000000000 
                 43.0000000000                   6.5000000000                   0.0000000000 
                 43.0000000000                   7.0000000000                   0.0000000000 
                 43.0000000000                   7.5000000000                   0.0000000000 
                 43.0000000000                   8.0000000000                   0.0000000000 
                 43.0000000000                   8.5000000000                   0.0000000000 
                 43.0000000000                   9.0000000000                   0.0000000000 
                 43.0000000000                   9.5000000000                   0.0000000000 
                 43.0000000000                  10.0000000000                   0.0000000000 
                 43.0000000000                  10.5000000000                   0.0000000000 
                 43.0000000000                  11.0000000000                   0.0000000000 
                 43.0000000000                  11.5000000000                   0.0000000000 
                 43.0000000000                  12.0000000000                   0.0000000000 
                 43.0000000000                  12.5000000000                   0.0000000000 
                 43.0000000000                  13.0000000000                   0.0000000000 
                 43.0000000000                  13.5000000000                   0.0000000000 
                 43.0000000000                  14.0000000000                   0.0000000000 
                 43.0000000000                  14.5000000000                   0.0000000000 
                 43.0000000000                  15.0000000000                   0.0000000000 
                 43.0000000000                  15.5000000000                   0.0000000000 
                 43.0000000000                  16.0000000000                   0.0000000000 
                 43.0000000000                  16.5000000000                   0.0000000000 
                 43.0000000000                  17.0000000000                   0.0000000000 
                 43.0000000000                  17.5000000000                   0.0000000000 
                 43.0000000000                  18.0000000000                   0.0000000000 
                 43.0000000000                  18.5000000000                   0.0000000000 
                 43.0000000000                  19.0000000000                   0.0000000000 
                 43.0000000000                  19.5000000000                   0.0000000000 
                 43.0000000000                  20.0000000000                   0.0000000000 
                 43.0000000000                  20.5000000000                   0.0000000000 
                 43.0000000000                  21.0000000000                   0.0000000000 
                 43.0000000000                  21.5000000000                   0.0000000000 
                 43.0000000000                  22.0000000000                   0.0000000001 
                 43.0000000000                  22.5000000000                   0.0000000000 
                 43.0000000000                  23.0000000000                   0.0000000001 
                 43.0000000000                  23.5000000000                   0.0000000011 
                 43.0000000000                  24.0000000000                   0.0000000025 
                 43.0000000000                  24.5000000000                   0.0000000021 
                 43.0000000000                  25.0000000000                   0.0000000003 
                 43.0000000000                  25.5000000000                   0.0000000007 
                 43.0000000000                  26.0000000000                   0.0000000014 
                 43.0000000000                  26.5000000000                   0.0000000124 
                 43.0000000000                  27.0000000000                  -0.0000000003 
                 43.0000000000                  27.5000000000                   0.0000000607 
                 43.0000000000                  28.0000000000                   0.0000000652 
                 43.0000000000                  28.5000000000                   0.0000000072 
                 43.0000000000                  29.0000000000                   0.0000000552 
                 43.0000000000                  29.5000000000                   0.0000000403 
                 43.0000000000                  30.0000000000                  -0.0000000013 
                 43.0000000000                  30.5000000000                   0.0000000165 
                 43.0000000000                  31.0000000000                   0.0000000208 
                 43.0000000000                  31.5000000000                  -0.0000000011 
                 43.0000000000                  32.0000000000                   0.0000000096 
                 43.0000000000                  32.5000000000                   0.0000000119 
                 43.0000000000                  33.0000000000                   0.0000000002 
                 43.0000000000                  33.5000000000                   0.0000000021 
                 43.0000000000                  34.0000000000                   0.0000000003 
                 43.0000000000                  34.5000000000                   0.0000000003 
                 43.0000000000                  35.0000000000                   0.0000000001 
                 43.0000000000                  35.5000000000                   0.0000000001 
                 43.0000000000                  36.0000000000                   0.0000000000 
                 43.0000000000                  36.5000000000                   0.0000000000 
                 43.0000000000                  37.0000000000                   0.0000000000 
                 43.0000000000                  37.5000000000                   0.0000000000 
                 43.0000000000                  38.0000000000                   0.0000000000 
                 43.0000000000                  38.5000000000                   0.0000000000 
                 43.0000000000                  39.0000000000                   0.0000000000 
                 43.0000000000                  39.5000000000                   0.0000000000 
                 43.0000000000                  40.0000000000                   0.0000000000 
                 43.0000000000                  40.5000000000                   0.0000000000 
                 43.0000000000                  41.0000000000                   0.0000000000 
                 43.0000000000                  41.5000000000                   0.0000000000 
                 43.0000000000                  42.0000000000                   0.0000000000 
                 43.0000000000                  42.5000000000                   0.0000000000 
                 43.0000000000                  43.0000000000                   0.0000000000 
                 43.0000000000                  43.5000000000                   0.0000000000 
                 43.0000000000                  44.0000000000                   0.0000000000 
                 43.0000000000                  44.5000000000                   0.0000000000 
                 43.0000000000                  45.0000000000                   0.0000000000 
                 43.0000000000                  45.5000000000                   0.0000000000 
                 43.0000000000                  46.0000000000                   0.0000000000 
                 43.0000000000                  46.5000000000                   0.0000000000 
                 43.0000000000                  47.0000000000                   0.0000000000 
                 43.0000000000                  47.5000000000                   0.0000000000 
                 43.0000000000                  48.0000000000                   0.0000000000 
                 43.0000000000                  48.5000000000                   0.0000000000 
                 43.0000000000                  49.0000000000                   0.0000000000 
                 43.0000000000                  49.5000000000                  -0.0000000000 
                 43.0000000000                  50.0000000000                   0.0000000000 
                 43.5000000000                   0.0000000000                   0.0000000000 
                 43.5000000000                   0.5000000000                   0.0000000000 
                 43.5000000000                   1.0000000000                  -0.0000000000 
                 43.5000000000                   1.5000000000                   0.0000000000 
                 43.5000000000                   2.0000000000                  -0.0000000000 
                 43.5000000000                   2.5000000000                   0.0000000000 
                 43.5000000000                   3.0000000000                  -0.0000000000 
                 43.5000000000                   3.5000000000                   0.0000000000 
                 43.5000000000                   4.0000000000                  -0.0000000000 
                 43.5000000000                   4.5000000000                   0.0000000000 
                 43.5000000000                   5.0000000000                  -0.0000000000 
                 43.5000000000                   5.5000000000                   0.0000000000 
                 43.5000000000                   6.0000000000                  -0.0000000000 
                 43.5000000000                   6.5000000000                   0.0000000000 
                 43.5000000000                   7.0000000000                  -0.0000000000 
                 43.5000000000                   7.5000000000                   0.0000000000 
                 43.5000000000                   8.0000000000                  -0.0000000000 
                 43.5000000000                   8.5000000000                   0.0000000000 
                 43.5000000000                   9.0000000000                  -0.0000000000 
                 43.5000000000                   9.5000000000                   0.0000000000 
                 43.5000000000                  10.0000000000                  -0.0000000000 
                 43.5000000000                  10.5000000000                   0.0000000000 
                 43.5000000000                  11.0000000000                  -0.0000000000 
                 43.5000000000                  11.5000000000                   0.0000000000 
                 43.5000000000                  12.0000000000                  -0.0000000000 
                 43.5000000000                  12.5000000000                   0.0000000000 
                 43.5000000000                  13.0000000000                  -0.0000000000 
                 43.5000000000                  13.5000000000                   0.0000000000 
                 43.5000000000                  14.0000000000                  -0.0000000000 
                 43.5000000000                  14.5000000000                   0.0000000000 
                 43.5000000000                  15.0000000000                  -0.0000000000 
                 43.5000000000                  15.5000000000                   0.0000000000 
                 43.5000000000                  16.0000000000                   0.0000000000 
                 43.5000000000                  16.5000000000                   0.0000000000 
                 43.5000000000                  17.0000000000                   0.0000000000 
                 43.5000000000                  17.5000000000                   0.0000000000 
                 43.5000000000                  18.0000000000                   0.0000000000 
                 43.5000000000                  18.5000000000                   0.0000000000 
                 43.5000000000                  19.0000000000                   0.0000000000 
                 43.5000000000                  19.5000000000                   0.0000000000 
                 43.5000000000                  20.0000000000                   0.0000000000 
                 43.5000000000                  20.5000000000                   0.0000000000 
                 43.5000000000                  21.0000000000                   0.0000000000 
                 43.5000000000                  21.5000000000                   0.0000000000 
                 43.5000000000                  22.0000000000                   0.0000000000 
                 43.5000000000                  22.5000000000                   0.0000000002 
                 43.5000000000                  23.0000000000                   0.0000000005 
                 43.5000000000                  23.5000000000                   0.0000000001 
                 43.5000000000                  24.0000000000                   0.0000000002 
                 43.5000000000                  24.5000000000                   0.0000000001 
                 43.5000000000                  25.0000000000                   0.0000000008 
                 43.5000000000                  25.5000000000                   0.0000000010 
                 43.5000000000                  26.0000000000                   0.0000000018 
                 43.5000000000                  26.5000000000                  -0.0000000002 
                 43.5000000000                  27.0000000000                   0.0000000119 
                 43.5000000000                  27.5000000000                   0.0000000055 
                 43.5000000000                  28.0000000000                   0.0000000161 
                 43.5000000000                  28.5000000000                   0.0000000384 
                 43.5000000000                  29.0000000000                   0.0000000088 
                 43.5000000000                  29.5000000000                   0.0000000031 
                 43.5000000000                  30.0000000000                   0.0000000157 
                 43.5000000000                  30.5000000000                   0.0000000055 
                 43.5000000000                  31.0000000000                   0.0000000015 
                 43.5000000000                  31.5000000000                   0.0000000116 
                 43.5000000000                  32.0000000000                   0.0000000061 
                 43.5000000000                  32.5000000000                   0.0000000004 
                 43.5000000000                  33.0000000000                   0.0000000023 
                 43.5000000000                  33.5000000000                   0.0000000002 
                 43.5000000000                  34.0000000000                   0.0000000003 
                 43.5000000000                  34.5000000000                   0.0000000001 
                 43.5000000000                  35.0000000000                   0.0000000001 
                 43.5000000000                  35.5000000000                   0.0000000000 
                 43.5000000000                  36.0000000000                   0.0000000000 
                 43.5000000000                  36.5000000000                   0.0000000000 
                 43.5000000000                  37.0000000000                   0.0000000000 
                 43.5000000000                  37.5000000000                   0.0000000000 
                 43.5000000000                  38.0000000000                   0.0000000000 
                 43.5000000000                  38.5000000000                   0.0000000000 
                 43.5000000000                  39.0000000000                   0.0000000000 
                 43.5000000000                  39.5000000000                   0.0000000000 
                 43.5000000000                  40.0000000000                   0.0000000000 
                 43.5000000000                  40.5000000000                   0.0000000000 
                 43.5000000000                  41.0000000000                   0.0000000000 
                 43.5000000000                  41.5000000000                   0.0000000000 
                 43.5000000000                  42.0000000000                   0.0000000000 
                 43.5000000000                  42.5000000000                   0.0000000000 
                 43.5000000000                  43.0000000000                   0.0000000000 
                 43.5000000000                  43.5000000000                   0.0000000000 
                 43.5000000000                  44.0000000000                   0.0000000000 
                 43.5000000000                  44.5000000000                   0.0000000000 
                 43.5000000000                  45.0000000000                   0.0000000000 
                 43.5000000000                  45.5000000000                   0.0000000000 
                 43.5000000000                  46.0000000000                   0.0000000000 
                 43.5000000000                  46.5000000000                   0.0000000000 
                 43.5000000000                  47.0000000000                   0.0000000000 
                 43.5000000000                  47.5000000000                   0.0000000000 
                 43.5000000000                  48.0000000000                   0.0000000000 
                 43.5000000000                  48.5000000000                   0.0000000000 
                 43.5000000000                  49.0000000000                  -0.0000000000 
                 43.5000000000                  49.5000000000                   0.0000000000 
                 43.5000000000                  50.0000000000                   0.0000000000 
                 44.0000000000                   0.0000000000                   0.0000000000 
                 44.0000000000                   0.5000000000                   0.0000000000 
                 44.0000000000                   1.0000000000                   0.0000000000 
                 44.0000000000                   1.5000000000                   0.0000000000 
                 44.0000000000                   2.0000000000                   0.0000000000 
                 44.0000000000                   2.5000000000                   0.0000000000 
                 44.0000000000                   3.0000000000                   0.0000000000 
                 44.0000000000                   3.5000000000                   0.0000000000 
                 44.0000000000                   4.0000000000                   0.0000000000 
                 44.0000000000                   4.5000000000                   0.0000000000 
                 44.0000000000                   5.0000000000                   0.0000000000 
                 44.0000000000                   5.5000000000                   0.0000000000 
                 44.0000000000                   6.0000000000                   0.0000000000 
                 44.0000000000                   6.5000000000                   0.0000000000 
                 44.0000000000                   7.0000000000                   0.0000000000 
                 44.0000000000                   7.5000000000                   0.0000000000 
                 44.0000000000                   8.0000000000                   0.0000000000 
                 44.0000000000                   8.5000000000                   0.0000000000 
                 44.0000000000                   9.0000000000                   0.0000000000 
                 44.0000000000                   9.5000000000                   0.0000000000 
                 44.0000000000                  10.0000000000                   0.0000000000 
                 44.0000000000                  10.5000000000                   0.0000000000 
                 44.0000000000                  11.0000000000                   0.0000000000 
                 44.0000000000                  11.5000000000                   0.0000000000 
                 44.0000000000                  12.0000000000                   0.0000000000 
                 44.0000000000                  12.5000000000                   0.0000000000 
                 44.0000000000                  13.0000000000                   0.0000000000 
                 44.0000000000                  13.5000000000                   0.0000000000 
                 44.0000000000                  14.0000000000                   0.0000000000 
                 44.0000000000                  14.5000000000                   0.0000000000 
                 44.0000000000                  15.0000000000                   0.0000000000 
                 44.0000000000                  15.5000000000                   0.0000000000 
                 44.0000000000                  16.0000000000                   0.0000000000 
                 44.0000000000                  16.5000000000                   0.0000000000 
                 44.0000000000                  17.0000000000                   0.0000000000 
                 44.0000000000                  17.5000000000                   0.0000000000 
                 44.0000000000                  18.0000000000                   0.0000000000 
                 44.0000000000                  18.5000000000                   0.0000000000 
                 44.0000000000                  19.0000000000                   0.0000000000 
                 44.0000000000                  19.5000000000                   0.0000000000 
                 44.0000000000                  20.0000000000                   0.0000000000 
                 44.0000000000                  20.5000000000                   0.0000000000 
                 44.0000000000                  21.0000000000                   0.0000000000 
                 44.0000000000                  21.5000000000                   0.0000000000 
                 44.0000000000                  22.0000000000                   0.0000000000 
                 44.0000000000                  22.5000000000                   0.0000000000 
                 44.0000000000                  23.0000000000                   0.0000000000 
                 44.0000000000                  23.5000000000                   0.0000000002 
                 44.0000000000                  24.0000000000                   0.0000000004 
                 44.0000000000                  24.5000000000                   0.0000000003 
                 44.0000000000                  25.0000000000                   0.0000000000 
                 44.0000000000                  25.5000000000                   0.0000000002 
                 44.0000000000                  26.0000000000                   0.0000000001 
                 44.0000000000                  26.5000000000                   0.0000000024 
                 44.0000000000                  27.0000000000                  -0.0000000001 
                 44.0000000000                  27.5000000000                   0.0000000105 
                 44.0000000000                  28.0000000000                   0.0000000124 
                 44.0000000000                  28.5000000000                   0.0000000010 
                 44.0000000000                  29.0000000000                   0.0000000092 
                 44.0000000000                  29.5000000000                   0.0000000080 
                 44.0000000000                  30.0000000000                   0.0000000000 
                 44.0000000000                  30.5000000000                   0.0000000026 
                 44.0000000000                  31.0000000000                   0.0000000039 
                 44.0000000000                  31.5000000000                  -0.0000000000 
                 44.0000000000                  32.0000000000                   0.0000000012 
                 44.0000000000                  32.5000000000                   0.0000000019 
                 44.0000000000                  33.0000000000                   0.0000000000 
                 44.0000000000                  33.5000000000                   0.0000000003 
                 44.0000000000                  34.0000000000                   0.0000000001 
                 44.0000000000                  34.5000000000                   0.0000000000 
                 44.0000000000                  35.0000000000                   0.0000000000 
                 44.0000000000                  35.5000000000                   0.0000000000 
                 44.0000000000                  36.0000000000                   0.0000000000 
                 44.0000000000                  36.5000000000                   0.0000000000 
                 44.0000000000                  37.0000000000                   0.0000000000 
                 44.0000000000                  37.5000000000                   0.0000000000 
                 44.0000000000                  38.0000000000                   0.0000000000 
                 44.0000000000                  38.5000000000                   0.0000000000 
                 44.0000000000                  39.0000000000                   0.0000000000 
                 44.0000000000                  39.5000000000                   0.0000000000 
                 44.0000000000                  40.0000000000                   0.0000000000 
                 44.0000000000                  40.5000000000                   0.0000000000 
                 44.0000000000                  41.0000000000                   0.0000000000 
                 44.0000000000                  41.5000000000                   0.0000000000 
                 44.0000000000                  42.0000000000                   0.0000000000 
                 44.0000000000                  42.5000000000                   0.0000000000 
                 44.0000000000                  43.0000000000                   0.0000000000 
                 44.0000000000                  43.5000000000                   0.0000000000 
                 44.0000000000                  44.0000000000                   0.0000000000 
                 44.0000000000                  44.5000000000                   0.0000000000 
                 44.0000000000                  45.0000000000                   0.0000000000 
                 44.0000000000                  45.5000000000                   0.0000000000 
                 44.0000000000                  46.0000000000                   0.0000000000 
                 44.0000000000                  46.5000000000                   0.0000000000 
                 44.0000000000                  47.0000000000                   0.0000000000 
                 44.0000000000                  47.5000000000                   0.0000000000 
                 44.0000000000                  48.0000000000                   0.0000000000 
                 44.0000000000                  48.5000000000                   0.0000000000 
                 44.0000000000                  49.0000000000                   0.0000000000 
                 44.0000000000                  49.5000000000                  -0.0000000000 
                 44.0000000000                  50.0000000000                   0.0000000000 
                 44.5000000000                   0.0000000000                   0.0000000000 
                 44.5000000000                   0.5000000000                   0.0000000000 
                 44.5000000000                   1.0000000000                  -0.0000000000 
                 44.5000000000                   1.5000000000                   0.0000000000 
                 44.5000000000                   2.0000000000                  -0.0000000000 
                 44.5000000000                   2.5000000000                   0.0000000000 
                 44.5000000000                   3.0000000000                  -0.0000000000 
                 44.5000000000                   3.5000000000                   0.0000000000 
                 44.5000000000                   4.0000000000                  -0.0000000000 
                 44.5000000000                   4.5000000000                   0.0000000000 
                 44.5000000000                   5.0000000000                  -0.0000000000 
                 44.5000000000                   5.5000000000                   0.0000000000 
                 44.5000000000                   6.0000000000                  -0.0000000000 
                 44.5000000000                   6.5000000000                   0.0000000000 
                 44.5000000000                   7.0000000000                  -0.0000000000 
                 44.5000000000                   7.5000000000                   0.0000000000 
                 44.5000000000                   8.0000000000                  -0.0000000000 
                 44.5000000000                   8.5000000000                   0.0000000000 
                 44.5000000000                   9.0000000000                  -0.0000000000 
                 44.5000000000                   9.5000000000                   0.0000000000 
                 44.5000000000                  10.0000000000                  -0.0000000000 
                 44.5000000000                  10.5000000000                   0.0000000000 
                 44.5000000000                  11.0000000000                  -0.0000000000 
                 44.5000000000                  11.5000000000                   0.0000000000 
                 44.5000000000                  12.0000000000                  -0.0000000000 
                 44.5000000000                  12.5000000000                   0.0000000000 
                 44.5000000000                  13.0000000000                  -0.0000000000 
                 44.5000000000                  13.5000000000                   0.0000000000 
                 44.5000000000                  14.0000000000                  -0.0000000000 
                 44.5000000000                  14.5000000000                   0.0000000000 
                 44.5000000000                  15.0000000000                   0.0000000000 
                 44.5000000000                  15.5000000000                   0.0000000000 
                 44.5000000000                  16.0000000000                   0.0000000000 
                 44.5000000000                  16.5000000000                   0.0000000000 
                 44.5000000000                  17.0000000000                   0.0000000000 
                 44.5000000000                  17.5000000000                   0.0000000000 
                 44.5000000000                  18.0000000000                   0.0000000000 
                 44.5000000000                  18.5000000000                   0.0000000000 
                 44.5000000000                  19.0000000000                   0.0000000000 
                 44.5000000000                  19.5000000000                   0.0000000000 
                 44.5000000000                  20.0000000000                   0.0000000000 
                 44.5000000000                  20.5000000000                   0.0000000000 
                 44.5000000000                  21.0000000000                   0.0000000000 
                 44.5000000000                  21.5000000000                   0.0000000000 
                 44.5000000000                  22.0000000000                   0.0000000000 
                 44.5000000000                  22.5000000000                   0.0000000000 
                 44.5000000000                  23.0000000000                   0.0000000001 
                 44.5000000000                  23.5000000000                  -0.0000000000 
                 44.5000000000                  24.0000000000                   0.0000000001 
                 44.5000000000                  24.5000000000                   0.0000000000 
                 44.5000000000                  25.0000000000                   0.0000000001 
                 44.5000000000                  25.5000000000                   0.0000000002 
                 44.5000000000                  26.0000000000                   0.0000000004 
                 44.5000000000                  26.5000000000                  -0.0000000001 
                 44.5000000000                  27.0000000000                   0.0000000022 
                 44.5000000000                  27.5000000000                   0.0000000013 
                 44.5000000000                  28.0000000000                   0.0000000026 
                 44.5000000000                  28.5000000000                   0.0000000069 
                 44.5000000000                  29.0000000000                   0.0000000021 
                 44.5000000000                  29.5000000000                   0.0000000004 
                 44.5000000000                  30.0000000000                   0.0000000028 
                 44.5000000000                  30.5000000000                   0.0000000012 
                 44.5000000000                  31.0000000000                   0.0000000002 
                 44.5000000000                  31.5000000000                   0.0000000019 
                 44.5000000000                  32.0000000000                   0.0000000011 
                 44.5000000000                  32.5000000000                   0.0000000000 
                 44.5000000000                  33.0000000000                   0.0000000004 
                 44.5000000000                  33.5000000000                   0.0000000000 
                 44.5000000000                  34.0000000000                   0.0000000001 
                 44.5000000000                  34.5000000000                   0.0000000000 
                 44.5000000000                  35.0000000000                   0.0000000000 
                 44.5000000000                  35.5000000000                   0.0000000000 
                 44.5000000000                  36.0000000000                   0.0000000000 
                 44.5000000000                  36.5000000000                   0.0000000000 
                 44.5000000000                  37.0000000000                   0.0000000000 
                 44.5000000000                  37.5000000000                   0.0000000000 
                 44.5000000000                  38.0000000000                   0.0000000000 
                 44.5000000000                  38.5000000000                   0.0000000000 
                 44.5000000000                  39.0000000000                   0.0000000000 
                 44.5000000000                  39.5000000000                   0.0000000000 
                 44.5000000000                  40.0000000000                   0.0000000000 
                 44.5000000000                  40.5000000000                   0.0000000000 
                 44.5000000000                  41.0000000000                   0.0000000000 
                 44.5000000000                  41.5000000000                   0.0000000000 
                 44.5000000000                  42.0000000000                   0.0000000000 
                 44.5000000000                  42.5000000000                   0.0000000000 
                 44.5000000000                  43.0000000000                   0.0000000000 
                 44.5000000000                  43.5000000000                   0.0000000000 
                 44.5000000000                  44.0000000000                   0.0000000000 
                 44.5000000000                  44.5000000000                   0.0000000000 
                 44.5000000000                  45.0000000000                   0.0000000000 
                 44.5000000000                  45.5000000000                   0.0000000000 
                 44.5000000000                  46.0000000000                   0.0000000000 
                 44.5000000000                  46.5000000000                   0.0000000000 
                 44.5000000000                  47.0000000000                   0.0000000000 
                 44.5000000000                  47.5000000000                   0.0000000000 
                 44.5000000000                  48.0000000000                   0.0000000000 
                 44.5000000000                  48.5000000000                   0.0000000000 
                 44.5000000000                  49.0000000000                   0.0000000000 
                 44.5000000000                  49.5000000000                   0.0000000000 
                 44.5000000000                  50.0000000000                   0.0000000000 
                 45.0000000000                   0.0000000000                   0.0000000000 
                 45.0000000000                   0.5000000000                   0.0000000000 
                 45.0000000000                   1.0000000000                   0.0000000000 
                 45.0000000000                   1.5000000000                   0.0000000000 
                 45.0000000000                   2.0000000000                   0.0000000000 
                 45.0000000000                   2.5000000000                   0.0000000000 
                 45.0000000000                   3.0000000000                   0.0000000000 
                 45.0000000000                   3.5000000000                   0.0000000000 
                 45.0000000000                   4.0000000000                   0.0000000000 
                 45.0000000000                   4.5000000000                   0.0000000000 
                 45.0000000000                   5.0000000000                   0.0000000000 
                 45.0000000000                   5.5000000000                   0.0000000000 
                 45.0000000000                   6.0000000000                   0.0000000000 
                 45.0000000000                   6.5000000000                   0.0000000000 
                 45.0000000000                   7.0000000000                   0.0000000000 
                 45.0000000000                   7.5000000000                   0.0000000000 
                 45.0000000000                   8.0000000000                   0.0000000000 
                 45.0000000000                   8.5000000000                   0.0000000000 
                 45.0000000000                   9.0000000000                   0.0000000000 
                 45.0000000000                   9.5000000000                   0.0000000000 
                 45.0000000000                  10.0000000000                   0.0000000000 
                 45.0000000000                  10.5000000000                   0.0000000000 
                 45.0000000000                  11.0000000000                   0.0000000000 
                 45.0000000000                  11.5000000000                   0.0000000000 
                 45.0000000000                  12.0000000000                   0.0000000000 
                 45.0000000000                  12.5000000000                   0.0000000000 
                 45.0000000000                  13.0000000000                   0.0000000000 
                 45.0000000000                  13.5000000000                   0.0000000000 
                 45.0000000000                  14.0000000000                   0.0000000000 
                 45.0000000000                  14.5000000000                   0.0000000000 
                 45.0000000000                  15.0000000000                   0.0000000000 
                 45.0000000000                  15.5000000000                   0.0000000000 
                 45.0000000000                  16.0000000000                   0.0000000000 
                 45.0000000000                  16.5000000000                   0.0000000000 
                 45.0000000000                  17.0000000000                   0.0000000000 
                 45.0000000000                  17.5000000000                   0.0000000000 
                 45.0000000000                  18.0000000000                   0.0000000000 
                 45.0000000000                  18.5000000000                   0.0000000000 
                 45.0000000000                  19.0000000000                   0.0000000000 
                 45.0000000000                  19.5000000000                   0.0000000000 
                 45.0000000000                  20.0000000000                   0.0000000000 
                 45.0000000000                  20.5000000000                   0.0000000000 
                 45.0000000000                  21.0000000000                   0.0000000000 
                 45.0000000000                  21.5000000000                   0.0000000000 
                 45.0000000000                  22.0000000000                   0.0000000000 
                 45.0000000000                  22.5000000000                   0.0000000000 
                 45.0000000000                  23.0000000000                   0.0000000000 
                 45.0000000000                  23.5000000000                   0.0000000000 
                 45.0000000000                  24.0000000000                   0.0000000000 
                 45.0000000000                  24.5000000000                   0.0000000000 
                 45.0000000000                  25.0000000000                   0.0000000000 
                 45.0000000000                  25.5000000000                   0.0000000000 
                 45.0000000000                  26.0000000000                   0.0000000000 
                 45.0000000000                  26.5000000000                   0.0000000005 
                 45.0000000000                  27.0000000000                   0.0000000000 
                 45.0000000000                  27.5000000000                   0.0000000018 
                 45.0000000000                  28.0000000000                   0.0000000024 
                 45.0000000000                  28.5000000000                   0.0000000001 
                 45.0000000000                  29.0000000000                   0.0000000014 
                 45.0000000000                  29.5000000000                   0.0000000015 
                 45.0000000000                  30.0000000000                   0.0000000000 
                 45.0000000000                  30.5000000000                   0.0000000004 
                 45.0000000000                  31.0000000000                   0.0000000007 
                 45.0000000000                  31.5000000000                   0.0000000000 
                 45.0000000000                  32.0000000000                   0.0000000002 
                 45.0000000000                  32.5000000000                   0.0000000003 
                 45.0000000000                  33.0000000000                   0.0000000000 
                 45.0000000000                  33.5000000000                   0.0000000000 
                 45.0000000000                  34.0000000000                   0.0000000000 
                 45.0000000000                  34.5000000000                   0.0000000000 
                 45.0000000000                  35.0000000000                   0.0000000000 
                 45.0000000000                  35.5000000000                   0.0000000000 
                 45.0000000000                  36.0000000000                   0.0000000000 
                 45.0000000000                  36.5000000000                   0.0000000000 
                 45.0000000000                  37.0000000000                   0.0000000000 
                 45.0000000000                  37.5000000000                   0.0000000000 
                 45.0000000000                  38.0000000000                   0.0000000000 
                 45.0000000000                  38.5000000000                   0.0000000000 
                 45.0000000000                  39.0000000000                   0.0000000000 
                 45.0000000000                  39.5000000000                   0.0000000000 
                 45.0000000000                  40.0000000000                   0.0000000000 
                 45.0000000000                  40.5000000000                   0.0000000000 
                 45.0000000000                  41.0000000000                   0.0000000000 
                 45.0000000000                  41.5000000000                   0.0000000000 
                 45.0000000000                  42.0000000000                   0.0000000000 
                 45.0000000000                  42.5000000000                   0.0000000000 
                 45.0000000000                  43.0000000000                   0.0000000000 
                 45.0000000000                  43.5000000000                   0.0000000000 
                 45.0000000000                  44.0000000000                   0.0000000000 
                 45.0000000000                  44.5000000000                   0.0000000000 
                 45.0000000000                  45.0000000000                   0.0000000000 
                 45.0000000000                  45.5000000000                   0.0000000000 
                 45.0000000000                  46.0000000000                   0.0000000000 
                 45.0000000000                  46.5000000000                   0.0000000000 
                 45.0000000000                  47.0000000000                   0.0000000000 
                 45.0000000000                  47.5000000000                   0.0000000000 
                 45.0000000000                  48.0000000000                   0.0000000000 
                 45.0000000000                  48.5000000000                   0.0000000000 
                 45.0000000000                  49.0000000000                   0.0000000000 
                 45.0000000000                  49.5000000000                  -0.0000000000 
                 45.0000000000                  50.0000000000                   0.0000000000 
                 45.5000000000                   0.0000000000                   0.0000000000 
                 45.5000000000                   0.5000000000                   0.0000000000 
                 45.5000000000                   1.0000000000                  -0.0000000000 
                 45.5000000000                   1.5000000000                   0.0000000000 
                 45.5000000000                   2.0000000000                  -0.0000000000 
                 45.5000000000                   2.5000000000                   0.0000000000 
                 45.5000000000                   3.0000000000                  -0.0000000000 
                 45.5000000000                   3.5000000000                   0.0000000000 
                 45.5000000000                   4.0000000000                  -0.0000000000 
                 45.5000000000                   4.5000000000                   0.0000000000 
                 45.5000000000                   5.0000000000                  -0.0000000000 
                 45.5000000000                   5.5000000000                   0.0000000000 
                 45.5000000000                   6.0000000000                  -0.0000000000 
                 45.5000000000                   6.5000000000                   0.0000000000 
                 45.5000000000                   7.0000000000                  -0.0000000000 
                 45.5000000000                   7.5000000000                   0.0000000000 
                 45.5000000000                   8.0000000000                  -0.0000000000 
                 45.5000000000                   8.5000000000                   0.0000000000 
                 45.5000000000                   9.0000000000                  -0.0000000000 
                 45.5000000000                   9.5000000000                   0.0000000000 
                 45.5000000000                  10.0000000000                  -0.0000000000 
                 45.5000000000                  10.5000000000                   0.0000000000 
                 45.5000000000                  11.0000000000                  -0.0000000000 
                 45.5000000000                  11.5000000000                   0.0000000000 
                 45.5000000000                  12.0000000000                  -0.0000000000 
                 45.5000000000                  12.5000000000                   0.0000000000 
                 45.5000000000                  13.0000000000                   0.0000000000 
                 45.5000000000                  13.5000000000                   0.0000000000 
                 45.5000000000                  14.0000000000                   0.0000000000 
                 45.5000000000                  14.5000000000                   0.0000000000 
                 45.5000000000                  15.0000000000                   0.0000000000 
                 45.5000000000                  15.5000000000                   0.0000000000 
                 45.5000000000                  16.0000000000                   0.0000000000 
                 45.5000000000                  16.5000000000                   0.0000000000 
                 45.5000000000                  17.0000000000                   0.0000000000 
                 45.5000000000                  17.5000000000                   0.0000000000 
                 45.5000000000                  18.0000000000                   0.0000000000 
                 45.5000000000                  18.5000000000                   0.0000000000 
                 45.5000000000                  19.0000000000                   0.0000000000 
                 45.5000000000                  19.5000000000                   0.0000000000 
                 45.5000000000                  20.0000000000                   0.0000000000 
                 45.5000000000                  20.5000000000                   0.0000000000 
                 45.5000000000                  21.0000000000                   0.0000000000 
                 45.5000000000                  21.5000000000                   0.0000000000 
                 45.5000000000                  22.0000000000                   0.0000000000 
                 45.5000000000                  22.5000000000                   0.0000000000 
                 45.5000000000                  23.0000000000                   0.0000000000 
                 45.5000000000                  23.5000000000                  -0.0000000000 
                 45.5000000000                  24.0000000000                   0.0000000000 
                 45.5000000000                  24.5000000000                   0.0000000000 
                 45.5000000000                  25.0000000000                   0.0000000000 
                 45.5000000000                  25.5000000000                   0.0000000000 
                 45.5000000000                  26.0000000000                   0.0000000001 
                 45.5000000000                  26.5000000000                  -0.0000000000 
                 45.5000000000                  27.0000000000                   0.0000000004 
                 45.5000000000                  27.5000000000                   0.0000000003 
                 45.5000000000                  28.0000000000                   0.0000000004 
                 45.5000000000                  28.5000000000                   0.0000000012 
                 45.5000000000                  29.0000000000                   0.0000000004 
                 45.5000000000                  29.5000000000                   0.0000000000 
                 45.5000000000                  30.0000000000                   0.0000000005 
                 45.5000000000                  30.5000000000                   0.0000000002 
                 45.5000000000                  31.0000000000                   0.0000000000 
                 45.5000000000                  31.5000000000                   0.0000000003 
                 45.5000000000                  32.0000000000                   0.0000000002 
                 45.5000000000                  32.5000000000                   0.0000000000 
                 45.5000000000                  33.0000000000                   0.0000000001 
                 45.5000000000                  33.5000000000                   0.0000000000 
                 45.5000000000                  34.0000000000                   0.0000000000 
                 45.5000000000                  34.5000000000                   0.0000000000 
                 45.5000000000                  35.0000000000                   0.0000000000 
                 45.5000000000                  35.5000000000                   0.0000000000 
                 45.5000000000                  36.0000000000                   0.0000000000 
                 45.5000000000                  36.5000000000                   0.0000000000 
                 45.5000000000                  37.0000000000                   0.0000000000 
                 45.5000000000                  37.5000000000                   0.0000000000 
                 45.5000000000                  38.0000000000                   0.0000000000 
                 45.5000000000                  38.5000000000                   0.0000000000 
                 45.5000000000                  39.0000000000                   0.0000000000 
                 45.5000000000                  39.5000000000                   0.0000000000 
                 45.5000000000                  40.0000000000                   0.0000000000 
                 45.5000000000                  40.5000000000                   0.0000000000 
                 45.5000000000                  41.0000000000                   0.0000000000 
                 45.5000000000                  41.5000000000                   0.0000000000 
                 45.5000000000                  42.0000000000                   0.0000000000 
                 45.5000000000                  42.5000000000                   0.0000000000 
                 45.5000000000                  43.0000000000                   0.0000000000 
                 45.5000000000                  43.5000000000                   0.0000000000 
                 45.5000000000                  44.0000000000                   0.0000000000 
                 45.5000000000                  44.5000000000                   0.0000000000 
                 45.5000000000                  45.0000000000                   0.0000000000 
                 45.5000000000                  45.5000000000                   0.0000000000 
                 45.5000000000                  46.0000000000                   0.0000000000 
                 45.5000000000                  46.5000000000                   0.0000000000 
                 45.5000000000                  47.0000000000                   0.0000000000 
                 45.5000000000                  47.5000000000                   0.0000000000 
                 45.5000000000                  48.0000000000                   0.0000000000 
                 45.5000000000                  48.5000000000                   0.0000000000 
                 45.5000000000                  49.0000000000                   0.0000000000 
                 45.5000000000                  49.5000000000                   0.0000000000 
                 45.5000000000                  50.0000000000                   0.0000000000 
                 46.0000000000                   0.0000000000                   0.0000000000 
                 46.0000000000                   0.5000000000                   0.0000000000 
                 46.0000000000                   1.0000000000                   0.0000000000 
                 46.0000000000                   1.5000000000                   0.0000000000 
                 46.0000000000                   2.0000000000                   0.0000000000 
                 46.0000000000                   2.5000000000                   0.0000000000 
                 46.0000000000                   3.0000000000                   0.0000000000 
                 46.0000000000                   3.5000000000                   0.0000000000 
                 46.0000000000                   4.0000000000                   0.0000000000 
                 46.0000000000                   4.5000000000                   0.0000000000 
                 46.0000000000                   5.0000000000                   0.0000000000 
                 46.0000000000                   5.5000000000                   0.0000000000 
                 46.0000000000                   6.0000000000                   0.0000000000 
                 46.0000000000                   6.5000000000                   0.0000000000 
                 46.0000000000                   7.0000000000                   0.0000000000 
                 46.0000000000                   7.5000000000                   0.0000000000 
                 46.0000000000                   8.0000000000                   0.0000000000 
                 46.0000000000                   8.5000000000                   0.0000000000 
                 46.0000000000                   9.0000000000                   0.0000000000 
                 46.0000000000                   9.5000000000                   0.0000000000 
                 46.0000000000                  10.0000000000                   0.0000000000 
                 46.0000000000                  10.5000000000                   0.0000000000 
                 46.0000000000                  11.0000000000                   0.0000000000 
                 46.0000000000                  11.5000000000                   0.0000000000 
                 46.0000000000                  12.0000000000                   0.0000000000 
                 46.0000000000                  12.5000000000                   0.0000000000 
                 46.0000000000                  13.0000000000                   0.0000000000 
                 46.0000000000                  13.5000000000                   0.0000000000 
                 46.0000000000                  14.0000000000                   0.0000000000 
                 46.0000000000                  14.5000000000                   0.0000000000 
                 46.0000000000                  15.0000000000                  -0.0000000000 
                 46.0000000000                  15.5000000000                   0.0000000000 
                 46.0000000000                  16.0000000000                  -0.0000000000 
                 46.0000000000                  16.5000000000                   0.0000000000 
                 46.0000000000                  17.0000000000                   0.0000000000 
                 46.0000000000                  17.5000000000                   0.0000000000 
                 46.0000000000                  18.0000000000                   0.0000000000 
                 46.0000000000                  18.5000000000                   0.0000000000 
                 46.0000000000                  19.0000000000                   0.0000000000 
                 46.0000000000                  19.5000000000                   0.0000000000 
                 46.0000000000                  20.0000000000                   0.0000000000 
                 46.0000000000                  20.5000000000                   0.0000000000 
                 46.0000000000                  21.0000000000                   0.0000000000 
                 46.0000000000                  21.5000000000                   0.0000000000 
                 46.0000000000                  22.0000000000                   0.0000000000 
                 46.0000000000                  22.5000000000                   0.0000000000 
                 46.0000000000                  23.0000000000                   0.0000000000 
                 46.0000000000                  23.5000000000                   0.0000000000 
                 46.0000000000                  24.0000000000                   0.0000000000 
                 46.0000000000                  24.5000000000                   0.0000000000 
                 46.0000000000                  25.0000000000                   0.0000000000 
                 46.0000000000                  25.5000000000                   0.0000000000 
                 46.0000000000                  26.0000000000                  -0.0000000000 
                 46.0000000000                  26.5000000000                   0.0000000001 
                 46.0000000000                  27.0000000000                   0.0000000000 
                 46.0000000000                  27.5000000000                   0.0000000003 
                 46.0000000000                  28.0000000000                   0.0000000004 
                 46.0000000000                  28.5000000000                   0.0000000000 
                 46.0000000000                  29.0000000000                   0.0000000002 
                 46.0000000000                  29.5000000000                   0.0000000003 
                 46.0000000000                  30.0000000000                   0.0000000000 
                 46.0000000000                  30.5000000000                   0.0000000001 
                 46.0000000000                  31.0000000000                   0.0000000001 
                 46.0000000000                  31.5000000000                   0.0000000000 
                 46.0000000000                  32.0000000000                   0.0000000000 
                 46.0000000000                  32.5000000000                   0.0000000001 
                 46.0000000000                  33.0000000000                   0.0000000000 
                 46.0000000000                  33.5000000000                   0.0000000000 
                 46.0000000000                  34.0000000000                   0.0000000000 
                 46.0000000000                  34.5000000000                   0.0000000000 
                 46.0000000000                  35.0000000000                   0.0000000000 
                 46.0000000000                  35.5000000000                   0.0000000000 
                 46.0000000000                  36.0000000000                   0.0000000000 
                 46.0000000000                  36.5000000000                   0.0000000000 
                 46.0000000000                  37.0000000000                   0.0000000000 
                 46.0000000000                  37.5000000000                   0.0000000000 
                 46.0000000000                  38.0000000000                   0.0000000000 
                 46.0000000000                  38.5000000000                   0.0000000000 
                 46.0000000000                  39.0000000000                   0.0000000000 
                 46.0000000000                  39.5000000000                   0.0000000000 
                 46.0000000000                  40.0000000000                   0.0000000000 
                 46.0000000000                  40.5000000000                   0.0000000000 
                 46.0000000000                  41.0000000000                   0.0000000000 
                 46.0000000000                  41.5000000000                   0.0000000000 
                 46.0000000000                  42.0000000000                   0.0000000000 
                 46.0000000000                  42.5000000000                   0.0000000000 
                 46.0000000000                  43.0000000000                   0.0000000000 
                 46.0000000000                  43.5000000000                   0.0000000000 
                 46.0000000000                  44.0000000000                   0.0000000000 
                 46.0000000000                  44.5000000000                   0.0000000000 
                 46.0000000000                  45.0000000000                   0.0000000000 
                 46.0000000000                  45.5000000000                   0.0000000000 
                 46.0000000000                  46.0000000000                   0.0000000000 
                 46.0000000000                  46.5000000000                   0.0000000000 
                 46.0000000000                  47.0000000000                   0.0000000000 
                 46.0000000000                  47.5000000000                   0.0000000000 
                 46.0000000000                  48.0000000000                   0.0000000000 
                 46.0000000000                  48.5000000000                   0.0000000000 
                 46.0000000000                  49.0000000000                   0.0000000000 
                 46.0000000000                  49.5000000000                  -0.0000000000 
                 46.0000000000                  50.0000000000                   0.0000000000 
                 46.5000000000                   0.0000000000                   0.0000000000 
                 46.5000000000                   0.5000000000                   0.0000000000 
                 46.5000000000                   1.0000000000                  -0.0000000000 
                 46.5000000000                   1.5000000000                   0.0000000000 
                 46.5000000000                   2.0000000000                  -0.0000000000 
                 46.5000000000                   2.5000000000                   0.0000000000 
                 46.5000000000                   3.0000000000                  -0.0000000000 
                 46.5000000000                   3.5000000000                   0.0000000000 
                 46.5000000000                   4.0000000000                  -0.0000000000 
                 46.5000000000                   4.5000000000                   0.0000000000 
                 46.5000000000                   5.0000000000                  -0.0000000000 
                 46.5000000000                   5.5000000000                   0.0000000000 
                 46.5000000000                   6.0000000000                  -0.0000000000 
                 46.5000000000                   6.5000000000                   0.0000000000 
                 46.5000000000                   7.0000000000                  -0.0000000000 
                 46.5000000000                   7.5000000000                   0.0000000000 
                 46.5000000000                   8.0000000000                  -0.0000000000 
                 46.5000000000                   8.5000000000                   0.0000000000 
                 46.5000000000                   9.0000000000                  -0.0000000000 
                 46.5000000000                   9.5000000000                   0.0000000000 
                 46.5000000000                  10.0000000000                  -0.0000000000 
                 46.5000000000                  10.5000000000                   0.0000000000 
                 46.5000000000                  11.0000000000                   0.0000000000 
                 46.5000000000                  11.5000000000                   0.0000000000 
                 46.5000000000                  12.0000000000                   0.0000000000 
                 46.5000000000                  12.5000000000                   0.0000000000 
                 46.5000000000                  13.0000000000                   0.0000000000 
                 46.5000000000                  13.5000000000                   0.0000000000 
                 46.5000000000                  14.0000000000                   0.0000000000 
                 46.5000000000                  14.5000000000                   0.0000000000 
                 46.5000000000                  15.0000000000                   0.0000000000 
                 46.5000000000                  15.5000000000                   0.0000000000 
                 46.5000000000                  16.0000000000                   0.0000000000 
                 46.5000000000                  16.5000000000                   0.0000000000 
                 46.5000000000                  17.0000000000                   0.0000000000 
                 46.5000000000                  17.5000000000                   0.0000000000 
                 46.5000000000                  18.0000000000                   0.0000000000 
                 46.5000000000                  18.5000000000                   0.0000000000 
                 46.5000000000                  19.0000000000                   0.0000000000 
                 46.5000000000                  19.5000000000                   0.0000000000 
                 46.5000000000                  20.0000000000                   0.0000000000 
                 46.5000000000                  20.5000000000                   0.0000000000 
                 46.5000000000                  21.0000000000                   0.0000000000 
                 46.5000000000                  21.5000000000                   0.0000000000 
                 46.5000000000                  22.0000000000                   0.0000000000 
                 46.5000000000                  22.5000000000                   0.0000000000 
                 46.5000000000                  23.0000000000                   0.0000000000 
                 46.5000000000                  23.5000000000                  -0.0000000000 
                 46.5000000000                  24.0000000000                   0.0000000000 
                 46.5000000000                  24.5000000000                   0.0000000000 
                 46.5000000000                  25.0000000000                   0.0000000000 
                 46.5000000000                  25.5000000000                   0.0000000000 
                 46.5000000000                  26.0000000000                   0.0000000000 
                 46.5000000000                  26.5000000000                  -0.0000000000 
                 46.5000000000                  27.0000000000                   0.0000000001 
                 46.5000000000                  27.5000000000                   0.0000000001 
                 46.5000000000                  28.0000000000                   0.0000000001 
                 46.5000000000                  28.5000000000                   0.0000000002 
                 46.5000000000                  29.0000000000                   0.0000000001 
                 46.5000000000                  29.5000000000                   0.0000000000 
                 46.5000000000                  30.0000000000                   0.0000000001 
                 46.5000000000                  30.5000000000                   0.0000000000 
                 46.5000000000                  31.0000000000                   0.0000000000 
                 46.5000000000                  31.5000000000                   0.0000000001 
                 46.5000000000                  32.0000000000                   0.0000000000 
                 46.5000000000                  32.5000000000                   0.0000000000 
                 46.5000000000                  33.0000000000                   0.0000000000 
                 46.5000000000                  33.5000000000                   0.0000000000 
                 46.5000000000                  34.0000000000                   0.0000000000 
                 46.5000000000                  34.5000000000                   0.0000000000 
                 46.5000000000                  35.0000000000                   0.0000000000 
                 46.5000000000                  35.5000000000                   0.0000000000 
                 46.5000000000                  36.0000000000                   0.0000000000 
                 46.5000000000                  36.5000000000                   0.0000000000 
                 46.5000000000                  37.0000000000                   0.0000000000 
                 46.5000000000                  37.5000000000                   0.0000000000 
                 46.5000000000                  38.0000000000                   0.0000000000 
                 46.5000000000                  38.5000000000                   0.0000000000 
                 46.5000000000                  39.0000000000                   0.0000000000 
                 46.5000000000                  39.5000000000                   0.0000000000 
                 46.5000000000                  40.0000000000                   0.0000000000 
                 46.5000000000                  40.5000000000                   0.0000000000 
                 46.5000000000                  41.0000000000                   0.0000000000 
                 46.5000000000                  41.5000000000                   0.0000000000 
                 46.5000000000                  42.0000000000                   0.0000000000 
                 46.5000000000                  42.5000000000                   0.0000000000 
                 46.5000000000                  43.0000000000                   0.0000000000 
                 46.5000000000                  43.5000000000                   0.0000000000 
                 46.5000000000                  44.0000000000                   0.0000000000 
                 46.5000000000                  44.5000000000                   0.0000000000 
                 46.5000000000                  45.0000000000                   0.0000000000 
                 46.5000000000                  45.5000000000                   0.0000000000 
                 46.5000000000                  46.0000000000                   0.0000000000 
                 46.5000000000                  46.5000000000                   0.0000000000 
                 46.5000000000                  47.0000000000                   0.0000000000 
                 46.5000000000                  47.5000000000                   0.0000000000 
                 46.5000000000                  48.0000000000                   0.0000000000 
                 46.5000000000                  48.5000000000                   0.0000000000 
                 46.5000000000                  49.0000000000                   0.0000000000 
                 46.5000000000                  49.5000000000                   0.0000000000 
                 46.5000000000                  50.0000000000                   0.0000000000 
                 47.0000000000                   0.0000000000                   0.0000000000 
                 47.0000000000                   0.5000000000                   0.0000000000 
                 47.0000000000                   1.0000000000                   0.0000000000 
                 47.0000000000                   1.5000000000                   0.0000000000 
                 47.0000000000                   2.0000000000                   0.0000000000 
                 47.0000000000                   2.5000000000                   0.0000000000 
                 47.0000000000                   3.0000000000                   0.0000000000 
                 47.0000000000                   3.5000000000                   0.0000000000 
                 47.0000000000                   4.0000000000                   0.0000000000 
                 47.0000000000                   4.5000000000                   0.0000000000 
                 47.0000000000                   5.0000000000                   0.0000000000 
                 47.0000000000                   5.5000000000                   0.0000000000 
                 47.0000000000                   6.0000000000                   0.0000000000 
                 47.0000000000                   6.5000000000                   0.0000000000 
                 47.0000000000                   7.0000000000                   0.0000000000 
                 47.0000000000                   7.5000000000                   0.0000000000 
                 47.0000000000                   8.0000000000                   0.0000000000 
                 47.0000000000                   8.5000000000                   0.0000000000 
                 47.0000000000                   9.0000000000                   0.0000000000 
                 47.0000000000                   9.5000000000                   0.0000000000 
                 47.0000000000                  10.0000000000                   0.0000000000 
                 47.0000000000                  10.5000000000                   0.0000000000 
                 47.0000000000                  11.0000000000                   0.0000000000 
                 47.0000000000                  11.5000000000                   0.0000000000 
                 47.0000000000                  12.0000000000                   0.0000000000 
                 47.0000000000                  12.5000000000                   0.0000000000 
                 47.0000000000                  13.0000000000                   0.0000000000 
                 47.0000000000                  13.5000000000                   0.0000000000 
                 47.0000000000                  14.0000000000                   0.0000000000 
                 47.0000000000                  14.5000000000                   0.0000000000 
                 47.0000000000                  15.0000000000                  -0.0000000000 
                 47.0000000000                  15.5000000000                   0.0000000000 
                 47.0000000000                  16.0000000000                  -0.0000000000 
                 47.0000000000                  16.5000000000                   0.0000000000 
                 47.0000000000                  17.0000000000                   0.0000000000 
                 47.0000000000                  17.5000000000                   0.0000000000 
                 47.0000000000                  18.0000000000                   0.0000000000 
                 47.0000000000                  18.5000000000                   0.0000000000 
                 47.0000000000                  19.0000000000                   0.0000000000 
                 47.0000000000                  19.5000000000                   0.0000000000 
                 47.0000000000                  20.0000000000                   0.0000000000 
                 47.0000000000                  20.5000000000                   0.0000000000 
                 47.0000000000                  21.0000000000                   0.0000000000 
                 47.0000000000                  21.5000000000                   0.0000000000 
                 47.0000000000                  22.0000000000                   0.0000000000 
                 47.0000000000                  22.5000000000                   0.0000000000 
                 47.0000000000                  23.0000000000                   0.0000000000 
                 47.0000000000                  23.5000000000                   0.0000000000 
                 47.0000000000                  24.0000000000                   0.0000000000 
                 47.0000000000                  24.5000000000                   0.0000000000 
                 47.0000000000                  25.0000000000                   0.0000000000 
                 47.0000000000                  25.5000000000                   0.0000000000 
                 47.0000000000                  26.0000000000                  -0.0000000000 
                 47.0000000000                  26.5000000000                   0.0000000000 
                 47.0000000000                  27.0000000000                   0.0000000000 
                 47.0000000000                  27.5000000000                   0.0000000001 
                 47.0000000000                  28.0000000000                   0.0000000001 
                 47.0000000000                  28.5000000000                   0.0000000000 
                 47.0000000000                  29.0000000000                   0.0000000000 
                 47.0000000000                  29.5000000000                   0.0000000001 
                 47.0000000000                  30.0000000000                   0.0000000000 
                 47.0000000000                  30.5000000000                   0.0000000000 
                 47.0000000000                  31.0000000000                   0.0000000000 
                 47.0000000000                  31.5000000000                   0.0000000000 
                 47.0000000000                  32.0000000000                   0.0000000000 
                 47.0000000000                  32.5000000000                   0.0000000000 
                 47.0000000000                  33.0000000000                   0.0000000000 
                 47.0000000000                  33.5000000000                   0.0000000000 
                 47.0000000000                  34.0000000000                   0.0000000000 
                 47.0000000000                  34.5000000000                   0.0000000000 
                 47.0000000000                  35.0000000000                   0.0000000000 
                 47.0000000000                  35.5000000000                   0.0000000000 
                 47.0000000000                  36.0000000000                   0.0000000000 
                 47.0000000000                  36.5000000000                   0.0000000000 
                 47.0000000000                  37.0000000000                   0.0000000000 
                 47.0000000000                  37.5000000000                   0.0000000000 
                 47.0000000000                  38.0000000000                   0.0000000000 
                 47.0000000000                  38.5000000000                   0.0000000000 
                 47.0000000000                  39.0000000000                   0.0000000000 
                 47.0000000000                  39.5000000000                   0.0000000000 
                 47.0000000000                  40.0000000000                   0.0000000000 
                 47.0000000000                  40.5000000000                   0.0000000000 
                 47.0000000000                  41.0000000000                   0.0000000000 
                 47.0000000000                  41.5000000000                   0.0000000000 
                 47.0000000000                  42.0000000000                   0.0000000000 
                 47.0000000000                  42.5000000000                   0.0000000000 
                 47.0000000000                  43.0000000000                   0.0000000000 
                 47.0000000000                  43.5000000000                   0.0000000000 
                 47.0000000000                  44.0000000000                   0.0000000000 
                 47.0000000000                  44.5000000000                   0.0000000000 
                 47.0000000000                  45.0000000000                   0.0000000000 
                 47.0000000000                  45.5000000000                   0.0000000000 
                 47.0000000000                  46.0000000000                   0.0000000000 
                 47.0000000000                  46.5000000000                   0.0000000000 
                 47.0000000000                  47.0000000000                   0.0000000000 
                 47.0000000000                  47.5000000000                   0.0000000000 
                 47.0000000000                  48.0000000000                   0.0000000000 
                 47.0000000000                  48.5000000000                   0.0000000000 
                 47.0000000000                  49.0000000000                   0.0000000000 
                 47.0000000000                  49.5000000000                  -0.0000000000 
                 47.0000000000                  50.0000000000                   0.0000000000 
                 47.5000000000                   0.0000000000                   0.0000000000 
                 47.5000000000                   0.5000000000                   0.0000000000 
                 47.5000000000                   1.0000000000                  -0.0000000000 
                 47.5000000000                   1.5000000000                   0.0000000000 
                 47.5000000000                   2.0000000000                  -0.0000000000 
                 47.5000000000                   2.5000000000                   0.0000000000 
                 47.5000000000                   3.0000000000                  -0.0000000000 
                 47.5000000000                   3.5000000000                   0.0000000000 
                 47.5000000000                   4.0000000000                  -0.0000000000 
                 47.5000000000                   4.5000000000                   0.0000000000 
                 47.5000000000                   5.0000000000                  -0.0000000000 
                 47.5000000000                   5.5000000000                   0.0000000000 
                 47.5000000000                   6.0000000000                  -0.0000000000 
                 47.5000000000                   6.5000000000                   0.0000000000 
                 47.5000000000                   7.0000000000                  -0.0000000000 
                 47.5000000000                   7.5000000000                   0.0000000000 
                 47.5000000000                   8.0000000000                  -0.0000000000 
                 47.5000000000                   8.5000000000                   0.0000000000 
                 47.5000000000                   9.0000000000                   0.0000000000 
                 47.5000000000                   9.5000000000                   0.0000000000 
                 47.5000000000                  10.0000000000                   0.0000000000 
                 47.5000000000                  10.5000000000                   0.0000000000 
                 47.5000000000                  11.0000000000                   0.0000000000 
                 47.5000000000                  11.5000000000                   0.0000000000 
                 47.5000000000                  12.0000000000                   0.0000000000 
                 47.5000000000                  12.5000000000                   0.0000000000 
                 47.5000000000                  13.0000000000                   0.0000000000 
                 47.5000000000                  13.5000000000                   0.0000000000 
                 47.5000000000                  14.0000000000                   0.0000000000 
                 47.5000000000                  14.5000000000                   0.0000000000 
                 47.5000000000                  15.0000000000                   0.0000000000 
                 47.5000000000                  15.5000000000                   0.0000000000 
                 47.5000000000                  16.0000000000                   0.0000000000 
                 47.5000000000                  16.5000000000                   0.0000000000 
                 47.5000000000                  17.0000000000                   0.0000000000 
                 47.5000000000                  17.5000000000                   0.0000000000 
                 47.5000000000                  18.0000000000                   0.0000000000 
                 47.5000000000                  18.5000000000                   0.0000000000 
                 47.5000000000                  19.0000000000                   0.0000000000 
                 47.5000000000                  19.5000000000                   0.0000000000 
                 47.5000000000                  20.0000000000                   0.0000000000 
                 47.5000000000                  20.5000000000                   0.0000000000 
                 47.5000000000                  21.0000000000                   0.0000000000 
                 47.5000000000                  21.5000000000                   0.0000000000 
                 47.5000000000                  22.0000000000                   0.0000000000 
                 47.5000000000                  22.5000000000                   0.0000000000 
                 47.5000000000                  23.0000000000                   0.0000000000 
                 47.5000000000                  23.5000000000                  -0.0000000000 
                 47.5000000000                  24.0000000000                   0.0000000000 
                 47.5000000000                  24.5000000000                   0.0000000000 
                 47.5000000000                  25.0000000000                   0.0000000000 
                 47.5000000000                  25.5000000000                   0.0000000000 
                 47.5000000000                  26.0000000000                   0.0000000000 
                 47.5000000000                  26.5000000000                  -0.0000000000 
                 47.5000000000                  27.0000000000                   0.0000000000 
                 47.5000000000                  27.5000000000                   0.0000000000 
                 47.5000000000                  28.0000000000                   0.0000000000 
                 47.5000000000                  28.5000000000                   0.0000000000 
                 47.5000000000                  29.0000000000                   0.0000000000 
                 47.5000000000                  29.5000000000                  -0.0000000000 
                 47.5000000000                  30.0000000000                   0.0000000000 
                 47.5000000000                  30.5000000000                   0.0000000000 
                 47.5000000000                  31.0000000000                   0.0000000000 
                 47.5000000000                  31.5000000000                   0.0000000000 
                 47.5000000000                  32.0000000000                   0.0000000000 
                 47.5000000000                  32.5000000000                   0.0000000000 
                 47.5000000000                  33.0000000000                   0.0000000000 
                 47.5000000000                  33.5000000000                   0.0000000000 
                 47.5000000000                  34.0000000000                   0.0000000000 
                 47.5000000000                  34.5000000000                   0.0000000000 
                 47.5000000000                  35.0000000000                   0.0000000000 
                 47.5000000000                  35.5000000000                   0.0000000000 
                 47.5000000000                  36.0000000000                   0.0000000000 
                 47.5000000000                  36.5000000000                   0.0000000000 
                 47.5000000000                  37.0000000000                   0.0000000000 
                 47.5000000000                  37.5000000000                   0.0000000000 
                 47.5000000000                  38.0000000000                   0.0000000000 
                 47.5000000000                  38.5000000000                   0.0000000000 
                 47.5000000000                  39.0000000000                   0.0000000000 
                 47.5000000000                  39.5000000000                   0.0000000000 
                 47.5000000000                  40.0000000000                   0.0000000000 
                 47.5000000000                  40.5000000000                   0.0000000000 
                 47.5000000000                  41.0000000000                   0.0000000000 
                 47.5000000000                  41.5000000000                   0.0000000000 
                 47.5000000000                  42.0000000000                   0.0000000000 
                 47.5000000000                  42.5000000000                   0.0000000000 
                 47.5000000000                  43.0000000000                   0.0000000000 
                 47.5000000000                  43.5000000000                   0.0000000000 
                 47.5000000000                  44.0000000000                   0.0000000000 
                 47.5000000000                  44.5000000000                   0.0000000000 
                 47.5000000000                  45.0000000000                   0.0000000000 
                 47.5000000000                  45.5000000000                   0.0000000000 
                 47.5000000000                  46.0000000000                   0.0000000000 
                 47.5000000000                  46.5000000000                   0.0000000000 
                 47.5000000000                  47.0000000000                   0.0000000000 
                 47.5000000000                  47.5000000000                   0.0000000000 
                 47.5000000000                  48.0000000000                   0.0000000000 
                 47.5000000000                  48.5000000000                   0.0000000000 
                 47.5000000000                  49.0000000000                   0.0000000000 
                 47.5000000000                  49.5000000000                   0.0000000000 
                 47.5000000000                  50.0000000000                   0.0000000000 
                 48.0000000000                   0.0000000000                   0.0000000000 
                 48.0000000000                   0.5000000000                   0.0000000000 
                 48.0000000000                   1.0000000000                   0.0000000000 
                 48.0000000000                   1.5000000000                   0.0000000000 
                 48.0000000000                   2.0000000000                   0.0000000000 
                 48.0000000000                   2.5000000000                   0.0000000000 
                 48.0000000000                   3.0000000000                   0.0000000000 
                 48.0000000000                   3.5000000000                   0.0000000000 
                 48.0000000000                   4.0000000000                   0.0000000000 
                 48.0000000000                   4.5000000000                   0.0000000000 
                 48.0000000000                   5.0000000000                   0.0000000000 
                 48.0000000000                   5.5000000000                   0.0000000000 
                 48.0000000000                   6.0000000000                   0.0000000000 
                 48.0000000000                   6.5000000000                   0.0000000000 
                 48.0000000000                   7.0000000000                   0.0000000000 
                 48.0000000000                   7.5000000000                   0.0000000000 
                 48.0000000000                   8.0000000000                   0.0000000000 
                 48.0000000000                   8.5000000000                   0.0000000000 
                 48.0000000000                   9.0000000000                   0.0000000000 
                 48.0000000000                   9.5000000000                   0.0000000000 
                 48.0000000000                  10.0000000000                   0.0000000000 
                 48.0000000000                  10.5000000000                   0.0000000000 
                 48.0000000000                  11.0000000000                   0.0000000000 
                 48.0000000000                  11.5000000000                   0.0000000000 
                 48.0000000000                  12.0000000000                   0.0000000000 
                 48.0000000000                  12.5000000000                   0.0000000000 
                 48.0000000000                  13.0000000000                   0.0000000000 
                 48.0000000000                  13.5000000000                   0.0000000000 
                 48.0000000000                  14.0000000000                   0.0000000000 
                 48.0000000000                  14.5000000000                   0.0000000000 
                 48.0000000000                  15.0000000000                  -0.0000000000 
                 48.0000000000                  15.5000000000                   0.0000000000 
                 48.0000000000                  16.0000000000                  -0.0000000000 
                 48.0000000000                  16.5000000000                   0.0000000000 
                 48.0000000000                  17.0000000000                   0.0000000000 
                 48.0000000000                  17.5000000000                   0.0000000000 
                 48.0000000000                  18.0000000000                   0.0000000000 
                 48.0000000000                  18.5000000000                   0.0000000000 
                 48.0000000000                  19.0000000000                   0.0000000000 
                 48.0000000000                  19.5000000000                   0.0000000000 
                 48.0000000000                  20.0000000000                   0.0000000000 
                 48.0000000000                  20.5000000000                   0.0000000000 
                 48.0000000000                  21.0000000000                   0.0000000000 
                 48.0000000000                  21.5000000000                   0.0000000000 
                 48.0000000000                  22.0000000000                   0.0000000000 
                 48.0000000000                  22.5000000000                   0.0000000000 
                 48.0000000000                  23.0000000000                   0.0000000000 
                 48.0000000000                  23.5000000000                   0.0000000000 
                 48.0000000000                  24.0000000000                   0.0000000000 
                 48.0000000000                  24.5000000000                   0.0000000000 
                 48.0000000000                  25.0000000000                   0.0000000000 
                 48.0000000000                  25.5000000000                   0.0000000000 
                 48.0000000000                  26.0000000000                  -0.0000000000 
                 48.0000000000                  26.5000000000                   0.0000000000 
                 48.0000000000                  27.0000000000                   0.0000000000 
                 48.0000000000                  27.5000000000                   0.0000000000 
                 48.0000000000                  28.0000000000                   0.0000000000 
                 48.0000000000                  28.5000000000                   0.0000000000 
                 48.0000000000                  29.0000000000                   0.0000000000 
                 48.0000000000                  29.5000000000                   0.0000000000 
                 48.0000000000                  30.0000000000                   0.0000000000 
                 48.0000000000                  30.5000000000                   0.0000000000 
                 48.0000000000                  31.0000000000                   0.0000000000 
                 48.0000000000                  31.5000000000                   0.0000000000 
                 48.0000000000                  32.0000000000                   0.0000000000 
                 48.0000000000                  32.5000000000                   0.0000000000 
                 48.0000000000                  33.0000000000                   0.0000000000 
                 48.0000000000                  33.5000000000                   0.0000000000 
                 48.0000000000                  34.0000000000                   0.0000000000 
                 48.0000000000                  34.5000000000                   0.0000000000 
                 48.0000000000                  35.0000000000                   0.0000000000 
                 48.0000000000                  35.5000000000                   0.0000000000 
                 48.0000000000                  36.0000000000                   0.0000000000 
                 48.0000000000                  36.5000000000                   0.0000000000 
                 48.0000000000                  37.0000000000                   0.0000000000 
                 48.0000000000                  37.5000000000                   0.0000000000 
                 48.0000000000                  38.0000000000                   0.0000000000 
                 48.0000000000                  38.5000000000                   0.0000000000 
                 48.0000000000                  39.0000000000                   0.0000000000 
                 48.0000000000                  39.5000000000                   0.0000000000 
                 48.0000000000                  40.0000000000                   0.0000000000 
                 48.0000000000                  40.5000000000                   0.0000000000 
                 48.0000000000                  41.0000000000                   0.0000000000 
                 48.0000000000                  41.5000000000                   0.0000000000 
                 48.0000000000                  42.0000000000                   0.0000000000 
                 48.0000000000                  42.5000000000                   0.0000000000 
                 48.0000000000                  43.0000000000                   0.0000000000 
                 48.0000000000                  43.5000000000                   0.0000000000 
                 48.0000000000                  44.0000000000                   0.0000000000 
                 48.0000000000                  44.5000000000                   0.0000000000 
                 48.0000000000                  45.0000000000                   0.0000000000 
                 48.0000000000                  45.5000000000                   0.0000000000 
                 48.0000000000                  46.0000000000                   0.0000000000 
                 48.0000000000                  46.5000000000                   0.0000000000 
                 48.0000000000                  47.0000000000                   0.0000000000 
                 48.0000000000                  47.5000000000                   0.0000000000 
                 48.0000000000                  48.0000000000                   0.0000000000 
                 48.0000000000                  48.5000000000                   0.0000000000 
                 48.0000000000                  49.0000000000                   0.0000000000 
                 48.0000000000                  49.5000000000                  -0.0000000000 
                 48.0000000000                  50.0000000000                   0.0000000000 
                 48.5000000000                   0.0000000000                   0.0000000000 
                 48.5000000000                   0.5000000000                   0.0000000000 
                 48.5000000000                   1.0000000000                  -0.0000000000 
                 48.5000000000                   1.5000000000                   0.0000000000 
                 48.5000000000                   2.0000000000                  -0.0000000000 
                 48.5000000000                   2.5000000000                   0.0000000000 
                 48.5000000000                   3.0000000000                  -0.0000000000 
                 48.5000000000                   3.5000000000                   0.0000000000 
                 48.5000000000                   4.0000000000                  -0.0000000000 
                 48.5000000000                   4.5000000000                   0.0000000000 
                 48.5000000000                   5.0000000000                  -0.0000000000 
                 48.5000000000                   5.5000000000                   0.0000000000 
                 48.5000000000                   6.0000000000                  -0.0000000000 
                 48.5000000000                   6.5000000000                   0.0000000000 
                 48.5000000000                   7.0000000000                   0.0000000000 
                 48.5000000000                   7.5000000000                   0.0000000000 
                 48.5000000000                   8.0000000000                   0.0000000000 
                 48.5000000000                   8.5000000000                   0.0000000000 
                 48.5000000000                   9.0000000000                   0.0000000000 
                 48.5000000000                   9.5000000000                   0.0000000000 
                 48.5000000000                  10.0000000000                   0.0000000000 
                 48.5000000000                  10.5000000000                   0.0000000000 
                 48.5000000000                  11.0000000000                   0.0000000000 
                 48.5000000000                  11.5000000000                   0.0000000000 
                 48.5000000000                  12.0000000000                   0.0000000000 
                 48.5000000000                  12.5000000000                   0.0000000000 
                 48.5000000000                  13.0000000000                   0.0000000000 
                 48.5000000000                  13.5000000000                   0.0000000000 
                 48.5000000000                  14.0000000000                   0.0000000000 
                 48.5000000000                  14.5000000000                   0.0000000000 
                 48.5000000000                  15.0000000000                   0.0000000000 
                 48.5000000000                  15.5000000000                   0.0000000000 
                 48.5000000000                  16.0000000000                   0.0000000000 
                 48.5000000000                  16.5000000000                   0.0000000000 
                 48.5000000000                  17.0000000000                   0.0000000000 
                 48.5000000000                  17.5000000000                   0.0000000000 
                 48.5000000000                  18.0000000000                   0.0000000000 
                 48.5000000000                  18.5000000000                   0.0000000000 
                 48.5000000000                  19.0000000000                   0.0000000000 
                 48.5000000000                  19.5000000000                   0.0000000000 
                 48.5000000000                  20.0000000000                   0.0000000000 
                 48.5000000000                  20.5000000000                   0.0000000000 
                 48.5000000000                  21.0000000000                   0.0000000000 
                 48.5000000000                  21.5000000000                   0.0000000000 
                 48.5000000000                  22.0000000000                   0.0000000000 
                 48.5000000000                  22.5000000000                   0.0000000000 
                 48.5000000000                  23.0000000000                   0.0000000000 
                 48.5000000000                  23.5000000000                  -0.0000000000 
                 48.5000000000                  24.0000000000                   0.0000000000 
                 48.5000000000                  24.5000000000                   0.0000000000 
                 48.5000000000                  25.0000000000                   0.0000000000 
                 48.5000000000                  25.5000000000                   0.0000000000 
                 48.5000000000                  26.0000000000                   0.0000000000 
                 48.5000000000                  26.5000000000                  -0.0000000000 
                 48.5000000000                  27.0000000000                   0.0000000000 
                 48.5000000000                  27.5000000000                   0.0000000000 
                 48.5000000000                  28.0000000000                   0.0000000000 
                 48.5000000000                  28.5000000000                   0.0000000000 
                 48.5000000000                  29.0000000000                   0.0000000000 
                 48.5000000000                  29.5000000000                  -0.0000000000 
                 48.5000000000                  30.0000000000                   0.0000000000 
                 48.5000000000                  30.5000000000                   0.0000000000 
                 48.5000000000                  31.0000000000                   0.0000000000 
                 48.5000000000                  31.5000000000                   0.0000000000 
                 48.5000000000                  32.0000000000                   0.0000000000 
                 48.5000000000                  32.5000000000                  -0.0000000000 
                 48.5000000000                  33.0000000000                   0.0000000000 
                 48.5000000000                  33.5000000000                   0.0000000000 
                 48.5000000000                  34.0000000000                   0.0000000000 
                 48.5000000000                  34.5000000000                   0.0000000000 
                 48.5000000000                  35.0000000000                   0.0000000000 
                 48.5000000000                  35.5000000000                   0.0000000000 
                 48.5000000000                  36.0000000000                   0.0000000000 
                 48.5000000000                  36.5000000000                   0.0000000000 
                 48.5000000000                  37.0000000000                   0.0000000000 
                 48.5000000000                  37.5000000000                   0.0000000000 
                 48.5000000000                  38.0000000000                   0.0000000000 
                 48.5000000000                  38.5000000000                   0.0000000000 
                 48.5000000000                  39.0000000000                   0.0000000000 
                 48.5000000000                  39.5000000000                   0.0000000000 
                 48.5000000000                  40.0000000000                   0.0000000000 
                 48.5000000000                  40.5000000000                   0.0000000000 
                 48.5000000000                  41.0000000000                   0.0000000000 
                 48.5000000000                  41.5000000000                   0.0000000000 
                 48.5000000000                  42.0000000000                   0.0000000000 
                 48.5000000000                  42.5000000000                   0.0000000000 
                 48.5000000000                  43.0000000000                   0.0000000000 
                 48.5000000000                  43.5000000000                   0.0000000000 
                 48.5000000000                  44.0000000000                   0.0000000000 
                 48.5000000000                  44.5000000000                   0.0000000000 
                 48.5000000000                  45.0000000000                   0.0000000000 
                 48.5000000000                  45.5000000000                   0.0000000000 
                 48.5000000000                  46.0000000000                   0.0000000000 
                 48.5000000000                  46.5000000000                   0.0000000000 
                 48.5000000000                  47.0000000000                   0.0000000000 
                 48.5000000000                  47.5000000000                   0.0000000000 
                 48.5000000000                  48.0000000000                   0.0000000000 
                 48.5000000000                  48.5000000000                   0.0000000000 
                 48.5000000000                  49.0000000000                   0.0000000000 
                 48.5000000000                  49.5000000000                  -0.0000000000 
                 48.5000000000                  50.0000000000                   0.0000000000 
                 49.0000000000                   0.0000000000                   0.0000000000 
                 49.0000000000                   0.5000000000                   0.0000000000 
                 49.0000000000                   1.0000000000                   0.0000000000 
                 49.0000000000                   1.5000000000                   0.0000000000 
                 49.0000000000                   2.0000000000                   0.0000000000 
                 49.0000000000                   2.5000000000                   0.0000000000 
                 49.0000000000                   3.0000000000                   0.0000000000 
                 49.0000000000                   3.5000000000                   0.0000000000 
                 49.0000000000                   4.0000000000                   0.0000000000 
                 49.0000000000                   4.5000000000                   0.0000000000 
                 49.0000000000                   5.0000000000                   0.0000000000 
                 49.0000000000                   5.5000000000                   0.0000000000 
                 49.0000000000                   6.0000000000                   0.0000000000 
                 49.0000000000                   6.5000000000                   0.0000000000 
                 49.0000000000                   7.0000000000                   0.0000000000 
                 49.0000000000                   7.5000000000                   0.0000000000 
                 49.0000000000                   8.0000000000                   0.0000000000 
                 49.0000000000                   8.5000000000                   0.0000000000 
                 49.0000000000                   9.0000000000                   0.0000000000 
                 49.0000000000                   9.5000000000                   0.0000000000 
                 49.0000000000                  10.0000000000                   0.0000000000 
                 49.0000000000                  10.5000000000                   0.0000000000 
                 49.0000000000                  11.0000000000                   0.0000000000 
                 49.0000000000                  11.5000000000                   0.0000000000 
                 49.0000000000                  12.0000000000                   0.0000000000 
                 49.0000000000                  12.5000000000                   0.0000000000 
                 49.0000000000                  13.0000000000                   0.0000000000 
                 49.0000000000                  13.5000000000                   0.0000000000 
                 49.0000000000                  14.0000000000                   0.0000000000 
                 49.0000000000                  14.5000000000                   0.0000000000 
                 49.0000000000                  15.0000000000                  -0.0000000000 
                 49.0000000000                  15.5000000000                   0.0000000000 
                 49.0000000000                  16.0000000000                   0.0000000000 
                 49.0000000000                  16.5000000000                   0.0000000000 
                 49.0000000000                  17.0000000000                   0.0000000000 
                 49.0000000000                  17.5000000000                   0.0000000000 
                 49.0000000000                  18.0000000000                   0.0000000000 
                 49.0000000000                  18.5000000000                   0.0000000000 
                 49.0000000000                  19.0000000000                   0.0000000000 
                 49.0000000000                  19.5000000000                   0.0000000000 
                 49.0000000000                  20.0000000000                   0.0000000000 
                 49.0000000000                  20.5000000000                   0.0000000000 
                 49.0000000000                  21.0000000000                   0.0000000000 
                 49.0000000000                  21.5000000000                   0.0000000000 
                 49.0000000000                  22.0000000000                   0.0000000000 
                 49.0000000000                  22.5000000000                   0.0000000000 
                 49.0000000000                  23.0000000000                   0.0000000000 
                 49.0000000000                  23.5000000000                   0.0000000000 
                 49.0000000000                  24.0000000000                   0.0000000000 
                 49.0000000000                  24.5000000000                   0.0000000000 
                 49.0000000000                  25.0000000000                   0.0000000000 
                 49.0000000000                  25.5000000000                   0.0000000000 
                 49.0000000000                  26.0000000000                  -0.0000000000 
                 49.0000000000                  26.5000000000                   0.0000000000 
                 49.0000000000                  27.0000000000                   0.0000000000 
                 49.0000000000                  27.5000000000                   0.0000000000 
                 49.0000000000                  28.0000000000                   0.0000000000 
                 49.0000000000                  28.5000000000                   0.0000000000 
                 49.0000000000                  29.0000000000                   0.0000000000 
                 49.0000000000                  29.5000000000                   0.0000000000 
                 49.0000000000                  30.0000000000                   0.0000000000 
                 49.0000000000                  30.5000000000                   0.0000000000 
                 49.0000000000                  31.0000000000                   0.0000000000 
                 49.0000000000                  31.5000000000                   0.0000000000 
                 49.0000000000                  32.0000000000                   0.0000000000 
                 49.0000000000                  32.5000000000                   0.0000000000 
                 49.0000000000                  33.0000000000                   0.0000000000 
                 49.0000000000                  33.5000000000                   0.0000000000 
                 49.0000000000                  34.0000000000                   0.0000000000 
                 49.0000000000                  34.5000000000                   0.0000000000 
                 49.0000000000                  35.0000000000                   0.0000000000 
                 49.0000000000                  35.5000000000                   0.0000000000 
                 49.0000000000                  36.0000000000                   0.0000000000 
                 49.0000000000                  36.5000000000                   0.0000000000 
                 49.0000000000                  37.0000000000                   0.0000000000 
                 49.0000000000                  37.5000000000                   0.0000000000 
                 49.0000000000                  38.0000000000                   0.0000000000 
                 49.0000000000                  38.5000000000                   0.0000000000 
                 49.0000000000                  39.0000000000                   0.0000000000 
                 49.0000000000                  39.5000000000                   0.0000000000 
                 49.0000000000                  40.0000000000                   0.0000000000 
                 49.0000000000                  40.5000000000                   0.0000000000 
                 49.0000000000                  41.0000000000                   0.0000000000 
                 49.0000000000                  41.5000000000                   0.0000000000 
                 49.0000000000                  42.0000000000                   0.0000000000 
                 49.0000000000                  42.5000000000                   0.0000000000 
                 49.0000000000                  43.0000000000                   0.0000000000 
                 49.0000000000                  43.5000000000                   0.0000000000 
                 49.0000000000                  44.0000000000                   0.0000000000 
                 49.0000000000                  44.5000000000                   0.0000000000 
                 49.0000000000                  45.0000000000                   0.0000000000 
                 49.0000000000                  45.5000000000                   0.0000000000 
                 49.0000000000                  46.0000000000                   0.0000000000 
                 49.0000000000                  46.5000000000                   0.0000000000 
                 49.0000000000                  47.0000000000                   0.0000000000 
                 49.0000000000                  47.5000000000                   0.0000000000 
                 49.0000000000                  48.0000000000                   0.0000000000 
                 49.0000000000                  48.5000000000                   0.0000000000 
                 49.0000000000                  49.0000000000                   0.0000000000 
                 49.0000000000                  49.5000000000                  -0.0000000000 
                 49.0000000000                  50.0000000000                   0.0000000000 
                 49.5000000000                   0.0000000000                   0.0000000000 
                 49.5000000000                   0.5000000000                   0.0000000000 
                 49.5000000000                   1.0000000000                  -0.0000000000 
                 49.5000000000                   1.5000000000                   0.0000000000 
                 49.5000000000                   2.0000000000                  -0.0000000000 
                 49.5000000000                   2.5000000000                   0.0000000000 
                 49.5000000000                   3.0000000000                  -0.0000000000 
                 49.5000000000                   3.5000000000                   0.0000000000 
                 49.5000000000                   4.0000000000                  -0.0000000000 
                 49.5000000000                   4.5000000000                   0.0000000000 
                 49.5000000000                   5.0000000000                  -0.0000000000 
                 49.5000000000                   5.5000000000                   0.0000000000 
                 49.5000000000                   6.0000000000                   0.0000000000 
                 49.5000000000                   6.5000000000                   0.0000000000 
                 49.5000000000                   7.0000000000                   0.0000000000 
                 49.5000000000                   7.5000000000                   0.0000000000 
                 49.5000000000                   8.0000000000                   0.0000000000 
                 49.5000000000                   8.5000000000                   0.0000000000 
                 49.5000000000                   9.0000000000                   0.0000000000 
                 49.5000000000                   9.5000000000                   0.0000000000 
                 49.5000000000                  10.0000000000                   0.0000000000 
                 49.5000000000                  10.5000000000                   0.0000000000 
                 49.5000000000                  11.0000000000                   0.0000000000 
                 49.5000000000                  11.5000000000                   0.0000000000 
                 49.5000000000                  12.0000000000                   0.0000000000 
                 49.5000000000                  12.5000000000                   0.0000000000 
                 49.5000000000                  13.0000000000                   0.0000000000 
                 49.5000000000                  13.5000000000                   0.0000000000 
                 49.5000000000                  14.0000000000                   0.0000000000 
                 49.5000000000                  14.5000000000                   0.0000000000 
                 49.5000000000                  15.0000000000                   0.0000000000 
                 49.5000000000                  15.5000000000                   0.0000000000 
                 49.5000000000                  16.0000000000                   0.0000000000 
                 49.5000000000                  16.5000000000                   0.0000000000 
                 49.5000000000                  17.0000000000                   0.0000000000 
                 49.5000000000                  17.5000000000                   0.0000000000 
                 49.5000000000                  18.0000000000                   0.0000000000 
                 49.5000000000                  18.5000000000                   0.0000000000 
                 49.5000000000                  19.0000000000                   0.0000000000 
                 49.5000000000                  19.5000000000                   0.0000000000 
                 49.5000000000                  20.0000000000                   0.0000000000 
                 49.5000000000                  20.5000000000                   0.0000000000 
                 49.5000000000                  21.0000000000                   0.0000000000 
                 49.5000000000                  21.5000000000                   0.0000000000 
                 49.5000000000                  22.0000000000                   0.0000000000 
                 49.5000000000                  22.5000000000                   0.0000000000 
                 49.5000000000                  23.0000000000                   0.0000000000 
                 49.5000000000                  23.5000000000                   0.0000000000 
                 49.5000000000                  24.0000000000                   0.0000000000 
                 49.5000000000                  24.5000000000                   0.0000000000 
                 49.5000000000                  25.0000000000                   0.0000000000 
                 49.5000000000                  25.5000000000                   0.0000000000 
                 49.5000000000                  26.0000000000                   0.0000000000 
                 49.5000000000                  26.5000000000                   0.0000000000 
                 49.5000000000                  27.0000000000                   0.0000000000 
                 49.5000000000                  27.5000000000                   0.0000000000 
                 49.5000000000                  28.0000000000                   0.0000000000 
                 49.5000000000                  28.5000000000                   0.0000000000 
                 49.5000000000                  29.0000000000                   0.0000000000 
                 49.5000000000                  29.5000000000                   0.0000000000 
                 49.5000000000                  30.0000000000                   0.0000000000 
                 49.5000000000                  30.5000000000                   0.0000000000 
                 49.5000000000                  31.0000000000                   0.0000000000 
                 49.5000000000                  31.5000000000                   0.0000000000 
                 49.5000000000                  32.0000000000                   0.0000000000 
                 49.5000000000                  32.5000000000                   0.0000000000 
                 49.5000000000                  33.0000000000                   0.0000000000 
                 49.5000000000                  33.5000000000                   0.0000000000 
                 49.5000000000                  34.0000000000                   0.0000000000 
                 49.5000000000                  34.5000000000                   0.0000000000 
                 49.5000000000                  35.0000000000                   0.0000000000 
                 49.5000000000                  35.5000000000                   0.0000000000 
                 49.5000000000                  36.0000000000                   0.0000000000 
                 49.5000000000                  36.5000000000                   0.0000000000 
                 49.5000000000                  37.0000000000                   0.0000000000 
                 49.5000000000                  37.5000000000                   0.0000000000 
                 49.5000000000                  38.0000000000                   0.0000000000 
                 49.5000000000                  38.5000000000                   0.0000000000 
                 49.5000000000                  39.0000000000                   0.0000000000 
                 49.5000000000                  39.5000000000                   0.0000000000 
                 49.5000000000                  40.0000000000                   0.0000000000 
                 49.5000000000                  40.5000000000                   0.0000000000 
                 49.5000000000                  41.0000000000                   0.0000000000 
                 49.5000000000                  41.5000000000                   0.0000000000 
                 49.5000000000                  42.0000000000                   0.0000000000 
                 49.5000000000                  42.5000000000                   0.0000000000 
                 49.5000000000                  43.0000000000                   0.0000000000 
                 49.5000000000                  43.5000000000                   0.0000000000 
                 49.5000000000                  44.0000000000                   0.0000000000 
                 49.5000000000                  44.5000000000                   0.0000000000 
                 49.5000000000                  45.0000000000                   0.0000000000 
                 49.5000000000                  45.5000000000                   0.0000000000 
                 49.5000000000                  46.0000000000                   0.0000000000 
                 49.5000000000                  46.5000000000                   0.0000000000 
                 49.5000000000                  47.0000000000                   0.0000000000 
                 49.5000000000                  47.5000000000                   0.0000000000 
                 49.5000000000                  48.0000000000                   0.0000000000 
                 49.5000000000                  48.5000000000                   0.0000000000 
                 49.5000000000                  49.0000000000                   0.0000000000 
                 49.5000000000                  49.5000000000                  -0.0000000000 
                 49.5000000000                  50.0000000000                   0.0000000000 
                 50.0000000000                   0.0000000000                   0.0000000000 
                 50.0000000000                   0.5000000000                   0.0000000000 
                 50.0000000000                   1.0000000000                   0.0000000000 
                 50.0000000000                   1.5000000000                   0.0000000000 
                 50.0000000000                   2.0000000000                   0.0000000000 
                 50.0000000000                   2.5000000000                   0.0000000000 
                 50.0000000000                   3.0000000000                   0.0000000000 
                 50.0000000000                   3.5000000000                   0.0000000000 
                 50.0000000000                   4.0000000000                   0.0000000000 
                 50.0000000000                   4.5000000000                   0.0000000000 
                 50.0000000000                   5.0000000000                   0.0000000000 
                 50.0000000000                   5.5000000000                   0.0000000000 
                 50.0000000000                   6.0000000000                   0.0000000000 
                 50.0000000000                   6.5000000000                   0.0000000000 
                 50.0000000000                   7.0000000000                   0.0000000000 
                 50.0000000000                   7.5000000000                   0.0000000000 
                 50.0000000000                   8.0000000000                   0.0000000000 
                 50.0000000000                   8.5000000000                   0.0000000000 
                 50.0000000000                   9.0000000000                   0.0000000000 
                 50.0000000000                   9.5000000000                   0.0000000000 
                 50.0000000000                  10.0000000000                   0.0000000000 
                 50.0000000000                  10.5000000000                   0.0000000000 
                 50.0000000000                  11.0000000000                   0.0000000000 
                 50.0000000000                  11.5000000000                   0.0000000000 
                 50.0000000000                  12.0000000000                   0.0000000000 
                 50.0000000000                  12.5000000000                   0.0000000000 
                 50.0000000000                  13.0000000000                   0.0000000000 
                 50.0000000000                  13.5000000000                   0.0000000000 
                 50.0000000000                  14.0000000000                   0.0000000000 
                 50.0000000000                  14.5000000000                   0.0000000000 
                 50.0000000000                  15.0000000000                   0.0000000000 
                 50.0000000000                  15.5000000000                   0.0000000000 
                 50.0000000000                  16.0000000000                   0.0000000000 
                 50.0000000000                  16.5000000000                   0.0000000000 
                 50.0000000000                  17.0000000000                   0.0000000000 
                 50.0000000000                  17.5000000000                   0.0000000000 
                 50.0000000000                  18.0000000000                   0.0000000000 
                 50.0000000000                  18.5000000000                   0.0000000000 
                 50.0000000000                  19.0000000000                   0.0000000000 
                 50.0000000000                  19.5000000000                   0.0000000000 
                 50.0000000000                  20.0000000000                   0.0000000000 
                 50.0000000000                  20.5000000000                   0.0000000000 
                 50.0000000000                  21.0000000000                   0.0000000000 
                 50.0000000000                  21.5000000000                   0.0000000000 
                 50.0000000000                  22.0000000000                   0.0000000000 
                 50.0000000000                  22.5000000000                   0.0000000000 
                 50.0000000000                  23.0000000000                   0.0000000000 
                 50.0000000000                  23.5000000000                   0.0000000000 
                 50.0000000000                  24.0000000000                   0.0000000000 
                 50.0000000000                  24.5000000000                   0.0000000000 
                 50.0000000000                  25.0000000000                   0.0000000000 
                 50.0000000000                  25.5000000000                   0.0000000000 
                 50.0000000000                  26.0000000000                   0.0000000000 
                 50.0000000000                  26.5000000000                   0.0000000000 
                 50.0000000000                  27.0000000000                   0.0000000000 
                 50.0000000000                  27.5000000000                   0.0000000000 
                 50.0000000000                  28.0000000000                   0.0000000000 
                 50.0000000000                  28.5000000000                   0.0000000000 
                 50.0000000000                  29.0000000000                   0.0000000000 
                 50.0000000000                  29.5000000000                   0.0000000000 
                 50.0000000000                  30.0000000000                   0.0000000000 
                 50.0000000000                  30.5000000000                   0.0000000000 
                 50.0000000000                  31.0000000000                   0.0000000000 
                 50.0000000000                  31.5000000000                   0.0000000000 
                 50.0000000000                  32.0000000000                   0.0000000000 
                 50.0000000000                  32.5000000000                   0.0000000000 
                 50.0000000000                  33.0000000000                   0.0000000000 
                 50.0000000000                  33.5000000000                   0.0000000000 
                 50.0000000000                  34.0000000000                   0.0000000000 
                 50.0000000000                  34.5000000000                   0.0000000000 
                 50.0000000000                  35.0000000000                   0.0000000000 
                 50.0000000000                  35.5000000000                   0.0000000000 
                 50.0000000000                  36.0000000000                   0.0000000000 
                 50.0000000000                  36.5000000000                   0.0000000000 
                 50.0000000000                  37.0000000000                   0.0000000000 
                 50.0000000000                  37.5000000000                   0.0000000000 
                 50.0000000000                  38.0000000000                   0.0000000000 
                 50.0000000000                  38.5000000000                   0.0000000000 
                 50.0000000000                  39.0000000000                   0.0000000000 
                 50.0000000000                  39.5000000000                   0.0000000000 
                 50.0000000000                  40.0000000000                   0.0000000000 
                 50.0000000000                  40.5000000000                   0.0000000000 
                 50.0000000000                  41.0000000000                   0.0000000000 
                 50.0000000000                  41.5000000000                   0.0000000000 
                 50.0000000000                  42.0000000000                   0.0000000000 
                 50.0000000000                  42.5000000000                   0.0000000000 
                 50.0000000000                  43.0000000000                   0.0000000000 
                 50.0000000000                  43.5000000000                   0.0000000000 
                 50.0000000000                  44.0000000000                   0.0000000000 
                 50.0000000000                  44.5000000000                   0.0000000000 
                 50.0000000000                  45.0000000000                   0.0000000000 
                 50.0000000000                  45.5000000000                   0.0000000000 
                 50.0000000000                  46.0000000000                   0.0000000000 
                 50.0000000000                  46.5000000000                   0.0000000000 
                 50.0000000000                  47.0000000000                   0.0000000000 
                 50.0000000000                  47.5000000000                   0.0000000000 
                 50.0000000000                  48.0000000000                   0.0000000000 
                 50.0000000000                  48.5000000000                   0.0000000000 
                 50.0000000000                  49.0000000000                   0.0000000000 
                 50.0000000000                  49.5000000000                   0.0000000000 
                 50.0000000000                  50.0000000000                   0.0000000000 
